$ docker compose run --rm crawljax_java

 Container neo4j_graph  Running
Iniciando exploração no alvo: https://demowebshop.tricentis.com/
Aguardando Selenium ficar pronto em: http://selenium_chrome:4444/wd/hub/status | http://selenium_chrome:4444/status
Selenium pronto para receber sessões WebDriver.
Perfil de exploracao -> depth=8, states=400, runtime(min)=45, waitReload(ms)=3000, waitEvent(ms)=2200, clickOnce=false, randomOrder=false
Manifesto da exploracao -> /app/output/crawl_run_manifest.json
17:59:22.802 [main] INFO  com.crawljax.core.plugin.Plugins - Loaded br.ufrn.mestrado.plugin.SemanticExportPlugin@5b444398 as a OnNewStatePlugin
17:59:22.808 [main] INFO  com.crawljax.core.plugin.Plugins - Loaded br.ufrn.mestrado.plugin.SemanticExportPlugin@5b444398 as a PreStateCrawlingPlugin
17:59:22.808 [main] INFO  com.crawljax.core.plugin.Plugins - Loaded br.ufrn.mestrado.plugin.SemanticExportPlugin@5b444398 as a PostCrawlingPlugin
17:59:37.888 [main] INFO  c.c.core.UnfiredFragmentCandidates - There are 1 states with unfired actions: [0]
17:59:37.893 [main] INFO  c.c.c.state.InMemoryStateFlowGraph - Number of states in the graph is now 1
17:59:37.936 [pool-1-thread-2] INFO  com.crawljax.core.Crawler - backtrack status: true, reached NearDuplicate : -1 
17:59:37.945 [pool-1-thread-2] INFO  com.crawljax.core.Crawler -  Event xpath /HTML[1]/BODY[1]/DIV[4]/DIV[1]/DIV[1]/DIV[1]/A[1]
17:59:38.064 [pool-1-thread-2] INFO  com.crawljax.core.Crawler - Changing related inputs for 1 with 0  to 0 
17:59:38.462 [pool-1-thread-2] INFO  c.c.core.UnfiredFragmentCandidates - Changing related inputs to worked inputs 0 for 1
17:59:38.462 [pool-1-thread-2] INFO  c.c.core.UnfiredFragmentCandidates - event 1 - Before 0
17:59:38.462 [pool-1-thread-2] INFO  c.c.core.UnfiredFragmentCandidates - event 1 - After 0
17:59:38.462 [pool-1-thread-2] INFO  c.c.core.UnfiredFragmentCandidates - input for 1, 0
17:59:42.682 [pool-1-thread-2] INFO  c.c.c.state.InMemoryStateFlowGraph - Number of states in the graph is now 2
17:59:42.687 [pool-1-thread-2] INFO  c.crawljax.core.state.StateMachine - State state1 added to the StateMachine.
17:59:42.979 [pool-1-thread-2] INFO  com.crawljax.core.Crawler - New DOM is a new state! crawl depth is now 1
17:59:42.979 [pool-1-thread-2] INFO  com.crawljax.core.Crawler - Parsing DOM of state state1 for candidate elements
17:59:43.045 [pool-1-thread-2] INFO  c.c.core.UnfiredFragmentCandidates - There are 1 states with unfired actions: [1]
17:59:43.082 [pool-1-thread-2] INFO  com.crawljax.core.Crawler -  Event xpath /HTML[1]/BODY[1]/DIV[4]/DIV[1]/DIV[1]/DIV[1]/A[1]
17:59:43.169 [pool-1-thread-2] INFO  com.crawljax.core.Crawler - Changing related inputs for 2 with 0  to 0 
17:59:43.453 [pool-1-thread-2] INFO  c.c.core.UnfiredFragmentCandidates - Changing related inputs to worked inputs 0 for 2
17:59:43.454 [pool-1-thread-2] INFO  c.c.core.UnfiredFragmentCandidates - event 2 - Before 0
17:59:43.455 [pool-1-thread-2] INFO  c.c.core.UnfiredFragmentCandidates - event 2 - After 0
17:59:43.455 [pool-1-thread-2] INFO  c.c.core.UnfiredFragmentCandidates - input for 2, 0
17:59:47.528 [pool-1-thread-2] INFO  c.c.c.state.InMemoryStateFlowGraph - Number of states in the graph is now 3
17:59:47.528 [pool-1-thread-2] INFO  c.crawljax.core.state.StateMachine - State state2 added to the StateMachine.
17:59:47.805 [pool-1-thread-2] INFO  com.crawljax.core.Crawler - New DOM is a new state! crawl depth is now 2
17:59:47.806 [pool-1-thread-2] INFO  com.crawljax.core.Crawler - Parsing DOM of state state2 for candidate elements
17:59:47.852 [pool-1-thread-2] INFO  c.c.core.UnfiredFragmentCandidates - There are 2 states with unfired actions: [1, 2]
17:59:47.882 [pool-1-thread-2] INFO  com.crawljax.core.Crawler -  Event xpath /HTML[1]/BODY[1]/DIV[4]/DIV[1]/DIV[1]/DIV[1]/A[1]
17:59:47.948 [pool-1-thread-2] INFO  com.crawljax.core.Crawler - Changing related inputs for 3 with 0  to 0 
17:59:48.173 [pool-1-thread-2] INFO  c.c.core.UnfiredFragmentCandidates - Changing related inputs to worked inputs 0 for 3
17:59:48.174 [pool-1-thread-2] INFO  c.c.core.UnfiredFragmentCandidates - event 3 - Before 0
17:59:48.174 [pool-1-thread-2] INFO  c.c.core.UnfiredFragmentCandidates - event 3 - After 0
17:59:48.174 [pool-1-thread-2] INFO  c.c.core.UnfiredFragmentCandidates - input for 3, 0
17:59:52.182 [pool-1-thread-2] INFO  c.c.c.state.InMemoryStateFlowGraph - Number of states in the graph is now 4
17:59:52.183 [pool-1-thread-2] INFO  c.crawljax.core.state.StateMachine - State state3 added to the StateMachine.
17:59:52.443 [pool-1-thread-2] INFO  com.crawljax.core.Crawler - New DOM is a new state! crawl depth is now 3
17:59:52.445 [pool-1-thread-2] INFO  com.crawljax.core.Crawler - Parsing DOM of state state3 for candidate elements
17:59:52.491 [pool-1-thread-2] INFO  c.c.core.UnfiredFragmentCandidates - There are 3 states with unfired actions: [1, 2, 3]
17:59:52.544 [pool-1-thread-2] INFO  com.crawljax.core.Crawler -  Event xpath /HTML[1]/BODY[1]/DIV[4]/DIV[1]/DIV[1]/DIV[1]/A[1]
17:59:52.622 [pool-1-thread-2] INFO  com.crawljax.core.Crawler - Changing related inputs for 4 with 0  to 0 
17:59:52.860 [pool-1-thread-2] INFO  c.c.core.UnfiredFragmentCandidates - Changing related inputs to worked inputs 0 for 4
17:59:52.861 [pool-1-thread-2] INFO  c.c.core.UnfiredFragmentCandidates - event 4 - Before 0
17:59:52.861 [pool-1-thread-2] INFO  c.c.core.UnfiredFragmentCandidates - event 4 - After 0
17:59:52.861 [pool-1-thread-2] INFO  c.c.core.UnfiredFragmentCandidates - input for 4, 0
17:59:56.853 [pool-1-thread-2] INFO  c.c.c.state.InMemoryStateFlowGraph - Number of states in the graph is now 5
17:59:56.854 [pool-1-thread-2] INFO  c.crawljax.core.state.StateMachine - State state4 added to the StateMachine.
17:59:57.161 [pool-1-thread-2] INFO  com.crawljax.core.Crawler - New DOM is a new state! crawl depth is now 4
17:59:57.162 [pool-1-thread-2] INFO  com.crawljax.core.Crawler - Parsing DOM of state state4 for candidate elements
17:59:57.204 [pool-1-thread-2] INFO  c.c.core.UnfiredFragmentCandidates - There are 4 states with unfired actions: [1, 2, 3, 4]
17:59:57.238 [pool-1-thread-2] INFO  com.crawljax.core.Crawler -  Event xpath /HTML[1]/BODY[1]/DIV[4]/DIV[1]/DIV[1]/DIV[1]/A[1]
17:59:57.321 [pool-1-thread-2] INFO  com.crawljax.core.Crawler - Changing related inputs for 5 with 0  to 0 
17:59:57.562 [pool-1-thread-2] INFO  c.c.core.UnfiredFragmentCandidates - Changing related inputs to worked inputs 0 for 5
17:59:57.562 [pool-1-thread-2] INFO  c.c.core.UnfiredFragmentCandidates - event 5 - Before 0
17:59:57.562 [pool-1-thread-2] INFO  c.c.core.UnfiredFragmentCandidates - event 5 - After 0
17:59:57.562 [pool-1-thread-2] INFO  c.c.core.UnfiredFragmentCandidates - input for 5, 0
18:00:02.964 [pool-1-thread-2] INFO  c.c.c.state.InMemoryStateFlowGraph - Number of states in the graph is now 6
18:00:02.965 [pool-1-thread-2] INFO  c.crawljax.core.state.StateMachine - State state5 added to the StateMachine.
18:00:03.235 [pool-1-thread-2] INFO  com.crawljax.core.Crawler - New DOM is a new state! crawl depth is now 5
18:00:03.235 [pool-1-thread-2] INFO  com.crawljax.core.Crawler - Parsing DOM of state state5 for candidate elements
18:00:03.266 [pool-1-thread-2] INFO  c.c.core.UnfiredFragmentCandidates - There are 5 states with unfired actions: [1, 2, 3, 4, 5]
18:00:03.292 [pool-1-thread-2] INFO  com.crawljax.core.Crawler -  Event xpath /HTML[1]/BODY[1]/DIV[4]/DIV[1]/DIV[1]/DIV[1]/A[1]
18:00:03.357 [pool-1-thread-2] INFO  com.crawljax.core.Crawler - Changing related inputs for 6 with 0  to 0 
18:00:03.579 [pool-1-thread-2] INFO  c.c.core.UnfiredFragmentCandidates - Changing related inputs to worked inputs 0 for 6
18:00:03.580 [pool-1-thread-2] INFO  c.c.core.UnfiredFragmentCandidates - event 6 - Before 0
18:00:03.580 [pool-1-thread-2] INFO  c.c.core.UnfiredFragmentCandidates - event 6 - After 0
18:00:03.580 [pool-1-thread-2] INFO  c.c.core.UnfiredFragmentCandidates - input for 6, 0
18:00:07.559 [pool-1-thread-2] INFO  c.c.c.state.InMemoryStateFlowGraph - Number of states in the graph is now 7
18:00:07.559 [pool-1-thread-2] INFO  c.crawljax.core.state.StateMachine - State state6 added to the StateMachine.
18:00:07.765 [pool-1-thread-2] INFO  com.crawljax.core.Crawler - New DOM is a new state! crawl depth is now 6
18:00:07.765 [pool-1-thread-2] INFO  com.crawljax.core.Crawler - Parsing DOM of state state6 for candidate elements
18:00:07.794 [pool-1-thread-2] INFO  c.c.core.UnfiredFragmentCandidates - There are 6 states with unfired actions: [1, 2, 3, 4, 5, 6]
18:00:07.821 [pool-1-thread-2] INFO  com.crawljax.core.Crawler -  Event xpath /HTML[1]/BODY[1]/DIV[4]/DIV[1]/DIV[1]/DIV[1]/A[1]
18:00:07.873 [pool-1-thread-2] INFO  com.crawljax.core.Crawler - Changing related inputs for 7 with 0  to 0 
18:00:08.113 [pool-1-thread-2] INFO  c.c.core.UnfiredFragmentCandidates - Changing related inputs to worked inputs 0 for 7
18:00:08.113 [pool-1-thread-2] INFO  c.c.core.UnfiredFragmentCandidates - event 7 - Before 0
18:00:08.113 [pool-1-thread-2] INFO  c.c.core.UnfiredFragmentCandidates - event 7 - After 0
18:00:08.113 [pool-1-thread-2] INFO  c.c.core.UnfiredFragmentCandidates - input for 7, 0
18:00:12.028 [pool-1-thread-2] INFO  c.c.c.state.InMemoryStateFlowGraph - Number of states in the graph is now 8
18:00:12.029 [pool-1-thread-2] INFO  c.crawljax.core.state.StateMachine - State state7 added to the StateMachine.
18:00:12.288 [pool-1-thread-2] INFO  com.crawljax.core.Crawler - New DOM is a new state! crawl depth is now 7
18:00:12.289 [pool-1-thread-2] INFO  com.crawljax.core.Crawler - Parsing DOM of state state7 for candidate elements
18:00:12.322 [pool-1-thread-2] INFO  c.c.core.UnfiredFragmentCandidates - There are 7 states with unfired actions: [1, 2, 3, 4, 5, 6, 7]
18:00:12.347 [pool-1-thread-2] INFO  com.crawljax.core.Crawler -  Event xpath /HTML[1]/BODY[1]/DIV[4]/DIV[1]/DIV[1]/DIV[1]/A[1]
18:00:12.408 [pool-1-thread-2] INFO  com.crawljax.core.Crawler - Changing related inputs for 8 with 0  to 0 
18:00:12.608 [pool-1-thread-2] INFO  c.c.core.UnfiredFragmentCandidates - Changing related inputs to worked inputs 0 for 8
18:00:12.609 [pool-1-thread-2] INFO  c.c.core.UnfiredFragmentCandidates - event 8 - Before 0
18:00:12.609 [pool-1-thread-2] INFO  c.c.core.UnfiredFragmentCandidates - event 8 - After 0
18:00:12.609 [pool-1-thread-2] INFO  c.c.core.UnfiredFragmentCandidates - input for 8, 0
18:00:16.556 [pool-1-thread-2] INFO  c.c.c.state.InMemoryStateFlowGraph - Number of states in the graph is now 9
18:00:16.557 [pool-1-thread-2] INFO  c.crawljax.core.state.StateMachine - State state8 added to the StateMachine.
18:00:16.780 [pool-1-thread-2] INFO  com.crawljax.core.Crawler - New DOM is a new state! crawl depth is now 8
18:00:16.805 [pool-1-thread-2] INFO  com.crawljax.core.Crawler - Resetting the crawler and Going to state index
18:00:16.838 [pool-1-thread-2] INFO  com.crawljax.core.CrawlSession - Adding CrawlPath to session !!
18:00:16.838 [pool-1-thread-2] INFO  com.crawljax.core.Crawler - BT-state0:-1index_1_state1state1_2_state2state2_3_state3state3_4_state4state4_5_state5state5_6_state6state6_7_state7state7_8_state8
18:00:19.782 [pool-1-thread-2] INFO  c.c.c.state.InMemoryStateFlowGraph - Number of states in the graph is now 10
18:00:19.991 [pool-1-thread-2] INFO  com.crawljax.core.Crawler - Parsing DOM of state state9 for candidate elements
18:00:20.029 [pool-1-thread-2] INFO  c.c.core.UnfiredFragmentCandidates - There are 8 states with unfired actions: [1, 2, 3, 4, 5, 6, 7, 9]
18:00:20.030 [pool-1-thread-2] INFO  com.crawljax.core.Crawler - Added a reload edge from state8 to state9
18:00:20.031 [pool-1-thread-2] INFO  com.crawljax.core.Crawler - Initial state not the same as current state : Getting shortest path from current state
18:00:20.050 [pool-1-thread-2] INFO  com.crawljax.core.Crawler - index no path from state9
18:00:20.056 [pool-1-thread-2] INFO  com.crawljax.core.Crawler - Not a valid path anymore index: index
18:00:20.056 [pool-1-thread-2] INFO  com.crawljax.core.Crawler - Tried to follow 
18:00:20.056 [pool-1-thread-2] INFO  com.crawljax.core.Crawler - 
18:00:20.057 [pool-1-thread-2] INFO  com.crawljax.core.Crawler - Saving failed backtracking path to 0
18:00:20.058 [pool-1-thread-2] INFO  com.crawljax.core.Crawler - backtrack status: false, reached NearDuplicate : -1 
18:00:23.049 [pool-1-thread-2] INFO  com.crawljax.core.Crawler - index has changed to: state9
18:00:23.049 [pool-1-thread-2] INFO  com.crawljax.core.Crawler - Added a reload edge from state9 to state9
18:00:23.051 [pool-1-thread-2] INFO  com.crawljax.core.Crawler - index no path from state9
18:00:23.051 [pool-1-thread-2] INFO  com.crawljax.core.Crawler - state unreachable: Removing from candidate actions index
18:00:23.052 [pool-1-thread-2] INFO  c.c.core.UnfiredFragmentCandidates - Placing purged actions in unreachable cache for index
18:00:23.053 [pool-1-thread-2] INFO  com.crawljax.core.Crawler - Resetting the crawler and Going to state state1
18:00:26.140 [pool-1-thread-2] INFO  com.crawljax.core.Crawler - index has changed to: state9
18:00:26.145 [pool-1-thread-2] INFO  com.crawljax.core.Crawler - Did not add reload edge from state9 to state9
18:00:26.146 [pool-1-thread-2] INFO  com.crawljax.core.Crawler - Initial state not the same as current state : Getting shortest path from current state
18:00:26.147 [pool-1-thread-2] INFO  com.crawljax.core.Crawler - state1 no path from state9
18:00:26.148 [pool-1-thread-2] INFO  c.crawljax.core.state.StateMachine - Cannot go to state: 'state1' from: 'state9'
18:00:26.148 [pool-1-thread-2] INFO  com.crawljax.core.Crawler - Not a valid path anymore index: state1
18:00:26.148 [pool-1-thread-2] INFO  com.crawljax.core.Crawler - Tried to follow 
18:00:26.149 [pool-1-thread-2] INFO  com.crawljax.core.Crawler - index_1_state1
18:00:26.149 [pool-1-thread-2] INFO  com.crawljax.core.Crawler - Saving failed backtracking path to 1
18:00:26.149 [pool-1-thread-2] INFO  com.crawljax.core.Crawler - backtrack status: false, reached NearDuplicate : -1 
18:00:29.321 [pool-1-thread-2] INFO  com.crawljax.core.Crawler - index has changed to: state9
18:00:29.325 [pool-1-thread-2] INFO  com.crawljax.core.Crawler - Did not add reload edge from state9 to state9
18:00:29.326 [pool-1-thread-2] INFO  com.crawljax.core.Crawler - state1 no path from state9
18:00:29.327 [pool-1-thread-2] INFO  com.crawljax.core.Crawler - state unreachable: Removing from candidate actions state1
18:00:29.328 [pool-1-thread-2] INFO  c.c.core.UnfiredFragmentCandidates - Placing purged actions in unreachable cache for state1
18:00:29.328 [pool-1-thread-2] INFO  com.crawljax.core.Crawler - Resetting the crawler and Going to state state2
18:00:33.757 [pool-1-thread-2] INFO  com.crawljax.core.Crawler - index has changed to: state9
18:00:33.758 [pool-1-thread-2] INFO  com.crawljax.core.Crawler - Did not add reload edge from state9 to state9
18:00:33.759 [pool-1-thread-2] INFO  com.crawljax.core.Crawler - Initial state not the same as current state : Getting shortest path from current state
18:00:33.760 [pool-1-thread-2] INFO  com.crawljax.core.Crawler - state2 no path from state9
18:00:33.761 [pool-1-thread-2] INFO  c.crawljax.core.state.StateMachine - Cannot go to state: 'state1' from: 'state9'
18:00:33.762 [pool-1-thread-2] INFO  com.crawljax.core.Crawler - Not a valid path anymore index: state2
18:00:33.762 [pool-1-thread-2] INFO  com.crawljax.core.Crawler - Tried to follow 
18:00:33.762 [pool-1-thread-2] INFO  com.crawljax.core.Crawler - index_1_state1state1_2_state2
18:00:33.762 [pool-1-thread-2] INFO  com.crawljax.core.Crawler - Saving failed backtracking path to 2
18:00:33.762 [pool-1-thread-2] INFO  com.crawljax.core.Crawler - backtrack status: false, reached NearDuplicate : -1 
18:00:36.867 [pool-1-thread-2] INFO  com.crawljax.core.Crawler - Added a reload edge from state9 to index
18:00:36.868 [pool-1-thread-2] INFO  c.crawljax.core.state.StateMachine - Cannot go to state: 'index' from: 'index'
18:00:36.868 [pool-1-thread-2] INFO  com.crawljax.core.Crawler - Not a valid path anymore state9: state2
18:00:36.868 [pool-1-thread-2] INFO  com.crawljax.core.Crawler - Tried to follow 
18:00:36.868 [pool-1-thread-2] INFO  com.crawljax.core.Crawler - state9_0_indexindex_1_state1state1_2_state2
18:00:36.868 [pool-1-thread-2] INFO  com.crawljax.core.Crawler - Saving failed backtracking path to 2
18:00:36.870 [pool-1-thread-2] INFO  com.crawljax.core.Crawler - backtrack status: false, reached NearDuplicate : -1 
18:00:39.905 [pool-1-thread-2] INFO  com.crawljax.core.Crawler - index has changed to: state9
18:00:39.907 [pool-1-thread-2] INFO  com.crawljax.core.Crawler - Added a reload edge from index to state9
18:00:39.907 [pool-1-thread-2] INFO  com.crawljax.core.Crawler - state unreachable: Removing from candidate actions state2
18:00:39.907 [pool-1-thread-2] INFO  c.c.core.UnfiredFragmentCandidates - Placing purged actions in unreachable cache for state2
18:00:39.910 [pool-1-thread-2] INFO  com.crawljax.core.Crawler - Resetting the crawler and Going to state state3
18:00:43.091 [pool-1-thread-2] INFO  com.crawljax.core.Crawler - index has changed to: state9
18:00:43.092 [pool-1-thread-2] INFO  com.crawljax.core.Crawler - Did not add reload edge from state9 to state9
18:00:43.092 [pool-1-thread-2] INFO  com.crawljax.core.Crawler - Initial state not the same as current state : Getting shortest path from current state
18:00:43.092 [pool-1-thread-2] INFO  c.c.core.UnfiredFragmentCandidates - input map size 8
18:00:43.093 [pool-1-thread-2] INFO  com.crawljax.core.Crawler - No Input Combination Found for 0
18:00:43.144 [pool-1-thread-2] INFO  com.crawljax.core.Crawler - Changing related inputs for 0 with 0  to 0 
18:00:43.225 [pool-1-thread-2] INFO  com.crawljax.core.Crawler - Not a valid path anymoreindex : state3
18:00:43.226 [pool-1-thread-2] INFO  com.crawljax.core.Crawler - Tried to follow 
18:00:43.226 [pool-1-thread-2] INFO  com.crawljax.core.Crawler - state9_0_indexindex_1_state1state1_2_state2state2_3_state3
18:00:43.226 [pool-1-thread-2] INFO  com.crawljax.core.Crawler - Saving failed backtracking path to 3
18:00:43.226 [pool-1-thread-2] INFO  com.crawljax.core.Crawler - backtrack status: false, reached NearDuplicate : -1 
18:00:43.250 [pool-1-thread-2] INFO  com.crawljax.core.CrawlSession - Adding CrawlPath to session !!
18:00:43.250 [pool-1-thread-2] INFO  com.crawljax.core.Crawler - BT-state3:failed:-1state9_0_index
18:00:46.224 [pool-1-thread-2] INFO  com.crawljax.core.Crawler - index has changed to: state9
18:00:46.225 [pool-1-thread-2] INFO  com.crawljax.core.Crawler - Did not add reload edge from index to state9
18:00:46.226 [pool-1-thread-2] INFO  c.crawljax.core.state.StateMachine - Cannot go to state: 'state1' from: 'state9'
18:00:46.226 [pool-1-thread-2] INFO  com.crawljax.core.Crawler - Not a valid path anymore index: state3
18:00:46.226 [pool-1-thread-2] INFO  com.crawljax.core.Crawler - Tried to follow 
18:00:46.226 [pool-1-thread-2] INFO  com.crawljax.core.Crawler - index_1_state1state1_2_state2state2_3_state3
18:00:46.226 [pool-1-thread-2] INFO  com.crawljax.core.Crawler - Saving failed backtracking path to 3
18:00:46.227 [pool-1-thread-2] INFO  com.crawljax.core.Crawler - backtrack status: false, reached NearDuplicate : -1 
18:00:49.195 [pool-1-thread-2] INFO  com.crawljax.core.Crawler - index has changed to: state9
18:00:49.195 [pool-1-thread-2] INFO  com.crawljax.core.Crawler - Did not add reload edge from state9 to state9
18:00:49.195 [pool-1-thread-2] INFO  com.crawljax.core.Crawler - Avoid path from state9 that is already tried
18:00:49.195 [pool-1-thread-2] INFO  com.crawljax.core.Crawler - state unreachable: Removing from candidate actions state3
18:00:49.195 [pool-1-thread-2] INFO  c.c.core.UnfiredFragmentCandidates - Placing purged actions in unreachable cache for state3
18:00:49.196 [pool-1-thread-2] INFO  com.crawljax.core.Crawler - Resetting the crawler and Going to state state4
18:00:52.190 [pool-1-thread-2] INFO  com.crawljax.core.Crawler - index has changed to: state9
18:00:52.191 [pool-1-thread-2] INFO  com.crawljax.core.Crawler - Did not add reload edge from state9 to state9
18:00:52.191 [pool-1-thread-2] INFO  com.crawljax.core.Crawler - Initial state not the same as current state : Getting shortest path from current state
18:00:52.192 [pool-1-thread-2] INFO  c.c.core.UnfiredFragmentCandidates - input map size 8
18:00:52.192 [pool-1-thread-2] INFO  com.crawljax.core.Crawler - No Input Combination Found for 0
18:00:52.238 [pool-1-thread-2] INFO  com.crawljax.core.Crawler - Changing related inputs for 0 with 0  to 0 
18:00:52.334 [pool-1-thread-2] INFO  com.crawljax.core.Crawler - Not a valid path anymoreindex : state4
18:00:52.334 [pool-1-thread-2] INFO  com.crawljax.core.Crawler - Tried to follow 
18:00:52.335 [pool-1-thread-2] INFO  com.crawljax.core.Crawler - state9_0_indexindex_1_state1state1_2_state2state2_3_state3state3_4_state4
18:00:52.336 [pool-1-thread-2] INFO  com.crawljax.core.Crawler - Saving failed backtracking path to 4
18:00:52.337 [pool-1-thread-2] INFO  com.crawljax.core.Crawler - backtrack status: false, reached NearDuplicate : -1 
18:00:52.363 [pool-1-thread-2] INFO  com.crawljax.core.CrawlSession - Adding CrawlPath to session !!
18:00:52.364 [pool-1-thread-2] INFO  com.crawljax.core.Crawler - BT-state4:failed:-1state9_0_index
18:00:55.278 [pool-1-thread-2] INFO  com.crawljax.core.Crawler - index has changed to: state9
18:00:55.278 [pool-1-thread-2] INFO  com.crawljax.core.Crawler - Did not add reload edge from index to state9
18:00:55.279 [pool-1-thread-2] INFO  c.crawljax.core.state.StateMachine - Cannot go to state: 'state1' from: 'state9'
18:00:55.280 [pool-1-thread-2] INFO  com.crawljax.core.Crawler - Not a valid path anymore index: state4
18:00:55.280 [pool-1-thread-2] INFO  com.crawljax.core.Crawler - Tried to follow 
18:00:55.280 [pool-1-thread-2] INFO  com.crawljax.core.Crawler - index_1_state1state1_2_state2state2_3_state3state3_4_state4
18:00:55.280 [pool-1-thread-2] INFO  com.crawljax.core.Crawler - Saving failed backtracking path to 4
18:00:55.280 [pool-1-thread-2] INFO  com.crawljax.core.Crawler - backtrack status: false, reached NearDuplicate : -1 
18:00:58.227 [pool-1-thread-2] INFO  com.crawljax.core.Crawler - index has changed to: state9
18:00:58.227 [pool-1-thread-2] INFO  com.crawljax.core.Crawler - Did not add reload edge from state9 to state9
18:00:58.228 [pool-1-thread-2] INFO  com.crawljax.core.Crawler - Avoid path from state9 that is already tried
18:00:58.228 [pool-1-thread-2] INFO  com.crawljax.core.Crawler - state unreachable: Removing from candidate actions state4
18:00:58.228 [pool-1-thread-2] INFO  c.c.core.UnfiredFragmentCandidates - Placing purged actions in unreachable cache for state4
18:00:58.228 [pool-1-thread-2] INFO  com.crawljax.core.Crawler - Resetting the crawler and Going to state state5
18:01:01.242 [pool-1-thread-2] INFO  com.crawljax.core.Crawler - index has changed to: state9
18:01:01.244 [pool-1-thread-2] INFO  com.crawljax.core.Crawler - Did not add reload edge from state9 to state9
18:01:01.245 [pool-1-thread-2] INFO  com.crawljax.core.Crawler - Initial state not the same as current state : Getting shortest path from current state
18:01:01.246 [pool-1-thread-2] INFO  c.c.core.UnfiredFragmentCandidates - input map size 8
18:01:01.246 [pool-1-thread-2] INFO  com.crawljax.core.Crawler - No Input Combination Found for 0
18:01:01.296 [pool-1-thread-2] INFO  com.crawljax.core.Crawler - Changing related inputs for 0 with 0  to 0 
18:01:01.363 [pool-1-thread-2] INFO  com.crawljax.core.Crawler - Not a valid path anymoreindex : state5
18:01:01.363 [pool-1-thread-2] INFO  com.crawljax.core.Crawler - Tried to follow 
18:01:01.363 [pool-1-thread-2] INFO  com.crawljax.core.Crawler - state9_0_indexindex_1_state1state1_2_state2state2_3_state3state3_4_state4state4_5_state5
18:01:01.363 [pool-1-thread-2] INFO  com.crawljax.core.Crawler - Saving failed backtracking path to 5
18:01:01.363 [pool-1-thread-2] INFO  com.crawljax.core.Crawler - backtrack status: false, reached NearDuplicate : -1 
18:01:01.395 [pool-1-thread-2] INFO  com.crawljax.core.CrawlSession - Adding CrawlPath to session !!
18:01:01.395 [pool-1-thread-2] INFO  com.crawljax.core.Crawler - BT-state5:failed:-1state9_0_index
18:01:04.420 [pool-1-thread-2] INFO  com.crawljax.core.Crawler - index has changed to: state9
18:01:04.422 [pool-1-thread-2] INFO  com.crawljax.core.Crawler - Did not add reload edge from index to state9
18:01:04.424 [pool-1-thread-2] INFO  c.crawljax.core.state.StateMachine - Cannot go to state: 'state1' from: 'state9'
18:01:04.424 [pool-1-thread-2] INFO  com.crawljax.core.Crawler - Not a valid path anymore index: state5
18:01:04.424 [pool-1-thread-2] INFO  com.crawljax.core.Crawler - Tried to follow 
18:01:04.425 [pool-1-thread-2] INFO  com.crawljax.core.Crawler - index_1_state1state1_2_state2state2_3_state3state3_4_state4state4_5_state5
18:01:04.425 [pool-1-thread-2] INFO  com.crawljax.core.Crawler - Saving failed backtracking path to 5
18:01:04.425 [pool-1-thread-2] INFO  com.crawljax.core.Crawler - backtrack status: false, reached NearDuplicate : -1 
18:01:08.822 [pool-1-thread-2] INFO  com.crawljax.core.Crawler - index has changed to: state9
18:01:08.823 [pool-1-thread-2] INFO  com.crawljax.core.Crawler - Did not add reload edge from state9 to state9
18:01:08.823 [pool-1-thread-2] INFO  com.crawljax.core.Crawler - Avoid path from state9 that is already tried
18:01:08.823 [pool-1-thread-2] INFO  com.crawljax.core.Crawler - state unreachable: Removing from candidate actions state5
18:01:08.823 [pool-1-thread-2] INFO  c.c.core.UnfiredFragmentCandidates - Placing purged actions in unreachable cache for state5
18:01:08.823 [pool-1-thread-2] INFO  com.crawljax.core.Crawler - Resetting the crawler and Going to state state6
18:01:11.889 [pool-1-thread-2] INFO  com.crawljax.core.Crawler - index has changed to: state9
18:01:11.890 [pool-1-thread-2] INFO  com.crawljax.core.Crawler - Did not add reload edge from state9 to state9
18:01:11.890 [pool-1-thread-2] INFO  com.crawljax.core.Crawler - Initial state not the same as current state : Getting shortest path from current state
18:01:11.891 [pool-1-thread-2] INFO  c.c.core.UnfiredFragmentCandidates - input map size 8
18:01:11.891 [pool-1-thread-2] INFO  com.crawljax.core.Crawler - No Input Combination Found for 0
18:01:11.932 [pool-1-thread-2] INFO  com.crawljax.core.Crawler - Changing related inputs for 0 with 0  to 0 
18:01:11.991 [pool-1-thread-2] INFO  com.crawljax.core.Crawler - Not a valid path anymoreindex : state6
18:01:11.991 [pool-1-thread-2] INFO  com.crawljax.core.Crawler - Tried to follow 
18:01:11.991 [pool-1-thread-2] INFO  com.crawljax.core.Crawler - state9_0_indexindex_1_state1state1_2_state2state2_3_state3state3_4_state4state4_5_state5state5_6_state6
18:01:11.991 [pool-1-thread-2] INFO  com.crawljax.core.Crawler - Saving failed backtracking path to 6
18:01:11.991 [pool-1-thread-2] INFO  com.crawljax.core.Crawler - backtrack status: false, reached NearDuplicate : -1 
18:01:12.011 [pool-1-thread-2] INFO  com.crawljax.core.CrawlSession - Adding CrawlPath to session !!
18:01:12.012 [pool-1-thread-2] INFO  com.crawljax.core.Crawler - BT-state6:failed:-1state9_0_index
18:01:14.984 [pool-1-thread-2] INFO  com.crawljax.core.Crawler - index has changed to: state9
18:01:14.986 [pool-1-thread-2] INFO  com.crawljax.core.Crawler - Did not add reload edge from index to state9
18:01:14.987 [pool-1-thread-2] INFO  c.crawljax.core.state.StateMachine - Cannot go to state: 'state1' from: 'state9'
18:01:14.987 [pool-1-thread-2] INFO  com.crawljax.core.Crawler - Not a valid path anymore index: state6
18:01:14.987 [pool-1-thread-2] INFO  com.crawljax.core.Crawler - Tried to follow 
18:01:14.987 [pool-1-thread-2] INFO  com.crawljax.core.Crawler - index_1_state1state1_2_state2state2_3_state3state3_4_state4state4_5_state5state5_6_state6
18:01:14.987 [pool-1-thread-2] INFO  com.crawljax.core.Crawler - Saving failed backtracking path to 6
18:01:14.987 [pool-1-thread-2] INFO  com.crawljax.core.Crawler - backtrack status: false, reached NearDuplicate : -1 
18:01:17.991 [pool-1-thread-2] INFO  com.crawljax.core.Crawler - index has changed to: state9
18:01:17.992 [pool-1-thread-2] INFO  com.crawljax.core.Crawler - Did not add reload edge from state9 to state9
18:01:17.994 [pool-1-thread-2] INFO  com.crawljax.core.Crawler - Avoid path from state9 that is already tried
18:01:17.996 [pool-1-thread-2] INFO  com.crawljax.core.Crawler - state unreachable: Removing from candidate actions state6
18:01:17.996 [pool-1-thread-2] INFO  c.c.core.UnfiredFragmentCandidates - Placing purged actions in unreachable cache for state6
18:01:17.996 [pool-1-thread-2] INFO  com.crawljax.core.Crawler - Resetting the crawler and Going to state state7
18:01:21.009 [pool-1-thread-2] INFO  com.crawljax.core.Crawler - index has changed to: state9
18:01:21.010 [pool-1-thread-2] INFO  com.crawljax.core.Crawler - Did not add reload edge from state9 to state9
18:01:21.010 [pool-1-thread-2] INFO  com.crawljax.core.Crawler - Initial state not the same as current state : Getting shortest path from current state
18:01:21.013 [pool-1-thread-2] INFO  c.c.core.UnfiredFragmentCandidates - input map size 8
18:01:21.015 [pool-1-thread-2] INFO  com.crawljax.core.Crawler - No Input Combination Found for 0
18:01:21.071 [pool-1-thread-2] INFO  com.crawljax.core.Crawler - Changing related inputs for 0 with 0  to 0 
18:01:21.115 [pool-1-thread-2] INFO  com.crawljax.core.Crawler - Not a valid path anymoreindex : state7
18:01:21.115 [pool-1-thread-2] INFO  com.crawljax.core.Crawler - Tried to follow 
18:01:21.115 [pool-1-thread-2] INFO  com.crawljax.core.Crawler - state9_0_indexindex_1_state1state1_2_state2state2_3_state3state3_4_state4state4_5_state5state5_6_state6state6_7_state7
18:01:21.115 [pool-1-thread-2] INFO  com.crawljax.core.Crawler - Saving failed backtracking path to 7
18:01:21.115 [pool-1-thread-2] INFO  com.crawljax.core.Crawler - backtrack status: false, reached NearDuplicate : -1 
18:01:21.135 [pool-1-thread-2] INFO  com.crawljax.core.CrawlSession - Adding CrawlPath to session !!
18:01:21.135 [pool-1-thread-2] INFO  com.crawljax.core.Crawler - BT-state7:failed:-1state9_0_index
18:01:24.134 [pool-1-thread-2] INFO  com.crawljax.core.Crawler - index has changed to: state9
18:01:24.135 [pool-1-thread-2] INFO  com.crawljax.core.Crawler - Did not add reload edge from index to state9
18:01:24.136 [pool-1-thread-2] INFO  c.crawljax.core.state.StateMachine - Cannot go to state: 'state1' from: 'state9'
18:01:24.136 [pool-1-thread-2] INFO  com.crawljax.core.Crawler - Not a valid path anymore index: state7
18:01:24.136 [pool-1-thread-2] INFO  com.crawljax.core.Crawler - Tried to follow 
18:01:24.136 [pool-1-thread-2] INFO  com.crawljax.core.Crawler - index_1_state1state1_2_state2state2_3_state3state3_4_state4state4_5_state5state5_6_state6state6_7_state7
18:01:24.136 [pool-1-thread-2] INFO  com.crawljax.core.Crawler - Saving failed backtracking path to 7
18:01:24.136 [pool-1-thread-2] INFO  com.crawljax.core.Crawler - backtrack status: false, reached NearDuplicate : -1 
18:01:27.138 [pool-1-thread-2] INFO  com.crawljax.core.Crawler - index has changed to: state9
18:01:27.138 [pool-1-thread-2] INFO  com.crawljax.core.Crawler - Did not add reload edge from state9 to state9
18:01:27.139 [pool-1-thread-2] INFO  com.crawljax.core.Crawler - Avoid path from state9 that is already tried
18:01:27.139 [pool-1-thread-2] INFO  com.crawljax.core.Crawler - state unreachable: Removing from candidate actions state7
18:01:27.140 [pool-1-thread-2] INFO  c.c.core.UnfiredFragmentCandidates - Placing purged actions in unreachable cache for state7
18:01:27.140 [pool-1-thread-2] INFO  com.crawljax.core.Crawler - backtrack status: true, reached NearDuplicate : -1 
18:01:27.140 [pool-1-thread-2] INFO  com.crawljax.core.Crawler -  Event xpath /HTML[1]/BODY[1]/DIV[4]/DIV[1]/DIV[1]/DIV[1]/A[1]
18:01:27.180 [pool-1-thread-2] INFO  com.crawljax.core.Crawler - Changing related inputs for 9 with 0  to 0 
18:01:27.367 [pool-1-thread-2] INFO  c.c.core.UnfiredFragmentCandidates - Changing related inputs to worked inputs 0 for 9
18:01:27.367 [pool-1-thread-2] INFO  c.c.core.UnfiredFragmentCandidates - event 9 - Before 0
18:01:27.367 [pool-1-thread-2] INFO  c.c.core.UnfiredFragmentCandidates - event 9 - After 0
18:01:27.367 [pool-1-thread-2] INFO  c.c.core.UnfiredFragmentCandidates - input for 9, 0
18:01:31.316 [pool-1-thread-2] INFO  c.c.c.state.InMemoryStateFlowGraph - Number of states in the graph is now 11
18:01:31.317 [pool-1-thread-2] INFO  c.crawljax.core.state.StateMachine - State state31 added to the StateMachine.
18:01:31.590 [pool-1-thread-2] INFO  com.crawljax.core.Crawler - New DOM is a new state! crawl depth is now 1
18:01:31.591 [pool-1-thread-2] INFO  com.crawljax.core.Crawler - Parsing DOM of state state31 for candidate elements
18:01:31.616 [pool-1-thread-2] INFO  c.c.core.UnfiredFragmentCandidates - There are 1 states with unfired actions: [31]
18:01:31.640 [pool-1-thread-2] INFO  com.crawljax.core.Crawler -  Event xpath /HTML[1]/BODY[1]/DIV[4]/DIV[1]/DIV[1]/DIV[1]/A[1]
18:01:31.689 [pool-1-thread-2] INFO  com.crawljax.core.Crawler - Changing related inputs for 10 with 0  to 0 
18:01:31.860 [pool-1-thread-2] INFO  c.c.core.UnfiredFragmentCandidates - Changing related inputs to worked inputs 0 for 10
18:01:31.860 [pool-1-thread-2] INFO  c.c.core.UnfiredFragmentCandidates - event 10 - Before 0
18:01:31.860 [pool-1-thread-2] INFO  c.c.core.UnfiredFragmentCandidates - event 10 - After 0
18:01:31.860 [pool-1-thread-2] INFO  c.c.core.UnfiredFragmentCandidates - input for 10, 0
18:01:35.943 [pool-1-thread-2] INFO  c.c.c.state.InMemoryStateFlowGraph - Number of states in the graph is now 12
18:01:35.943 [pool-1-thread-2] INFO  c.crawljax.core.state.StateMachine - State state32 added to the StateMachine.
18:01:36.216 [pool-1-thread-2] INFO  com.crawljax.core.Crawler - New DOM is a new state! crawl depth is now 2
18:01:36.217 [pool-1-thread-2] INFO  com.crawljax.core.Crawler - Parsing DOM of state state32 for candidate elements
18:01:36.244 [pool-1-thread-2] INFO  c.c.core.UnfiredFragmentCandidates - There are 2 states with unfired actions: [31, 32]
18:01:36.265 [pool-1-thread-2] INFO  com.crawljax.core.Crawler -  Event xpath /HTML[1]/BODY[1]/DIV[4]/DIV[1]/DIV[1]/DIV[1]/A[1]
18:01:36.309 [pool-1-thread-2] INFO  com.crawljax.core.Crawler - Changing related inputs for 11 with 0  to 0 
18:01:36.484 [pool-1-thread-2] INFO  c.c.core.UnfiredFragmentCandidates - Changing related inputs to worked inputs 0 for 11
18:01:36.484 [pool-1-thread-2] INFO  c.c.core.UnfiredFragmentCandidates - event 11 - Before 0
18:01:36.485 [pool-1-thread-2] INFO  c.c.core.UnfiredFragmentCandidates - event 11 - After 0
18:01:36.485 [pool-1-thread-2] INFO  c.c.core.UnfiredFragmentCandidates - input for 11, 0
18:01:41.828 [pool-1-thread-2] INFO  c.c.c.state.InMemoryStateFlowGraph - Number of states in the graph is now 13
18:01:41.829 [pool-1-thread-2] INFO  c.crawljax.core.state.StateMachine - State state33 added to the StateMachine.
18:01:42.070 [pool-1-thread-2] INFO  com.crawljax.core.Crawler - New DOM is a new state! crawl depth is now 3
18:01:42.071 [pool-1-thread-2] INFO  com.crawljax.core.Crawler - Parsing DOM of state state33 for candidate elements
18:01:42.109 [pool-1-thread-2] INFO  c.c.core.UnfiredFragmentCandidates - There are 3 states with unfired actions: [31, 32, 33]
18:01:42.133 [pool-1-thread-2] INFO  com.crawljax.core.Crawler -  Event xpath /HTML[1]/BODY[1]/DIV[4]/DIV[1]/DIV[1]/DIV[1]/A[1]
18:01:42.188 [pool-1-thread-2] INFO  com.crawljax.core.Crawler - Changing related inputs for 12 with 0  to 0 
18:01:42.385 [pool-1-thread-2] INFO  c.c.core.UnfiredFragmentCandidates - Changing related inputs to worked inputs 0 for 12
18:01:42.386 [pool-1-thread-2] INFO  c.c.core.UnfiredFragmentCandidates - event 12 - Before 0
18:01:42.386 [pool-1-thread-2] INFO  c.c.core.UnfiredFragmentCandidates - event 12 - After 0
18:01:42.386 [pool-1-thread-2] INFO  c.c.core.UnfiredFragmentCandidates - input for 12, 0
18:01:46.365 [pool-1-thread-2] INFO  c.c.c.state.InMemoryStateFlowGraph - Number of states in the graph is now 14
18:01:46.366 [pool-1-thread-2] INFO  c.crawljax.core.state.StateMachine - State state34 added to the StateMachine.
18:01:46.600 [pool-1-thread-2] INFO  com.crawljax.core.Crawler - New DOM is a new state! crawl depth is now 4
18:01:46.600 [pool-1-thread-2] INFO  com.crawljax.core.Crawler - Parsing DOM of state state34 for candidate elements
18:01:46.633 [pool-1-thread-2] INFO  c.c.core.UnfiredFragmentCandidates - There are 4 states with unfired actions: [31, 32, 33, 34]
18:01:46.661 [pool-1-thread-2] INFO  com.crawljax.core.Crawler -  Event xpath /HTML[1]/BODY[1]/DIV[4]/DIV[1]/DIV[1]/DIV[1]/A[1]
18:01:46.715 [pool-1-thread-2] INFO  com.crawljax.core.Crawler - Changing related inputs for 13 with 0  to 0 
18:01:46.899 [pool-1-thread-2] INFO  c.c.core.UnfiredFragmentCandidates - Changing related inputs to worked inputs 0 for 13
18:01:46.899 [pool-1-thread-2] INFO  c.c.core.UnfiredFragmentCandidates - event 13 - Before 0
18:01:46.899 [pool-1-thread-2] INFO  c.c.core.UnfiredFragmentCandidates - event 13 - After 0
18:01:46.899 [pool-1-thread-2] INFO  c.c.core.UnfiredFragmentCandidates - input for 13, 0
18:01:50.972 [pool-1-thread-2] INFO  c.c.c.state.InMemoryStateFlowGraph - Number of states in the graph is now 15
18:01:50.974 [pool-1-thread-2] INFO  c.crawljax.core.state.StateMachine - State state35 added to the StateMachine.
18:01:51.240 [pool-1-thread-2] INFO  com.crawljax.core.Crawler - New DOM is a new state! crawl depth is now 5
18:01:51.240 [pool-1-thread-2] INFO  com.crawljax.core.Crawler - Parsing DOM of state state35 for candidate elements
18:01:51.279 [pool-1-thread-2] INFO  c.c.core.UnfiredFragmentCandidates - There are 5 states with unfired actions: [31, 32, 33, 34, 35]
18:01:51.312 [pool-1-thread-2] INFO  com.crawljax.core.Crawler -  Event xpath /HTML[1]/BODY[1]/DIV[4]/DIV[1]/DIV[1]/DIV[1]/A[1]
18:01:51.371 [pool-1-thread-2] INFO  com.crawljax.core.Crawler - Changing related inputs for 14 with 0  to 0 
18:01:51.550 [pool-1-thread-2] INFO  c.c.core.UnfiredFragmentCandidates - Changing related inputs to worked inputs 0 for 14
18:01:51.550 [pool-1-thread-2] INFO  c.c.core.UnfiredFragmentCandidates - event 14 - Before 0
18:01:51.550 [pool-1-thread-2] INFO  c.c.core.UnfiredFragmentCandidates - event 14 - After 0
18:01:51.550 [pool-1-thread-2] INFO  c.c.core.UnfiredFragmentCandidates - input for 14, 0
18:01:55.539 [pool-1-thread-2] INFO  c.c.c.state.InMemoryStateFlowGraph - Number of states in the graph is now 16
18:01:55.541 [pool-1-thread-2] INFO  c.crawljax.core.state.StateMachine - State state36 added to the StateMachine.
18:01:55.811 [pool-1-thread-2] INFO  com.crawljax.core.Crawler - New DOM is a new state! crawl depth is now 6
18:01:55.812 [pool-1-thread-2] INFO  com.crawljax.core.Crawler - Parsing DOM of state state36 for candidate elements
18:01:55.835 [pool-1-thread-2] INFO  c.c.core.UnfiredFragmentCandidates - There are 6 states with unfired actions: [31, 32, 33, 34, 35, 36]
18:01:55.857 [pool-1-thread-2] INFO  com.crawljax.core.Crawler -  Event xpath /HTML[1]/BODY[1]/DIV[4]/DIV[1]/DIV[1]/DIV[1]/A[1]
18:01:55.902 [pool-1-thread-2] INFO  com.crawljax.core.Crawler - Changing related inputs for 15 with 0  to 0 
18:01:56.083 [pool-1-thread-2] INFO  c.c.core.UnfiredFragmentCandidates - Changing related inputs to worked inputs 0 for 15
18:01:56.083 [pool-1-thread-2] INFO  c.c.core.UnfiredFragmentCandidates - event 15 - Before 0
18:01:56.083 [pool-1-thread-2] INFO  c.c.core.UnfiredFragmentCandidates - event 15 - After 0
18:01:56.083 [pool-1-thread-2] INFO  c.c.core.UnfiredFragmentCandidates - input for 15, 0
18:02:00.102 [pool-1-thread-2] INFO  c.c.c.state.InMemoryStateFlowGraph - Number of states in the graph is now 17
18:02:00.103 [pool-1-thread-2] INFO  c.crawljax.core.state.StateMachine - State state37 added to the StateMachine.
18:02:00.367 [pool-1-thread-2] INFO  com.crawljax.core.Crawler - New DOM is a new state! crawl depth is now 7
18:02:00.368 [pool-1-thread-2] INFO  com.crawljax.core.Crawler - Parsing DOM of state state37 for candidate elements
18:02:00.396 [pool-1-thread-2] INFO  c.c.core.UnfiredFragmentCandidates - There are 7 states with unfired actions: [31, 32, 33, 34, 35, 36, 37]
18:02:00.418 [pool-1-thread-2] INFO  com.crawljax.core.Crawler -  Event xpath /HTML[1]/BODY[1]/DIV[4]/DIV[1]/DIV[1]/DIV[1]/A[1]
18:02:00.471 [pool-1-thread-2] INFO  com.crawljax.core.Crawler - Changing related inputs for 16 with 0  to 0 
18:02:00.669 [pool-1-thread-2] INFO  c.c.core.UnfiredFragmentCandidates - Changing related inputs to worked inputs 0 for 16
18:02:00.670 [pool-1-thread-2] INFO  c.c.core.UnfiredFragmentCandidates - event 16 - Before 0
18:02:00.670 [pool-1-thread-2] INFO  c.c.core.UnfiredFragmentCandidates - event 16 - After 0
18:02:00.670 [pool-1-thread-2] INFO  c.c.core.UnfiredFragmentCandidates - input for 16, 0
18:02:04.670 [pool-1-thread-2] INFO  c.crawljax.core.state.StateMachine - CLONE State detected: state38 and state35 are the same.
18:02:04.694 [pool-1-thread-2] INFO  com.crawljax.core.Crawler -  Event xpath /HTML[1]/BODY[1]/DIV[4]/DIV[1]/DIV[1]/DIV[2]/DIV[1]/UL[1]/LI[1]/A[1]
18:02:04.739 [pool-1-thread-2] INFO  com.crawljax.core.Crawler - Changing related inputs for 17 with 0  to 0 
18:02:04.911 [pool-1-thread-2] INFO  c.c.core.UnfiredFragmentCandidates - Changing related inputs to worked inputs 0 for 17
18:02:04.911 [pool-1-thread-2] INFO  c.c.core.UnfiredFragmentCandidates - event 17 - Before 0
18:02:04.911 [pool-1-thread-2] INFO  c.c.core.UnfiredFragmentCandidates - event 17 - After 0
18:02:04.911 [pool-1-thread-2] INFO  c.c.core.UnfiredFragmentCandidates - input for 17, 0
18:02:08.840 [pool-1-thread-2] INFO  c.c.c.state.InMemoryStateFlowGraph - Number of states in the graph is now 18
18:02:08.845 [pool-1-thread-2] INFO  c.crawljax.core.state.StateMachine - State state39 added to the StateMachine.
18:02:09.096 [pool-1-thread-2] INFO  com.crawljax.core.Crawler - New DOM is a new state! crawl depth is now 8
18:02:09.119 [pool-1-thread-2] INFO  com.crawljax.core.Crawler - Resetting the crawler and Going to state state9
18:02:09.139 [pool-1-thread-2] INFO  com.crawljax.core.CrawlSession - Adding CrawlPath to session !!
18:02:09.140 [pool-1-thread-2] INFO  com.crawljax.core.Crawler - BT-state7:-1state9_9_state31state31_10_state32state32_11_state33state33_12_state34state34_13_state35state35_14_state36state36_15_state37state37_16_state35state35_17_state39
18:02:12.252 [pool-1-thread-2] INFO  com.crawljax.core.Crawler - Added a reload edge from state39 to index
18:02:12.253 [pool-1-thread-2] INFO  c.c.core.UnfiredFragmentCandidates - input map size 17
18:02:12.253 [pool-1-thread-2] INFO  com.crawljax.core.Crawler - No Input Combination Found for 0
18:02:12.301 [pool-1-thread-2] INFO  com.crawljax.core.Crawler - Changing related inputs for 0 with 0  to 0 
18:02:12.353 [pool-1-thread-2] INFO  com.crawljax.core.Crawler - Not a valid path anymorestate9 : state9
18:02:12.354 [pool-1-thread-2] INFO  com.crawljax.core.Crawler - Tried to follow 
18:02:12.354 [pool-1-thread-2] INFO  com.crawljax.core.Crawler - index_0_state9
18:02:12.354 [pool-1-thread-2] INFO  com.crawljax.core.Crawler - Saving failed backtracking path to 9
18:02:12.354 [pool-1-thread-2] INFO  com.crawljax.core.Crawler - backtrack status: false, reached NearDuplicate : -1 
18:02:12.371 [pool-1-thread-2] INFO  com.crawljax.core.CrawlSession - Adding CrawlPath to session !!
18:02:12.371 [pool-1-thread-2] INFO  com.crawljax.core.Crawler - BT-state9:failed:-1index_0_state9
18:02:16.714 [pool-1-thread-2] INFO  com.crawljax.core.Crawler - index has changed to: state9
18:02:16.715 [pool-1-thread-2] INFO  com.crawljax.core.Crawler - Did not add reload edge from state9 to state9
18:02:16.716 [pool-1-thread-2] INFO  com.crawljax.core.Crawler - Avoid path from index that is already tried
18:02:16.720 [pool-1-thread-2] INFO  com.crawljax.core.Crawler - Tried to follow v
18:02:16.721 [pool-1-thread-2] INFO  com.crawljax.core.Crawler - 
18:02:16.721 [pool-1-thread-2] INFO  com.crawljax.core.Crawler - BT-state9:failed:-1
18:02:16.721 [pool-1-thread-2] INFO  com.crawljax.core.Crawler - Followed path ^
18:02:16.721 [pool-1-thread-2] INFO  com.crawljax.core.Crawler - backtrack status: true, reached NearDuplicate : -1 
18:02:16.722 [pool-1-thread-2] INFO  com.crawljax.core.Crawler -  Event xpath /HTML[1]/BODY[1]/DIV[4]/DIV[1]/DIV[1]/DIV[2]/DIV[1]/UL[1]/LI[1]/A[1]
18:02:16.774 [pool-1-thread-2] INFO  com.crawljax.core.Crawler - Changing related inputs for 18 with 0  to 0 
18:02:16.924 [pool-1-thread-2] INFO  c.c.core.UnfiredFragmentCandidates - Changing related inputs to worked inputs 0 for 18
18:02:16.924 [pool-1-thread-2] INFO  c.c.core.UnfiredFragmentCandidates - event 18 - Before 0
18:02:16.924 [pool-1-thread-2] INFO  c.c.core.UnfiredFragmentCandidates - event 18 - After 0
18:02:16.924 [pool-1-thread-2] INFO  c.c.core.UnfiredFragmentCandidates - input for 18, 0
18:02:20.859 [pool-1-thread-2] INFO  c.c.c.state.InMemoryStateFlowGraph - Number of states in the graph is now 19
18:02:20.859 [pool-1-thread-2] INFO  c.crawljax.core.state.StateMachine - State state42 added to the StateMachine.
18:02:21.027 [pool-1-thread-2] INFO  com.crawljax.core.Crawler - New DOM is a new state! crawl depth is now 1
18:02:21.028 [pool-1-thread-2] INFO  com.crawljax.core.Crawler - Parsing DOM of state state42 for candidate elements
18:02:21.044 [pool-1-thread-2] INFO  c.c.core.UnfiredFragmentCandidates - There are 8 states with unfired actions: [31, 32, 33, 34, 35, 36, 37, 42]
18:02:21.098 [pool-1-thread-2] INFO  com.crawljax.core.Crawler -  Event xpath /HTML[1]/BODY[1]/DIV[4]/DIV[1]/DIV[1]/DIV[1]/A[1]
18:02:21.142 [pool-1-thread-2] INFO  com.crawljax.core.Crawler - Changing related inputs for 19 with 0  to 0 
18:02:21.279 [pool-1-thread-2] INFO  c.c.core.UnfiredFragmentCandidates - Changing related inputs to worked inputs 0 for 19
18:02:21.279 [pool-1-thread-2] INFO  c.c.core.UnfiredFragmentCandidates - event 19 - Before 0
18:02:21.279 [pool-1-thread-2] INFO  c.c.core.UnfiredFragmentCandidates - event 19 - After 0
18:02:21.279 [pool-1-thread-2] INFO  c.c.core.UnfiredFragmentCandidates - input for 19, 0
18:02:25.225 [pool-1-thread-2] INFO  c.crawljax.core.state.StateMachine - CLONE State detected: state43 and state9 are the same.
18:02:25.242 [pool-1-thread-2] INFO  com.crawljax.core.Crawler -  Event xpath /HTML[1]/BODY[1]/DIV[4]/DIV[1]/DIV[1]/DIV[2]/DIV[1]/UL[1]/LI[2]/A[1]
18:02:25.277 [pool-1-thread-2] INFO  com.crawljax.core.Crawler - Changing related inputs for 20 with 0  to 0 
18:02:25.419 [pool-1-thread-2] INFO  c.c.core.UnfiredFragmentCandidates - Changing related inputs to worked inputs 0 for 20
18:02:25.419 [pool-1-thread-2] INFO  c.c.core.UnfiredFragmentCandidates - event 20 - Before 0
18:02:25.419 [pool-1-thread-2] INFO  c.c.core.UnfiredFragmentCandidates - event 20 - After 0
18:02:25.419 [pool-1-thread-2] INFO  c.c.core.UnfiredFragmentCandidates - input for 20, 0
18:02:29.296 [pool-1-thread-2] INFO  c.c.c.state.InMemoryStateFlowGraph - Number of states in the graph is now 20
18:02:29.297 [pool-1-thread-2] INFO  c.crawljax.core.state.StateMachine - State state44 added to the StateMachine.
18:02:29.516 [pool-1-thread-2] INFO  com.crawljax.core.Crawler - New DOM is a new state! crawl depth is now 2
18:02:29.516 [pool-1-thread-2] INFO  com.crawljax.core.Crawler - Parsing DOM of state state44 for candidate elements
18:02:29.532 [pool-1-thread-2] INFO  c.c.core.UnfiredFragmentCandidates - There are 9 states with unfired actions: [31, 32, 33, 34, 35, 36, 37, 42, 44]
18:02:29.557 [pool-1-thread-2] INFO  com.crawljax.core.Crawler -  Event xpath /HTML[1]/BODY[1]/DIV[4]/DIV[1]/DIV[1]/DIV[1]/A[1]
18:02:29.589 [pool-1-thread-2] INFO  com.crawljax.core.Crawler - Changing related inputs for 21 with 0  to 0 
18:02:29.762 [pool-1-thread-2] INFO  c.c.core.UnfiredFragmentCandidates - Changing related inputs to worked inputs 0 for 21
18:02:29.762 [pool-1-thread-2] INFO  c.c.core.UnfiredFragmentCandidates - event 21 - Before 0
18:02:29.762 [pool-1-thread-2] INFO  c.c.core.UnfiredFragmentCandidates - event 21 - After 0
18:02:29.762 [pool-1-thread-2] INFO  c.c.core.UnfiredFragmentCandidates - input for 21, 0
18:02:33.785 [pool-1-thread-2] INFO  c.crawljax.core.state.StateMachine - CLONE State detected: state45 and state9 are the same.
18:02:33.803 [pool-1-thread-2] INFO  com.crawljax.core.Crawler -  Event xpath /HTML[1]/BODY[1]/DIV[4]/DIV[1]/DIV[1]/DIV[2]/DIV[1]/UL[1]/LI[3]/A[1]
18:02:33.846 [pool-1-thread-2] INFO  com.crawljax.core.Crawler - Changing related inputs for 22 with 0  to 0 
18:02:34.018 [pool-1-thread-2] INFO  c.c.core.UnfiredFragmentCandidates - Changing related inputs to worked inputs 0 for 22
18:02:34.018 [pool-1-thread-2] INFO  c.c.core.UnfiredFragmentCandidates - event 22 - Before 0
18:02:34.018 [pool-1-thread-2] INFO  c.c.core.UnfiredFragmentCandidates - event 22 - After 0
18:02:34.018 [pool-1-thread-2] INFO  c.c.core.UnfiredFragmentCandidates - input for 22, 0
18:02:38.043 [pool-1-thread-2] INFO  c.c.c.state.InMemoryStateFlowGraph - Number of states in the graph is now 21
18:02:38.043 [pool-1-thread-2] INFO  c.crawljax.core.state.StateMachine - State state46 added to the StateMachine.
18:02:38.206 [pool-1-thread-2] INFO  com.crawljax.core.Crawler - New DOM is a new state! crawl depth is now 3
18:02:38.206 [pool-1-thread-2] INFO  com.crawljax.core.Crawler - Parsing DOM of state state46 for candidate elements
18:02:38.218 [pool-1-thread-2] INFO  c.c.core.UnfiredFragmentCandidates - There are 10 states with unfired actions: [31, 32, 33, 34, 35, 36, 37, 42, 44, 46]
18:02:38.237 [pool-1-thread-2] INFO  com.crawljax.core.Crawler -  Event xpath /HTML[1]/BODY[1]/DIV[4]/DIV[1]/DIV[1]/DIV[1]/A[1]
18:02:38.276 [pool-1-thread-2] INFO  com.crawljax.core.Crawler - Changing related inputs for 23 with 0  to 0 
18:02:38.437 [pool-1-thread-2] INFO  c.c.core.UnfiredFragmentCandidates - Changing related inputs to worked inputs 0 for 23
18:02:38.437 [pool-1-thread-2] INFO  c.c.core.UnfiredFragmentCandidates - event 23 - Before 0
18:02:38.437 [pool-1-thread-2] INFO  c.c.core.UnfiredFragmentCandidates - event 23 - After 0
18:02:38.437 [pool-1-thread-2] INFO  c.c.core.UnfiredFragmentCandidates - input for 23, 0
18:02:42.492 [pool-1-thread-2] INFO  c.crawljax.core.state.StateMachine - CLONE State detected: state47 and index are the same.
18:02:42.492 [pool-1-thread-2] INFO  c.c.core.UnfiredFragmentCandidates - Placing index back in queue as it is rediscovered
18:02:42.492 [pool-1-thread-2] INFO  c.c.core.UnfiredFragmentCandidates - There are 11 states with unfired actions: [31, 32, 33, 34, 35, 36, 37, 42, 44, 46, 0]
18:02:42.492 [pool-1-thread-2] INFO  c.c.core.UnfiredFragmentCandidates - Rediscovered state0 has unexplored actions
18:02:42.512 [pool-1-thread-2] INFO  com.crawljax.core.Crawler -  Event xpath /HTML[1]/BODY[1]/DIV[4]/DIV[1]/DIV[1]/DIV[2]/DIV[1]/UL[1]/LI[1]/A[1]
18:02:42.559 [pool-1-thread-2] INFO  com.crawljax.core.Crawler - Changing related inputs for 24 with 0  to 0 
18:02:42.728 [pool-1-thread-2] INFO  c.c.core.UnfiredFragmentCandidates - Changing related inputs to worked inputs 0 for 24
18:02:42.728 [pool-1-thread-2] INFO  c.c.core.UnfiredFragmentCandidates - event 24 - Before 0
18:02:42.728 [pool-1-thread-2] INFO  c.c.core.UnfiredFragmentCandidates - event 24 - After 0
18:02:42.728 [pool-1-thread-2] INFO  c.c.core.UnfiredFragmentCandidates - input for 24, 0
18:02:46.598 [pool-1-thread-2] INFO  c.c.c.state.InMemoryStateFlowGraph - Number of states in the graph is now 22
18:02:46.599 [pool-1-thread-2] INFO  c.crawljax.core.state.StateMachine - State state48 added to the StateMachine.
18:02:46.797 [pool-1-thread-2] INFO  com.crawljax.core.Crawler - New DOM is a new state! crawl depth is now 4
18:02:46.798 [pool-1-thread-2] INFO  com.crawljax.core.Crawler - Parsing DOM of state state48 for candidate elements
18:02:46.813 [pool-1-thread-2] INFO  c.c.core.UnfiredFragmentCandidates - There are 12 states with unfired actions: [31, 32, 33, 34, 35, 36, 37, 42, 44, 46, 0, 48]
18:02:46.844 [pool-1-thread-2] INFO  com.crawljax.core.Crawler -  Event xpath /HTML[1]/BODY[1]/DIV[4]/DIV[1]/DIV[1]/DIV[1]/A[1]
18:02:46.884 [pool-1-thread-2] INFO  com.crawljax.core.Crawler - Changing related inputs for 25 with 0  to 0 
18:02:47.035 [pool-1-thread-2] INFO  c.c.core.UnfiredFragmentCandidates - Changing related inputs to worked inputs 0 for 25
18:02:47.035 [pool-1-thread-2] INFO  c.c.core.UnfiredFragmentCandidates - event 25 - Before 0
18:02:47.035 [pool-1-thread-2] INFO  c.c.core.UnfiredFragmentCandidates - event 25 - After 0
18:02:47.035 [pool-1-thread-2] INFO  c.c.core.UnfiredFragmentCandidates - input for 25, 0
18:02:52.594 [pool-1-thread-2] INFO  c.crawljax.core.state.StateMachine - CLONE State detected: state49 and index are the same.
18:02:52.618 [pool-1-thread-2] INFO  com.crawljax.core.Crawler -  Event xpath /HTML[1]/BODY[1]/DIV[4]/DIV[1]/DIV[1]/DIV[2]/DIV[1]/UL[1]/LI[2]/A[1]
18:02:52.663 [pool-1-thread-2] INFO  com.crawljax.core.Crawler - Changing related inputs for 26 with 0  to 0 
18:02:52.834 [pool-1-thread-2] INFO  c.c.core.UnfiredFragmentCandidates - Changing related inputs to worked inputs 0 for 26
18:02:52.835 [pool-1-thread-2] INFO  c.c.core.UnfiredFragmentCandidates - event 26 - Before 0
18:02:52.835 [pool-1-thread-2] INFO  c.c.core.UnfiredFragmentCandidates - event 26 - After 0
18:02:52.835 [pool-1-thread-2] INFO  c.c.core.UnfiredFragmentCandidates - input for 26, 0
18:02:56.682 [pool-1-thread-2] INFO  c.crawljax.core.state.StateMachine - CLONE State detected: state50 and state44 are the same.
18:02:56.704 [pool-1-thread-2] INFO  com.crawljax.core.Crawler -  Event xpath /HTML[1]/BODY[1]/DIV[4]/DIV[1]/DIV[1]/DIV[2]/DIV[1]/UL[1]/LI[1]/A[1]
18:02:56.737 [pool-1-thread-2] INFO  com.crawljax.core.Crawler - Changing related inputs for 27 with 0  to 0 
18:02:56.882 [pool-1-thread-2] INFO  c.c.core.UnfiredFragmentCandidates - Changing related inputs to worked inputs 0 for 27
18:02:56.882 [pool-1-thread-2] INFO  c.c.core.UnfiredFragmentCandidates - event 27 - Before 0
18:02:56.882 [pool-1-thread-2] INFO  c.c.core.UnfiredFragmentCandidates - event 27 - After 0
18:02:56.882 [pool-1-thread-2] INFO  c.c.core.UnfiredFragmentCandidates - input for 27, 0
18:03:00.759 [pool-1-thread-2] INFO  c.c.c.state.InMemoryStateFlowGraph - Number of states in the graph is now 23
18:03:00.760 [pool-1-thread-2] INFO  c.crawljax.core.state.StateMachine - State state51 added to the StateMachine.
18:03:00.953 [pool-1-thread-2] INFO  com.crawljax.core.Crawler - New DOM is a new state! crawl depth is now 5
18:03:00.953 [pool-1-thread-2] INFO  com.crawljax.core.Crawler - Parsing DOM of state state51 for candidate elements
18:03:00.968 [pool-1-thread-2] INFO  c.c.core.UnfiredFragmentCandidates - There are 13 states with unfired actions: [31, 32, 33, 34, 35, 36, 37, 42, 44, 46, 0, 48, 51]
18:03:00.985 [pool-1-thread-2] INFO  com.crawljax.core.Crawler -  Event xpath /HTML[1]/BODY[1]/DIV[4]/DIV[1]/DIV[1]/DIV[1]/A[1]
18:03:01.021 [pool-1-thread-2] INFO  com.crawljax.core.Crawler - Changing related inputs for 28 with 0  to 0 
18:03:01.169 [pool-1-thread-2] INFO  c.c.core.UnfiredFragmentCandidates - Changing related inputs to worked inputs 0 for 28
18:03:01.170 [pool-1-thread-2] INFO  c.c.core.UnfiredFragmentCandidates - event 28 - Before 0
18:03:01.170 [pool-1-thread-2] INFO  c.c.core.UnfiredFragmentCandidates - event 28 - After 0
18:03:01.170 [pool-1-thread-2] INFO  c.c.core.UnfiredFragmentCandidates - input for 28, 0
18:03:05.138 [pool-1-thread-2] INFO  c.crawljax.core.state.StateMachine - CLONE State detected: state52 and state9 are the same.
18:03:05.158 [pool-1-thread-2] INFO  com.crawljax.core.Crawler -  Event xpath /HTML[1]/BODY[1]/DIV[4]/DIV[1]/DIV[1]/DIV[2]/DIV[1]/UL[1]/LI[4]/A[1]
18:03:05.199 [pool-1-thread-2] INFO  com.crawljax.core.Crawler - Changing related inputs for 29 with 0  to 0 
18:03:05.352 [pool-1-thread-2] INFO  c.c.core.UnfiredFragmentCandidates - Changing related inputs to worked inputs 0 for 29
18:03:05.352 [pool-1-thread-2] INFO  c.c.core.UnfiredFragmentCandidates - event 29 - Before 0
18:03:05.352 [pool-1-thread-2] INFO  c.c.core.UnfiredFragmentCandidates - event 29 - After 0
18:03:05.352 [pool-1-thread-2] INFO  c.c.core.UnfiredFragmentCandidates - input for 29, 0
18:03:09.144 [pool-1-thread-2] INFO  c.c.c.state.InMemoryStateFlowGraph - Number of states in the graph is now 24
18:03:09.144 [pool-1-thread-2] INFO  c.crawljax.core.state.StateMachine - State state53 added to the StateMachine.
18:03:09.317 [pool-1-thread-2] INFO  com.crawljax.core.Crawler - New DOM is a new state! crawl depth is now 6
18:03:09.318 [pool-1-thread-2] INFO  com.crawljax.core.Crawler - Parsing DOM of state state53 for candidate elements
18:03:09.327 [pool-1-thread-2] INFO  c.c.core.UnfiredFragmentCandidates - There are 14 states with unfired actions: [31, 32, 33, 34, 35, 36, 37, 42, 44, 46, 0, 48, 51, 53]
18:03:09.346 [pool-1-thread-2] INFO  com.crawljax.core.Crawler -  Event xpath /HTML[1]/BODY[1]/DIV[4]/DIV[1]/DIV[1]/DIV[1]/A[1]
18:03:09.375 [pool-1-thread-2] INFO  com.crawljax.core.Crawler - Changing related inputs for 30 with 0  to 0 
18:03:09.508 [pool-1-thread-2] INFO  c.c.core.UnfiredFragmentCandidates - Changing related inputs to worked inputs 0 for 30
18:03:09.508 [pool-1-thread-2] INFO  c.c.core.UnfiredFragmentCandidates - event 30 - Before 0
18:03:09.508 [pool-1-thread-2] INFO  c.c.core.UnfiredFragmentCandidates - event 30 - After 0
18:03:09.508 [pool-1-thread-2] INFO  c.c.core.UnfiredFragmentCandidates - input for 30, 0
18:03:13.495 [pool-1-thread-2] INFO  c.crawljax.core.state.StateMachine - CLONE State detected: state54 and index are the same.
18:03:13.517 [pool-1-thread-2] INFO  com.crawljax.core.Crawler -  Event xpath /HTML[1]/BODY[1]/DIV[4]/DIV[1]/DIV[1]/DIV[2]/DIV[1]/UL[1]/LI[3]/A[1]
18:03:13.559 [pool-1-thread-2] INFO  com.crawljax.core.Crawler - Changing related inputs for 31 with 0  to 0 
18:03:13.719 [pool-1-thread-2] INFO  c.c.core.UnfiredFragmentCandidates - Changing related inputs to worked inputs 0 for 31
18:03:13.720 [pool-1-thread-2] INFO  c.c.core.UnfiredFragmentCandidates - event 31 - Before 0
18:03:13.720 [pool-1-thread-2] INFO  c.c.core.UnfiredFragmentCandidates - event 31 - After 0
18:03:13.720 [pool-1-thread-2] INFO  c.c.core.UnfiredFragmentCandidates - input for 31, 0
18:03:17.566 [pool-1-thread-2] INFO  c.crawljax.core.state.StateMachine - CLONE State detected: state55 and state46 are the same.
18:03:17.580 [pool-1-thread-2] INFO  com.crawljax.core.Crawler -  Event xpath /HTML[1]/BODY[1]/DIV[4]/DIV[1]/DIV[1]/DIV[2]/DIV[1]/UL[1]/LI[1]/A[1]
18:03:17.601 [pool-1-thread-2] INFO  com.crawljax.core.Crawler - Changing related inputs for 32 with 0  to 0 
18:03:17.709 [pool-1-thread-2] INFO  c.c.core.UnfiredFragmentCandidates - Changing related inputs to worked inputs 0 for 32
18:03:17.709 [pool-1-thread-2] INFO  c.c.core.UnfiredFragmentCandidates - event 32 - Before 0
18:03:17.709 [pool-1-thread-2] INFO  c.c.core.UnfiredFragmentCandidates - event 32 - After 0
18:03:17.709 [pool-1-thread-2] INFO  c.c.core.UnfiredFragmentCandidates - input for 32, 0
18:03:22.984 [pool-1-thread-2] INFO  c.c.c.state.InMemoryStateFlowGraph - Number of states in the graph is now 25
18:03:22.985 [pool-1-thread-2] INFO  c.crawljax.core.state.StateMachine - State state56 added to the StateMachine.
18:03:23.146 [pool-1-thread-2] INFO  com.crawljax.core.Crawler - New DOM is a new state! crawl depth is now 7
18:03:23.146 [pool-1-thread-2] INFO  com.crawljax.core.Crawler - Parsing DOM of state state56 for candidate elements
18:03:23.164 [pool-1-thread-2] INFO  c.c.core.UnfiredFragmentCandidates - There are 15 states with unfired actions: [31, 32, 33, 34, 35, 36, 37, 42, 44, 46, 0, 48, 51, 53, 56]
18:03:23.177 [pool-1-thread-2] INFO  com.crawljax.core.Crawler -  Event xpath /HTML[1]/BODY[1]/DIV[4]/DIV[1]/DIV[1]/DIV[1]/A[1]
18:03:23.206 [pool-1-thread-2] INFO  com.crawljax.core.Crawler - Changing related inputs for 33 with 0  to 0 
18:03:23.336 [pool-1-thread-2] INFO  c.c.core.UnfiredFragmentCandidates - Changing related inputs to worked inputs 0 for 33
18:03:23.336 [pool-1-thread-2] INFO  c.c.core.UnfiredFragmentCandidates - event 33 - Before 0
18:03:23.336 [pool-1-thread-2] INFO  c.c.core.UnfiredFragmentCandidates - event 33 - After 0
18:03:23.336 [pool-1-thread-2] INFO  c.c.core.UnfiredFragmentCandidates - input for 33, 0
18:03:27.363 [pool-1-thread-2] INFO  c.crawljax.core.state.StateMachine - CLONE State detected: state57 and index are the same.
18:03:27.385 [pool-1-thread-2] INFO  com.crawljax.core.Crawler -  Event xpath /HTML[1]/BODY[1]/DIV[4]/DIV[1]/DIV[1]/DIV[2]/DIV[1]/UL[1]/LI[4]/A[1]
18:03:27.423 [pool-1-thread-2] INFO  com.crawljax.core.Crawler - Changing related inputs for 34 with 0  to 0 
18:03:27.554 [pool-1-thread-2] INFO  c.c.core.UnfiredFragmentCandidates - Changing related inputs to worked inputs 0 for 34
18:03:27.554 [pool-1-thread-2] INFO  c.c.core.UnfiredFragmentCandidates - event 34 - Before 0
18:03:27.554 [pool-1-thread-2] INFO  c.c.core.UnfiredFragmentCandidates - event 34 - After 0
18:03:27.554 [pool-1-thread-2] INFO  c.c.core.UnfiredFragmentCandidates - input for 34, 0
18:03:31.375 [pool-1-thread-2] INFO  c.crawljax.core.state.StateMachine - CLONE State detected: state58 and state53 are the same.
18:03:31.395 [pool-1-thread-2] INFO  com.crawljax.core.Crawler -  Event xpath /HTML[1]/BODY[1]/DIV[4]/DIV[1]/DIV[1]/DIV[2]/DIV[1]/UL[1]/LI[1]/A[1]
18:03:31.431 [pool-1-thread-2] INFO  com.crawljax.core.Crawler - Changing related inputs for 35 with 0  to 0 
18:03:31.597 [pool-1-thread-2] INFO  c.c.core.UnfiredFragmentCandidates - Changing related inputs to worked inputs 0 for 35
18:03:31.597 [pool-1-thread-2] INFO  c.c.core.UnfiredFragmentCandidates - event 35 - Before 0
18:03:31.597 [pool-1-thread-2] INFO  c.c.core.UnfiredFragmentCandidates - event 35 - After 0
18:03:31.598 [pool-1-thread-2] INFO  c.c.core.UnfiredFragmentCandidates - input for 35, 0
18:03:35.577 [pool-1-thread-2] INFO  c.c.c.state.InMemoryStateFlowGraph - Number of states in the graph is now 26
18:03:35.578 [pool-1-thread-2] INFO  c.crawljax.core.state.StateMachine - State state59 added to the StateMachine.
18:03:35.783 [pool-1-thread-2] INFO  com.crawljax.core.Crawler - New DOM is a new state! crawl depth is now 8
18:03:35.801 [pool-1-thread-2] INFO  c.c.core.UnfiredFragmentCandidates - There are 16 states with unfired actions: [31, 32, 33, 34, 35, 36, 37, 42, 44, 46, 0, 48, 51, 53, 56, 9]
18:03:35.802 [pool-1-thread-2] INFO  com.crawljax.core.Crawler - Resetting the crawler and Going to state state31
18:03:35.821 [pool-1-thread-2] INFO  com.crawljax.core.CrawlSession - Adding CrawlPath to session !!
18:03:35.822 [pool-1-thread-2] INFO  com.crawljax.core.Crawler - BT-state9:-1state9_18_state42state42_19_state9state9_20_state44state44_21_state9state9_22_state46state46_23_indexindex_24_state48state48_25_indexindex_26_state44state44_27_state51state51_28_state9state9_29_state53state53_30_indexindex_31_state46state46_32_state56state56_33_indexindex_34_state53state53_35_state59
18:03:38.845 [pool-1-thread-2] INFO  com.crawljax.core.Crawler - index has changed to: state9
18:03:38.845 [pool-1-thread-2] INFO  com.crawljax.core.Crawler - Added a reload edge from state59 to state9
18:03:38.846 [pool-1-thread-2] INFO  com.crawljax.core.Crawler - Initial state not the same as current state : Getting shortest path from current state
18:03:38.848 [pool-1-thread-2] INFO  c.c.core.UnfiredFragmentCandidates - input map size 35
18:03:38.848 [pool-1-thread-2] INFO  c.c.core.UnfiredFragmentCandidates - input map size 35
18:03:38.848 [pool-1-thread-2] INFO  com.crawljax.core.Crawler - Used a form input combination for backtracking 9
18:03:42.819 [pool-1-thread-2] INFO  com.crawljax.core.Crawler - Crawl depth is now 1
18:03:42.819 [pool-1-thread-2] INFO  com.crawljax.core.Crawler - backtrack status: true, reached NearDuplicate : -1 
18:03:42.819 [pool-1-thread-2] INFO  com.crawljax.core.Crawler -  Event xpath /HTML[1]/BODY[1]/DIV[4]/DIV[1]/DIV[1]/DIV[2]/DIV[1]/UL[1]/LI[1]/A[1]
18:03:42.859 [pool-1-thread-2] INFO  com.crawljax.core.Crawler - Changing related inputs for 36 with 0  to 0 
18:03:43.035 [pool-1-thread-2] INFO  c.c.core.UnfiredFragmentCandidates - Changing related inputs to worked inputs 0 for 36
18:03:43.036 [pool-1-thread-2] INFO  c.c.core.UnfiredFragmentCandidates - event 36 - Before 0
18:03:43.036 [pool-1-thread-2] INFO  c.c.core.UnfiredFragmentCandidates - event 36 - After 0
18:03:43.036 [pool-1-thread-2] INFO  c.c.core.UnfiredFragmentCandidates - input for 36, 0
18:03:46.943 [pool-1-thread-2] INFO  c.c.c.state.InMemoryStateFlowGraph - Number of states in the graph is now 27
18:03:46.946 [pool-1-thread-2] INFO  c.crawljax.core.state.StateMachine - State state61 added to the StateMachine.
18:03:47.176 [pool-1-thread-2] INFO  com.crawljax.core.Crawler - New DOM is a new state! crawl depth is now 2
18:03:47.176 [pool-1-thread-2] INFO  com.crawljax.core.Crawler - Parsing DOM of state state61 for candidate elements
18:03:47.201 [pool-1-thread-2] INFO  c.c.core.UnfiredFragmentCandidates - There are 16 states with unfired actions: [32, 33, 34, 35, 36, 37, 42, 44, 46, 0, 48, 51, 53, 56, 9, 61]
18:03:47.222 [pool-1-thread-2] INFO  com.crawljax.core.Crawler -  Event xpath /HTML[1]/BODY[1]/DIV[4]/DIV[1]/DIV[1]/DIV[1]/A[1]
18:03:47.272 [pool-1-thread-2] INFO  com.crawljax.core.Crawler - Changing related inputs for 37 with 0  to 0 
18:03:47.431 [pool-1-thread-2] INFO  c.c.core.UnfiredFragmentCandidates - Changing related inputs to worked inputs 0 for 37
18:03:47.431 [pool-1-thread-2] INFO  c.c.core.UnfiredFragmentCandidates - event 37 - Before 0
18:03:47.431 [pool-1-thread-2] INFO  c.c.core.UnfiredFragmentCandidates - event 37 - After 0
18:03:47.431 [pool-1-thread-2] INFO  c.c.core.UnfiredFragmentCandidates - input for 37, 0
18:03:51.477 [pool-1-thread-2] INFO  c.crawljax.core.state.StateMachine - CLONE State detected: state62 and index are the same.
18:03:51.497 [pool-1-thread-2] INFO  com.crawljax.core.Crawler -  Event xpath /HTML[1]/BODY[1]/DIV[4]/DIV[1]/DIV[2]/UL[1]/LI[1]/A[1]
18:03:51.543 [pool-1-thread-2] INFO  com.crawljax.core.Crawler - Changing related inputs for 38 with 0  to 0 
18:03:51.703 [pool-1-thread-2] INFO  c.c.core.UnfiredFragmentCandidates - Changing related inputs to worked inputs 0 for 38
18:03:51.703 [pool-1-thread-2] INFO  c.c.core.UnfiredFragmentCandidates - event 38 - Before 0
18:03:51.704 [pool-1-thread-2] INFO  c.c.core.UnfiredFragmentCandidates - event 38 - After 0
18:03:51.704 [pool-1-thread-2] INFO  c.c.core.UnfiredFragmentCandidates - input for 38, 0
18:03:56.381 [pool-1-thread-2] INFO  c.c.c.state.InMemoryStateFlowGraph - Number of states in the graph is now 28
18:03:56.381 [pool-1-thread-2] INFO  c.crawljax.core.state.StateMachine - State state63 added to the StateMachine.
18:03:56.615 [pool-1-thread-2] INFO  com.crawljax.core.Crawler - New DOM is a new state! crawl depth is now 3
18:03:56.615 [pool-1-thread-2] INFO  com.crawljax.core.Crawler - Parsing DOM of state state63 for candidate elements
18:03:56.644 [pool-1-thread-2] INFO  c.c.core.UnfiredFragmentCandidates - There are 17 states with unfired actions: [32, 33, 34, 35, 36, 37, 42, 44, 46, 0, 48, 51, 53, 56, 9, 61, 63]
18:03:56.664 [pool-1-thread-2] INFO  com.crawljax.core.Crawler -  Event xpath /HTML[1]/BODY[1]/DIV[4]/DIV[1]/DIV[1]/DIV[1]/A[1]
18:03:56.705 [pool-1-thread-2] INFO  com.crawljax.core.Crawler - Changing related inputs for 39 with 0  to 0 
18:03:56.871 [pool-1-thread-2] INFO  c.c.core.UnfiredFragmentCandidates - Changing related inputs to worked inputs 0 for 39
18:03:56.871 [pool-1-thread-2] INFO  c.c.core.UnfiredFragmentCandidates - event 39 - Before 0
18:03:56.871 [pool-1-thread-2] INFO  c.c.core.UnfiredFragmentCandidates - event 39 - After 0
18:03:56.871 [pool-1-thread-2] INFO  c.c.core.UnfiredFragmentCandidates - input for 39, 0
18:04:00.830 [pool-1-thread-2] INFO  c.crawljax.core.state.StateMachine - CLONE State detected: state64 and state9 are the same.
18:04:00.850 [pool-1-thread-2] INFO  com.crawljax.core.Crawler -  Event xpath /HTML[1]/BODY[1]/DIV[4]/DIV[1]/DIV[2]/UL[1]/LI[1]/A[1]
18:04:00.894 [pool-1-thread-2] INFO  com.crawljax.core.Crawler - Changing related inputs for 40 with 0  to 0 
18:04:01.060 [pool-1-thread-2] INFO  c.c.core.UnfiredFragmentCandidates - Changing related inputs to worked inputs 0 for 40
18:04:01.061 [pool-1-thread-2] INFO  c.c.core.UnfiredFragmentCandidates - event 40 - Before 0
18:04:01.061 [pool-1-thread-2] INFO  c.c.core.UnfiredFragmentCandidates - event 40 - After 0
18:04:01.061 [pool-1-thread-2] INFO  c.c.core.UnfiredFragmentCandidates - input for 40, 0
18:04:05.129 [pool-1-thread-2] INFO  c.crawljax.core.state.StateMachine - CLONE State detected: state65 and state63 are the same.
18:04:05.148 [pool-1-thread-2] INFO  com.crawljax.core.Crawler -  Event xpath /HTML[1]/BODY[1]/DIV[4]/DIV[1]/DIV[1]/DIV[2]/DIV[1]/UL[1]/LI[1]/A[1]
18:04:05.189 [pool-1-thread-2] INFO  com.crawljax.core.Crawler - Changing related inputs for 41 with 0  to 0 
18:04:05.360 [pool-1-thread-2] INFO  c.c.core.UnfiredFragmentCandidates - Changing related inputs to worked inputs 0 for 41
18:04:05.361 [pool-1-thread-2] INFO  c.c.core.UnfiredFragmentCandidates - event 41 - Before 0
18:04:05.361 [pool-1-thread-2] INFO  c.c.core.UnfiredFragmentCandidates - event 41 - After 0
18:04:05.361 [pool-1-thread-2] INFO  c.c.core.UnfiredFragmentCandidates - input for 41, 0
18:04:09.253 [pool-1-thread-2] INFO  c.c.c.state.InMemoryStateFlowGraph - Number of states in the graph is now 29
18:04:09.253 [pool-1-thread-2] INFO  c.crawljax.core.state.StateMachine - State state66 added to the StateMachine.
18:04:09.434 [pool-1-thread-2] INFO  com.crawljax.core.Crawler - New DOM is a new state! crawl depth is now 4
18:04:09.434 [pool-1-thread-2] INFO  com.crawljax.core.Crawler - Parsing DOM of state state66 for candidate elements
18:04:09.452 [pool-1-thread-2] INFO  c.c.core.UnfiredFragmentCandidates - There are 18 states with unfired actions: [32, 33, 34, 35, 36, 37, 42, 44, 46, 0, 48, 51, 53, 56, 9, 61, 63, 66]
18:04:09.472 [pool-1-thread-2] INFO  com.crawljax.core.Crawler -  Event xpath /HTML[1]/BODY[1]/DIV[4]/DIV[1]/DIV[1]/DIV[1]/A[1]
18:04:09.506 [pool-1-thread-2] INFO  com.crawljax.core.Crawler - Changing related inputs for 42 with 0  to 0 
18:04:09.658 [pool-1-thread-2] INFO  c.c.core.UnfiredFragmentCandidates - Changing related inputs to worked inputs 0 for 42
18:04:09.658 [pool-1-thread-2] INFO  c.c.core.UnfiredFragmentCandidates - event 42 - Before 0
18:04:09.658 [pool-1-thread-2] INFO  c.c.core.UnfiredFragmentCandidates - event 42 - After 0
18:04:09.658 [pool-1-thread-2] INFO  c.c.core.UnfiredFragmentCandidates - input for 42, 0
18:04:15.625 [pool-1-thread-2] INFO  c.crawljax.core.state.StateMachine - CLONE State detected: state67 and index are the same.
18:04:15.644 [pool-1-thread-2] INFO  com.crawljax.core.Crawler -  Event xpath /HTML[1]/BODY[1]/DIV[4]/DIV[1]/DIV[2]/UL[1]/LI[2]/A[1]
18:04:15.680 [pool-1-thread-2] INFO  com.crawljax.core.Crawler - Changing related inputs for 43 with 0  to 0 
18:04:15.842 [pool-1-thread-2] INFO  c.c.core.UnfiredFragmentCandidates - Changing related inputs to worked inputs 0 for 43
18:04:15.842 [pool-1-thread-2] INFO  c.c.core.UnfiredFragmentCandidates - event 43 - Before 0
18:04:15.842 [pool-1-thread-2] INFO  c.c.core.UnfiredFragmentCandidates - event 43 - After 0
18:04:15.842 [pool-1-thread-2] INFO  c.c.core.UnfiredFragmentCandidates - input for 43, 0
18:04:19.847 [pool-1-thread-2] INFO  c.c.c.state.InMemoryStateFlowGraph - Number of states in the graph is now 30
18:04:19.848 [pool-1-thread-2] INFO  c.crawljax.core.state.StateMachine - State state68 added to the StateMachine.
18:04:20.061 [pool-1-thread-2] INFO  com.crawljax.core.Crawler - New DOM is a new state! crawl depth is now 5
18:04:20.061 [pool-1-thread-2] INFO  com.crawljax.core.Crawler - Parsing DOM of state state68 for candidate elements
18:04:20.075 [pool-1-thread-2] INFO  c.c.core.UnfiredFragmentCandidates - There are 19 states with unfired actions: [32, 33, 34, 35, 36, 37, 42, 44, 46, 0, 48, 51, 53, 56, 9, 61, 63, 66, 68]
18:04:20.095 [pool-1-thread-2] INFO  com.crawljax.core.Crawler -  Event xpath /HTML[1]/BODY[1]/DIV[4]/DIV[1]/DIV[1]/DIV[1]/A[1]
18:04:20.137 [pool-1-thread-2] INFO  com.crawljax.core.Crawler - Changing related inputs for 44 with 0  to 0 
18:04:20.290 [pool-1-thread-2] INFO  c.c.core.UnfiredFragmentCandidates - Changing related inputs to worked inputs 0 for 44
18:04:20.290 [pool-1-thread-2] INFO  c.c.core.UnfiredFragmentCandidates - event 44 - Before 0
18:04:20.290 [pool-1-thread-2] INFO  c.c.core.UnfiredFragmentCandidates - event 44 - After 0
18:04:20.290 [pool-1-thread-2] INFO  c.c.core.UnfiredFragmentCandidates - input for 44, 0
18:04:24.319 [pool-1-thread-2] INFO  c.crawljax.core.state.StateMachine - CLONE State detected: state69 and index are the same.
18:04:24.343 [pool-1-thread-2] INFO  com.crawljax.core.Crawler -  Event xpath /HTML[1]/BODY[1]/DIV[4]/DIV[1]/DIV[2]/UL[1]/LI[2]/UL[1]/LI[1]/A[1]
18:04:24.391 [pool-1-thread-2] INFO  com.crawljax.core.Crawler - Changing related inputs for 45 with 0  to 0 
18:04:24.562 [pool-1-thread-2] INFO  c.c.core.UnfiredFragmentCandidates - Changing related inputs to worked inputs 0 for 45
18:04:24.562 [pool-1-thread-2] INFO  c.c.core.UnfiredFragmentCandidates - event 45 - Before 0
18:04:24.562 [pool-1-thread-2] INFO  c.c.core.UnfiredFragmentCandidates - event 45 - After 0
18:04:24.562 [pool-1-thread-2] INFO  c.c.core.UnfiredFragmentCandidates - input for 45, 0
18:04:24.640 [pool-1-thread-2] INFO  com.crawljax.core.Crawler - Found an invisible link with href=/desktops
18:04:27.830 [pool-1-thread-2] INFO  c.c.c.state.InMemoryStateFlowGraph - Number of states in the graph is now 31
18:04:27.830 [pool-1-thread-2] INFO  c.crawljax.core.state.StateMachine - State state70 added to the StateMachine.
18:04:28.033 [pool-1-thread-2] INFO  com.crawljax.core.Crawler - New DOM is a new state! crawl depth is now 6
18:04:28.034 [pool-1-thread-2] INFO  com.crawljax.core.Crawler - Parsing DOM of state state70 for candidate elements
18:04:28.053 [pool-1-thread-2] INFO  c.c.core.UnfiredFragmentCandidates - There are 20 states with unfired actions: [32, 33, 34, 35, 36, 37, 42, 44, 46, 0, 48, 51, 53, 56, 9, 61, 63, 66, 68, 70]
18:04:28.071 [pool-1-thread-2] INFO  com.crawljax.core.Crawler -  Event xpath /HTML[1]/BODY[1]/DIV[4]/DIV[1]/DIV[1]/DIV[1]/A[1]
18:04:28.108 [pool-1-thread-2] INFO  com.crawljax.core.Crawler - Changing related inputs for 46 with 0  to 0 
18:04:28.254 [pool-1-thread-2] INFO  c.c.core.UnfiredFragmentCandidates - Changing related inputs to worked inputs 0 for 46
18:04:28.254 [pool-1-thread-2] INFO  c.c.core.UnfiredFragmentCandidates - event 46 - Before 0
18:04:28.254 [pool-1-thread-2] INFO  c.c.core.UnfiredFragmentCandidates - event 46 - After 0
18:04:28.254 [pool-1-thread-2] INFO  c.c.core.UnfiredFragmentCandidates - input for 46, 0
18:04:32.137 [pool-1-thread-2] INFO  c.crawljax.core.state.StateMachine - CLONE State detected: state71 and state9 are the same.
18:04:32.154 [pool-1-thread-2] INFO  com.crawljax.core.Crawler -  Event xpath /HTML[1]/BODY[1]/DIV[4]/DIV[1]/DIV[2]/UL[1]/LI[2]/A[1]
18:04:32.193 [pool-1-thread-2] INFO  com.crawljax.core.Crawler - Changing related inputs for 47 with 0  to 0 
18:04:32.309 [pool-1-thread-2] INFO  c.c.core.UnfiredFragmentCandidates - Changing related inputs to worked inputs 0 for 47
18:04:32.310 [pool-1-thread-2] INFO  c.c.core.UnfiredFragmentCandidates - event 47 - Before 0
18:04:32.310 [pool-1-thread-2] INFO  c.c.core.UnfiredFragmentCandidates - event 47 - After 0
18:04:32.310 [pool-1-thread-2] INFO  c.c.core.UnfiredFragmentCandidates - input for 47, 0
18:04:36.217 [pool-1-thread-2] INFO  c.crawljax.core.state.StateMachine - CLONE State detected: state72 and state68 are the same.
18:04:36.241 [pool-1-thread-2] INFO  com.crawljax.core.Crawler -  Event xpath /HTML[1]/BODY[1]/DIV[4]/DIV[1]/DIV[1]/DIV[2]/DIV[1]/UL[1]/LI[1]/A[1]
18:04:36.274 [pool-1-thread-2] INFO  com.crawljax.core.Crawler - Changing related inputs for 48 with 0  to 0 
18:04:36.413 [pool-1-thread-2] INFO  c.c.core.UnfiredFragmentCandidates - Changing related inputs to worked inputs 0 for 48
18:04:36.413 [pool-1-thread-2] INFO  c.c.core.UnfiredFragmentCandidates - event 48 - Before 0
18:04:36.413 [pool-1-thread-2] INFO  c.c.core.UnfiredFragmentCandidates - event 48 - After 0
18:04:36.413 [pool-1-thread-2] INFO  c.c.core.UnfiredFragmentCandidates - input for 48, 0
18:04:40.216 [pool-1-thread-2] INFO  c.c.c.state.InMemoryStateFlowGraph - Number of states in the graph is now 32
18:04:40.216 [pool-1-thread-2] INFO  c.crawljax.core.state.StateMachine - State state73 added to the StateMachine.
18:04:40.385 [pool-1-thread-2] INFO  com.crawljax.core.Crawler - New DOM is a new state! crawl depth is now 7
18:04:40.385 [pool-1-thread-2] INFO  com.crawljax.core.Crawler - Parsing DOM of state state73 for candidate elements
18:04:40.396 [pool-1-thread-2] INFO  c.c.core.UnfiredFragmentCandidates - There are 21 states with unfired actions: [32, 33, 34, 35, 36, 37, 42, 44, 46, 0, 48, 51, 53, 56, 9, 61, 63, 66, 68, 70, 73]
18:04:40.411 [pool-1-thread-2] INFO  com.crawljax.core.Crawler -  Event xpath /HTML[1]/BODY[1]/DIV[4]/DIV[1]/DIV[1]/DIV[1]/A[1]
18:04:40.438 [pool-1-thread-2] INFO  com.crawljax.core.Crawler - Changing related inputs for 49 with 0  to 0 
18:04:40.547 [pool-1-thread-2] INFO  c.c.core.UnfiredFragmentCandidates - Changing related inputs to worked inputs 0 for 49
18:04:40.547 [pool-1-thread-2] INFO  c.c.core.UnfiredFragmentCandidates - event 49 - Before 0
18:04:40.547 [pool-1-thread-2] INFO  c.c.core.UnfiredFragmentCandidates - event 49 - After 0
18:04:40.547 [pool-1-thread-2] INFO  c.c.core.UnfiredFragmentCandidates - input for 49, 0
18:04:45.927 [pool-1-thread-2] INFO  c.crawljax.core.state.StateMachine - CLONE State detected: state74 and state9 are the same.
18:04:45.946 [pool-1-thread-2] INFO  com.crawljax.core.Crawler -  Event xpath /HTML[1]/BODY[1]/DIV[4]/DIV[1]/DIV[2]/UL[1]/LI[2]/UL[1]/LI[1]/A[1]
18:04:45.986 [pool-1-thread-2] INFO  com.crawljax.core.Crawler - Changing related inputs for 50 with 0  to 0 
18:04:46.146 [pool-1-thread-2] INFO  c.c.core.UnfiredFragmentCandidates - Changing related inputs to worked inputs 0 for 50
18:04:46.146 [pool-1-thread-2] INFO  c.c.core.UnfiredFragmentCandidates - event 50 - Before 0
18:04:46.146 [pool-1-thread-2] INFO  c.c.core.UnfiredFragmentCandidates - event 50 - After 0
18:04:46.146 [pool-1-thread-2] INFO  c.c.core.UnfiredFragmentCandidates - input for 50, 0
18:04:46.231 [pool-1-thread-2] INFO  com.crawljax.core.Crawler - Found an invisible link with href=/desktops
18:04:49.569 [pool-1-thread-2] INFO  c.crawljax.core.state.StateMachine - CLONE State detected: state75 and state70 are the same.
18:04:49.589 [pool-1-thread-2] INFO  com.crawljax.core.Crawler -  Event xpath /HTML[1]/BODY[1]/DIV[4]/DIV[1]/DIV[1]/DIV[2]/DIV[1]/UL[1]/LI[1]/A[1]
18:04:49.624 [pool-1-thread-2] INFO  com.crawljax.core.Crawler - Changing related inputs for 51 with 0  to 0 
18:04:49.795 [pool-1-thread-2] INFO  c.c.core.UnfiredFragmentCandidates - Changing related inputs to worked inputs 0 for 51
18:04:49.795 [pool-1-thread-2] INFO  c.c.core.UnfiredFragmentCandidates - event 51 - Before 0
18:04:49.795 [pool-1-thread-2] INFO  c.c.core.UnfiredFragmentCandidates - event 51 - After 0
18:04:49.795 [pool-1-thread-2] INFO  c.c.core.UnfiredFragmentCandidates - input for 51, 0
18:04:53.666 [pool-1-thread-2] INFO  c.c.c.state.InMemoryStateFlowGraph - Number of states in the graph is now 33
18:04:53.667 [pool-1-thread-2] INFO  c.crawljax.core.state.StateMachine - State state76 added to the StateMachine.
18:04:53.864 [pool-1-thread-2] INFO  com.crawljax.core.Crawler - New DOM is a new state! crawl depth is now 8
18:04:53.879 [pool-1-thread-2] INFO  c.c.core.UnfiredFragmentCandidates - There are 22 states with unfired actions: [32, 33, 34, 35, 36, 37, 42, 44, 46, 0, 48, 51, 53, 56, 9, 61, 63, 66, 68, 70, 73, 31]
18:04:53.879 [pool-1-thread-2] INFO  com.crawljax.core.Crawler - Resetting the crawler and Going to state state32
18:04:53.897 [pool-1-thread-2] INFO  com.crawljax.core.CrawlSession - Adding CrawlPath to session !!
18:04:53.897 [pool-1-thread-2] INFO  com.crawljax.core.Crawler - BT-state31:-1state9_9_state31state31_36_state61state61_37_indexindex_38_state63state63_39_state9state9_40_state63state63_41_state66state66_42_indexindex_43_state68state68_44_indexindex_45_state70state70_46_state9state9_47_state68state68_48_state73state73_49_state9state9_50_state70state70_51_state76
18:04:56.896 [pool-1-thread-2] INFO  com.crawljax.core.Crawler - Added a reload edge from state76 to index
18:04:56.898 [pool-1-thread-2] INFO  c.c.core.UnfiredFragmentCandidates - input map size 51
18:04:56.898 [pool-1-thread-2] INFO  com.crawljax.core.Crawler - No Input Combination Found for 0
18:04:56.944 [pool-1-thread-2] INFO  com.crawljax.core.Crawler - Changing related inputs for 0 with 0  to 0 
18:04:56.995 [pool-1-thread-2] INFO  com.crawljax.core.Crawler - Not a valid path anymorestate9 : state32
18:04:56.995 [pool-1-thread-2] INFO  com.crawljax.core.Crawler - Tried to follow 
18:04:56.995 [pool-1-thread-2] INFO  com.crawljax.core.Crawler - index_0_state9state9_9_state31state31_10_state32
18:04:56.995 [pool-1-thread-2] INFO  com.crawljax.core.Crawler - Saving failed backtracking path to 32
18:04:56.995 [pool-1-thread-2] INFO  com.crawljax.core.Crawler - backtrack status: false, reached NearDuplicate : -1 
18:04:57.014 [pool-1-thread-2] INFO  com.crawljax.core.CrawlSession - Adding CrawlPath to session !!
18:04:57.014 [pool-1-thread-2] INFO  com.crawljax.core.Crawler - BT-state32:failed:-1index_0_state9
18:05:00.080 [pool-1-thread-2] INFO  com.crawljax.core.Crawler - Did not add reload edge from state9 to index
18:05:00.081 [pool-1-thread-2] INFO  com.crawljax.core.Crawler - Avoid path from index that is already tried
18:05:00.082 [pool-1-thread-2] INFO  c.crawljax.core.state.StateMachine - Cannot go to state: 'state31' from: 'index'
18:05:00.082 [pool-1-thread-2] INFO  com.crawljax.core.Crawler - Not a valid path anymore state9: state32
18:05:00.082 [pool-1-thread-2] INFO  com.crawljax.core.Crawler - Tried to follow 
18:05:00.082 [pool-1-thread-2] INFO  com.crawljax.core.Crawler - state9_9_state31state31_10_state32
18:05:00.082 [pool-1-thread-2] INFO  com.crawljax.core.Crawler - Saving failed backtracking path to 32
18:05:00.082 [pool-1-thread-2] INFO  com.crawljax.core.Crawler - backtrack status: false, reached NearDuplicate : -1 
18:05:03.090 [pool-1-thread-2] INFO  com.crawljax.core.Crawler - index has changed to: state9
18:05:03.091 [pool-1-thread-2] INFO  com.crawljax.core.Crawler - Did not add reload edge from index to state9
18:05:03.092 [pool-1-thread-2] INFO  com.crawljax.core.Crawler - state unreachable: Removing from candidate actions state32
18:05:03.092 [pool-1-thread-2] INFO  c.c.core.UnfiredFragmentCandidates - Placing purged actions in unreachable cache for state32
18:05:03.092 [pool-1-thread-2] INFO  com.crawljax.core.Crawler - Resetting the crawler and Going to state state33
18:05:06.116 [pool-1-thread-2] INFO  com.crawljax.core.Crawler - index has changed to: state9
18:05:06.116 [pool-1-thread-2] INFO  com.crawljax.core.Crawler - Did not add reload edge from state9 to state9
18:05:06.118 [pool-1-thread-2] INFO  com.crawljax.core.Crawler - Initial state not the same as current state : Getting shortest path from current state
18:05:06.119 [pool-1-thread-2] INFO  c.c.core.UnfiredFragmentCandidates - input map size 51
18:05:06.119 [pool-1-thread-2] INFO  c.c.core.UnfiredFragmentCandidates - input map size 51
18:05:06.119 [pool-1-thread-2] INFO  com.crawljax.core.Crawler - Used a form input combination for backtracking 9
18:05:10.124 [pool-1-thread-2] INFO  com.crawljax.core.Crawler - Crawl depth is now 1
18:05:10.124 [pool-1-thread-2] INFO  c.c.core.UnfiredFragmentCandidates - input map size 51
18:05:10.125 [pool-1-thread-2] INFO  c.c.core.UnfiredFragmentCandidates - input map size 51
18:05:10.125 [pool-1-thread-2] INFO  com.crawljax.core.Crawler - Used a form input combination for backtracking 10
18:05:14.111 [pool-1-thread-2] INFO  com.crawljax.core.Crawler - Crawl depth is now 2
18:05:14.111 [pool-1-thread-2] INFO  c.c.core.UnfiredFragmentCandidates - input map size 51
18:05:14.111 [pool-1-thread-2] INFO  c.c.core.UnfiredFragmentCandidates - input map size 51
18:05:14.112 [pool-1-thread-2] INFO  com.crawljax.core.Crawler - Used a form input combination for backtracking 11
18:05:19.486 [pool-1-thread-2] INFO  com.crawljax.core.Crawler - Crawl depth is now 3
18:05:19.486 [pool-1-thread-2] INFO  com.crawljax.core.Crawler - backtrack status: true, reached NearDuplicate : -1 
18:05:19.487 [pool-1-thread-2] INFO  com.crawljax.core.Crawler -  Event xpath /HTML[1]/BODY[1]/DIV[4]/DIV[1]/DIV[1]/DIV[2]/DIV[1]/UL[1]/LI[1]/A[1]
18:05:19.532 [pool-1-thread-2] INFO  com.crawljax.core.Crawler - Changing related inputs for 52 with 0  to 0 
18:05:19.714 [pool-1-thread-2] INFO  c.c.core.UnfiredFragmentCandidates - Changing related inputs to worked inputs 0 for 52
18:05:19.714 [pool-1-thread-2] INFO  c.c.core.UnfiredFragmentCandidates - event 52 - Before 0
18:05:19.714 [pool-1-thread-2] INFO  c.c.core.UnfiredFragmentCandidates - event 52 - After 0
18:05:19.714 [pool-1-thread-2] INFO  c.c.core.UnfiredFragmentCandidates - input for 52, 0
18:05:23.717 [pool-1-thread-2] INFO  c.c.c.state.InMemoryStateFlowGraph - Number of states in the graph is now 34
18:05:23.718 [pool-1-thread-2] INFO  c.crawljax.core.state.StateMachine - State state81 added to the StateMachine.
18:05:23.894 [pool-1-thread-2] INFO  com.crawljax.core.Crawler - New DOM is a new state! crawl depth is now 4
18:05:23.894 [pool-1-thread-2] INFO  com.crawljax.core.Crawler - Parsing DOM of state state81 for candidate elements
18:05:23.912 [pool-1-thread-2] INFO  c.c.core.UnfiredFragmentCandidates - There are 21 states with unfired actions: [34, 35, 36, 37, 42, 44, 46, 0, 48, 51, 53, 56, 9, 61, 63, 66, 68, 70, 73, 31, 81]
18:05:23.931 [pool-1-thread-2] INFO  com.crawljax.core.Crawler -  Event xpath /HTML[1]/BODY[1]/DIV[4]/DIV[1]/DIV[1]/DIV[1]/A[1]
18:05:23.964 [pool-1-thread-2] INFO  com.crawljax.core.Crawler - Changing related inputs for 53 with 0  to 0 
18:05:24.097 [pool-1-thread-2] INFO  c.c.core.UnfiredFragmentCandidates - Changing related inputs to worked inputs 0 for 53
18:05:24.097 [pool-1-thread-2] INFO  c.c.core.UnfiredFragmentCandidates - event 53 - Before 0
18:05:24.098 [pool-1-thread-2] INFO  c.c.core.UnfiredFragmentCandidates - event 53 - After 0
18:05:24.098 [pool-1-thread-2] INFO  c.c.core.UnfiredFragmentCandidates - input for 53, 0
18:05:28.044 [pool-1-thread-2] INFO  c.crawljax.core.state.StateMachine - CLONE State detected: state82 and state9 are the same.
18:05:28.062 [pool-1-thread-2] INFO  com.crawljax.core.Crawler -  Event xpath /HTML[1]/BODY[1]/DIV[4]/DIV[1]/DIV[2]/UL[1]/LI[2]/UL[1]/LI[2]/A[1]
18:05:28.102 [pool-1-thread-2] INFO  com.crawljax.core.Crawler - Changing related inputs for 54 with 0  to 0 
18:05:28.266 [pool-1-thread-2] INFO  c.c.core.UnfiredFragmentCandidates - Changing related inputs to worked inputs 0 for 54
18:05:28.266 [pool-1-thread-2] INFO  c.c.core.UnfiredFragmentCandidates - event 54 - Before 0
18:05:28.266 [pool-1-thread-2] INFO  c.c.core.UnfiredFragmentCandidates - event 54 - After 0
18:05:28.266 [pool-1-thread-2] INFO  c.c.core.UnfiredFragmentCandidates - input for 54, 0
18:05:28.334 [pool-1-thread-2] INFO  com.crawljax.core.Crawler - Found an invisible link with href=/notebooks
18:05:31.396 [pool-1-thread-2] INFO  c.c.c.state.InMemoryStateFlowGraph - Number of states in the graph is now 35
18:05:31.398 [pool-1-thread-2] INFO  c.crawljax.core.state.StateMachine - State state83 added to the StateMachine.
18:05:31.582 [pool-1-thread-2] INFO  com.crawljax.core.Crawler - New DOM is a new state! crawl depth is now 5
18:05:31.582 [pool-1-thread-2] INFO  com.crawljax.core.Crawler - Parsing DOM of state state83 for candidate elements
18:05:31.594 [pool-1-thread-2] INFO  c.c.core.UnfiredFragmentCandidates - There are 22 states with unfired actions: [34, 35, 36, 37, 42, 44, 46, 0, 48, 51, 53, 56, 9, 61, 63, 66, 68, 70, 73, 31, 81, 83]
18:05:31.614 [pool-1-thread-2] INFO  com.crawljax.core.Crawler -  Event xpath /HTML[1]/BODY[1]/DIV[4]/DIV[1]/DIV[1]/DIV[1]/A[1]
18:05:31.649 [pool-1-thread-2] INFO  com.crawljax.core.Crawler - Changing related inputs for 55 with 0  to 0 
18:05:31.798 [pool-1-thread-2] INFO  c.c.core.UnfiredFragmentCandidates - Changing related inputs to worked inputs 0 for 55
18:05:31.798 [pool-1-thread-2] INFO  c.c.core.UnfiredFragmentCandidates - event 55 - Before 0
18:05:31.798 [pool-1-thread-2] INFO  c.c.core.UnfiredFragmentCandidates - event 55 - After 0
18:05:31.798 [pool-1-thread-2] INFO  c.c.core.UnfiredFragmentCandidates - input for 55, 0
18:05:35.801 [pool-1-thread-2] INFO  c.crawljax.core.state.StateMachine - CLONE State detected: state84 and index are the same.
18:05:35.819 [pool-1-thread-2] INFO  com.crawljax.core.Crawler -  Event xpath /HTML[1]/BODY[1]/DIV[4]/DIV[1]/DIV[2]/UL[1]/LI[2]/UL[1]/LI[2]/A[1]
18:05:35.852 [pool-1-thread-2] INFO  com.crawljax.core.Crawler - Changing related inputs for 56 with 0  to 0 
18:05:35.992 [pool-1-thread-2] INFO  c.c.core.UnfiredFragmentCandidates - Changing related inputs to worked inputs 0 for 56
18:05:35.992 [pool-1-thread-2] INFO  c.c.core.UnfiredFragmentCandidates - event 56 - Before 0
18:05:35.992 [pool-1-thread-2] INFO  c.c.core.UnfiredFragmentCandidates - event 56 - After 0
18:05:35.992 [pool-1-thread-2] INFO  c.c.core.UnfiredFragmentCandidates - input for 56, 0
18:05:36.073 [pool-1-thread-2] INFO  com.crawljax.core.Crawler - Found an invisible link with href=/notebooks
18:05:39.096 [pool-1-thread-2] INFO  c.crawljax.core.state.StateMachine - CLONE State detected: state85 and state83 are the same.
18:05:39.116 [pool-1-thread-2] INFO  com.crawljax.core.Crawler -  Event xpath /HTML[1]/BODY[1]/DIV[4]/DIV[1]/DIV[1]/DIV[2]/DIV[1]/UL[1]/LI[1]/A[1]
18:05:39.147 [pool-1-thread-2] INFO  com.crawljax.core.Crawler - Changing related inputs for 57 with 0  to 0 
18:05:39.303 [pool-1-thread-2] INFO  c.c.core.UnfiredFragmentCandidates - Changing related inputs to worked inputs 0 for 57
18:05:39.303 [pool-1-thread-2] INFO  c.c.core.UnfiredFragmentCandidates - event 57 - Before 0
18:05:39.303 [pool-1-thread-2] INFO  c.c.core.UnfiredFragmentCandidates - event 57 - After 0
18:05:39.303 [pool-1-thread-2] INFO  c.c.core.UnfiredFragmentCandidates - input for 57, 0
18:05:43.168 [pool-1-thread-2] INFO  c.c.c.state.InMemoryStateFlowGraph - Number of states in the graph is now 36
18:05:43.168 [pool-1-thread-2] INFO  c.crawljax.core.state.StateMachine - State state86 added to the StateMachine.
18:05:43.347 [pool-1-thread-2] INFO  com.crawljax.core.Crawler - New DOM is a new state! crawl depth is now 6
18:05:43.347 [pool-1-thread-2] INFO  com.crawljax.core.Crawler - Parsing DOM of state state86 for candidate elements
18:05:43.361 [pool-1-thread-2] INFO  c.c.core.UnfiredFragmentCandidates - There are 23 states with unfired actions: [34, 35, 36, 37, 42, 44, 46, 0, 48, 51, 53, 56, 9, 61, 63, 66, 68, 70, 73, 31, 81, 83, 86]
18:05:43.376 [pool-1-thread-2] INFO  com.crawljax.core.Crawler -  Event xpath /HTML[1]/BODY[1]/DIV[4]/DIV[1]/DIV[1]/DIV[1]/A[1]
18:05:43.406 [pool-1-thread-2] INFO  com.crawljax.core.Crawler - Changing related inputs for 58 with 0  to 0 
18:05:43.560 [pool-1-thread-2] INFO  c.c.core.UnfiredFragmentCandidates - Changing related inputs to worked inputs 0 for 58
18:05:43.560 [pool-1-thread-2] INFO  c.c.core.UnfiredFragmentCandidates - event 58 - Before 0
18:05:43.560 [pool-1-thread-2] INFO  c.c.core.UnfiredFragmentCandidates - event 58 - After 0
18:05:43.560 [pool-1-thread-2] INFO  c.c.core.UnfiredFragmentCandidates - input for 58, 0
18:05:47.563 [pool-1-thread-2] INFO  c.crawljax.core.state.StateMachine - CLONE State detected: state87 and state9 are the same.
18:05:47.582 [pool-1-thread-2] INFO  com.crawljax.core.Crawler -  Event xpath /HTML[1]/BODY[1]/DIV[4]/DIV[1]/DIV[2]/UL[1]/LI[2]/UL[1]/LI[3]/A[1]
18:05:47.616 [pool-1-thread-2] INFO  com.crawljax.core.Crawler - Changing related inputs for 59 with 0  to 0 
18:05:47.785 [pool-1-thread-2] INFO  c.c.core.UnfiredFragmentCandidates - Changing related inputs to worked inputs 0 for 59
18:05:47.786 [pool-1-thread-2] INFO  c.c.core.UnfiredFragmentCandidates - event 59 - Before 0
18:05:47.786 [pool-1-thread-2] INFO  c.c.core.UnfiredFragmentCandidates - event 59 - After 0
18:05:47.786 [pool-1-thread-2] INFO  c.c.core.UnfiredFragmentCandidates - input for 59, 0
18:05:47.861 [pool-1-thread-2] INFO  com.crawljax.core.Crawler - Found an invisible link with href=/accessories
18:05:51.153 [pool-1-thread-2] INFO  c.c.c.state.InMemoryStateFlowGraph - Number of states in the graph is now 37
18:05:51.154 [pool-1-thread-2] INFO  c.crawljax.core.state.StateMachine - State state88 added to the StateMachine.
18:05:52.713 [pool-1-thread-2] INFO  com.crawljax.core.Crawler - New DOM is a new state! crawl depth is now 7
18:05:52.714 [pool-1-thread-2] INFO  com.crawljax.core.Crawler - Parsing DOM of state state88 for candidate elements
18:05:52.729 [pool-1-thread-2] INFO  c.c.core.UnfiredFragmentCandidates - There are 24 states with unfired actions: [34, 35, 36, 37, 42, 44, 46, 0, 48, 51, 53, 56, 9, 61, 63, 66, 68, 70, 73, 31, 81, 83, 86, 88]
18:05:52.749 [pool-1-thread-2] INFO  com.crawljax.core.Crawler -  Event xpath /HTML[1]/BODY[1]/DIV[4]/DIV[1]/DIV[1]/DIV[1]/A[1]
18:05:52.784 [pool-1-thread-2] INFO  com.crawljax.core.Crawler - Changing related inputs for 60 with 0  to 0 
18:05:52.944 [pool-1-thread-2] INFO  c.c.core.UnfiredFragmentCandidates - Changing related inputs to worked inputs 0 for 60
18:05:52.944 [pool-1-thread-2] INFO  c.c.core.UnfiredFragmentCandidates - event 60 - Before 0
18:05:52.944 [pool-1-thread-2] INFO  c.c.core.UnfiredFragmentCandidates - event 60 - After 0
18:05:52.944 [pool-1-thread-2] INFO  c.c.core.UnfiredFragmentCandidates - input for 60, 0
18:05:56.975 [pool-1-thread-2] INFO  c.crawljax.core.state.StateMachine - CLONE State detected: state89 and index are the same.
18:05:56.990 [pool-1-thread-2] INFO  com.crawljax.core.Crawler -  Event xpath /HTML[1]/BODY[1]/DIV[4]/DIV[1]/DIV[2]/UL[1]/LI[2]/UL[1]/LI[3]/A[1]
18:05:57.019 [pool-1-thread-2] INFO  com.crawljax.core.Crawler - Changing related inputs for 61 with 0  to 0 
18:05:57.163 [pool-1-thread-2] INFO  c.c.core.UnfiredFragmentCandidates - Changing related inputs to worked inputs 0 for 61
18:05:57.163 [pool-1-thread-2] INFO  c.c.core.UnfiredFragmentCandidates - event 61 - Before 0
18:05:57.163 [pool-1-thread-2] INFO  c.c.core.UnfiredFragmentCandidates - event 61 - After 0
18:05:57.163 [pool-1-thread-2] INFO  c.c.core.UnfiredFragmentCandidates - input for 61, 0
18:05:57.223 [pool-1-thread-2] INFO  com.crawljax.core.Crawler - Found an invisible link with href=/accessories
18:06:00.254 [pool-1-thread-2] INFO  c.crawljax.core.state.StateMachine - CLONE State detected: state90 and state88 are the same.
18:06:00.266 [pool-1-thread-2] INFO  com.crawljax.core.Crawler -  Event xpath /HTML[1]/BODY[1]/DIV[4]/DIV[1]/DIV[1]/DIV[2]/DIV[1]/UL[1]/LI[1]/A[1]
18:06:00.297 [pool-1-thread-2] INFO  com.crawljax.core.Crawler - Changing related inputs for 62 with 0  to 0 
18:06:00.416 [pool-1-thread-2] INFO  c.c.core.UnfiredFragmentCandidates - Changing related inputs to worked inputs 0 for 62
18:06:00.416 [pool-1-thread-2] INFO  c.c.core.UnfiredFragmentCandidates - event 62 - Before 0
18:06:00.416 [pool-1-thread-2] INFO  c.c.core.UnfiredFragmentCandidates - event 62 - After 0
18:06:00.416 [pool-1-thread-2] INFO  c.c.core.UnfiredFragmentCandidates - input for 62, 0
18:06:04.185 [pool-1-thread-2] INFO  c.c.c.state.InMemoryStateFlowGraph - Number of states in the graph is now 38
18:06:04.185 [pool-1-thread-2] INFO  c.crawljax.core.state.StateMachine - State state91 added to the StateMachine.
18:06:04.369 [pool-1-thread-2] INFO  com.crawljax.core.Crawler - New DOM is a new state! crawl depth is now 8
18:06:04.397 [pool-1-thread-2] INFO  c.c.core.UnfiredFragmentCandidates - There are 25 states with unfired actions: [34, 35, 36, 37, 42, 44, 46, 0, 48, 51, 53, 56, 9, 61, 63, 66, 68, 70, 73, 31, 81, 83, 86, 88, 33]
18:06:04.397 [pool-1-thread-2] INFO  com.crawljax.core.Crawler - Resetting the crawler and Going to state state34
18:06:04.431 [pool-1-thread-2] INFO  com.crawljax.core.CrawlSession - Adding CrawlPath to session !!
18:06:04.432 [pool-1-thread-2] INFO  com.crawljax.core.Crawler - BT-state33:-1state9_9_state31state31_10_state32state32_11_state33state33_52_state81state81_53_state9state9_54_state83state83_55_indexindex_56_state83state83_57_state86state86_58_state9state9_59_state88state88_60_indexindex_61_state88state88_62_state91
18:06:07.486 [pool-1-thread-2] INFO  com.crawljax.core.Crawler - Added a reload edge from state91 to index
18:06:07.487 [pool-1-thread-2] INFO  c.c.core.UnfiredFragmentCandidates - input map size 62
18:06:07.487 [pool-1-thread-2] INFO  com.crawljax.core.Crawler - No Input Combination Found for 0
18:06:07.514 [pool-1-thread-2] INFO  com.crawljax.core.Crawler - Changing related inputs for 0 with 0  to 0 
18:06:07.549 [pool-1-thread-2] INFO  com.crawljax.core.Crawler - Not a valid path anymorestate9 : state34
18:06:07.549 [pool-1-thread-2] INFO  com.crawljax.core.Crawler - Tried to follow 
18:06:07.549 [pool-1-thread-2] INFO  com.crawljax.core.Crawler - index_0_state9state9_9_state31state31_10_state32state32_11_state33state33_12_state34
18:06:07.549 [pool-1-thread-2] INFO  com.crawljax.core.Crawler - Saving failed backtracking path to 34
18:06:07.549 [pool-1-thread-2] INFO  com.crawljax.core.Crawler - backtrack status: false, reached NearDuplicate : -1 
18:06:07.560 [pool-1-thread-2] INFO  com.crawljax.core.CrawlSession - Adding CrawlPath to session !!
18:06:07.561 [pool-1-thread-2] INFO  com.crawljax.core.Crawler - BT-state34:failed:-1index_0_state9
18:06:10.534 [pool-1-thread-2] INFO  com.crawljax.core.Crawler - Did not add reload edge from state9 to index
18:06:10.534 [pool-1-thread-2] INFO  com.crawljax.core.Crawler - Avoid path from index that is already tried
18:06:10.535 [pool-1-thread-2] INFO  c.crawljax.core.state.StateMachine - Cannot go to state: 'state31' from: 'index'
18:06:10.535 [pool-1-thread-2] INFO  com.crawljax.core.Crawler - Not a valid path anymore state9: state34
18:06:10.535 [pool-1-thread-2] INFO  com.crawljax.core.Crawler - Tried to follow 
18:06:10.535 [pool-1-thread-2] INFO  com.crawljax.core.Crawler - state9_9_state31state31_10_state32state32_11_state33state33_12_state34
18:06:10.535 [pool-1-thread-2] INFO  com.crawljax.core.Crawler - Saving failed backtracking path to 34
18:06:10.535 [pool-1-thread-2] INFO  com.crawljax.core.Crawler - backtrack status: false, reached NearDuplicate : -1 
18:06:13.632 [pool-1-thread-2] INFO  com.crawljax.core.Crawler - Added a reload edge from index to index
18:06:13.633 [pool-1-thread-2] INFO  com.crawljax.core.Crawler - state unreachable: Removing from candidate actions state34
18:06:13.633 [pool-1-thread-2] INFO  c.c.core.UnfiredFragmentCandidates - Placing purged actions in unreachable cache for state34
18:06:13.633 [pool-1-thread-2] INFO  com.crawljax.core.Crawler - Resetting the crawler and Going to state state35
18:06:16.684 [pool-1-thread-2] INFO  com.crawljax.core.Crawler - index has changed to: state9
18:06:16.684 [pool-1-thread-2] INFO  com.crawljax.core.Crawler - Did not add reload edge from index to state9
18:06:16.685 [pool-1-thread-2] INFO  com.crawljax.core.Crawler - Initial state not the same as current state : Getting shortest path from current state
18:06:16.686 [pool-1-thread-2] INFO  c.c.core.UnfiredFragmentCandidates - input map size 62
18:06:16.686 [pool-1-thread-2] INFO  c.c.core.UnfiredFragmentCandidates - input map size 62
18:06:16.686 [pool-1-thread-2] INFO  com.crawljax.core.Crawler - Used a form input combination for backtracking 9
18:06:20.661 [pool-1-thread-2] INFO  com.crawljax.core.Crawler - Crawl depth is now 1
18:06:20.662 [pool-1-thread-2] INFO  c.c.core.UnfiredFragmentCandidates - input map size 62
18:06:20.662 [pool-1-thread-2] INFO  c.c.core.UnfiredFragmentCandidates - input map size 62
18:06:20.663 [pool-1-thread-2] INFO  com.crawljax.core.Crawler - Used a form input combination for backtracking 10
18:06:24.618 [pool-1-thread-2] INFO  com.crawljax.core.Crawler - Crawl depth is now 2
18:06:24.619 [pool-1-thread-2] INFO  c.c.core.UnfiredFragmentCandidates - input map size 62
18:06:24.619 [pool-1-thread-2] INFO  c.c.core.UnfiredFragmentCandidates - input map size 62
18:06:24.619 [pool-1-thread-2] INFO  com.crawljax.core.Crawler - Used a form input combination for backtracking 11
18:06:30.089 [pool-1-thread-2] INFO  com.crawljax.core.Crawler - Crawl depth is now 3
18:06:30.090 [pool-1-thread-2] INFO  c.c.core.UnfiredFragmentCandidates - input map size 62
18:06:30.090 [pool-1-thread-2] INFO  c.c.core.UnfiredFragmentCandidates - input map size 62
18:06:30.090 [pool-1-thread-2] INFO  com.crawljax.core.Crawler - Used a form input combination for backtracking 12
18:06:34.364 [pool-1-thread-2] INFO  com.crawljax.core.Crawler - Crawl depth is now 4
18:06:34.365 [pool-1-thread-2] INFO  c.c.core.UnfiredFragmentCandidates - input map size 62
18:06:34.365 [pool-1-thread-2] INFO  c.c.core.UnfiredFragmentCandidates - input map size 62
18:06:34.365 [pool-1-thread-2] INFO  com.crawljax.core.Crawler - Used a form input combination for backtracking 13
18:06:38.400 [pool-1-thread-2] INFO  com.crawljax.core.Crawler - Crawl depth is now 5
18:06:38.400 [pool-1-thread-2] INFO  com.crawljax.core.Crawler - backtrack status: true, reached NearDuplicate : -1 
18:06:38.400 [pool-1-thread-2] INFO  com.crawljax.core.Crawler -  Event xpath /HTML[1]/BODY[1]/DIV[4]/DIV[1]/DIV[1]/DIV[2]/DIV[1]/UL[1]/LI[2]/A[1]
18:06:38.458 [pool-1-thread-2] INFO  com.crawljax.core.Crawler - Changing related inputs for 63 with 0  to 0 
18:06:38.654 [pool-1-thread-2] INFO  c.c.core.UnfiredFragmentCandidates - Changing related inputs to worked inputs 0 for 63
18:06:38.654 [pool-1-thread-2] INFO  c.c.core.UnfiredFragmentCandidates - event 63 - Before 0
18:06:38.655 [pool-1-thread-2] INFO  c.c.core.UnfiredFragmentCandidates - event 63 - After 0
18:06:38.655 [pool-1-thread-2] INFO  c.c.core.UnfiredFragmentCandidates - input for 63, 0
18:06:42.711 [pool-1-thread-2] INFO  c.crawljax.core.state.StateMachine - CLONE State detected: state96 and state44 are the same.
18:06:42.730 [pool-1-thread-2] INFO  com.crawljax.core.Crawler -  Event xpath /HTML[1]/BODY[1]/DIV[4]/DIV[1]/DIV[1]/DIV[2]/DIV[1]/UL[1]/LI[2]/A[1]
18:06:42.786 [pool-1-thread-2] INFO  com.crawljax.core.Crawler - Changing related inputs for 64 with 0  to 0 
18:06:42.937 [pool-1-thread-2] INFO  c.c.core.UnfiredFragmentCandidates - Changing related inputs to worked inputs 0 for 64
18:06:42.937 [pool-1-thread-2] INFO  c.c.core.UnfiredFragmentCandidates - event 64 - Before 0
18:06:42.937 [pool-1-thread-2] INFO  c.c.core.UnfiredFragmentCandidates - event 64 - After 0
18:06:42.937 [pool-1-thread-2] INFO  c.c.core.UnfiredFragmentCandidates - input for 64, 0
18:06:46.808 [pool-1-thread-2] INFO  com.crawljax.core.Crawler -  Event xpath /HTML[1]/BODY[1]/DIV[4]/DIV[1]/DIV[1]/DIV[2]/DIV[1]/UL[1]/LI[3]/A[1]
18:06:46.838 [pool-1-thread-2] INFO  com.crawljax.core.Crawler - Changing related inputs for 65 with 0  to 0 
18:06:47.009 [pool-1-thread-2] INFO  c.c.core.UnfiredFragmentCandidates - Changing related inputs to worked inputs 0 for 65
18:06:47.009 [pool-1-thread-2] INFO  c.c.core.UnfiredFragmentCandidates - event 65 - Before 0
18:06:47.009 [pool-1-thread-2] INFO  c.c.core.UnfiredFragmentCandidates - event 65 - After 0
18:06:47.009 [pool-1-thread-2] INFO  c.c.core.UnfiredFragmentCandidates - input for 65, 0
18:06:50.860 [pool-1-thread-2] INFO  c.crawljax.core.state.StateMachine - CLONE State detected: state98 and state46 are the same.
18:06:50.878 [pool-1-thread-2] INFO  com.crawljax.core.Crawler -  Event xpath /HTML[1]/BODY[1]/DIV[4]/DIV[1]/DIV[1]/DIV[2]/DIV[1]/UL[1]/LI[2]/A[1]
18:06:50.905 [pool-1-thread-2] INFO  com.crawljax.core.Crawler - Changing related inputs for 66 with 0  to 0 
18:06:51.053 [pool-1-thread-2] INFO  c.c.core.UnfiredFragmentCandidates - Changing related inputs to worked inputs 0 for 66
18:06:51.054 [pool-1-thread-2] INFO  c.c.core.UnfiredFragmentCandidates - event 66 - Before 0
18:06:51.054 [pool-1-thread-2] INFO  c.c.core.UnfiredFragmentCandidates - event 66 - After 0
18:06:51.054 [pool-1-thread-2] INFO  c.c.core.UnfiredFragmentCandidates - input for 66, 0
18:06:54.948 [pool-1-thread-2] INFO  c.crawljax.core.state.StateMachine - CLONE State detected: state99 and state44 are the same.
18:06:54.968 [pool-1-thread-2] INFO  com.crawljax.core.Crawler -  Event xpath /HTML[1]/BODY[1]/DIV[4]/DIV[1]/DIV[1]/DIV[2]/DIV[1]/UL[1]/LI[4]/A[1]
18:06:54.999 [pool-1-thread-2] INFO  com.crawljax.core.Crawler - Changing related inputs for 67 with 0  to 0 
18:06:55.162 [pool-1-thread-2] INFO  c.c.core.UnfiredFragmentCandidates - Changing related inputs to worked inputs 0 for 67
18:06:55.162 [pool-1-thread-2] INFO  c.c.core.UnfiredFragmentCandidates - event 67 - Before 0
18:06:55.162 [pool-1-thread-2] INFO  c.c.core.UnfiredFragmentCandidates - event 67 - After 0
18:06:55.162 [pool-1-thread-2] INFO  c.c.core.UnfiredFragmentCandidates - input for 67, 0
18:07:00.367 [pool-1-thread-2] INFO  c.crawljax.core.state.StateMachine - CLONE State detected: state100 and state53 are the same.
18:07:00.385 [pool-1-thread-2] INFO  com.crawljax.core.Crawler -  Event xpath /HTML[1]/BODY[1]/DIV[4]/DIV[1]/DIV[1]/DIV[2]/DIV[1]/UL[1]/LI[2]/A[1]
18:07:00.411 [pool-1-thread-2] INFO  com.crawljax.core.Crawler - Changing related inputs for 68 with 0  to 0 
18:07:00.559 [pool-1-thread-2] INFO  c.c.core.UnfiredFragmentCandidates - Changing related inputs to worked inputs 0 for 68
18:07:00.560 [pool-1-thread-2] INFO  c.c.core.UnfiredFragmentCandidates - event 68 - Before 0
18:07:00.560 [pool-1-thread-2] INFO  c.c.core.UnfiredFragmentCandidates - event 68 - After 0
18:07:00.560 [pool-1-thread-2] INFO  c.c.core.UnfiredFragmentCandidates - input for 68, 0
18:07:04.436 [pool-1-thread-2] INFO  c.crawljax.core.state.StateMachine - CLONE State detected: state101 and state44 are the same.
18:07:04.453 [pool-1-thread-2] INFO  com.crawljax.core.Crawler -  Event xpath /HTML[1]/BODY[1]/DIV[4]/DIV[1]/DIV[2]/UL[1]/LI[1]/A[1]
18:07:04.480 [pool-1-thread-2] INFO  com.crawljax.core.Crawler - Changing related inputs for 69 with 0  to 0 
18:07:04.633 [pool-1-thread-2] INFO  c.c.core.UnfiredFragmentCandidates - Changing related inputs to worked inputs 0 for 69
18:07:04.634 [pool-1-thread-2] INFO  c.c.core.UnfiredFragmentCandidates - event 69 - Before 0
18:07:04.634 [pool-1-thread-2] INFO  c.c.core.UnfiredFragmentCandidates - event 69 - After 0
18:07:04.634 [pool-1-thread-2] INFO  c.c.core.UnfiredFragmentCandidates - input for 69, 0
18:07:08.739 [pool-1-thread-2] INFO  c.crawljax.core.state.StateMachine - CLONE State detected: state102 and state63 are the same.
18:07:08.755 [pool-1-thread-2] INFO  com.crawljax.core.Crawler -  Event xpath /HTML[1]/BODY[1]/DIV[4]/DIV[1]/DIV[1]/DIV[2]/DIV[1]/UL[1]/LI[2]/A[1]
18:07:08.784 [pool-1-thread-2] INFO  com.crawljax.core.Crawler - Changing related inputs for 70 with 0  to 0 
18:07:08.919 [pool-1-thread-2] INFO  c.c.core.UnfiredFragmentCandidates - Changing related inputs to worked inputs 0 for 70
18:07:08.920 [pool-1-thread-2] INFO  c.c.core.UnfiredFragmentCandidates - event 70 - Before 0
18:07:08.920 [pool-1-thread-2] INFO  c.c.core.UnfiredFragmentCandidates - event 70 - After 0
18:07:08.920 [pool-1-thread-2] INFO  c.c.core.UnfiredFragmentCandidates - input for 70, 0
18:07:12.882 [pool-1-thread-2] INFO  c.crawljax.core.state.StateMachine - CLONE State detected: state103 and state44 are the same.
18:07:12.898 [pool-1-thread-2] INFO  com.crawljax.core.Crawler -  Event xpath /HTML[1]/BODY[1]/DIV[4]/DIV[1]/DIV[2]/UL[1]/LI[2]/A[1]
18:07:12.929 [pool-1-thread-2] INFO  com.crawljax.core.Crawler - Changing related inputs for 71 with 0  to 0 
18:07:13.072 [pool-1-thread-2] INFO  c.c.core.UnfiredFragmentCandidates - Changing related inputs to worked inputs 0 for 71
18:07:13.072 [pool-1-thread-2] INFO  c.c.core.UnfiredFragmentCandidates - event 71 - Before 0
18:07:13.072 [pool-1-thread-2] INFO  c.c.core.UnfiredFragmentCandidates - event 71 - After 0
18:07:13.072 [pool-1-thread-2] INFO  c.c.core.UnfiredFragmentCandidates - input for 71, 0
18:07:17.087 [pool-1-thread-2] INFO  c.crawljax.core.state.StateMachine - CLONE State detected: state104 and state68 are the same.
18:07:17.106 [pool-1-thread-2] INFO  com.crawljax.core.Crawler -  Event xpath /HTML[1]/BODY[1]/DIV[4]/DIV[1]/DIV[1]/DIV[2]/DIV[1]/UL[1]/LI[2]/A[1]
18:07:17.137 [pool-1-thread-2] INFO  com.crawljax.core.Crawler - Changing related inputs for 72 with 0  to 0 
18:07:17.274 [pool-1-thread-2] INFO  c.c.core.UnfiredFragmentCandidates - Changing related inputs to worked inputs 0 for 72
18:07:17.274 [pool-1-thread-2] INFO  c.c.core.UnfiredFragmentCandidates - event 72 - Before 0
18:07:17.274 [pool-1-thread-2] INFO  c.c.core.UnfiredFragmentCandidates - event 72 - After 0
18:07:17.274 [pool-1-thread-2] INFO  c.c.core.UnfiredFragmentCandidates - input for 72, 0
18:07:21.165 [pool-1-thread-2] INFO  c.crawljax.core.state.StateMachine - CLONE State detected: state105 and state44 are the same.
18:07:21.186 [pool-1-thread-2] INFO  com.crawljax.core.Crawler -  Event xpath /HTML[1]/BODY[1]/DIV[4]/DIV[1]/DIV[2]/UL[1]/LI[2]/UL[1]/LI[1]/A[1]
18:07:21.219 [pool-1-thread-2] INFO  com.crawljax.core.Crawler - Changing related inputs for 73 with 0  to 0 
18:07:21.367 [pool-1-thread-2] INFO  c.c.core.UnfiredFragmentCandidates - Changing related inputs to worked inputs 0 for 73
18:07:21.367 [pool-1-thread-2] INFO  c.c.core.UnfiredFragmentCandidates - event 73 - Before 0
18:07:21.367 [pool-1-thread-2] INFO  c.c.core.UnfiredFragmentCandidates - event 73 - After 0
18:07:21.367 [pool-1-thread-2] INFO  c.c.core.UnfiredFragmentCandidates - input for 73, 0
18:07:21.434 [pool-1-thread-2] INFO  com.crawljax.core.Crawler - Found an invisible link with href=/desktops
18:07:24.456 [pool-1-thread-2] INFO  c.crawljax.core.state.StateMachine - CLONE State detected: state106 and state70 are the same.
18:07:24.475 [pool-1-thread-2] INFO  com.crawljax.core.Crawler -  Event xpath /HTML[1]/BODY[1]/DIV[4]/DIV[1]/DIV[1]/DIV[2]/DIV[1]/UL[1]/LI[2]/A[1]
18:07:24.508 [pool-1-thread-2] INFO  com.crawljax.core.Crawler - Changing related inputs for 74 with 0  to 0 
18:07:24.654 [pool-1-thread-2] INFO  c.c.core.UnfiredFragmentCandidates - Changing related inputs to worked inputs 0 for 74
18:07:24.654 [pool-1-thread-2] INFO  c.c.core.UnfiredFragmentCandidates - event 74 - Before 0
18:07:24.654 [pool-1-thread-2] INFO  c.c.core.UnfiredFragmentCandidates - event 74 - After 0
18:07:24.655 [pool-1-thread-2] INFO  c.c.core.UnfiredFragmentCandidates - input for 74, 0
18:07:28.506 [pool-1-thread-2] INFO  c.crawljax.core.state.StateMachine - CLONE State detected: state107 and state44 are the same.
18:07:28.523 [pool-1-thread-2] INFO  com.crawljax.core.Crawler -  Event xpath /HTML[1]/BODY[1]/DIV[4]/DIV[1]/DIV[2]/UL[1]/LI[2]/UL[1]/LI[2]/A[1]
18:07:28.548 [pool-1-thread-2] INFO  com.crawljax.core.Crawler - Changing related inputs for 75 with 0  to 0 
18:07:28.692 [pool-1-thread-2] INFO  c.c.core.UnfiredFragmentCandidates - Changing related inputs to worked inputs 0 for 75
18:07:28.692 [pool-1-thread-2] INFO  c.c.core.UnfiredFragmentCandidates - event 75 - Before 0
18:07:28.692 [pool-1-thread-2] INFO  c.c.core.UnfiredFragmentCandidates - event 75 - After 0
18:07:28.692 [pool-1-thread-2] INFO  c.c.core.UnfiredFragmentCandidates - input for 75, 0
18:07:28.768 [pool-1-thread-2] INFO  com.crawljax.core.Crawler - Found an invisible link with href=/notebooks
18:07:31.882 [pool-1-thread-2] INFO  c.crawljax.core.state.StateMachine - CLONE State detected: state108 and state83 are the same.
18:07:31.900 [pool-1-thread-2] INFO  com.crawljax.core.Crawler -  Event xpath /HTML[1]/BODY[1]/DIV[4]/DIV[1]/DIV[1]/DIV[2]/DIV[1]/UL[1]/LI[2]/A[1]
18:07:31.932 [pool-1-thread-2] INFO  com.crawljax.core.Crawler - Changing related inputs for 76 with 0  to 0 
18:07:33.508 [pool-1-thread-2] INFO  c.c.core.UnfiredFragmentCandidates - Changing related inputs to worked inputs 0 for 76
18:07:33.509 [pool-1-thread-2] INFO  c.c.core.UnfiredFragmentCandidates - event 76 - Before 0
18:07:33.509 [pool-1-thread-2] INFO  c.c.core.UnfiredFragmentCandidates - event 76 - After 0
18:07:33.509 [pool-1-thread-2] INFO  c.c.core.UnfiredFragmentCandidates - input for 76, 0
18:07:37.356 [pool-1-thread-2] INFO  c.crawljax.core.state.StateMachine - CLONE State detected: state109 and state44 are the same.
18:07:37.374 [pool-1-thread-2] INFO  com.crawljax.core.Crawler -  Event xpath /HTML[1]/BODY[1]/DIV[4]/DIV[1]/DIV[2]/UL[1]/LI[2]/UL[1]/LI[3]/A[1]
18:07:37.408 [pool-1-thread-2] INFO  com.crawljax.core.Crawler - Changing related inputs for 77 with 0  to 0 
18:07:37.549 [pool-1-thread-2] INFO  c.c.core.UnfiredFragmentCandidates - Changing related inputs to worked inputs 0 for 77
18:07:37.549 [pool-1-thread-2] INFO  c.c.core.UnfiredFragmentCandidates - event 77 - Before 0
18:07:37.549 [pool-1-thread-2] INFO  c.c.core.UnfiredFragmentCandidates - event 77 - After 0
18:07:37.550 [pool-1-thread-2] INFO  c.c.core.UnfiredFragmentCandidates - input for 77, 0
18:07:37.626 [pool-1-thread-2] INFO  com.crawljax.core.Crawler - Found an invisible link with href=/accessories
18:07:40.732 [pool-1-thread-2] INFO  c.crawljax.core.state.StateMachine - CLONE State detected: state110 and state88 are the same.
18:07:40.748 [pool-1-thread-2] INFO  com.crawljax.core.Crawler -  Event xpath /HTML[1]/BODY[1]/DIV[4]/DIV[1]/DIV[1]/DIV[2]/DIV[1]/UL[1]/LI[2]/A[1]
18:07:40.783 [pool-1-thread-2] INFO  com.crawljax.core.Crawler - Changing related inputs for 78 with 0  to 0 
18:07:40.941 [pool-1-thread-2] INFO  c.c.core.UnfiredFragmentCandidates - Changing related inputs to worked inputs 0 for 78
18:07:40.941 [pool-1-thread-2] INFO  c.c.core.UnfiredFragmentCandidates - event 78 - Before 0
18:07:40.942 [pool-1-thread-2] INFO  c.c.core.UnfiredFragmentCandidates - event 78 - After 0
18:07:40.942 [pool-1-thread-2] INFO  c.c.core.UnfiredFragmentCandidates - input for 78, 0
18:07:44.755 [pool-1-thread-2] INFO  c.crawljax.core.state.StateMachine - CLONE State detected: state111 and state44 are the same.
18:07:44.772 [pool-1-thread-2] INFO  com.crawljax.core.Crawler -  Event xpath /HTML[1]/BODY[1]/DIV[4]/DIV[1]/DIV[2]/UL[1]/LI[3]/A[1]
18:07:44.805 [pool-1-thread-2] INFO  com.crawljax.core.Crawler - Changing related inputs for 79 with 0  to 0 
18:07:44.974 [pool-1-thread-2] INFO  c.c.core.UnfiredFragmentCandidates - Changing related inputs to worked inputs 0 for 79
18:07:44.975 [pool-1-thread-2] INFO  c.c.core.UnfiredFragmentCandidates - event 79 - Before 0
18:07:44.975 [pool-1-thread-2] INFO  c.c.core.UnfiredFragmentCandidates - event 79 - After 0
18:07:44.975 [pool-1-thread-2] INFO  c.c.core.UnfiredFragmentCandidates - input for 79, 0
18:07:49.136 [pool-1-thread-2] INFO  c.c.c.state.InMemoryStateFlowGraph - Number of states in the graph is now 39
18:07:49.136 [pool-1-thread-2] INFO  c.crawljax.core.state.StateMachine - State state112 added to the StateMachine.
18:07:49.320 [pool-1-thread-2] INFO  com.crawljax.core.Crawler - New DOM is a new state! crawl depth is now 6
18:07:49.320 [pool-1-thread-2] INFO  com.crawljax.core.Crawler - Parsing DOM of state state112 for candidate elements
18:07:49.329 [pool-1-thread-2] INFO  c.c.core.UnfiredFragmentCandidates - There are 24 states with unfired actions: [36, 37, 42, 44, 46, 0, 48, 51, 53, 56, 9, 61, 63, 66, 68, 70, 73, 31, 81, 83, 86, 88, 33, 112]
18:07:49.347 [pool-1-thread-2] INFO  com.crawljax.core.Crawler -  Event xpath /HTML[1]/BODY[1]/DIV[4]/DIV[1]/DIV[1]/DIV[1]/A[1]
18:07:49.381 [pool-1-thread-2] INFO  com.crawljax.core.Crawler - Changing related inputs for 80 with 0  to 0 
18:07:49.559 [pool-1-thread-2] INFO  c.c.core.UnfiredFragmentCandidates - Changing related inputs to worked inputs 0 for 80
18:07:49.559 [pool-1-thread-2] INFO  c.c.core.UnfiredFragmentCandidates - event 80 - Before 0
18:07:49.559 [pool-1-thread-2] INFO  c.c.core.UnfiredFragmentCandidates - event 80 - After 0
18:07:49.559 [pool-1-thread-2] INFO  c.c.core.UnfiredFragmentCandidates - input for 80, 0
18:07:53.603 [pool-1-thread-2] INFO  c.crawljax.core.state.StateMachine - CLONE State detected: state113 and index are the same.
18:07:53.618 [pool-1-thread-2] INFO  com.crawljax.core.Crawler -  Event xpath /HTML[1]/BODY[1]/DIV[4]/DIV[1]/DIV[2]/UL[1]/LI[3]/A[1]
18:07:53.650 [pool-1-thread-2] INFO  com.crawljax.core.Crawler - Changing related inputs for 81 with 0  to 0 
18:07:53.798 [pool-1-thread-2] INFO  c.c.core.UnfiredFragmentCandidates - Changing related inputs to worked inputs 0 for 81
18:07:53.798 [pool-1-thread-2] INFO  c.c.core.UnfiredFragmentCandidates - event 81 - Before 0
18:07:53.799 [pool-1-thread-2] INFO  c.c.core.UnfiredFragmentCandidates - event 81 - After 0
18:07:53.799 [pool-1-thread-2] INFO  c.c.core.UnfiredFragmentCandidates - input for 81, 0
18:07:57.678 [pool-1-thread-2] INFO  c.crawljax.core.state.StateMachine - CLONE State detected: state114 and state112 are the same.
18:07:57.695 [pool-1-thread-2] INFO  com.crawljax.core.Crawler -  Event xpath /HTML[1]/BODY[1]/DIV[4]/DIV[1]/DIV[1]/DIV[2]/DIV[1]/UL[1]/LI[1]/A[1]
18:07:57.719 [pool-1-thread-2] INFO  com.crawljax.core.Crawler - Changing related inputs for 82 with 0  to 0 
18:07:57.877 [pool-1-thread-2] INFO  c.c.core.UnfiredFragmentCandidates - Changing related inputs to worked inputs 0 for 82
18:07:57.877 [pool-1-thread-2] INFO  c.c.core.UnfiredFragmentCandidates - event 82 - Before 0
18:07:57.877 [pool-1-thread-2] INFO  c.c.core.UnfiredFragmentCandidates - event 82 - After 0
18:07:57.877 [pool-1-thread-2] INFO  c.c.core.UnfiredFragmentCandidates - input for 82, 0
18:08:01.697 [pool-1-thread-2] INFO  c.c.c.state.InMemoryStateFlowGraph - Number of states in the graph is now 40
18:08:01.697 [pool-1-thread-2] INFO  c.crawljax.core.state.StateMachine - State state115 added to the StateMachine.
18:08:01.843 [pool-1-thread-2] INFO  com.crawljax.core.Crawler - New DOM is a new state! crawl depth is now 7
18:08:01.843 [pool-1-thread-2] INFO  com.crawljax.core.Crawler - Parsing DOM of state state115 for candidate elements
18:08:01.853 [pool-1-thread-2] INFO  c.c.core.UnfiredFragmentCandidates - There are 25 states with unfired actions: [36, 37, 42, 44, 46, 0, 48, 51, 53, 56, 9, 61, 63, 66, 68, 70, 73, 31, 81, 83, 86, 88, 33, 112, 115]
18:08:01.866 [pool-1-thread-2] INFO  com.crawljax.core.Crawler -  Event xpath /HTML[1]/BODY[1]/DIV[4]/DIV[1]/DIV[1]/DIV[1]/A[1]
18:08:01.890 [pool-1-thread-2] INFO  com.crawljax.core.Crawler - Changing related inputs for 83 with 0  to 0 
18:08:02.036 [pool-1-thread-2] INFO  c.c.core.UnfiredFragmentCandidates - Changing related inputs to worked inputs 0 for 83
18:08:02.036 [pool-1-thread-2] INFO  c.c.core.UnfiredFragmentCandidates - event 83 - Before 0
18:08:02.036 [pool-1-thread-2] INFO  c.c.core.UnfiredFragmentCandidates - event 83 - After 0
18:08:02.036 [pool-1-thread-2] INFO  c.c.core.UnfiredFragmentCandidates - input for 83, 0
18:08:07.393 [pool-1-thread-2] INFO  c.crawljax.core.state.StateMachine - CLONE State detected: state116 and state9 are the same.
18:08:07.409 [pool-1-thread-2] INFO  com.crawljax.core.Crawler -  Event xpath /HTML[1]/BODY[1]/DIV[4]/DIV[1]/DIV[2]/UL[1]/LI[3]/A[1]
18:08:07.443 [pool-1-thread-2] INFO  com.crawljax.core.Crawler - Changing related inputs for 84 with 0  to 0 
18:08:07.614 [pool-1-thread-2] INFO  c.c.core.UnfiredFragmentCandidates - Changing related inputs to worked inputs 0 for 84
18:08:07.614 [pool-1-thread-2] INFO  c.c.core.UnfiredFragmentCandidates - event 84 - Before 0
18:08:07.614 [pool-1-thread-2] INFO  c.c.core.UnfiredFragmentCandidates - event 84 - After 0
18:08:07.614 [pool-1-thread-2] INFO  c.c.core.UnfiredFragmentCandidates - input for 84, 0
18:08:11.578 [pool-1-thread-2] INFO  c.crawljax.core.state.StateMachine - CLONE State detected: state117 and state112 are the same.
18:08:11.597 [pool-1-thread-2] INFO  com.crawljax.core.Crawler -  Event xpath /HTML[1]/BODY[1]/DIV[4]/DIV[1]/DIV[1]/DIV[2]/DIV[1]/UL[1]/LI[2]/A[1]
18:08:11.632 [pool-1-thread-2] INFO  com.crawljax.core.Crawler - Changing related inputs for 85 with 0  to 0 
18:08:11.775 [pool-1-thread-2] INFO  c.c.core.UnfiredFragmentCandidates - Changing related inputs to worked inputs 0 for 85
18:08:11.775 [pool-1-thread-2] INFO  c.c.core.UnfiredFragmentCandidates - event 85 - Before 0
18:08:11.775 [pool-1-thread-2] INFO  c.c.core.UnfiredFragmentCandidates - event 85 - After 0
18:08:11.775 [pool-1-thread-2] INFO  c.c.core.UnfiredFragmentCandidates - input for 85, 0
18:08:15.852 [pool-1-thread-2] INFO  c.crawljax.core.state.StateMachine - CLONE State detected: state118 and state44 are the same.
18:08:15.869 [pool-1-thread-2] INFO  com.crawljax.core.Crawler -  Event xpath /HTML[1]/BODY[1]/DIV[4]/DIV[1]/DIV[2]/UL[1]/LI[3]/UL[1]/LI[1]/A[1]
18:08:15.901 [pool-1-thread-2] INFO  com.crawljax.core.Crawler - Changing related inputs for 86 with 0  to 0 
18:08:16.053 [pool-1-thread-2] INFO  c.c.core.UnfiredFragmentCandidates - Changing related inputs to worked inputs 0 for 86
18:08:16.053 [pool-1-thread-2] INFO  c.c.core.UnfiredFragmentCandidates - event 86 - Before 0
18:08:16.053 [pool-1-thread-2] INFO  c.c.core.UnfiredFragmentCandidates - event 86 - After 0
18:08:16.053 [pool-1-thread-2] INFO  c.c.core.UnfiredFragmentCandidates - input for 86, 0
18:08:16.122 [pool-1-thread-2] INFO  com.crawljax.core.Crawler - Found an invisible link with href=/camera-photo
18:08:19.654 [pool-1-thread-2] INFO  c.c.c.state.InMemoryStateFlowGraph - Number of states in the graph is now 41
18:08:19.655 [pool-1-thread-2] INFO  c.crawljax.core.state.StateMachine - State state119 added to the StateMachine.
18:08:19.851 [pool-1-thread-2] INFO  com.crawljax.core.Crawler - New DOM is a new state! crawl depth is now 8
18:08:19.880 [pool-1-thread-2] INFO  c.c.core.UnfiredFragmentCandidates - There are 26 states with unfired actions: [36, 37, 42, 44, 46, 0, 48, 51, 53, 56, 9, 61, 63, 66, 68, 70, 73, 31, 81, 83, 86, 88, 33, 112, 115, 35]
18:08:19.880 [pool-1-thread-2] INFO  com.crawljax.core.Crawler - Resetting the crawler and Going to state state36
18:08:19.899 [pool-1-thread-2] INFO  com.crawljax.core.CrawlSession - Adding CrawlPath to session !!
18:08:19.900 [pool-1-thread-2] INFO  com.crawljax.core.Crawler - BT-state35:-1state9_9_state31state31_10_state32state32_11_state33state33_12_state34state34_13_state35state35_63_state44state44_65_state46state46_66_state44state44_67_state53state53_68_state44state44_69_state63state63_70_state44state44_71_state68state68_72_state44state44_73_state70state70_74_state44state44_75_state83state83_76_state44state44_77_state88state88_78_state44state44_79_state112state112_80_indexindex_81_state112state112_82_state115state115_83_state9state9_84_state112state112_85_state44state44_86_state119
18:08:22.855 [pool-1-thread-2] INFO  com.crawljax.core.Crawler - index has changed to: state9
18:08:22.856 [pool-1-thread-2] INFO  com.crawljax.core.Crawler - Added a reload edge from state119 to state9
18:08:22.856 [pool-1-thread-2] INFO  com.crawljax.core.Crawler - Initial state not the same as current state : Getting shortest path from current state
18:08:22.858 [pool-1-thread-2] INFO  c.c.core.UnfiredFragmentCandidates - input map size 86
18:08:22.859 [pool-1-thread-2] INFO  c.c.core.UnfiredFragmentCandidates - input map size 86
18:08:22.859 [pool-1-thread-2] INFO  com.crawljax.core.Crawler - Used a form input combination for backtracking 9
18:08:26.765 [pool-1-thread-2] INFO  com.crawljax.core.Crawler - Crawl depth is now 1
18:08:26.766 [pool-1-thread-2] INFO  c.c.core.UnfiredFragmentCandidates - input map size 86
18:08:26.766 [pool-1-thread-2] INFO  c.c.core.UnfiredFragmentCandidates - input map size 86
18:08:26.766 [pool-1-thread-2] INFO  com.crawljax.core.Crawler - Used a form input combination for backtracking 10
18:08:30.800 [pool-1-thread-2] INFO  com.crawljax.core.Crawler - Crawl depth is now 2
18:08:30.800 [pool-1-thread-2] INFO  c.c.core.UnfiredFragmentCandidates - input map size 86
18:08:30.801 [pool-1-thread-2] INFO  c.c.core.UnfiredFragmentCandidates - input map size 86
18:08:30.801 [pool-1-thread-2] INFO  com.crawljax.core.Crawler - Used a form input combination for backtracking 11
18:08:34.738 [pool-1-thread-2] INFO  com.crawljax.core.Crawler - Crawl depth is now 3
18:08:34.739 [pool-1-thread-2] INFO  c.c.core.UnfiredFragmentCandidates - input map size 86
18:08:34.739 [pool-1-thread-2] INFO  c.c.core.UnfiredFragmentCandidates - input map size 86
18:08:34.739 [pool-1-thread-2] INFO  com.crawljax.core.Crawler - Used a form input combination for backtracking 12
18:08:38.630 [pool-1-thread-2] INFO  com.crawljax.core.Crawler - Crawl depth is now 4
18:08:38.631 [pool-1-thread-2] INFO  c.c.core.UnfiredFragmentCandidates - input map size 86
18:08:38.631 [pool-1-thread-2] INFO  c.c.core.UnfiredFragmentCandidates - input map size 86
18:08:38.631 [pool-1-thread-2] INFO  com.crawljax.core.Crawler - Used a form input combination for backtracking 13
18:08:43.940 [pool-1-thread-2] INFO  com.crawljax.core.Crawler - Crawl depth is now 5
18:08:43.940 [pool-1-thread-2] INFO  c.c.core.UnfiredFragmentCandidates - input map size 86
18:08:43.940 [pool-1-thread-2] INFO  c.c.core.UnfiredFragmentCandidates - input map size 86
18:08:43.940 [pool-1-thread-2] INFO  com.crawljax.core.Crawler - Used a form input combination for backtracking 14
18:08:47.892 [pool-1-thread-2] INFO  com.crawljax.core.Crawler - Crawl depth is now 6
18:08:47.892 [pool-1-thread-2] INFO  com.crawljax.core.Crawler - backtrack status: true, reached NearDuplicate : -1 
18:08:47.892 [pool-1-thread-2] INFO  com.crawljax.core.Crawler -  Event xpath /HTML[1]/BODY[1]/DIV[4]/DIV[1]/DIV[1]/DIV[2]/DIV[1]/UL[1]/LI[1]/A[1]
18:08:47.938 [pool-1-thread-2] INFO  com.crawljax.core.Crawler - Changing related inputs for 87 with 0  to 0 
18:08:48.103 [pool-1-thread-2] INFO  c.c.core.UnfiredFragmentCandidates - Changing related inputs to worked inputs 0 for 87
18:08:48.103 [pool-1-thread-2] INFO  c.c.core.UnfiredFragmentCandidates - event 87 - Before 0
18:08:48.103 [pool-1-thread-2] INFO  c.c.core.UnfiredFragmentCandidates - event 87 - After 0
18:08:48.104 [pool-1-thread-2] INFO  c.c.core.UnfiredFragmentCandidates - input for 87, 0
18:08:52.025 [pool-1-thread-2] INFO  c.c.c.state.InMemoryStateFlowGraph - Number of states in the graph is now 42
18:08:52.025 [pool-1-thread-2] INFO  c.crawljax.core.state.StateMachine - State state121 added to the StateMachine.
18:08:52.250 [pool-1-thread-2] INFO  com.crawljax.core.Crawler - New DOM is a new state! crawl depth is now 7
18:08:52.250 [pool-1-thread-2] INFO  com.crawljax.core.Crawler - Parsing DOM of state state121 for candidate elements
18:08:52.278 [pool-1-thread-2] INFO  c.c.core.UnfiredFragmentCandidates - There are 26 states with unfired actions: [37, 42, 44, 46, 0, 48, 51, 53, 56, 9, 61, 63, 66, 68, 70, 73, 31, 81, 83, 86, 88, 33, 112, 115, 35, 121]
18:08:52.299 [pool-1-thread-2] INFO  com.crawljax.core.Crawler -  Event xpath /HTML[1]/BODY[1]/DIV[4]/DIV[1]/DIV[1]/DIV[1]/A[1]
18:08:52.338 [pool-1-thread-2] INFO  com.crawljax.core.Crawler - Changing related inputs for 88 with 0  to 0 
18:08:52.501 [pool-1-thread-2] INFO  c.c.core.UnfiredFragmentCandidates - Changing related inputs to worked inputs 0 for 88
18:08:52.501 [pool-1-thread-2] INFO  c.c.core.UnfiredFragmentCandidates - event 88 - Before 0
18:08:52.501 [pool-1-thread-2] INFO  c.c.core.UnfiredFragmentCandidates - event 88 - After 0
18:08:52.501 [pool-1-thread-2] INFO  c.c.core.UnfiredFragmentCandidates - input for 88, 0
18:08:56.541 [pool-1-thread-2] INFO  c.crawljax.core.state.StateMachine - CLONE State detected: state122 and index are the same.
18:08:56.571 [pool-1-thread-2] INFO  com.crawljax.core.Crawler -  Event xpath /HTML[1]/BODY[1]/DIV[4]/DIV[1]/DIV[2]/UL[1]/LI[3]/UL[1]/LI[1]/A[1]
18:08:56.619 [pool-1-thread-2] INFO  com.crawljax.core.Crawler - Changing related inputs for 89 with 0  to 0 
18:08:56.778 [pool-1-thread-2] INFO  c.c.core.UnfiredFragmentCandidates - Changing related inputs to worked inputs 0 for 89
18:08:56.778 [pool-1-thread-2] INFO  c.c.core.UnfiredFragmentCandidates - event 89 - Before 0
18:08:56.778 [pool-1-thread-2] INFO  c.c.core.UnfiredFragmentCandidates - event 89 - After 0
18:08:56.778 [pool-1-thread-2] INFO  c.c.core.UnfiredFragmentCandidates - input for 89, 0
18:08:56.850 [pool-1-thread-2] INFO  com.crawljax.core.Crawler - Found an invisible link with href=/camera-photo
18:08:59.930 [pool-1-thread-2] INFO  c.crawljax.core.state.StateMachine - CLONE State detected: state123 and state119 are the same.
18:08:59.947 [pool-1-thread-2] INFO  c.c.core.UnfiredFragmentCandidates - There are 27 states with unfired actions: [37, 42, 44, 46, 0, 48, 51, 53, 56, 9, 61, 63, 66, 68, 70, 73, 31, 81, 83, 86, 88, 33, 112, 115, 35, 121, 36]
18:08:59.947 [pool-1-thread-2] INFO  com.crawljax.core.Crawler - Resetting the crawler and Going to state state37
18:08:59.964 [pool-1-thread-2] INFO  com.crawljax.core.CrawlSession - Adding CrawlPath to session !!
18:08:59.964 [pool-1-thread-2] INFO  com.crawljax.core.Crawler - BT-state36:-1state9_9_state31state31_10_state32state32_11_state33state33_12_state34state34_13_state35state35_14_state36state36_87_state121state121_88_indexindex_89_state119
18:09:02.910 [pool-1-thread-2] INFO  com.crawljax.core.Crawler - index has changed to: state9
18:09:02.911 [pool-1-thread-2] INFO  com.crawljax.core.Crawler - Did not add reload edge from state119 to state9
18:09:02.911 [pool-1-thread-2] INFO  com.crawljax.core.Crawler - Initial state not the same as current state : Getting shortest path from current state
18:09:02.912 [pool-1-thread-2] INFO  c.c.core.UnfiredFragmentCandidates - input map size 89
18:09:02.912 [pool-1-thread-2] INFO  c.c.core.UnfiredFragmentCandidates - input map size 89
18:09:02.912 [pool-1-thread-2] INFO  com.crawljax.core.Crawler - Used a form input combination for backtracking 9
18:09:06.777 [pool-1-thread-2] INFO  com.crawljax.core.Crawler - Crawl depth is now 1
18:09:06.777 [pool-1-thread-2] INFO  c.c.core.UnfiredFragmentCandidates - input map size 89
18:09:06.778 [pool-1-thread-2] INFO  c.c.core.UnfiredFragmentCandidates - input map size 89
18:09:06.778 [pool-1-thread-2] INFO  com.crawljax.core.Crawler - Used a form input combination for backtracking 10
18:09:10.641 [pool-1-thread-2] INFO  com.crawljax.core.Crawler - Crawl depth is now 2
18:09:10.641 [pool-1-thread-2] INFO  c.c.core.UnfiredFragmentCandidates - input map size 89
18:09:10.641 [pool-1-thread-2] INFO  c.c.core.UnfiredFragmentCandidates - input map size 89
18:09:10.641 [pool-1-thread-2] INFO  com.crawljax.core.Crawler - Used a form input combination for backtracking 11
18:09:15.977 [pool-1-thread-2] INFO  com.crawljax.core.Crawler - Crawl depth is now 3
18:09:15.978 [pool-1-thread-2] INFO  c.c.core.UnfiredFragmentCandidates - input map size 89
18:09:15.978 [pool-1-thread-2] INFO  c.c.core.UnfiredFragmentCandidates - input map size 89
18:09:15.978 [pool-1-thread-2] INFO  com.crawljax.core.Crawler - Used a form input combination for backtracking 12
18:09:19.985 [pool-1-thread-2] INFO  com.crawljax.core.Crawler - Crawl depth is now 4
18:09:19.986 [pool-1-thread-2] INFO  c.c.core.UnfiredFragmentCandidates - input map size 89
18:09:19.986 [pool-1-thread-2] INFO  c.c.core.UnfiredFragmentCandidates - input map size 89
18:09:19.986 [pool-1-thread-2] INFO  com.crawljax.core.Crawler - Used a form input combination for backtracking 13
18:09:23.806 [pool-1-thread-2] INFO  com.crawljax.core.Crawler - Crawl depth is now 5
18:09:23.807 [pool-1-thread-2] INFO  c.c.core.UnfiredFragmentCandidates - input map size 89
18:09:23.807 [pool-1-thread-2] INFO  c.c.core.UnfiredFragmentCandidates - input map size 89
18:09:23.807 [pool-1-thread-2] INFO  com.crawljax.core.Crawler - Used a form input combination for backtracking 14
18:09:27.654 [pool-1-thread-2] INFO  com.crawljax.core.Crawler - Crawl depth is now 6
18:09:27.655 [pool-1-thread-2] INFO  c.c.core.UnfiredFragmentCandidates - input map size 89
18:09:27.655 [pool-1-thread-2] INFO  c.c.core.UnfiredFragmentCandidates - input map size 89
18:09:27.655 [pool-1-thread-2] INFO  com.crawljax.core.Crawler - Used a form input combination for backtracking 15
18:09:31.507 [pool-1-thread-2] INFO  com.crawljax.core.Crawler - Crawl depth is now 7
18:09:31.507 [pool-1-thread-2] INFO  com.crawljax.core.Crawler - backtrack status: true, reached NearDuplicate : -1 
18:09:31.507 [pool-1-thread-2] INFO  com.crawljax.core.Crawler -  Event xpath /HTML[1]/BODY[1]/DIV[4]/DIV[1]/DIV[1]/DIV[2]/DIV[1]/UL[1]/LI[1]/A[1]
18:09:31.606 [pool-1-thread-2] INFO  com.crawljax.core.Crawler - Changing related inputs for 90 with 0  to 0 
18:09:31.772 [pool-1-thread-2] INFO  c.c.core.UnfiredFragmentCandidates - Changing related inputs to worked inputs 0 for 90
18:09:31.775 [pool-1-thread-2] INFO  c.c.core.UnfiredFragmentCandidates - event 90 - Before 0
18:09:31.775 [pool-1-thread-2] INFO  c.c.core.UnfiredFragmentCandidates - event 90 - After 0
18:09:31.775 [pool-1-thread-2] INFO  c.c.core.UnfiredFragmentCandidates - input for 90, 0
18:09:35.670 [pool-1-thread-2] INFO  c.c.c.state.InMemoryStateFlowGraph - Number of states in the graph is now 43
18:09:35.671 [pool-1-thread-2] INFO  c.crawljax.core.state.StateMachine - State state125 added to the StateMachine.
18:09:35.842 [pool-1-thread-2] INFO  com.crawljax.core.Crawler - New DOM is a new state! crawl depth is now 8
18:09:35.879 [pool-1-thread-2] INFO  c.c.core.UnfiredFragmentCandidates - There are 27 states with unfired actions: [42, 44, 46, 0, 48, 51, 53, 56, 9, 61, 63, 66, 68, 70, 73, 31, 81, 83, 86, 88, 33, 112, 115, 35, 121, 36, 37]
18:09:35.879 [pool-1-thread-2] INFO  com.crawljax.core.Crawler - Resetting the crawler and Going to state state42
18:09:35.906 [pool-1-thread-2] INFO  com.crawljax.core.CrawlSession - Adding CrawlPath to session !!
18:09:35.907 [pool-1-thread-2] INFO  com.crawljax.core.Crawler - BT-state37:-1state9_9_state31state31_10_state32state32_11_state33state33_12_state34state34_13_state35state35_14_state36state36_15_state37state37_90_state125
18:09:39.016 [pool-1-thread-2] INFO  com.crawljax.core.Crawler - Added a reload edge from state125 to index
18:09:39.017 [pool-1-thread-2] INFO  c.c.core.UnfiredFragmentCandidates - input map size 90
18:09:39.017 [pool-1-thread-2] INFO  com.crawljax.core.Crawler - No Input Combination Found for 0
18:09:39.053 [pool-1-thread-2] INFO  com.crawljax.core.Crawler - Changing related inputs for 0 with 0  to 0 
18:09:39.099 [pool-1-thread-2] INFO  com.crawljax.core.Crawler - Not a valid path anymorestate9 : state42
18:09:39.099 [pool-1-thread-2] INFO  com.crawljax.core.Crawler - Tried to follow 
18:09:39.099 [pool-1-thread-2] INFO  com.crawljax.core.Crawler - index_0_state9state9_18_state42
18:09:39.099 [pool-1-thread-2] INFO  com.crawljax.core.Crawler - Saving failed backtracking path to 42
18:09:39.099 [pool-1-thread-2] INFO  com.crawljax.core.Crawler - backtrack status: false, reached NearDuplicate : -1 
18:09:39.116 [pool-1-thread-2] INFO  com.crawljax.core.CrawlSession - Adding CrawlPath to session !!
18:09:39.116 [pool-1-thread-2] INFO  com.crawljax.core.Crawler - BT-state42:failed:-1index_0_state9
18:09:42.062 [pool-1-thread-2] INFO  com.crawljax.core.Crawler - index has changed to: state9
18:09:42.063 [pool-1-thread-2] INFO  com.crawljax.core.Crawler - Did not add reload edge from state9 to state9
18:09:42.064 [pool-1-thread-2] INFO  com.crawljax.core.Crawler - Avoid path from index that is already tried
18:09:42.065 [pool-1-thread-2] INFO  c.c.core.UnfiredFragmentCandidates - input map size 90
18:09:42.066 [pool-1-thread-2] INFO  c.c.core.UnfiredFragmentCandidates - input map size 90
18:09:42.066 [pool-1-thread-2] INFO  com.crawljax.core.Crawler - Used a form input combination for backtracking 18
18:09:45.916 [pool-1-thread-2] INFO  com.crawljax.core.Crawler - Crawl depth is now 1
18:09:45.916 [pool-1-thread-2] INFO  com.crawljax.core.Crawler - Tried to follow v
18:09:45.916 [pool-1-thread-2] INFO  com.crawljax.core.Crawler - state9_18_state42
18:09:45.917 [pool-1-thread-2] INFO  com.crawljax.core.Crawler - BT-state42:failed:-1state9_18_state42
18:09:45.917 [pool-1-thread-2] INFO  com.crawljax.core.Crawler - Followed path ^
18:09:45.917 [pool-1-thread-2] INFO  com.crawljax.core.Crawler - backtrack status: true, reached NearDuplicate : -1 
18:09:45.917 [pool-1-thread-2] INFO  com.crawljax.core.Crawler -  Event xpath /HTML[1]/BODY[1]/DIV[4]/DIV[1]/DIV[1]/DIV[2]/DIV[1]/UL[1]/LI[1]/A[1]
18:09:45.951 [pool-1-thread-2] INFO  com.crawljax.core.Crawler - Changing related inputs for 91 with 0  to 0 
18:09:46.101 [pool-1-thread-2] INFO  c.c.core.UnfiredFragmentCandidates - Changing related inputs to worked inputs 0 for 91
18:09:46.101 [pool-1-thread-2] INFO  c.c.core.UnfiredFragmentCandidates - event 91 - Before 0
18:09:46.101 [pool-1-thread-2] INFO  c.c.core.UnfiredFragmentCandidates - event 91 - After 0
18:09:46.101 [pool-1-thread-2] INFO  c.c.core.UnfiredFragmentCandidates - input for 91, 0
18:09:51.336 [pool-1-thread-2] INFO  c.c.c.state.InMemoryStateFlowGraph - Number of states in the graph is now 44
18:09:51.337 [pool-1-thread-2] INFO  c.crawljax.core.state.StateMachine - State state128 added to the StateMachine.
18:09:51.520 [pool-1-thread-2] INFO  com.crawljax.core.Crawler - New DOM is a new state! crawl depth is now 2
18:09:51.521 [pool-1-thread-2] INFO  com.crawljax.core.Crawler - Parsing DOM of state state128 for candidate elements
18:09:51.532 [pool-1-thread-2] INFO  c.c.core.UnfiredFragmentCandidates - There are 27 states with unfired actions: [44, 46, 0, 48, 51, 53, 56, 9, 61, 63, 66, 68, 70, 73, 31, 81, 83, 86, 88, 33, 112, 115, 35, 121, 36, 37, 128]
18:09:51.548 [pool-1-thread-2] INFO  com.crawljax.core.Crawler -  Event xpath /HTML[1]/BODY[1]/DIV[4]/DIV[1]/DIV[1]/DIV[1]/A[1]
18:09:51.583 [pool-1-thread-2] INFO  com.crawljax.core.Crawler - Changing related inputs for 92 with 0  to 0 
18:09:51.730 [pool-1-thread-2] INFO  c.c.core.UnfiredFragmentCandidates - Changing related inputs to worked inputs 0 for 92
18:09:51.730 [pool-1-thread-2] INFO  c.c.core.UnfiredFragmentCandidates - event 92 - Before 0
18:09:51.730 [pool-1-thread-2] INFO  c.c.core.UnfiredFragmentCandidates - event 92 - After 0
18:09:51.730 [pool-1-thread-2] INFO  c.c.core.UnfiredFragmentCandidates - input for 92, 0
18:09:55.769 [pool-1-thread-2] INFO  c.crawljax.core.state.StateMachine - CLONE State detected: state129 and index are the same.
18:09:55.791 [pool-1-thread-2] INFO  com.crawljax.core.Crawler -  Event xpath /HTML[1]/BODY[1]/DIV[4]/DIV[1]/DIV[2]/UL[1]/LI[3]/UL[1]/LI[2]/A[1]
18:09:55.827 [pool-1-thread-2] INFO  com.crawljax.core.Crawler - Changing related inputs for 93 with 0  to 0 
18:09:55.985 [pool-1-thread-2] INFO  c.c.core.UnfiredFragmentCandidates - Changing related inputs to worked inputs 0 for 93
18:09:55.985 [pool-1-thread-2] INFO  c.c.core.UnfiredFragmentCandidates - event 93 - Before 0
18:09:55.985 [pool-1-thread-2] INFO  c.c.core.UnfiredFragmentCandidates - event 93 - After 0
18:09:55.985 [pool-1-thread-2] INFO  c.c.core.UnfiredFragmentCandidates - input for 93, 0
18:09:56.052 [pool-1-thread-2] INFO  com.crawljax.core.Crawler - Found an invisible link with href=/cell-phones
18:09:59.781 [pool-1-thread-2] INFO  c.c.c.state.InMemoryStateFlowGraph - Number of states in the graph is now 45
18:09:59.782 [pool-1-thread-2] INFO  c.crawljax.core.state.StateMachine - State state130 added to the StateMachine.
18:09:59.994 [pool-1-thread-2] INFO  com.crawljax.core.Crawler - New DOM is a new state! crawl depth is now 3
18:09:59.995 [pool-1-thread-2] INFO  com.crawljax.core.Crawler - Parsing DOM of state state130 for candidate elements
18:10:00.010 [pool-1-thread-2] INFO  c.c.core.UnfiredFragmentCandidates - There are 28 states with unfired actions: [44, 46, 0, 48, 51, 53, 56, 9, 61, 63, 66, 68, 70, 73, 31, 81, 83, 86, 88, 33, 112, 115, 35, 121, 36, 37, 128, 130]
18:10:00.030 [pool-1-thread-2] INFO  com.crawljax.core.Crawler -  Event xpath /HTML[1]/BODY[1]/DIV[4]/DIV[1]/DIV[1]/DIV[1]/A[1]
18:10:00.060 [pool-1-thread-2] INFO  com.crawljax.core.Crawler - Changing related inputs for 94 with 0  to 0 
18:10:00.211 [pool-1-thread-2] INFO  c.c.core.UnfiredFragmentCandidates - Changing related inputs to worked inputs 0 for 94
18:10:00.211 [pool-1-thread-2] INFO  c.c.core.UnfiredFragmentCandidates - event 94 - Before 0
18:10:00.211 [pool-1-thread-2] INFO  c.c.core.UnfiredFragmentCandidates - event 94 - After 0
18:10:00.211 [pool-1-thread-2] INFO  c.c.core.UnfiredFragmentCandidates - input for 94, 0
18:10:04.222 [pool-1-thread-2] INFO  c.crawljax.core.state.StateMachine - CLONE State detected: state131 and index are the same.
18:10:04.240 [pool-1-thread-2] INFO  com.crawljax.core.Crawler -  Event xpath /HTML[1]/BODY[1]/DIV[4]/DIV[1]/DIV[2]/UL[1]/LI[4]/A[1]
18:10:04.277 [pool-1-thread-2] INFO  com.crawljax.core.Crawler - Changing related inputs for 95 with 0  to 0 
18:10:04.449 [pool-1-thread-2] INFO  c.c.core.UnfiredFragmentCandidates - Changing related inputs to worked inputs 0 for 95
18:10:04.449 [pool-1-thread-2] INFO  c.c.core.UnfiredFragmentCandidates - event 95 - Before 0
18:10:04.449 [pool-1-thread-2] INFO  c.c.core.UnfiredFragmentCandidates - event 95 - After 0
18:10:04.449 [pool-1-thread-2] INFO  c.c.core.UnfiredFragmentCandidates - input for 95, 0
18:10:08.889 [pool-1-thread-2] INFO  c.c.c.state.InMemoryStateFlowGraph - Number of states in the graph is now 46
18:10:08.889 [pool-1-thread-2] INFO  c.crawljax.core.state.StateMachine - State state132 added to the StateMachine.
18:10:09.140 [pool-1-thread-2] INFO  com.crawljax.core.Crawler - New DOM is a new state! crawl depth is now 4
18:10:09.140 [pool-1-thread-2] INFO  com.crawljax.core.Crawler - Parsing DOM of state state132 for candidate elements
18:10:09.159 [pool-1-thread-2] INFO  c.c.core.UnfiredFragmentCandidates - There are 29 states with unfired actions: [44, 46, 0, 48, 51, 53, 56, 9, 61, 63, 66, 68, 70, 73, 31, 81, 83, 86, 88, 33, 112, 115, 35, 121, 36, 37, 128, 130, 132]
18:10:09.178 [pool-1-thread-2] INFO  com.crawljax.core.Crawler -  Event xpath /HTML[1]/BODY[1]/DIV[4]/DIV[1]/DIV[1]/DIV[1]/A[1]
18:10:09.219 [pool-1-thread-2] INFO  com.crawljax.core.Crawler - Changing related inputs for 96 with 0  to 0 
18:10:09.366 [pool-1-thread-2] INFO  c.c.core.UnfiredFragmentCandidates - Changing related inputs to worked inputs 0 for 96
18:10:09.366 [pool-1-thread-2] INFO  c.c.core.UnfiredFragmentCandidates - event 96 - Before 0
18:10:09.366 [pool-1-thread-2] INFO  c.c.core.UnfiredFragmentCandidates - event 96 - After 0
18:10:09.366 [pool-1-thread-2] INFO  c.c.core.UnfiredFragmentCandidates - input for 96, 0
18:10:13.295 [pool-1-thread-2] INFO  c.crawljax.core.state.StateMachine - CLONE State detected: state133 and index are the same.
18:10:13.313 [pool-1-thread-2] INFO  com.crawljax.core.Crawler -  Event xpath /HTML[1]/BODY[1]/DIV[4]/DIV[1]/DIV[2]/UL[1]/LI[5]/A[1]
18:10:13.360 [pool-1-thread-2] INFO  com.crawljax.core.Crawler - Changing related inputs for 97 with 0  to 0 
18:10:13.523 [pool-1-thread-2] INFO  c.c.core.UnfiredFragmentCandidates - Changing related inputs to worked inputs 0 for 97
18:10:13.524 [pool-1-thread-2] INFO  c.c.core.UnfiredFragmentCandidates - event 97 - Before 0
18:10:13.524 [pool-1-thread-2] INFO  c.c.core.UnfiredFragmentCandidates - event 97 - After 0
18:10:13.524 [pool-1-thread-2] INFO  c.c.core.UnfiredFragmentCandidates - input for 97, 0
18:10:18.123 [pool-1-thread-2] INFO  c.c.c.state.InMemoryStateFlowGraph - Number of states in the graph is now 47
18:10:18.123 [pool-1-thread-2] INFO  c.crawljax.core.state.StateMachine - State state134 added to the StateMachine.
18:10:18.344 [pool-1-thread-2] INFO  com.crawljax.core.Crawler - New DOM is a new state! crawl depth is now 5
18:10:18.344 [pool-1-thread-2] INFO  com.crawljax.core.Crawler - Parsing DOM of state state134 for candidate elements
18:10:18.359 [pool-1-thread-2] INFO  c.c.core.UnfiredFragmentCandidates - There are 30 states with unfired actions: [44, 46, 0, 48, 51, 53, 56, 9, 61, 63, 66, 68, 70, 73, 31, 81, 83, 86, 88, 33, 112, 115, 35, 121, 36, 37, 128, 130, 132, 134]
18:10:18.376 [pool-1-thread-2] INFO  com.crawljax.core.Crawler -  Event xpath /HTML[1]/BODY[1]/DIV[4]/DIV[1]/DIV[1]/DIV[1]/A[1]
18:10:18.408 [pool-1-thread-2] INFO  com.crawljax.core.Crawler - Changing related inputs for 98 with 0  to 0 
18:10:18.545 [pool-1-thread-2] INFO  c.c.core.UnfiredFragmentCandidates - Changing related inputs to worked inputs 0 for 98
18:10:18.545 [pool-1-thread-2] INFO  c.c.core.UnfiredFragmentCandidates - event 98 - Before 0
18:10:18.545 [pool-1-thread-2] INFO  c.c.core.UnfiredFragmentCandidates - event 98 - After 0
18:10:18.545 [pool-1-thread-2] INFO  c.c.core.UnfiredFragmentCandidates - input for 98, 0
18:10:23.931 [pool-1-thread-2] INFO  c.crawljax.core.state.StateMachine - CLONE State detected: state135 and state9 are the same.
18:10:23.944 [pool-1-thread-2] INFO  com.crawljax.core.Crawler -  Event xpath /HTML[1]/BODY[1]/DIV[4]/DIV[1]/DIV[2]/UL[1]/LI[3]/UL[1]/LI[1]/A[1]
18:10:23.976 [pool-1-thread-2] INFO  com.crawljax.core.Crawler - Changing related inputs for 99 with 0  to 0 
18:10:24.124 [pool-1-thread-2] INFO  c.c.core.UnfiredFragmentCandidates - Changing related inputs to worked inputs 0 for 99
18:10:24.124 [pool-1-thread-2] INFO  c.c.core.UnfiredFragmentCandidates - event 99 - Before 0
18:10:24.124 [pool-1-thread-2] INFO  c.c.core.UnfiredFragmentCandidates - event 99 - After 0
18:10:24.124 [pool-1-thread-2] INFO  c.c.core.UnfiredFragmentCandidates - input for 99, 0
18:10:24.196 [pool-1-thread-2] INFO  com.crawljax.core.Crawler - Found an invisible link with href=/camera-photo
18:10:27.306 [pool-1-thread-2] INFO  c.crawljax.core.state.StateMachine - CLONE State detected: state136 and state119 are the same.
18:10:27.322 [pool-1-thread-2] INFO  c.c.core.UnfiredFragmentCandidates - There are 31 states with unfired actions: [44, 46, 0, 48, 51, 53, 56, 9, 61, 63, 66, 68, 70, 73, 31, 81, 83, 86, 88, 33, 112, 115, 35, 121, 36, 37, 128, 130, 132, 134, 42]
18:10:27.322 [pool-1-thread-2] INFO  com.crawljax.core.Crawler - Resetting the crawler and Going to state state44
18:10:27.342 [pool-1-thread-2] INFO  com.crawljax.core.CrawlSession - Adding CrawlPath to session !!
18:10:27.342 [pool-1-thread-2] INFO  com.crawljax.core.Crawler - BT-state42:-1state9_18_state42state42_91_state128state128_92_indexindex_93_state130state130_94_indexindex_95_state132state132_96_indexindex_97_state134state134_98_state9state9_99_state119
18:10:30.360 [pool-1-thread-2] INFO  com.crawljax.core.Crawler - Added a reload edge from state119 to index
18:10:30.362 [pool-1-thread-2] INFO  c.c.core.UnfiredFragmentCandidates - input map size 99
18:10:30.362 [pool-1-thread-2] INFO  c.c.core.UnfiredFragmentCandidates - input map size 99
18:10:30.362 [pool-1-thread-2] INFO  com.crawljax.core.Crawler - Used a form input combination for backtracking 26
18:10:34.274 [pool-1-thread-2] INFO  com.crawljax.core.Crawler - Crawl depth is now 1
18:10:34.274 [pool-1-thread-2] INFO  com.crawljax.core.Crawler - backtrack status: true, reached NearDuplicate : -1 
18:10:34.275 [pool-1-thread-2] INFO  com.crawljax.core.Crawler -  Event xpath /HTML[1]/BODY[1]/DIV[4]/DIV[1]/DIV[2]/UL[1]/LI[3]/UL[1]/LI[2]/A[1]
18:10:34.305 [pool-1-thread-2] INFO  com.crawljax.core.Crawler - Changing related inputs for 100 with 0  to 0 
18:10:34.445 [pool-1-thread-2] INFO  c.c.core.UnfiredFragmentCandidates - Changing related inputs to worked inputs 0 for 100
18:10:34.445 [pool-1-thread-2] INFO  c.c.core.UnfiredFragmentCandidates - event 100 - Before 0
18:10:34.445 [pool-1-thread-2] INFO  c.c.core.UnfiredFragmentCandidates - event 100 - After 0
18:10:34.445 [pool-1-thread-2] INFO  c.c.core.UnfiredFragmentCandidates - input for 100, 0
18:10:34.513 [pool-1-thread-2] INFO  com.crawljax.core.Crawler - Found an invisible link with href=/cell-phones
18:10:37.537 [pool-1-thread-2] INFO  c.crawljax.core.state.StateMachine - CLONE State detected: state138 and state130 are the same.
18:10:37.554 [pool-1-thread-2] INFO  com.crawljax.core.Crawler -  Event xpath /HTML[1]/BODY[1]/DIV[4]/DIV[1]/DIV[1]/DIV[2]/DIV[1]/UL[1]/LI[1]/A[1]
18:10:37.581 [pool-1-thread-2] INFO  com.crawljax.core.Crawler - Changing related inputs for 101 with 0  to 0 
18:10:37.724 [pool-1-thread-2] INFO  c.c.core.UnfiredFragmentCandidates - Changing related inputs to worked inputs 0 for 101
18:10:37.724 [pool-1-thread-2] INFO  c.c.core.UnfiredFragmentCandidates - event 101 - Before 0
18:10:37.724 [pool-1-thread-2] INFO  c.c.core.UnfiredFragmentCandidates - event 101 - After 0
18:10:37.724 [pool-1-thread-2] INFO  c.c.core.UnfiredFragmentCandidates - input for 101, 0
18:10:41.630 [pool-1-thread-2] INFO  c.c.c.state.InMemoryStateFlowGraph - Number of states in the graph is now 48
18:10:41.630 [pool-1-thread-2] INFO  c.crawljax.core.state.StateMachine - State state139 added to the StateMachine.
18:10:41.789 [pool-1-thread-2] INFO  com.crawljax.core.Crawler - New DOM is a new state! crawl depth is now 2
18:10:41.790 [pool-1-thread-2] INFO  com.crawljax.core.Crawler - Parsing DOM of state state139 for candidate elements
18:10:41.805 [pool-1-thread-2] INFO  c.c.core.UnfiredFragmentCandidates - There are 31 states with unfired actions: [46, 0, 48, 51, 53, 56, 9, 61, 63, 66, 68, 70, 73, 31, 81, 83, 86, 88, 33, 112, 115, 35, 121, 36, 37, 128, 130, 132, 134, 42, 139]
18:10:41.823 [pool-1-thread-2] INFO  com.crawljax.core.Crawler -  Event xpath /HTML[1]/BODY[1]/DIV[4]/DIV[1]/DIV[1]/DIV[1]/A[1]
18:10:41.856 [pool-1-thread-2] INFO  com.crawljax.core.Crawler - Changing related inputs for 102 with 0  to 0 
18:10:41.995 [pool-1-thread-2] INFO  c.c.core.UnfiredFragmentCandidates - Changing related inputs to worked inputs 0 for 102
18:10:41.995 [pool-1-thread-2] INFO  c.c.core.UnfiredFragmentCandidates - event 102 - Before 0
18:10:41.995 [pool-1-thread-2] INFO  c.c.core.UnfiredFragmentCandidates - event 102 - After 0
18:10:41.995 [pool-1-thread-2] INFO  c.c.core.UnfiredFragmentCandidates - input for 102, 0
18:10:45.985 [pool-1-thread-2] INFO  c.crawljax.core.state.StateMachine - CLONE State detected: state140 and index are the same.
18:10:46.002 [pool-1-thread-2] INFO  com.crawljax.core.Crawler -  Event xpath /HTML[1]/BODY[1]/DIV[4]/DIV[1]/DIV[2]/UL[1]/LI[6]/A[1]
18:10:46.031 [pool-1-thread-2] INFO  com.crawljax.core.Crawler - Changing related inputs for 103 with 0  to 0 
18:10:46.164 [pool-1-thread-2] INFO  c.c.core.UnfiredFragmentCandidates - Changing related inputs to worked inputs 0 for 103
18:10:46.164 [pool-1-thread-2] INFO  c.c.core.UnfiredFragmentCandidates - event 103 - Before 0
18:10:46.164 [pool-1-thread-2] INFO  c.c.core.UnfiredFragmentCandidates - event 103 - After 0
18:10:46.164 [pool-1-thread-2] INFO  c.c.core.UnfiredFragmentCandidates - input for 103, 0
18:10:50.401 [pool-1-thread-2] INFO  c.c.c.state.InMemoryStateFlowGraph - Number of states in the graph is now 49
18:10:50.401 [pool-1-thread-2] INFO  c.crawljax.core.state.StateMachine - State state141 added to the StateMachine.
18:10:50.561 [pool-1-thread-2] INFO  com.crawljax.core.Crawler - New DOM is a new state! crawl depth is now 3
18:10:50.562 [pool-1-thread-2] INFO  com.crawljax.core.Crawler - Parsing DOM of state state141 for candidate elements
18:10:50.579 [pool-1-thread-2] INFO  c.c.core.UnfiredFragmentCandidates - There are 32 states with unfired actions: [46, 0, 48, 51, 53, 56, 9, 61, 63, 66, 68, 70, 73, 31, 81, 83, 86, 88, 33, 112, 115, 35, 121, 36, 37, 128, 130, 132, 134, 42, 139, 141]
18:10:50.591 [pool-1-thread-2] INFO  com.crawljax.core.Crawler -  Event xpath /HTML[1]/BODY[1]/DIV[4]/DIV[1]/DIV[1]/DIV[1]/A[1]
18:10:50.616 [pool-1-thread-2] INFO  com.crawljax.core.Crawler - Changing related inputs for 104 with 0  to 0 
18:10:50.718 [pool-1-thread-2] INFO  c.c.core.UnfiredFragmentCandidates - Changing related inputs to worked inputs 0 for 104
18:10:50.718 [pool-1-thread-2] INFO  c.c.core.UnfiredFragmentCandidates - event 104 - Before 0
18:10:50.718 [pool-1-thread-2] INFO  c.c.core.UnfiredFragmentCandidates - event 104 - After 0
18:10:50.718 [pool-1-thread-2] INFO  c.c.core.UnfiredFragmentCandidates - input for 104, 0
18:10:56.016 [pool-1-thread-2] INFO  c.crawljax.core.state.StateMachine - CLONE State detected: state142 and state9 are the same.
18:10:56.029 [pool-1-thread-2] INFO  com.crawljax.core.Crawler -  Event xpath /HTML[1]/BODY[1]/DIV[4]/DIV[1]/DIV[2]/UL[1]/LI[3]/UL[1]/LI[2]/A[1]
18:10:56.054 [pool-1-thread-2] INFO  com.crawljax.core.Crawler - Changing related inputs for 105 with 0  to 0 
18:10:56.174 [pool-1-thread-2] INFO  c.c.core.UnfiredFragmentCandidates - Changing related inputs to worked inputs 0 for 105
18:10:56.174 [pool-1-thread-2] INFO  c.c.core.UnfiredFragmentCandidates - event 105 - Before 0
18:10:56.174 [pool-1-thread-2] INFO  c.c.core.UnfiredFragmentCandidates - event 105 - After 0
18:10:56.174 [pool-1-thread-2] INFO  c.c.core.UnfiredFragmentCandidates - input for 105, 0
18:10:56.249 [pool-1-thread-2] INFO  com.crawljax.core.Crawler - Found an invisible link with href=/cell-phones
18:10:59.287 [pool-1-thread-2] INFO  c.crawljax.core.state.StateMachine - CLONE State detected: state143 and state130 are the same.
18:10:59.305 [pool-1-thread-2] INFO  com.crawljax.core.Crawler -  Event xpath /HTML[1]/BODY[1]/DIV[4]/DIV[1]/DIV[1]/DIV[2]/DIV[1]/UL[1]/LI[2]/A[1]
18:10:59.335 [pool-1-thread-2] INFO  com.crawljax.core.Crawler - Changing related inputs for 106 with 0  to 0 
18:10:59.482 [pool-1-thread-2] INFO  c.c.core.UnfiredFragmentCandidates - Changing related inputs to worked inputs 0 for 106
18:10:59.483 [pool-1-thread-2] INFO  c.c.core.UnfiredFragmentCandidates - event 106 - Before 0
18:10:59.483 [pool-1-thread-2] INFO  c.c.core.UnfiredFragmentCandidates - event 106 - After 0
18:10:59.483 [pool-1-thread-2] INFO  c.c.core.UnfiredFragmentCandidates - input for 106, 0
18:11:03.333 [pool-1-thread-2] INFO  c.crawljax.core.state.StateMachine - CLONE State detected: state144 and state44 are the same.
18:11:03.352 [pool-1-thread-2] INFO  com.crawljax.core.Crawler -  Event xpath /HTML[1]/BODY[1]/DIV[4]/DIV[1]/DIV[2]/UL[1]/LI[4]/A[1]
18:11:03.385 [pool-1-thread-2] INFO  com.crawljax.core.Crawler - Changing related inputs for 107 with 0  to 0 
18:11:03.543 [pool-1-thread-2] INFO  c.c.core.UnfiredFragmentCandidates - Changing related inputs to worked inputs 0 for 107
18:11:03.543 [pool-1-thread-2] INFO  c.c.core.UnfiredFragmentCandidates - event 107 - Before 0
18:11:03.543 [pool-1-thread-2] INFO  c.c.core.UnfiredFragmentCandidates - event 107 - After 0
18:11:03.543 [pool-1-thread-2] INFO  c.c.core.UnfiredFragmentCandidates - input for 107, 0
18:11:07.560 [pool-1-thread-2] INFO  c.crawljax.core.state.StateMachine - CLONE State detected: state145 and state132 are the same.
18:11:07.578 [pool-1-thread-2] INFO  com.crawljax.core.Crawler -  Event xpath /HTML[1]/BODY[1]/DIV[4]/DIV[1]/DIV[1]/DIV[2]/DIV[1]/UL[1]/LI[1]/A[1]
18:11:07.613 [pool-1-thread-2] INFO  com.crawljax.core.Crawler - Changing related inputs for 108 with 0  to 0 
18:11:07.760 [pool-1-thread-2] INFO  c.c.core.UnfiredFragmentCandidates - Changing related inputs to worked inputs 0 for 108
18:11:07.761 [pool-1-thread-2] INFO  c.c.core.UnfiredFragmentCandidates - event 108 - Before 0
18:11:07.761 [pool-1-thread-2] INFO  c.c.core.UnfiredFragmentCandidates - event 108 - After 0
18:11:07.761 [pool-1-thread-2] INFO  c.c.core.UnfiredFragmentCandidates - input for 108, 0
18:11:11.614 [pool-1-thread-2] INFO  c.c.c.state.InMemoryStateFlowGraph - Number of states in the graph is now 50
18:11:11.614 [pool-1-thread-2] INFO  c.crawljax.core.state.StateMachine - State state146 added to the StateMachine.
18:11:11.810 [pool-1-thread-2] INFO  com.crawljax.core.Crawler - New DOM is a new state! crawl depth is now 4
18:11:11.810 [pool-1-thread-2] INFO  com.crawljax.core.Crawler - Parsing DOM of state state146 for candidate elements
18:11:11.824 [pool-1-thread-2] INFO  c.c.core.UnfiredFragmentCandidates - There are 33 states with unfired actions: [46, 0, 48, 51, 53, 56, 9, 61, 63, 66, 68, 70, 73, 31, 81, 83, 86, 88, 33, 112, 115, 35, 121, 36, 37, 128, 130, 132, 134, 42, 139, 141, 146]
18:11:11.841 [pool-1-thread-2] INFO  com.crawljax.core.Crawler -  Event xpath /HTML[1]/BODY[1]/DIV[4]/DIV[1]/DIV[1]/DIV[1]/A[1]
18:11:11.874 [pool-1-thread-2] INFO  com.crawljax.core.Crawler - Changing related inputs for 109 with 0  to 0 
18:11:12.007 [pool-1-thread-2] INFO  c.c.core.UnfiredFragmentCandidates - Changing related inputs to worked inputs 0 for 109
18:11:12.007 [pool-1-thread-2] INFO  c.c.core.UnfiredFragmentCandidates - event 109 - Before 0
18:11:12.007 [pool-1-thread-2] INFO  c.c.core.UnfiredFragmentCandidates - event 109 - After 0
18:11:12.007 [pool-1-thread-2] INFO  c.c.core.UnfiredFragmentCandidates - input for 109, 0
18:11:16.014 [pool-1-thread-2] INFO  c.crawljax.core.state.StateMachine - CLONE State detected: state147 and index are the same.
18:11:16.032 [pool-1-thread-2] INFO  com.crawljax.core.Crawler -  Event xpath /HTML[1]/BODY[1]/DIV[4]/DIV[1]/DIV[2]/UL[1]/LI[7]/A[1]
18:11:16.068 [pool-1-thread-2] INFO  com.crawljax.core.Crawler - Changing related inputs for 110 with 0  to 0 
18:11:16.221 [pool-1-thread-2] INFO  c.c.core.UnfiredFragmentCandidates - Changing related inputs to worked inputs 0 for 110
18:11:16.221 [pool-1-thread-2] INFO  c.c.core.UnfiredFragmentCandidates - event 110 - Before 0
18:11:16.221 [pool-1-thread-2] INFO  c.c.core.UnfiredFragmentCandidates - event 110 - After 0
18:11:16.221 [pool-1-thread-2] INFO  c.c.core.UnfiredFragmentCandidates - input for 110, 0
18:11:20.967 [pool-1-thread-2] INFO  c.c.c.state.InMemoryStateFlowGraph - Number of states in the graph is now 51
18:11:20.967 [pool-1-thread-2] INFO  c.crawljax.core.state.StateMachine - State state148 added to the StateMachine.
18:11:21.134 [pool-1-thread-2] INFO  com.crawljax.core.Crawler - New DOM is a new state! crawl depth is now 5
18:11:21.135 [pool-1-thread-2] INFO  com.crawljax.core.Crawler - Parsing DOM of state state148 for candidate elements
18:11:21.149 [pool-1-thread-2] INFO  c.c.core.UnfiredFragmentCandidates - There are 34 states with unfired actions: [46, 0, 48, 51, 53, 56, 9, 61, 63, 66, 68, 70, 73, 31, 81, 83, 86, 88, 33, 112, 115, 35, 121, 36, 37, 128, 130, 132, 134, 42, 139, 141, 146, 148]
18:11:21.164 [pool-1-thread-2] INFO  com.crawljax.core.Crawler -  Event xpath /HTML[1]/BODY[1]/DIV[4]/DIV[1]/DIV[1]/DIV[1]/A[1]
18:11:21.192 [pool-1-thread-2] INFO  com.crawljax.core.Crawler - Changing related inputs for 111 with 0  to 0 
18:11:21.328 [pool-1-thread-2] INFO  c.c.core.UnfiredFragmentCandidates - Changing related inputs to worked inputs 0 for 111
18:11:21.328 [pool-1-thread-2] INFO  c.c.core.UnfiredFragmentCandidates - event 111 - Before 0
18:11:21.328 [pool-1-thread-2] INFO  c.c.core.UnfiredFragmentCandidates - event 111 - After 0
18:11:21.328 [pool-1-thread-2] INFO  c.c.core.UnfiredFragmentCandidates - input for 111, 0
18:11:25.625 [pool-1-thread-2] INFO  c.crawljax.core.state.StateMachine - CLONE State detected: state149 and index are the same.
18:11:25.643 [pool-1-thread-2] INFO  com.crawljax.core.Crawler -  Event xpath /HTML[1]/BODY[1]/DIV[4]/DIV[1]/DIV[2]/DIV[1]/A[1]
18:11:25.678 [pool-1-thread-2] INFO  com.crawljax.core.Crawler - Changing related inputs for 112 with 0  to 0 
18:11:25.821 [pool-1-thread-2] INFO  c.c.core.UnfiredFragmentCandidates - Changing related inputs to worked inputs 0 for 112
18:11:25.821 [pool-1-thread-2] INFO  c.c.core.UnfiredFragmentCandidates - event 112 - Before 0
18:11:25.821 [pool-1-thread-2] INFO  c.c.core.UnfiredFragmentCandidates - event 112 - After 0
18:11:25.821 [pool-1-thread-2] INFO  c.c.core.UnfiredFragmentCandidates - input for 112, 0
18:11:25.901 [pool-1-thread-2] INFO  com.crawljax.core.Crawler - Found an invisible link with href=
18:11:30.418 [pool-1-thread-2] INFO  c.crawljax.core.state.StateMachine - CLONE State detected: state150 and state9 are the same.
18:11:30.437 [pool-1-thread-2] INFO  com.crawljax.core.Crawler -  Event xpath /HTML[1]/BODY[1]/DIV[4]/DIV[1]/DIV[2]/UL[1]/LI[4]/A[1]
18:11:30.471 [pool-1-thread-2] INFO  com.crawljax.core.Crawler - Changing related inputs for 113 with 0  to 0 
18:11:30.617 [pool-1-thread-2] INFO  c.c.core.UnfiredFragmentCandidates - Changing related inputs to worked inputs 0 for 113
18:11:30.617 [pool-1-thread-2] INFO  c.c.core.UnfiredFragmentCandidates - event 113 - Before 0
18:11:30.617 [pool-1-thread-2] INFO  c.c.core.UnfiredFragmentCandidates - event 113 - After 0
18:11:30.617 [pool-1-thread-2] INFO  c.c.core.UnfiredFragmentCandidates - input for 113, 0
18:11:34.576 [pool-1-thread-2] INFO  c.crawljax.core.state.StateMachine - CLONE State detected: state151 and state132 are the same.
18:11:34.595 [pool-1-thread-2] INFO  com.crawljax.core.Crawler -  Event xpath /HTML[1]/BODY[1]/DIV[4]/DIV[1]/DIV[1]/DIV[2]/DIV[1]/UL[1]/LI[2]/A[1]
18:11:34.631 [pool-1-thread-2] INFO  com.crawljax.core.Crawler - Changing related inputs for 114 with 0  to 0 
18:11:34.785 [pool-1-thread-2] INFO  c.c.core.UnfiredFragmentCandidates - Changing related inputs to worked inputs 0 for 114
18:11:34.785 [pool-1-thread-2] INFO  c.c.core.UnfiredFragmentCandidates - event 114 - Before 0
18:11:34.785 [pool-1-thread-2] INFO  c.c.core.UnfiredFragmentCandidates - event 114 - After 0
18:11:34.785 [pool-1-thread-2] INFO  c.c.core.UnfiredFragmentCandidates - input for 114, 0
18:11:38.650 [pool-1-thread-2] INFO  c.crawljax.core.state.StateMachine - CLONE State detected: state152 and state44 are the same.
18:11:38.666 [pool-1-thread-2] INFO  com.crawljax.core.Crawler -  Event xpath /HTML[1]/BODY[1]/DIV[4]/DIV[1]/DIV[2]/UL[1]/LI[5]/A[1]
18:11:38.694 [pool-1-thread-2] INFO  com.crawljax.core.Crawler - Changing related inputs for 115 with 0  to 0 
18:11:38.838 [pool-1-thread-2] INFO  c.c.core.UnfiredFragmentCandidates - Changing related inputs to worked inputs 0 for 115
18:11:38.839 [pool-1-thread-2] INFO  c.c.core.UnfiredFragmentCandidates - event 115 - Before 0
18:11:38.839 [pool-1-thread-2] INFO  c.c.core.UnfiredFragmentCandidates - event 115 - After 0
18:11:38.839 [pool-1-thread-2] INFO  c.c.core.UnfiredFragmentCandidates - input for 115, 0
18:11:42.824 [pool-1-thread-2] INFO  c.crawljax.core.state.StateMachine - CLONE State detected: state153 and state134 are the same.
18:11:42.842 [pool-1-thread-2] INFO  com.crawljax.core.Crawler -  Event xpath /HTML[1]/BODY[1]/DIV[4]/DIV[1]/DIV[1]/DIV[2]/DIV[1]/UL[1]/LI[1]/A[1]
18:11:42.872 [pool-1-thread-2] INFO  com.crawljax.core.Crawler - Changing related inputs for 116 with 0  to 0 
18:11:43.005 [pool-1-thread-2] INFO  c.c.core.UnfiredFragmentCandidates - Changing related inputs to worked inputs 0 for 116
18:11:43.006 [pool-1-thread-2] INFO  c.c.core.UnfiredFragmentCandidates - event 116 - Before 0
18:11:43.006 [pool-1-thread-2] INFO  c.c.core.UnfiredFragmentCandidates - event 116 - After 0
18:11:43.006 [pool-1-thread-2] INFO  c.c.core.UnfiredFragmentCandidates - input for 116, 0
18:11:46.823 [pool-1-thread-2] INFO  c.c.c.state.InMemoryStateFlowGraph - Number of states in the graph is now 52
18:11:46.823 [pool-1-thread-2] INFO  c.crawljax.core.state.StateMachine - State state154 added to the StateMachine.
18:11:46.996 [pool-1-thread-2] INFO  com.crawljax.core.Crawler - New DOM is a new state! crawl depth is now 6
18:11:46.997 [pool-1-thread-2] INFO  com.crawljax.core.Crawler - Parsing DOM of state state154 for candidate elements
18:11:47.008 [pool-1-thread-2] INFO  c.c.core.UnfiredFragmentCandidates - There are 35 states with unfired actions: [46, 0, 48, 51, 53, 56, 9, 61, 63, 66, 68, 70, 73, 31, 81, 83, 86, 88, 33, 112, 115, 35, 121, 36, 37, 128, 130, 132, 134, 42, 139, 141, 146, 148, 154]
18:11:47.026 [pool-1-thread-2] INFO  com.crawljax.core.Crawler -  Event xpath /HTML[1]/BODY[1]/DIV[4]/DIV[1]/DIV[1]/DIV[1]/A[1]
18:11:47.059 [pool-1-thread-2] INFO  com.crawljax.core.Crawler - Changing related inputs for 117 with 0  to 0 
18:11:47.216 [pool-1-thread-2] INFO  c.c.core.UnfiredFragmentCandidates - Changing related inputs to worked inputs 0 for 117
18:11:47.216 [pool-1-thread-2] INFO  c.c.core.UnfiredFragmentCandidates - event 117 - Before 0
18:11:47.216 [pool-1-thread-2] INFO  c.c.core.UnfiredFragmentCandidates - event 117 - After 0
18:11:47.216 [pool-1-thread-2] INFO  c.c.core.UnfiredFragmentCandidates - input for 117, 0
18:11:51.184 [pool-1-thread-2] INFO  c.crawljax.core.state.StateMachine - CLONE State detected: state155 and state9 are the same.
18:11:51.202 [pool-1-thread-2] INFO  com.crawljax.core.Crawler -  Event xpath /HTML[1]/BODY[1]/DIV[4]/DIV[1]/DIV[2]/UL[1]/LI[5]/A[1]
18:11:51.233 [pool-1-thread-2] INFO  com.crawljax.core.Crawler - Changing related inputs for 118 with 0  to 0 
18:11:51.383 [pool-1-thread-2] INFO  c.c.core.UnfiredFragmentCandidates - Changing related inputs to worked inputs 0 for 118
18:11:51.383 [pool-1-thread-2] INFO  c.c.core.UnfiredFragmentCandidates - event 118 - Before 0
18:11:51.383 [pool-1-thread-2] INFO  c.c.core.UnfiredFragmentCandidates - event 118 - After 0
18:11:51.383 [pool-1-thread-2] INFO  c.c.core.UnfiredFragmentCandidates - input for 118, 0
18:11:55.341 [pool-1-thread-2] INFO  c.crawljax.core.state.StateMachine - CLONE State detected: state156 and state134 are the same.
18:11:55.360 [pool-1-thread-2] INFO  com.crawljax.core.Crawler -  Event xpath /HTML[1]/BODY[1]/DIV[4]/DIV[1]/DIV[1]/DIV[2]/DIV[1]/UL[1]/LI[2]/A[1]
18:11:55.397 [pool-1-thread-2] INFO  com.crawljax.core.Crawler - Changing related inputs for 119 with 0  to 0 
18:11:55.555 [pool-1-thread-2] INFO  c.c.core.UnfiredFragmentCandidates - Changing related inputs to worked inputs 0 for 119
18:11:55.555 [pool-1-thread-2] INFO  c.c.core.UnfiredFragmentCandidates - event 119 - Before 0
18:11:55.555 [pool-1-thread-2] INFO  c.c.core.UnfiredFragmentCandidates - event 119 - After 0
18:11:55.555 [pool-1-thread-2] INFO  c.c.core.UnfiredFragmentCandidates - input for 119, 0
18:11:59.422 [pool-1-thread-2] INFO  c.crawljax.core.state.StateMachine - CLONE State detected: state157 and state44 are the same.
18:11:59.443 [pool-1-thread-2] INFO  com.crawljax.core.Crawler -  Event xpath /HTML[1]/BODY[1]/DIV[4]/DIV[1]/DIV[2]/UL[1]/LI[6]/A[1]
18:11:59.476 [pool-1-thread-2] INFO  com.crawljax.core.Crawler - Changing related inputs for 120 with 0  to 0 
18:11:59.636 [pool-1-thread-2] INFO  c.c.core.UnfiredFragmentCandidates - Changing related inputs to worked inputs 0 for 120
18:11:59.637 [pool-1-thread-2] INFO  c.c.core.UnfiredFragmentCandidates - event 120 - Before 0
18:11:59.637 [pool-1-thread-2] INFO  c.c.core.UnfiredFragmentCandidates - event 120 - After 0
18:11:59.637 [pool-1-thread-2] INFO  c.c.core.UnfiredFragmentCandidates - input for 120, 0
18:12:05.828 [pool-1-thread-2] INFO  c.crawljax.core.state.StateMachine - CLONE State detected: state158 and state141 are the same.
18:12:05.849 [pool-1-thread-2] INFO  com.crawljax.core.Crawler -  Event xpath /HTML[1]/BODY[1]/DIV[4]/DIV[1]/DIV[1]/DIV[2]/DIV[1]/UL[1]/LI[1]/A[1]
18:12:05.885 [pool-1-thread-2] INFO  com.crawljax.core.Crawler - Changing related inputs for 121 with 0  to 0 
18:12:06.041 [pool-1-thread-2] INFO  c.c.core.UnfiredFragmentCandidates - Changing related inputs to worked inputs 0 for 121
18:12:06.041 [pool-1-thread-2] INFO  c.c.core.UnfiredFragmentCandidates - event 121 - Before 0
18:12:06.041 [pool-1-thread-2] INFO  c.c.core.UnfiredFragmentCandidates - event 121 - After 0
18:12:06.041 [pool-1-thread-2] INFO  c.c.core.UnfiredFragmentCandidates - input for 121, 0
18:12:10.026 [pool-1-thread-2] INFO  c.c.c.state.InMemoryStateFlowGraph - Number of states in the graph is now 53
18:12:10.026 [pool-1-thread-2] INFO  c.crawljax.core.state.StateMachine - State state159 added to the StateMachine.
18:12:10.222 [pool-1-thread-2] INFO  com.crawljax.core.Crawler - New DOM is a new state! crawl depth is now 7
18:12:10.222 [pool-1-thread-2] INFO  com.crawljax.core.Crawler - Parsing DOM of state state159 for candidate elements
18:12:10.237 [pool-1-thread-2] INFO  c.c.core.UnfiredFragmentCandidates - There are 36 states with unfired actions: [46, 0, 48, 51, 53, 56, 9, 61, 63, 66, 68, 70, 73, 31, 81, 83, 86, 88, 33, 112, 115, 35, 121, 36, 37, 128, 130, 132, 134, 42, 139, 141, 146, 148, 154, 159]
18:12:10.256 [pool-1-thread-2] INFO  com.crawljax.core.Crawler -  Event xpath /HTML[1]/BODY[1]/DIV[4]/DIV[1]/DIV[1]/DIV[1]/A[1]
18:12:10.285 [pool-1-thread-2] INFO  com.crawljax.core.Crawler - Changing related inputs for 122 with 0  to 0 
18:12:10.440 [pool-1-thread-2] INFO  c.c.core.UnfiredFragmentCandidates - Changing related inputs to worked inputs 0 for 122
18:12:10.440 [pool-1-thread-2] INFO  c.c.core.UnfiredFragmentCandidates - event 122 - Before 0
18:12:10.441 [pool-1-thread-2] INFO  c.c.core.UnfiredFragmentCandidates - event 122 - After 0
18:12:10.441 [pool-1-thread-2] INFO  c.c.core.UnfiredFragmentCandidates - input for 122, 0
18:12:14.468 [pool-1-thread-2] INFO  c.crawljax.core.state.StateMachine - CLONE State detected: state160 and index are the same.
18:12:14.488 [pool-1-thread-2] INFO  com.crawljax.core.Crawler -  Event xpath /HTML[1]/BODY[1]/DIV[4]/DIV[1]/DIV[2]/UL[2]/LI[1]/A[1]
18:12:14.526 [pool-1-thread-2] INFO  com.crawljax.core.Crawler - Changing related inputs for 123 with 0  to 0 
18:12:14.690 [pool-1-thread-2] INFO  c.c.core.UnfiredFragmentCandidates - Changing related inputs to worked inputs 0 for 123
18:12:14.690 [pool-1-thread-2] INFO  c.c.core.UnfiredFragmentCandidates - event 123 - Before 0
18:12:14.690 [pool-1-thread-2] INFO  c.c.core.UnfiredFragmentCandidates - event 123 - After 0
18:12:14.690 [pool-1-thread-2] INFO  c.c.core.UnfiredFragmentCandidates - input for 123, 0
18:12:14.762 [pool-1-thread-2] INFO  com.crawljax.core.Crawler - Found an invisible link with href=/books
18:12:17.867 [pool-1-thread-2] INFO  c.crawljax.core.state.StateMachine - CLONE State detected: state161 and state63 are the same.
18:12:17.884 [pool-1-thread-2] INFO  com.crawljax.core.Crawler -  Event xpath /HTML[1]/BODY[1]/DIV[4]/DIV[1]/DIV[1]/DIV[2]/DIV[1]/UL[1]/LI[3]/A[1]
18:12:17.919 [pool-1-thread-2] INFO  com.crawljax.core.Crawler - Changing related inputs for 124 with 0  to 0 
18:12:18.067 [pool-1-thread-2] INFO  c.c.core.UnfiredFragmentCandidates - Changing related inputs to worked inputs 0 for 124
18:12:18.067 [pool-1-thread-2] INFO  c.c.core.UnfiredFragmentCandidates - event 124 - Before 0
18:12:18.067 [pool-1-thread-2] INFO  c.c.core.UnfiredFragmentCandidates - event 124 - After 0
18:12:18.067 [pool-1-thread-2] INFO  c.c.core.UnfiredFragmentCandidates - input for 124, 0
18:12:21.891 [pool-1-thread-2] INFO  c.crawljax.core.state.StateMachine - CLONE State detected: state162 and state46 are the same.
18:12:21.908 [pool-1-thread-2] INFO  com.crawljax.core.Crawler -  Event xpath /HTML[1]/BODY[1]/DIV[4]/DIV[1]/DIV[1]/DIV[2]/DIV[1]/UL[1]/LI[3]/A[1]
18:12:21.931 [pool-1-thread-2] INFO  com.crawljax.core.Crawler - Changing related inputs for 125 with 0  to 0 
18:12:22.058 [pool-1-thread-2] INFO  c.c.core.UnfiredFragmentCandidates - Changing related inputs to worked inputs 0 for 125
18:12:22.058 [pool-1-thread-2] INFO  c.c.core.UnfiredFragmentCandidates - event 125 - Before 0
18:12:22.058 [pool-1-thread-2] INFO  c.c.core.UnfiredFragmentCandidates - event 125 - After 0
18:12:22.058 [pool-1-thread-2] INFO  c.c.core.UnfiredFragmentCandidates - input for 125, 0
18:12:25.910 [pool-1-thread-2] INFO  com.crawljax.core.Crawler -  Event xpath /HTML[1]/BODY[1]/DIV[4]/DIV[1]/DIV[1]/DIV[2]/DIV[1]/UL[1]/LI[4]/A[1]
18:12:25.937 [pool-1-thread-2] INFO  com.crawljax.core.Crawler - Changing related inputs for 126 with 0  to 0 
18:12:26.085 [pool-1-thread-2] INFO  c.c.core.UnfiredFragmentCandidates - Changing related inputs to worked inputs 0 for 126
18:12:26.085 [pool-1-thread-2] INFO  c.c.core.UnfiredFragmentCandidates - event 126 - Before 0
18:12:26.085 [pool-1-thread-2] INFO  c.c.core.UnfiredFragmentCandidates - event 126 - After 0
18:12:26.085 [pool-1-thread-2] INFO  c.c.core.UnfiredFragmentCandidates - input for 126, 0
18:12:29.895 [pool-1-thread-2] INFO  c.crawljax.core.state.StateMachine - CLONE State detected: state164 and state53 are the same.
18:12:29.907 [pool-1-thread-2] INFO  com.crawljax.core.Crawler -  Event xpath /HTML[1]/BODY[1]/DIV[4]/DIV[1]/DIV[1]/DIV[2]/DIV[1]/UL[1]/LI[3]/A[1]
18:12:29.926 [pool-1-thread-2] INFO  com.crawljax.core.Crawler - Changing related inputs for 127 with 0  to 0 
18:12:30.023 [pool-1-thread-2] INFO  c.c.core.UnfiredFragmentCandidates - Changing related inputs to worked inputs 0 for 127
18:12:30.024 [pool-1-thread-2] INFO  c.c.core.UnfiredFragmentCandidates - event 127 - Before 0
18:12:30.024 [pool-1-thread-2] INFO  c.c.core.UnfiredFragmentCandidates - event 127 - After 0
18:12:30.024 [pool-1-thread-2] INFO  c.c.core.UnfiredFragmentCandidates - input for 127, 0
18:12:33.743 [pool-1-thread-2] INFO  c.crawljax.core.state.StateMachine - CLONE State detected: state165 and state46 are the same.
18:12:33.756 [pool-1-thread-2] INFO  com.crawljax.core.Crawler -  Event xpath /HTML[1]/BODY[1]/DIV[4]/DIV[1]/DIV[2]/UL[1]/LI[1]/A[1]
18:12:33.776 [pool-1-thread-2] INFO  com.crawljax.core.Crawler - Changing related inputs for 128 with 0  to 0 
18:12:33.884 [pool-1-thread-2] INFO  c.c.core.UnfiredFragmentCandidates - Changing related inputs to worked inputs 0 for 128
18:12:33.884 [pool-1-thread-2] INFO  c.c.core.UnfiredFragmentCandidates - event 128 - Before 0
18:12:33.884 [pool-1-thread-2] INFO  c.c.core.UnfiredFragmentCandidates - event 128 - After 0
18:12:33.885 [pool-1-thread-2] INFO  c.c.core.UnfiredFragmentCandidates - input for 128, 0
18:12:39.162 [pool-1-thread-2] INFO  c.crawljax.core.state.StateMachine - CLONE State detected: state166 and state63 are the same.
18:12:39.182 [pool-1-thread-2] INFO  com.crawljax.core.Crawler -  Event xpath /HTML[1]/BODY[1]/DIV[4]/DIV[1]/DIV[1]/DIV[2]/DIV[1]/UL[1]/LI[4]/A[1]
18:12:39.219 [pool-1-thread-2] INFO  com.crawljax.core.Crawler - Changing related inputs for 129 with 0  to 0 
18:12:39.335 [pool-1-thread-2] INFO  c.c.core.UnfiredFragmentCandidates - Changing related inputs to worked inputs 0 for 129
18:12:39.335 [pool-1-thread-2] INFO  c.c.core.UnfiredFragmentCandidates - event 129 - Before 0
18:12:39.335 [pool-1-thread-2] INFO  c.c.core.UnfiredFragmentCandidates - event 129 - After 0
18:12:39.335 [pool-1-thread-2] INFO  c.c.core.UnfiredFragmentCandidates - input for 129, 0
18:12:43.152 [pool-1-thread-2] INFO  c.crawljax.core.state.StateMachine - CLONE State detected: state167 and state53 are the same.
18:12:43.171 [pool-1-thread-2] INFO  com.crawljax.core.Crawler -  Event xpath /HTML[1]/BODY[1]/DIV[4]/DIV[1]/DIV[1]/DIV[2]/DIV[1]/UL[1]/LI[4]/A[1]
18:12:43.199 [pool-1-thread-2] INFO  com.crawljax.core.Crawler - Changing related inputs for 130 with 0  to 0 
18:12:43.340 [pool-1-thread-2] INFO  c.c.core.UnfiredFragmentCandidates - Changing related inputs to worked inputs 0 for 130
18:12:43.340 [pool-1-thread-2] INFO  c.c.core.UnfiredFragmentCandidates - event 130 - Before 0
18:12:43.340 [pool-1-thread-2] INFO  c.c.core.UnfiredFragmentCandidates - event 130 - After 0
18:12:43.340 [pool-1-thread-2] INFO  c.c.core.UnfiredFragmentCandidates - input for 130, 0
18:12:47.105 [pool-1-thread-2] INFO  com.crawljax.core.Crawler -  Event xpath /HTML[1]/BODY[1]/DIV[4]/DIV[1]/DIV[2]/UL[1]/LI[1]/A[1]
18:12:47.134 [pool-1-thread-2] INFO  com.crawljax.core.Crawler - Changing related inputs for 131 with 0  to 0 
18:12:47.270 [pool-1-thread-2] INFO  c.c.core.UnfiredFragmentCandidates - Changing related inputs to worked inputs 0 for 131
18:12:47.270 [pool-1-thread-2] INFO  c.c.core.UnfiredFragmentCandidates - event 131 - Before 0
18:12:47.270 [pool-1-thread-2] INFO  c.c.core.UnfiredFragmentCandidates - event 131 - After 0
18:12:47.270 [pool-1-thread-2] INFO  c.c.core.UnfiredFragmentCandidates - input for 131, 0
18:12:51.192 [pool-1-thread-2] INFO  c.crawljax.core.state.StateMachine - CLONE State detected: state169 and state63 are the same.
18:12:51.217 [pool-1-thread-2] INFO  com.crawljax.core.Crawler -  Event xpath /HTML[1]/BODY[1]/DIV[4]/DIV[1]/DIV[2]/UL[1]/LI[1]/A[1]
18:12:51.250 [pool-1-thread-2] INFO  com.crawljax.core.Crawler - Changing related inputs for 132 with 0  to 0 
18:12:51.382 [pool-1-thread-2] INFO  c.c.core.UnfiredFragmentCandidates - Changing related inputs to worked inputs 0 for 132
18:12:51.382 [pool-1-thread-2] INFO  c.c.core.UnfiredFragmentCandidates - event 132 - Before 0
18:12:51.382 [pool-1-thread-2] INFO  c.c.core.UnfiredFragmentCandidates - event 132 - After 0
18:12:51.382 [pool-1-thread-2] INFO  c.c.core.UnfiredFragmentCandidates - input for 132, 0
18:12:55.331 [pool-1-thread-2] INFO  com.crawljax.core.Crawler -  Event xpath /HTML[1]/BODY[1]/DIV[4]/DIV[1]/DIV[2]/UL[1]/LI[2]/A[1]
18:12:55.363 [pool-1-thread-2] INFO  com.crawljax.core.Crawler - Changing related inputs for 133 with 0  to 0 
18:12:55.508 [pool-1-thread-2] INFO  c.c.core.UnfiredFragmentCandidates - Changing related inputs to worked inputs 0 for 133
18:12:55.508 [pool-1-thread-2] INFO  c.c.core.UnfiredFragmentCandidates - event 133 - Before 0
18:12:55.509 [pool-1-thread-2] INFO  c.c.core.UnfiredFragmentCandidates - event 133 - After 0
18:12:55.509 [pool-1-thread-2] INFO  c.c.core.UnfiredFragmentCandidates - input for 133, 0
18:12:59.387 [pool-1-thread-2] INFO  c.crawljax.core.state.StateMachine - CLONE State detected: state171 and state68 are the same.
18:12:59.403 [pool-1-thread-2] INFO  com.crawljax.core.Crawler -  Event xpath /HTML[1]/BODY[1]/DIV[4]/DIV[1]/DIV[1]/DIV[2]/DIV[1]/UL[1]/LI[3]/A[1]
18:12:59.438 [pool-1-thread-2] INFO  com.crawljax.core.Crawler - Changing related inputs for 134 with 0  to 0 
18:12:59.599 [pool-1-thread-2] INFO  c.c.core.UnfiredFragmentCandidates - Changing related inputs to worked inputs 0 for 134
18:12:59.599 [pool-1-thread-2] INFO  c.c.core.UnfiredFragmentCandidates - event 134 - Before 0
18:12:59.599 [pool-1-thread-2] INFO  c.c.core.UnfiredFragmentCandidates - event 134 - After 0
18:12:59.599 [pool-1-thread-2] INFO  c.c.core.UnfiredFragmentCandidates - input for 134, 0
18:13:03.397 [pool-1-thread-2] INFO  c.crawljax.core.state.StateMachine - CLONE State detected: state172 and state46 are the same.
18:13:03.415 [pool-1-thread-2] INFO  com.crawljax.core.Crawler -  Event xpath /HTML[1]/BODY[1]/DIV[4]/DIV[1]/DIV[2]/UL[1]/LI[2]/A[1]
18:13:03.452 [pool-1-thread-2] INFO  com.crawljax.core.Crawler - Changing related inputs for 135 with 0  to 0 
18:13:03.595 [pool-1-thread-2] INFO  c.c.core.UnfiredFragmentCandidates - Changing related inputs to worked inputs 0 for 135
18:13:03.595 [pool-1-thread-2] INFO  c.c.core.UnfiredFragmentCandidates - event 135 - Before 0
18:13:03.595 [pool-1-thread-2] INFO  c.c.core.UnfiredFragmentCandidates - event 135 - After 0
18:13:03.595 [pool-1-thread-2] INFO  c.c.core.UnfiredFragmentCandidates - input for 135, 0
18:13:07.494 [pool-1-thread-2] INFO  c.crawljax.core.state.StateMachine - CLONE State detected: state173 and state68 are the same.
18:13:07.513 [pool-1-thread-2] INFO  com.crawljax.core.Crawler -  Event xpath /HTML[1]/BODY[1]/DIV[4]/DIV[1]/DIV[1]/DIV[2]/DIV[1]/UL[1]/LI[4]/A[1]
18:13:07.541 [pool-1-thread-2] INFO  com.crawljax.core.Crawler - Changing related inputs for 136 with 0  to 0 
18:13:07.686 [pool-1-thread-2] INFO  c.c.core.UnfiredFragmentCandidates - Changing related inputs to worked inputs 0 for 136
18:13:07.686 [pool-1-thread-2] INFO  c.c.core.UnfiredFragmentCandidates - event 136 - Before 0
18:13:07.686 [pool-1-thread-2] INFO  c.c.core.UnfiredFragmentCandidates - event 136 - After 0
18:13:07.686 [pool-1-thread-2] INFO  c.c.core.UnfiredFragmentCandidates - input for 136, 0
18:13:13.005 [pool-1-thread-2] INFO  c.crawljax.core.state.StateMachine - CLONE State detected: state174 and state53 are the same.
18:13:13.025 [pool-1-thread-2] INFO  com.crawljax.core.Crawler -  Event xpath /HTML[1]/BODY[1]/DIV[4]/DIV[1]/DIV[2]/UL[1]/LI[2]/A[1]
18:13:13.057 [pool-1-thread-2] INFO  com.crawljax.core.Crawler - Changing related inputs for 137 with 0  to 0 
18:13:13.235 [pool-1-thread-2] INFO  c.c.core.UnfiredFragmentCandidates - Changing related inputs to worked inputs 0 for 137
18:13:13.236 [pool-1-thread-2] INFO  c.c.core.UnfiredFragmentCandidates - event 137 - Before 0
18:13:13.236 [pool-1-thread-2] INFO  c.c.core.UnfiredFragmentCandidates - event 137 - After 0
18:13:13.236 [pool-1-thread-2] INFO  c.c.core.UnfiredFragmentCandidates - input for 137, 0
18:13:17.217 [pool-1-thread-2] INFO  c.crawljax.core.state.StateMachine - CLONE State detected: state175 and state68 are the same.
18:13:17.238 [pool-1-thread-2] INFO  com.crawljax.core.Crawler -  Event xpath /HTML[1]/BODY[1]/DIV[4]/DIV[1]/DIV[2]/UL[1]/LI[1]/A[1]
18:13:17.278 [pool-1-thread-2] INFO  com.crawljax.core.Crawler - Changing related inputs for 138 with 0  to 0 
18:13:17.437 [pool-1-thread-2] INFO  c.c.core.UnfiredFragmentCandidates - Changing related inputs to worked inputs 0 for 138
18:13:17.438 [pool-1-thread-2] INFO  c.c.core.UnfiredFragmentCandidates - event 138 - Before 0
18:13:17.438 [pool-1-thread-2] INFO  c.c.core.UnfiredFragmentCandidates - event 138 - After 0
18:13:17.438 [pool-1-thread-2] INFO  c.c.core.UnfiredFragmentCandidates - input for 138, 0
18:13:21.457 [pool-1-thread-2] INFO  c.crawljax.core.state.StateMachine - CLONE State detected: state176 and state63 are the same.
18:13:21.474 [pool-1-thread-2] INFO  com.crawljax.core.Crawler -  Event xpath /HTML[1]/BODY[1]/DIV[4]/DIV[1]/DIV[2]/UL[1]/LI[2]/UL[1]/LI[1]/A[1]
18:13:21.504 [pool-1-thread-2] INFO  com.crawljax.core.Crawler - Changing related inputs for 139 with 0  to 0 
18:13:21.653 [pool-1-thread-2] INFO  c.c.core.UnfiredFragmentCandidates - Changing related inputs to worked inputs 0 for 139
18:13:21.654 [pool-1-thread-2] INFO  c.c.core.UnfiredFragmentCandidates - event 139 - Before 0
18:13:21.654 [pool-1-thread-2] INFO  c.c.core.UnfiredFragmentCandidates - event 139 - After 0
18:13:21.654 [pool-1-thread-2] INFO  c.c.core.UnfiredFragmentCandidates - input for 139, 0
18:13:21.735 [pool-1-thread-2] INFO  com.crawljax.core.Crawler - Found an invisible link with href=/desktops
18:13:24.788 [pool-1-thread-2] INFO  c.crawljax.core.state.StateMachine - CLONE State detected: state177 and state70 are the same.
18:13:24.805 [pool-1-thread-2] INFO  com.crawljax.core.Crawler -  Event xpath /HTML[1]/BODY[1]/DIV[4]/DIV[1]/DIV[1]/DIV[2]/DIV[1]/UL[1]/LI[3]/A[1]
18:13:24.836 [pool-1-thread-2] INFO  com.crawljax.core.Crawler - Changing related inputs for 140 with 0  to 0 
18:13:24.981 [pool-1-thread-2] INFO  c.c.core.UnfiredFragmentCandidates - Changing related inputs to worked inputs 0 for 140
18:13:24.981 [pool-1-thread-2] INFO  c.c.core.UnfiredFragmentCandidates - event 140 - Before 0
18:13:24.981 [pool-1-thread-2] INFO  c.c.core.UnfiredFragmentCandidates - event 140 - After 0
18:13:24.981 [pool-1-thread-2] INFO  c.c.core.UnfiredFragmentCandidates - input for 140, 0
18:13:28.754 [pool-1-thread-2] INFO  c.crawljax.core.state.StateMachine - CLONE State detected: state178 and state46 are the same.
18:13:28.769 [pool-1-thread-2] INFO  com.crawljax.core.Crawler -  Event xpath /HTML[1]/BODY[1]/DIV[4]/DIV[1]/DIV[2]/UL[1]/LI[2]/UL[1]/LI[1]/A[1]
18:13:28.794 [pool-1-thread-2] INFO  com.crawljax.core.Crawler - Changing related inputs for 141 with 0  to 0 
18:13:28.922 [pool-1-thread-2] INFO  c.c.core.UnfiredFragmentCandidates - Changing related inputs to worked inputs 0 for 141
18:13:28.922 [pool-1-thread-2] INFO  c.c.core.UnfiredFragmentCandidates - event 141 - Before 0
18:13:28.922 [pool-1-thread-2] INFO  c.c.core.UnfiredFragmentCandidates - event 141 - After 0
18:13:28.922 [pool-1-thread-2] INFO  c.c.core.UnfiredFragmentCandidates - input for 141, 0
18:13:28.993 [pool-1-thread-2] INFO  com.crawljax.core.Crawler - Found an invisible link with href=/desktops
18:13:32.009 [pool-1-thread-2] INFO  c.crawljax.core.state.StateMachine - CLONE State detected: state179 and state70 are the same.
18:13:32.028 [pool-1-thread-2] INFO  com.crawljax.core.Crawler -  Event xpath /HTML[1]/BODY[1]/DIV[4]/DIV[1]/DIV[1]/DIV[2]/DIV[1]/UL[1]/LI[4]/A[1]
18:13:32.059 [pool-1-thread-2] INFO  com.crawljax.core.Crawler - Changing related inputs for 142 with 0  to 0 
18:13:32.196 [pool-1-thread-2] INFO  c.c.core.UnfiredFragmentCandidates - Changing related inputs to worked inputs 0 for 142
18:13:32.196 [pool-1-thread-2] INFO  c.c.core.UnfiredFragmentCandidates - event 142 - Before 0
18:13:32.196 [pool-1-thread-2] INFO  c.c.core.UnfiredFragmentCandidates - event 142 - After 0
18:13:32.196 [pool-1-thread-2] INFO  c.c.core.UnfiredFragmentCandidates - input for 142, 0
18:13:35.951 [pool-1-thread-2] INFO  c.crawljax.core.state.StateMachine - CLONE State detected: state180 and state53 are the same.
18:13:35.966 [pool-1-thread-2] INFO  com.crawljax.core.Crawler -  Event xpath /HTML[1]/BODY[1]/DIV[4]/DIV[1]/DIV[2]/UL[1]/LI[2]/UL[1]/LI[1]/A[1]
18:13:35.993 [pool-1-thread-2] INFO  com.crawljax.core.Crawler - Changing related inputs for 143 with 0  to 0 
18:13:36.138 [pool-1-thread-2] INFO  c.c.core.UnfiredFragmentCandidates - Changing related inputs to worked inputs 0 for 143
18:13:36.138 [pool-1-thread-2] INFO  c.c.core.UnfiredFragmentCandidates - event 143 - Before 0
18:13:36.138 [pool-1-thread-2] INFO  c.c.core.UnfiredFragmentCandidates - event 143 - After 0
18:13:36.138 [pool-1-thread-2] INFO  c.c.core.UnfiredFragmentCandidates - input for 143, 0
18:13:36.208 [pool-1-thread-2] INFO  com.crawljax.core.Crawler - Found an invisible link with href=/desktops
18:13:39.272 [pool-1-thread-2] INFO  c.crawljax.core.state.StateMachine - CLONE State detected: state181 and state70 are the same.
18:13:39.291 [pool-1-thread-2] INFO  com.crawljax.core.Crawler -  Event xpath /HTML[1]/BODY[1]/DIV[4]/DIV[1]/DIV[2]/UL[1]/LI[1]/A[1]
18:13:39.339 [pool-1-thread-2] INFO  com.crawljax.core.Crawler - Changing related inputs for 144 with 0  to 0 
18:13:39.485 [pool-1-thread-2] INFO  c.c.core.UnfiredFragmentCandidates - Changing related inputs to worked inputs 0 for 144
18:13:39.486 [pool-1-thread-2] INFO  c.c.core.UnfiredFragmentCandidates - event 144 - Before 0
18:13:39.486 [pool-1-thread-2] INFO  c.c.core.UnfiredFragmentCandidates - event 144 - After 0
18:13:39.486 [pool-1-thread-2] INFO  c.c.core.UnfiredFragmentCandidates - input for 144, 0
18:13:44.957 [pool-1-thread-2] INFO  c.crawljax.core.state.StateMachine - CLONE State detected: state182 and state63 are the same.
18:13:44.976 [pool-1-thread-2] INFO  com.crawljax.core.Crawler -  Event xpath /HTML[1]/BODY[1]/DIV[4]/DIV[1]/DIV[2]/UL[1]/LI[2]/UL[1]/LI[2]/A[1]
18:13:45.004 [pool-1-thread-2] INFO  com.crawljax.core.Crawler - Changing related inputs for 145 with 0  to 0 
18:13:45.179 [pool-1-thread-2] INFO  c.c.core.UnfiredFragmentCandidates - Changing related inputs to worked inputs 0 for 145
18:13:45.179 [pool-1-thread-2] INFO  c.c.core.UnfiredFragmentCandidates - event 145 - Before 0
18:13:45.179 [pool-1-thread-2] INFO  c.c.core.UnfiredFragmentCandidates - event 145 - After 0
18:13:45.179 [pool-1-thread-2] INFO  c.c.core.UnfiredFragmentCandidates - input for 145, 0
18:13:45.247 [pool-1-thread-2] INFO  com.crawljax.core.Crawler - Found an invisible link with href=/notebooks
18:13:48.351 [pool-1-thread-2] INFO  c.crawljax.core.state.StateMachine - CLONE State detected: state183 and state83 are the same.
18:13:48.371 [pool-1-thread-2] INFO  com.crawljax.core.Crawler -  Event xpath /HTML[1]/BODY[1]/DIV[4]/DIV[1]/DIV[1]/DIV[2]/DIV[1]/UL[1]/LI[3]/A[1]
18:13:48.405 [pool-1-thread-2] INFO  com.crawljax.core.Crawler - Changing related inputs for 146 with 0  to 0 
18:13:48.559 [pool-1-thread-2] INFO  c.c.core.UnfiredFragmentCandidates - Changing related inputs to worked inputs 0 for 146
18:13:48.559 [pool-1-thread-2] INFO  c.c.core.UnfiredFragmentCandidates - event 146 - Before 0
18:13:48.559 [pool-1-thread-2] INFO  c.c.core.UnfiredFragmentCandidates - event 146 - After 0
18:13:48.559 [pool-1-thread-2] INFO  c.c.core.UnfiredFragmentCandidates - input for 146, 0
18:13:52.333 [pool-1-thread-2] INFO  c.crawljax.core.state.StateMachine - CLONE State detected: state184 and state46 are the same.
18:13:52.345 [pool-1-thread-2] INFO  com.crawljax.core.Crawler -  Event xpath /HTML[1]/BODY[1]/DIV[4]/DIV[1]/DIV[2]/UL[1]/LI[2]/UL[1]/LI[2]/A[1]
18:13:52.364 [pool-1-thread-2] INFO  com.crawljax.core.Crawler - Changing related inputs for 147 with 0  to 0 
18:13:52.480 [pool-1-thread-2] INFO  c.c.core.UnfiredFragmentCandidates - Changing related inputs to worked inputs 0 for 147
18:13:52.480 [pool-1-thread-2] INFO  c.c.core.UnfiredFragmentCandidates - event 147 - Before 0
18:13:52.480 [pool-1-thread-2] INFO  c.c.core.UnfiredFragmentCandidates - event 147 - After 0
18:13:52.480 [pool-1-thread-2] INFO  c.c.core.UnfiredFragmentCandidates - input for 147, 0
18:13:52.537 [pool-1-thread-2] INFO  com.crawljax.core.Crawler - Found an invisible link with href=/notebooks
18:13:55.509 [pool-1-thread-2] INFO  c.crawljax.core.state.StateMachine - CLONE State detected: state185 and state83 are the same.
18:13:55.523 [pool-1-thread-2] INFO  com.crawljax.core.Crawler -  Event xpath /HTML[1]/BODY[1]/DIV[4]/DIV[1]/DIV[1]/DIV[2]/DIV[1]/UL[1]/LI[4]/A[1]
18:13:55.559 [pool-1-thread-2] INFO  com.crawljax.core.Crawler - Changing related inputs for 148 with 0  to 0 
18:13:55.683 [pool-1-thread-2] INFO  c.c.core.UnfiredFragmentCandidates - Changing related inputs to worked inputs 0 for 148
18:13:55.684 [pool-1-thread-2] INFO  c.c.core.UnfiredFragmentCandidates - event 148 - Before 0
18:13:55.684 [pool-1-thread-2] INFO  c.c.core.UnfiredFragmentCandidates - event 148 - After 0
18:13:55.684 [pool-1-thread-2] INFO  c.c.core.UnfiredFragmentCandidates - input for 148, 0
18:13:59.386 [pool-1-thread-2] INFO  c.crawljax.core.state.StateMachine - CLONE State detected: state186 and state53 are the same.
18:13:59.399 [pool-1-thread-2] INFO  com.crawljax.core.Crawler -  Event xpath /HTML[1]/BODY[1]/DIV[4]/DIV[1]/DIV[2]/UL[1]/LI[2]/UL[1]/LI[2]/A[1]
18:13:59.422 [pool-1-thread-2] INFO  com.crawljax.core.Crawler - Changing related inputs for 149 with 0  to 0 
18:13:59.588 [pool-1-thread-2] INFO  c.c.core.UnfiredFragmentCandidates - Changing related inputs to worked inputs 0 for 149
18:13:59.588 [pool-1-thread-2] INFO  c.c.core.UnfiredFragmentCandidates - event 149 - Before 0
18:13:59.588 [pool-1-thread-2] INFO  c.c.core.UnfiredFragmentCandidates - event 149 - After 0
18:13:59.589 [pool-1-thread-2] INFO  c.c.core.UnfiredFragmentCandidates - input for 149, 0
18:13:59.640 [pool-1-thread-2] INFO  com.crawljax.core.Crawler - Found an invisible link with href=/notebooks
18:14:02.600 [pool-1-thread-2] INFO  c.crawljax.core.state.StateMachine - CLONE State detected: state187 and state83 are the same.
18:14:02.618 [pool-1-thread-2] INFO  com.crawljax.core.Crawler -  Event xpath /HTML[1]/BODY[1]/DIV[4]/DIV[1]/DIV[2]/UL[1]/LI[1]/A[1]
18:14:02.646 [pool-1-thread-2] INFO  com.crawljax.core.Crawler - Changing related inputs for 150 with 0  to 0 
18:14:02.743 [pool-1-thread-2] INFO  c.c.core.UnfiredFragmentCandidates - Changing related inputs to worked inputs 0 for 150
18:14:02.743 [pool-1-thread-2] INFO  c.c.core.UnfiredFragmentCandidates - event 150 - Before 0
18:14:02.743 [pool-1-thread-2] INFO  c.c.core.UnfiredFragmentCandidates - event 150 - After 0
18:14:02.743 [pool-1-thread-2] INFO  c.c.core.UnfiredFragmentCandidates - input for 150, 0
18:14:06.564 [pool-1-thread-2] INFO  c.crawljax.core.state.StateMachine - CLONE State detected: state188 and state63 are the same.
18:14:06.580 [pool-1-thread-2] INFO  com.crawljax.core.Crawler -  Event xpath /HTML[1]/BODY[1]/DIV[4]/DIV[1]/DIV[2]/UL[1]/LI[2]/UL[1]/LI[3]/A[1]
18:14:06.617 [pool-1-thread-2] INFO  com.crawljax.core.Crawler - Changing related inputs for 151 with 0  to 0 
18:14:06.762 [pool-1-thread-2] INFO  c.c.core.UnfiredFragmentCandidates - Changing related inputs to worked inputs 0 for 151
18:14:06.762 [pool-1-thread-2] INFO  c.c.core.UnfiredFragmentCandidates - event 151 - Before 0
18:14:06.762 [pool-1-thread-2] INFO  c.c.core.UnfiredFragmentCandidates - event 151 - After 0
18:14:06.762 [pool-1-thread-2] INFO  c.c.core.UnfiredFragmentCandidates - input for 151, 0
18:14:06.830 [pool-1-thread-2] INFO  com.crawljax.core.Crawler - Found an invisible link with href=/accessories
18:14:09.932 [pool-1-thread-2] INFO  c.crawljax.core.state.StateMachine - CLONE State detected: state189 and state88 are the same.
18:14:09.960 [pool-1-thread-2] INFO  com.crawljax.core.Crawler -  Event xpath /HTML[1]/BODY[1]/DIV[4]/DIV[1]/DIV[1]/DIV[2]/DIV[1]/UL[1]/LI[3]/A[1]
18:14:09.992 [pool-1-thread-2] INFO  com.crawljax.core.Crawler - Changing related inputs for 152 with 0  to 0 
18:14:10.129 [pool-1-thread-2] INFO  c.c.core.UnfiredFragmentCandidates - Changing related inputs to worked inputs 0 for 152
18:14:10.129 [pool-1-thread-2] INFO  c.c.core.UnfiredFragmentCandidates - event 152 - Before 0
18:14:10.129 [pool-1-thread-2] INFO  c.c.core.UnfiredFragmentCandidates - event 152 - After 0
18:14:10.129 [pool-1-thread-2] INFO  c.c.core.UnfiredFragmentCandidates - input for 152, 0
18:14:13.931 [pool-1-thread-2] INFO  c.crawljax.core.state.StateMachine - CLONE State detected: state190 and state46 are the same.
18:14:13.955 [pool-1-thread-2] INFO  com.crawljax.core.Crawler -  Event xpath /HTML[1]/BODY[1]/DIV[4]/DIV[1]/DIV[2]/UL[1]/LI[2]/UL[1]/LI[3]/A[1]
18:14:13.989 [pool-1-thread-2] INFO  com.crawljax.core.Crawler - Changing related inputs for 153 with 0  to 0 
18:14:14.130 [pool-1-thread-2] INFO  c.c.core.UnfiredFragmentCandidates - Changing related inputs to worked inputs 0 for 153
18:14:14.130 [pool-1-thread-2] INFO  c.c.core.UnfiredFragmentCandidates - event 153 - Before 0
18:14:14.130 [pool-1-thread-2] INFO  c.c.core.UnfiredFragmentCandidates - event 153 - After 0
18:14:14.130 [pool-1-thread-2] INFO  c.c.core.UnfiredFragmentCandidates - input for 153, 0
18:14:14.200 [pool-1-thread-2] INFO  com.crawljax.core.Crawler - Found an invisible link with href=/accessories
18:14:18.725 [pool-1-thread-2] INFO  c.crawljax.core.state.StateMachine - CLONE State detected: state191 and state88 are the same.
18:14:18.741 [pool-1-thread-2] INFO  com.crawljax.core.Crawler -  Event xpath /HTML[1]/BODY[1]/DIV[4]/DIV[1]/DIV[1]/DIV[2]/DIV[1]/UL[1]/LI[4]/A[1]
18:14:18.774 [pool-1-thread-2] INFO  com.crawljax.core.Crawler - Changing related inputs for 154 with 0  to 0 
18:14:18.918 [pool-1-thread-2] INFO  c.c.core.UnfiredFragmentCandidates - Changing related inputs to worked inputs 0 for 154
18:14:18.918 [pool-1-thread-2] INFO  c.c.core.UnfiredFragmentCandidates - event 154 - Before 0
18:14:18.918 [pool-1-thread-2] INFO  c.c.core.UnfiredFragmentCandidates - event 154 - After 0
18:14:18.918 [pool-1-thread-2] INFO  c.c.core.UnfiredFragmentCandidates - input for 154, 0
18:14:22.801 [pool-1-thread-2] INFO  c.crawljax.core.state.StateMachine - CLONE State detected: state192 and state53 are the same.
18:14:22.821 [pool-1-thread-2] INFO  com.crawljax.core.Crawler -  Event xpath /HTML[1]/BODY[1]/DIV[4]/DIV[1]/DIV[2]/UL[1]/LI[2]/UL[1]/LI[3]/A[1]
18:14:22.843 [pool-1-thread-2] INFO  com.crawljax.core.Crawler - Changing related inputs for 155 with 0  to 0 
18:14:22.971 [pool-1-thread-2] INFO  c.c.core.UnfiredFragmentCandidates - Changing related inputs to worked inputs 0 for 155
18:14:22.971 [pool-1-thread-2] INFO  c.c.core.UnfiredFragmentCandidates - event 155 - Before 0
18:14:22.971 [pool-1-thread-2] INFO  c.c.core.UnfiredFragmentCandidates - event 155 - After 0
18:14:22.971 [pool-1-thread-2] INFO  c.c.core.UnfiredFragmentCandidates - input for 155, 0
18:14:23.044 [pool-1-thread-2] INFO  com.crawljax.core.Crawler - Found an invisible link with href=/accessories
18:14:26.117 [pool-1-thread-2] INFO  c.crawljax.core.state.StateMachine - CLONE State detected: state193 and state88 are the same.
18:14:26.135 [pool-1-thread-2] INFO  com.crawljax.core.Crawler -  Event xpath /HTML[1]/BODY[1]/DIV[4]/DIV[1]/DIV[2]/UL[1]/LI[1]/A[1]
18:14:26.166 [pool-1-thread-2] INFO  com.crawljax.core.Crawler - Changing related inputs for 156 with 0  to 0 
18:14:26.307 [pool-1-thread-2] INFO  c.c.core.UnfiredFragmentCandidates - Changing related inputs to worked inputs 0 for 156
18:14:26.307 [pool-1-thread-2] INFO  c.c.core.UnfiredFragmentCandidates - event 156 - Before 0
18:14:26.307 [pool-1-thread-2] INFO  c.c.core.UnfiredFragmentCandidates - event 156 - After 0
18:14:26.307 [pool-1-thread-2] INFO  c.c.core.UnfiredFragmentCandidates - input for 156, 0
18:14:30.294 [pool-1-thread-2] INFO  c.crawljax.core.state.StateMachine - CLONE State detected: state194 and state63 are the same.
18:14:30.318 [pool-1-thread-2] INFO  com.crawljax.core.Crawler -  Event xpath /HTML[1]/BODY[1]/DIV[4]/DIV[1]/DIV[2]/UL[1]/LI[3]/A[1]
18:14:30.347 [pool-1-thread-2] INFO  com.crawljax.core.Crawler - Changing related inputs for 157 with 0  to 0 
18:14:30.476 [pool-1-thread-2] INFO  c.c.core.UnfiredFragmentCandidates - Changing related inputs to worked inputs 0 for 157
18:14:30.477 [pool-1-thread-2] INFO  c.c.core.UnfiredFragmentCandidates - event 157 - Before 0
18:14:30.477 [pool-1-thread-2] INFO  c.c.core.UnfiredFragmentCandidates - event 157 - After 0
18:14:30.477 [pool-1-thread-2] INFO  c.c.core.UnfiredFragmentCandidates - input for 157, 0
18:14:34.365 [pool-1-thread-2] INFO  c.crawljax.core.state.StateMachine - CLONE State detected: state195 and state112 are the same.
18:14:34.382 [pool-1-thread-2] INFO  com.crawljax.core.Crawler -  Event xpath /HTML[1]/BODY[1]/DIV[4]/DIV[1]/DIV[1]/DIV[2]/DIV[1]/UL[1]/LI[3]/A[1]
18:14:34.412 [pool-1-thread-2] INFO  com.crawljax.core.Crawler - Changing related inputs for 158 with 0  to 0 
18:14:34.546 [pool-1-thread-2] INFO  c.c.core.UnfiredFragmentCandidates - Changing related inputs to worked inputs 0 for 158
18:14:34.546 [pool-1-thread-2] INFO  c.c.core.UnfiredFragmentCandidates - event 158 - Before 0
18:14:34.546 [pool-1-thread-2] INFO  c.c.core.UnfiredFragmentCandidates - event 158 - After 0
18:14:34.546 [pool-1-thread-2] INFO  c.c.core.UnfiredFragmentCandidates - input for 158, 0
18:14:38.299 [pool-1-thread-2] INFO  c.crawljax.core.state.StateMachine - CLONE State detected: state196 and state46 are the same.
18:14:38.321 [pool-1-thread-2] INFO  com.crawljax.core.Crawler -  Event xpath /HTML[1]/BODY[1]/DIV[4]/DIV[1]/DIV[2]/UL[1]/LI[3]/A[1]
18:14:38.348 [pool-1-thread-2] INFO  com.crawljax.core.Crawler - Changing related inputs for 159 with 0  to 0 
18:14:38.467 [pool-1-thread-2] INFO  c.c.core.UnfiredFragmentCandidates - Changing related inputs to worked inputs 0 for 159
18:14:38.468 [pool-1-thread-2] INFO  c.c.core.UnfiredFragmentCandidates - event 159 - Before 0
18:14:38.468 [pool-1-thread-2] INFO  c.c.core.UnfiredFragmentCandidates - event 159 - After 0
18:14:38.468 [pool-1-thread-2] INFO  c.c.core.UnfiredFragmentCandidates - input for 159, 0
18:14:42.312 [pool-1-thread-2] INFO  c.crawljax.core.state.StateMachine - CLONE State detected: state197 and state112 are the same.
18:14:42.329 [pool-1-thread-2] INFO  com.crawljax.core.Crawler -  Event xpath /HTML[1]/BODY[1]/DIV[4]/DIV[1]/DIV[1]/DIV[2]/DIV[1]/UL[1]/LI[4]/A[1]
18:14:42.363 [pool-1-thread-2] INFO  com.crawljax.core.Crawler - Changing related inputs for 160 with 0  to 0 
18:14:42.505 [pool-1-thread-2] INFO  c.c.core.UnfiredFragmentCandidates - Changing related inputs to worked inputs 0 for 160
18:14:42.506 [pool-1-thread-2] INFO  c.c.core.UnfiredFragmentCandidates - event 160 - Before 0
18:14:42.506 [pool-1-thread-2] INFO  c.c.core.UnfiredFragmentCandidates - event 160 - After 0
18:14:42.506 [pool-1-thread-2] INFO  c.c.core.UnfiredFragmentCandidates - input for 160, 0
18:14:46.288 [pool-1-thread-2] INFO  c.crawljax.core.state.StateMachine - CLONE State detected: state198 and state53 are the same.
18:14:46.304 [pool-1-thread-2] INFO  com.crawljax.core.Crawler -  Event xpath /HTML[1]/BODY[1]/DIV[4]/DIV[1]/DIV[2]/UL[1]/LI[3]/A[1]
18:14:46.331 [pool-1-thread-2] INFO  com.crawljax.core.Crawler - Changing related inputs for 161 with 0  to 0 
18:14:46.490 [pool-1-thread-2] INFO  c.c.core.UnfiredFragmentCandidates - Changing related inputs to worked inputs 0 for 161
18:14:46.490 [pool-1-thread-2] INFO  c.c.core.UnfiredFragmentCandidates - event 161 - Before 0
18:14:46.491 [pool-1-thread-2] INFO  c.c.core.UnfiredFragmentCandidates - event 161 - After 0
18:14:46.491 [pool-1-thread-2] INFO  c.c.core.UnfiredFragmentCandidates - input for 161, 0
18:14:51.894 [pool-1-thread-2] INFO  c.crawljax.core.state.StateMachine - CLONE State detected: state199 and state112 are the same.
18:14:51.910 [pool-1-thread-2] INFO  com.crawljax.core.Crawler -  Event xpath /HTML[1]/BODY[1]/DIV[4]/DIV[1]/DIV[2]/UL[1]/LI[1]/A[1]
18:14:51.940 [pool-1-thread-2] INFO  com.crawljax.core.Crawler - Changing related inputs for 162 with 0  to 0 
18:14:52.103 [pool-1-thread-2] INFO  c.c.core.UnfiredFragmentCandidates - Changing related inputs to worked inputs 0 for 162
18:14:52.103 [pool-1-thread-2] INFO  c.c.core.UnfiredFragmentCandidates - event 162 - Before 0
18:14:52.103 [pool-1-thread-2] INFO  c.c.core.UnfiredFragmentCandidates - event 162 - After 0
18:14:52.103 [pool-1-thread-2] INFO  c.c.core.UnfiredFragmentCandidates - input for 162, 0
18:14:56.140 [pool-1-thread-2] INFO  c.crawljax.core.state.StateMachine - CLONE State detected: state200 and state63 are the same.
18:14:56.157 [pool-1-thread-2] INFO  com.crawljax.core.Crawler -  Event xpath /HTML[1]/BODY[1]/DIV[4]/DIV[1]/DIV[2]/UL[1]/LI[3]/UL[1]/LI[1]/A[1]
18:14:56.191 [pool-1-thread-2] INFO  com.crawljax.core.Crawler - Changing related inputs for 163 with 0  to 0 
18:14:56.338 [pool-1-thread-2] INFO  c.c.core.UnfiredFragmentCandidates - Changing related inputs to worked inputs 0 for 163
18:14:56.338 [pool-1-thread-2] INFO  c.c.core.UnfiredFragmentCandidates - event 163 - Before 0
18:14:56.338 [pool-1-thread-2] INFO  c.c.core.UnfiredFragmentCandidates - event 163 - After 0
18:14:56.338 [pool-1-thread-2] INFO  c.c.core.UnfiredFragmentCandidates - input for 163, 0
18:14:56.406 [pool-1-thread-2] INFO  com.crawljax.core.Crawler - Found an invisible link with href=/camera-photo
18:14:59.434 [pool-1-thread-2] INFO  c.crawljax.core.state.StateMachine - CLONE State detected: state201 and state119 are the same.
18:14:59.451 [pool-1-thread-2] INFO  c.c.core.UnfiredFragmentCandidates - There are 37 states with unfired actions: [46, 0, 48, 51, 53, 56, 9, 61, 63, 66, 68, 70, 73, 31, 81, 83, 86, 88, 33, 112, 115, 35, 121, 36, 37, 128, 130, 132, 134, 42, 139, 141, 146, 148, 154, 159, 44]
18:14:59.451 [pool-1-thread-2] INFO  com.crawljax.core.Crawler - Resetting the crawler and Going to state state46
18:14:59.469 [pool-1-thread-2] INFO  com.crawljax.core.CrawlSession - Adding CrawlPath to session !!
18:14:59.469 [pool-1-thread-2] INFO  com.crawljax.core.Crawler - BT-state44:-1index_26_state44state44_100_state130state130_101_state139state139_102_indexindex_103_state141state141_104_state9state9_105_state130state130_106_state44state44_107_state132state132_108_state146state146_109_indexindex_110_state148state148_111_indexindex_112_state9state9_113_state132state132_114_state44state44_115_state134state134_116_state154state154_117_state9state9_118_state134state134_119_state44state44_120_state141state141_121_state159state159_122_indexindex_123_state63state63_124_state46state46_126_state53state53_127_state46state46_128_state63state63_129_state53state53_131_state63state63_133_state68state68_134_state46state46_135_state68state68_136_state53state53_137_state68state68_138_state63state63_139_state70state70_140_state46state46_141_state70state70_142_state53state53_143_state70state70_144_state63state63_145_state83state83_146_state46state46_147_state83state83_148_state53state53_149_state83state83_150_state63state63_151_state88state88_152_state46state46_153_state88state88_154_state53state53_155_state88state88_156_state63state63_157_state112state112_158_state46state46_159_state112state112_160_state53state53_161_state112state112_162_state63state63_163_state119
18:15:02.397 [pool-1-thread-2] INFO  com.crawljax.core.Crawler - index has changed to: state9
18:15:02.398 [pool-1-thread-2] INFO  com.crawljax.core.Crawler - Did not add reload edge from state119 to state9
18:15:02.398 [pool-1-thread-2] INFO  com.crawljax.core.Crawler - Initial state not the same as current state : Getting shortest path from current state
18:15:02.398 [pool-1-thread-2] INFO  c.c.core.UnfiredFragmentCandidates - input map size 163
18:15:02.399 [pool-1-thread-2] INFO  c.c.core.UnfiredFragmentCandidates - input map size 163
18:15:02.399 [pool-1-thread-2] INFO  com.crawljax.core.Crawler - Used a form input combination for backtracking 22
18:15:06.174 [pool-1-thread-2] INFO  com.crawljax.core.Crawler - Crawl depth is now 1
18:15:06.175 [pool-1-thread-2] INFO  com.crawljax.core.Crawler - backtrack status: true, reached NearDuplicate : -1 
18:15:06.175 [pool-1-thread-2] INFO  com.crawljax.core.Crawler -  Event xpath /HTML[1]/BODY[1]/DIV[4]/DIV[1]/DIV[2]/UL[1]/LI[3]/UL[1]/LI[1]/A[1]
18:15:06.202 [pool-1-thread-2] INFO  com.crawljax.core.Crawler - Changing related inputs for 164 with 0  to 0 
18:15:06.330 [pool-1-thread-2] INFO  c.c.core.UnfiredFragmentCandidates - Changing related inputs to worked inputs 0 for 164
18:15:06.330 [pool-1-thread-2] INFO  c.c.core.UnfiredFragmentCandidates - event 164 - Before 0
18:15:06.330 [pool-1-thread-2] INFO  c.c.core.UnfiredFragmentCandidates - event 164 - After 0
18:15:06.330 [pool-1-thread-2] INFO  c.c.core.UnfiredFragmentCandidates - input for 164, 0
18:15:06.397 [pool-1-thread-2] INFO  com.crawljax.core.Crawler - Found an invisible link with href=/camera-photo
18:15:09.362 [pool-1-thread-2] INFO  c.crawljax.core.state.StateMachine - CLONE State detected: state203 and state119 are the same.
18:15:09.378 [pool-1-thread-2] INFO  c.c.core.UnfiredFragmentCandidates - There are 37 states with unfired actions: [0, 48, 51, 53, 56, 9, 61, 63, 66, 68, 70, 73, 31, 81, 83, 86, 88, 33, 112, 115, 35, 121, 36, 37, 128, 130, 132, 134, 42, 139, 141, 146, 148, 154, 159, 44, 46]
18:15:09.378 [pool-1-thread-2] INFO  com.crawljax.core.Crawler - Resetting the crawler and Going to state index
18:15:09.392 [pool-1-thread-2] INFO  com.crawljax.core.CrawlSession - Adding CrawlPath to session !!
18:15:09.392 [pool-1-thread-2] INFO  com.crawljax.core.Crawler - BT-state46:-1state9_22_state46state46_164_state119
18:15:12.322 [pool-1-thread-2] INFO  com.crawljax.core.Crawler - index has changed to: state9
18:15:12.322 [pool-1-thread-2] INFO  com.crawljax.core.Crawler - Did not add reload edge from state119 to state9
18:15:12.322 [pool-1-thread-2] INFO  com.crawljax.core.Crawler - Initial state not the same as current state : Getting shortest path from current state
18:15:12.322 [pool-1-thread-2] INFO  c.c.core.UnfiredFragmentCandidates - input map size 164
18:15:12.322 [pool-1-thread-2] INFO  com.crawljax.core.Crawler - No Input Combination Found for 0
18:15:12.352 [pool-1-thread-2] INFO  com.crawljax.core.Crawler - Changing related inputs for 0 with 0  to 0 
18:15:12.392 [pool-1-thread-2] INFO  com.crawljax.core.Crawler - Not a valid path anymoreindex : index
18:15:12.392 [pool-1-thread-2] INFO  com.crawljax.core.Crawler - Tried to follow 
18:15:12.392 [pool-1-thread-2] INFO  com.crawljax.core.Crawler - state9_0_index
18:15:12.392 [pool-1-thread-2] INFO  com.crawljax.core.Crawler - Saving failed backtracking path to 0
18:15:12.392 [pool-1-thread-2] INFO  com.crawljax.core.Crawler - backtrack status: false, reached NearDuplicate : -1 
18:15:12.409 [pool-1-thread-2] INFO  com.crawljax.core.CrawlSession - Adding CrawlPath to session !!
18:15:12.410 [pool-1-thread-2] INFO  com.crawljax.core.Crawler - BT-state0:failed:-1state9_0_index
18:15:15.292 [pool-1-thread-2] INFO  com.crawljax.core.Crawler - index has changed to: state9
18:15:15.292 [pool-1-thread-2] INFO  com.crawljax.core.Crawler - Did not add reload edge from index to state9
18:15:15.293 [pool-1-thread-2] INFO  com.crawljax.core.Crawler - Not a valid path anymore index: index
18:15:15.294 [pool-1-thread-2] INFO  com.crawljax.core.Crawler - Tried to follow 
18:15:15.294 [pool-1-thread-2] INFO  com.crawljax.core.Crawler - 
18:15:15.294 [pool-1-thread-2] INFO  com.crawljax.core.Crawler - Saving failed backtracking path to 0
18:15:15.294 [pool-1-thread-2] INFO  com.crawljax.core.Crawler - backtrack status: false, reached NearDuplicate : -1 
18:15:18.182 [pool-1-thread-2] INFO  com.crawljax.core.Crawler - index has changed to: state9
18:15:18.183 [pool-1-thread-2] INFO  com.crawljax.core.Crawler - Did not add reload edge from state9 to state9
18:15:18.183 [pool-1-thread-2] INFO  com.crawljax.core.Crawler - Avoid path from state9 that is already tried
18:15:18.183 [pool-1-thread-2] INFO  com.crawljax.core.Crawler - state unreachable: Removing from candidate actions index
18:15:18.183 [pool-1-thread-2] INFO  c.c.core.UnfiredFragmentCandidates - Placing purged actions in unreachable cache for index
18:15:18.183 [pool-1-thread-2] INFO  com.crawljax.core.Crawler - Resetting the crawler and Going to state state48
18:15:21.089 [pool-1-thread-2] INFO  com.crawljax.core.Crawler - index has changed to: state9
18:15:21.089 [pool-1-thread-2] INFO  com.crawljax.core.Crawler - Did not add reload edge from state9 to state9
18:15:21.089 [pool-1-thread-2] INFO  com.crawljax.core.Crawler - Initial state not the same as current state : Getting shortest path from current state
18:15:21.089 [pool-1-thread-2] INFO  c.c.core.UnfiredFragmentCandidates - input map size 164
18:15:21.089 [pool-1-thread-2] INFO  com.crawljax.core.Crawler - No Input Combination Found for 0
18:15:21.116 [pool-1-thread-2] INFO  com.crawljax.core.Crawler - Changing related inputs for 0 with 0  to 0 
18:15:21.150 [pool-1-thread-2] INFO  com.crawljax.core.Crawler - Not a valid path anymoreindex : state48
18:15:21.150 [pool-1-thread-2] INFO  com.crawljax.core.Crawler - Tried to follow 
18:15:21.150 [pool-1-thread-2] INFO  com.crawljax.core.Crawler - state9_0_indexindex_24_state48
18:15:21.150 [pool-1-thread-2] INFO  com.crawljax.core.Crawler - Saving failed backtracking path to 48
18:15:21.150 [pool-1-thread-2] INFO  com.crawljax.core.Crawler - backtrack status: false, reached NearDuplicate : -1 
18:15:21.160 [pool-1-thread-2] INFO  com.crawljax.core.CrawlSession - Adding CrawlPath to session !!
18:15:21.161 [pool-1-thread-2] INFO  com.crawljax.core.Crawler - BT-state48:failed:-1state9_0_index
18:15:25.597 [pool-1-thread-2] INFO  com.crawljax.core.Crawler - index has changed to: state9
18:15:25.598 [pool-1-thread-2] INFO  com.crawljax.core.Crawler - Did not add reload edge from index to state9
18:15:25.598 [pool-1-thread-2] INFO  c.crawljax.core.state.StateMachine - Cannot go to state: 'state48' from: 'state9'
18:15:25.598 [pool-1-thread-2] INFO  com.crawljax.core.Crawler - Not a valid path anymore index: state48
18:15:25.598 [pool-1-thread-2] INFO  com.crawljax.core.Crawler - Tried to follow 
18:15:25.599 [pool-1-thread-2] INFO  com.crawljax.core.Crawler - index_24_state48
18:15:25.599 [pool-1-thread-2] INFO  com.crawljax.core.Crawler - Saving failed backtracking path to 48
18:15:25.599 [pool-1-thread-2] INFO  com.crawljax.core.Crawler - backtrack status: false, reached NearDuplicate : -1 
18:15:28.606 [pool-1-thread-2] INFO  com.crawljax.core.Crawler - index has changed to: state9
18:15:28.607 [pool-1-thread-2] INFO  com.crawljax.core.Crawler - Did not add reload edge from state9 to state9
18:15:28.607 [pool-1-thread-2] INFO  com.crawljax.core.Crawler - Avoid path from state9 that is already tried
18:15:28.607 [pool-1-thread-2] INFO  com.crawljax.core.Crawler - state unreachable: Removing from candidate actions state48
18:15:28.607 [pool-1-thread-2] INFO  c.c.core.UnfiredFragmentCandidates - Placing purged actions in unreachable cache for state48
18:15:28.607 [pool-1-thread-2] INFO  com.crawljax.core.Crawler - Resetting the crawler and Going to state state51
18:15:31.619 [pool-1-thread-2] INFO  com.crawljax.core.Crawler - index has changed to: state9
18:15:31.619 [pool-1-thread-2] INFO  com.crawljax.core.Crawler - Did not add reload edge from state9 to state9
18:15:31.619 [pool-1-thread-2] INFO  com.crawljax.core.Crawler - Initial state not the same as current state : Getting shortest path from current state
18:15:31.620 [pool-1-thread-2] INFO  c.c.core.UnfiredFragmentCandidates - input map size 164
18:15:31.620 [pool-1-thread-2] INFO  c.c.core.UnfiredFragmentCandidates - input map size 164
18:15:31.620 [pool-1-thread-2] INFO  com.crawljax.core.Crawler - Used a form input combination for backtracking 20
18:15:35.418 [pool-1-thread-2] INFO  com.crawljax.core.Crawler - Crawl depth is now 1
18:15:35.418 [pool-1-thread-2] INFO  c.c.core.UnfiredFragmentCandidates - input map size 164
18:15:35.418 [pool-1-thread-2] INFO  c.c.core.UnfiredFragmentCandidates - input map size 164
18:15:35.418 [pool-1-thread-2] INFO  com.crawljax.core.Crawler - Used a form input combination for backtracking 27
18:15:39.232 [pool-1-thread-2] INFO  com.crawljax.core.Crawler - Crawl depth is now 2
18:15:39.232 [pool-1-thread-2] INFO  com.crawljax.core.Crawler - backtrack status: true, reached NearDuplicate : -1 
18:15:39.233 [pool-1-thread-2] INFO  com.crawljax.core.Crawler -  Event xpath /HTML[1]/BODY[1]/DIV[4]/DIV[1]/DIV[1]/DIV[2]/DIV[1]/UL[1]/LI[1]/A[1]
18:15:39.260 [pool-1-thread-2] INFO  com.crawljax.core.Crawler - Changing related inputs for 165 with 0  to 0 
18:15:39.398 [pool-1-thread-2] INFO  c.c.core.UnfiredFragmentCandidates - Changing related inputs to worked inputs 0 for 165
18:15:39.398 [pool-1-thread-2] INFO  c.c.core.UnfiredFragmentCandidates - event 165 - Before 0
18:15:39.398 [pool-1-thread-2] INFO  c.c.core.UnfiredFragmentCandidates - event 165 - After 0
18:15:39.398 [pool-1-thread-2] INFO  c.c.core.UnfiredFragmentCandidates - input for 165, 0
18:15:43.185 [pool-1-thread-2] INFO  c.c.c.state.InMemoryStateFlowGraph - Number of states in the graph is now 54
18:15:43.186 [pool-1-thread-2] INFO  c.crawljax.core.state.StateMachine - State state211 added to the StateMachine.
18:15:43.359 [pool-1-thread-2] INFO  com.crawljax.core.Crawler - New DOM is a new state! crawl depth is now 3
18:15:43.360 [pool-1-thread-2] INFO  com.crawljax.core.Crawler - Parsing DOM of state state211 for candidate elements
18:15:43.374 [pool-1-thread-2] INFO  c.c.core.UnfiredFragmentCandidates - There are 35 states with unfired actions: [53, 56, 9, 61, 63, 66, 68, 70, 73, 31, 81, 83, 86, 88, 33, 112, 115, 35, 121, 36, 37, 128, 130, 132, 134, 42, 139, 141, 146, 148, 154, 159, 44, 46, 211]
18:15:43.390 [pool-1-thread-2] INFO  com.crawljax.core.Crawler -  Event xpath /HTML[1]/BODY[1]/DIV[4]/DIV[1]/DIV[1]/DIV[1]/A[1]
18:15:43.417 [pool-1-thread-2] INFO  com.crawljax.core.Crawler - Changing related inputs for 166 with 0  to 0 
18:15:43.562 [pool-1-thread-2] INFO  c.c.core.UnfiredFragmentCandidates - Changing related inputs to worked inputs 0 for 166
18:15:43.562 [pool-1-thread-2] INFO  c.c.core.UnfiredFragmentCandidates - event 166 - Before 0
18:15:43.562 [pool-1-thread-2] INFO  c.c.core.UnfiredFragmentCandidates - event 166 - After 0
18:15:43.562 [pool-1-thread-2] INFO  c.c.core.UnfiredFragmentCandidates - input for 166, 0
18:15:47.453 [pool-1-thread-2] INFO  c.crawljax.core.state.StateMachine - CLONE State detected: state212 and state9 are the same.
18:15:47.470 [pool-1-thread-2] INFO  com.crawljax.core.Crawler -  Event xpath /HTML[1]/BODY[1]/DIV[4]/DIV[1]/DIV[2]/UL[1]/LI[6]/A[1]
18:15:47.493 [pool-1-thread-2] INFO  com.crawljax.core.Crawler - Changing related inputs for 167 with 0  to 0 
18:15:47.632 [pool-1-thread-2] INFO  c.c.core.UnfiredFragmentCandidates - Changing related inputs to worked inputs 0 for 167
18:15:47.632 [pool-1-thread-2] INFO  c.c.core.UnfiredFragmentCandidates - event 167 - Before 0
18:15:47.633 [pool-1-thread-2] INFO  c.c.core.UnfiredFragmentCandidates - event 167 - After 0
18:15:47.633 [pool-1-thread-2] INFO  c.c.core.UnfiredFragmentCandidates - input for 167, 0
18:15:51.595 [pool-1-thread-2] INFO  c.crawljax.core.state.StateMachine - CLONE State detected: state213 and state141 are the same.
18:15:51.607 [pool-1-thread-2] INFO  com.crawljax.core.Crawler -  Event xpath /HTML[1]/BODY[1]/DIV[4]/DIV[1]/DIV[1]/DIV[2]/DIV[1]/UL[1]/LI[2]/A[1]
18:15:51.632 [pool-1-thread-2] INFO  com.crawljax.core.Crawler - Changing related inputs for 168 with 0  to 0 
18:15:51.762 [pool-1-thread-2] INFO  c.c.core.UnfiredFragmentCandidates - Changing related inputs to worked inputs 0 for 168
18:15:51.762 [pool-1-thread-2] INFO  c.c.core.UnfiredFragmentCandidates - event 168 - Before 0
18:15:51.762 [pool-1-thread-2] INFO  c.c.core.UnfiredFragmentCandidates - event 168 - After 0
18:15:51.762 [pool-1-thread-2] INFO  c.c.core.UnfiredFragmentCandidates - input for 168, 0
18:15:55.628 [pool-1-thread-2] INFO  c.crawljax.core.state.StateMachine - CLONE State detected: state214 and state44 are the same.
18:15:55.647 [pool-1-thread-2] INFO  com.crawljax.core.Crawler -  Event xpath /HTML[1]/BODY[1]/DIV[4]/DIV[1]/DIV[2]/UL[1]/LI[7]/A[1]
18:15:55.676 [pool-1-thread-2] INFO  com.crawljax.core.Crawler - Changing related inputs for 169 with 0  to 0 
18:15:55.819 [pool-1-thread-2] INFO  c.c.core.UnfiredFragmentCandidates - Changing related inputs to worked inputs 0 for 169
18:15:55.819 [pool-1-thread-2] INFO  c.c.core.UnfiredFragmentCandidates - event 169 - Before 0
18:15:55.820 [pool-1-thread-2] INFO  c.c.core.UnfiredFragmentCandidates - event 169 - After 0
18:15:55.820 [pool-1-thread-2] INFO  c.c.core.UnfiredFragmentCandidates - input for 169, 0
18:16:01.230 [pool-1-thread-2] INFO  c.crawljax.core.state.StateMachine - CLONE State detected: state215 and state148 are the same.
18:16:01.248 [pool-1-thread-2] INFO  com.crawljax.core.Crawler -  Event xpath /HTML[1]/BODY[1]/DIV[4]/DIV[1]/DIV[1]/DIV[2]/DIV[1]/UL[1]/LI[1]/A[1]
18:16:01.283 [pool-1-thread-2] INFO  com.crawljax.core.Crawler - Changing related inputs for 170 with 0  to 0 
18:16:01.424 [pool-1-thread-2] INFO  c.c.core.UnfiredFragmentCandidates - Changing related inputs to worked inputs 0 for 170
18:16:01.424 [pool-1-thread-2] INFO  c.c.core.UnfiredFragmentCandidates - event 170 - Before 0
18:16:01.424 [pool-1-thread-2] INFO  c.c.core.UnfiredFragmentCandidates - event 170 - After 0
18:16:01.424 [pool-1-thread-2] INFO  c.c.core.UnfiredFragmentCandidates - input for 170, 0
18:16:05.376 [pool-1-thread-2] INFO  c.c.c.state.InMemoryStateFlowGraph - Number of states in the graph is now 55
18:16:05.376 [pool-1-thread-2] INFO  c.crawljax.core.state.StateMachine - State state216 added to the StateMachine.
18:16:05.523 [pool-1-thread-2] INFO  com.crawljax.core.Crawler - New DOM is a new state! crawl depth is now 4
18:16:05.523 [pool-1-thread-2] INFO  com.crawljax.core.Crawler - Parsing DOM of state state216 for candidate elements
18:16:05.534 [pool-1-thread-2] INFO  c.c.core.UnfiredFragmentCandidates - There are 36 states with unfired actions: [53, 56, 9, 61, 63, 66, 68, 70, 73, 31, 81, 83, 86, 88, 33, 112, 115, 35, 121, 36, 37, 128, 130, 132, 134, 42, 139, 141, 146, 148, 154, 159, 44, 46, 211, 216]
18:16:05.552 [pool-1-thread-2] INFO  com.crawljax.core.Crawler -  Event xpath /HTML[1]/BODY[1]/DIV[4]/DIV[1]/DIV[1]/DIV[1]/A[1]
18:16:05.581 [pool-1-thread-2] INFO  com.crawljax.core.Crawler - Changing related inputs for 171 with 0  to 0 
18:16:05.718 [pool-1-thread-2] INFO  c.c.core.UnfiredFragmentCandidates - Changing related inputs to worked inputs 0 for 171
18:16:05.718 [pool-1-thread-2] INFO  c.c.core.UnfiredFragmentCandidates - event 171 - Before 0
18:16:05.718 [pool-1-thread-2] INFO  c.c.core.UnfiredFragmentCandidates - event 171 - After 0
18:16:05.718 [pool-1-thread-2] INFO  c.c.core.UnfiredFragmentCandidates - input for 171, 0
18:16:09.681 [pool-1-thread-2] INFO  c.crawljax.core.state.StateMachine - CLONE State detected: state217 and state9 are the same.
18:16:09.697 [pool-1-thread-2] INFO  com.crawljax.core.Crawler -  Event xpath /HTML[1]/BODY[1]/DIV[4]/DIV[1]/DIV[2]/UL[1]/LI[7]/A[1]
18:16:09.729 [pool-1-thread-2] INFO  com.crawljax.core.Crawler - Changing related inputs for 172 with 0  to 0 
18:16:09.859 [pool-1-thread-2] INFO  c.c.core.UnfiredFragmentCandidates - Changing related inputs to worked inputs 0 for 172
18:16:09.859 [pool-1-thread-2] INFO  c.c.core.UnfiredFragmentCandidates - event 172 - Before 0
18:16:09.859 [pool-1-thread-2] INFO  c.c.core.UnfiredFragmentCandidates - event 172 - After 0
18:16:09.859 [pool-1-thread-2] INFO  c.c.core.UnfiredFragmentCandidates - input for 172, 0
18:16:13.816 [pool-1-thread-2] INFO  c.crawljax.core.state.StateMachine - CLONE State detected: state218 and state148 are the same.
18:16:13.832 [pool-1-thread-2] INFO  com.crawljax.core.Crawler -  Event xpath /HTML[1]/BODY[1]/DIV[4]/DIV[1]/DIV[1]/DIV[2]/DIV[1]/UL[1]/LI[2]/A[1]
18:16:13.864 [pool-1-thread-2] INFO  com.crawljax.core.Crawler - Changing related inputs for 173 with 0  to 0 
18:16:13.998 [pool-1-thread-2] INFO  c.c.core.UnfiredFragmentCandidates - Changing related inputs to worked inputs 0 for 173
18:16:13.998 [pool-1-thread-2] INFO  c.c.core.UnfiredFragmentCandidates - event 173 - Before 0
18:16:13.998 [pool-1-thread-2] INFO  c.c.core.UnfiredFragmentCandidates - event 173 - After 0
18:16:13.998 [pool-1-thread-2] INFO  c.c.core.UnfiredFragmentCandidates - input for 173, 0
18:16:17.834 [pool-1-thread-2] INFO  c.crawljax.core.state.StateMachine - CLONE State detected: state219 and state44 are the same.
18:16:17.848 [pool-1-thread-2] INFO  com.crawljax.core.Crawler -  Event xpath /HTML[1]/BODY[1]/DIV[4]/DIV[1]/DIV[2]/DIV[1]/A[1]
18:16:17.877 [pool-1-thread-2] INFO  com.crawljax.core.Crawler - Changing related inputs for 174 with 0  to 0 
18:16:18.015 [pool-1-thread-2] INFO  c.c.core.UnfiredFragmentCandidates - Changing related inputs to worked inputs 0 for 174
18:16:18.015 [pool-1-thread-2] INFO  c.c.core.UnfiredFragmentCandidates - event 174 - Before 0
18:16:18.016 [pool-1-thread-2] INFO  c.c.core.UnfiredFragmentCandidates - event 174 - After 0
18:16:18.016 [pool-1-thread-2] INFO  c.c.core.UnfiredFragmentCandidates - input for 174, 0
18:16:18.081 [pool-1-thread-2] INFO  com.crawljax.core.Crawler - Found an invisible link with href=
18:16:21.101 [pool-1-thread-2] INFO  c.crawljax.core.state.StateMachine - CLONE State detected: state220 and state9 are the same.
18:16:21.116 [pool-1-thread-2] INFO  com.crawljax.core.Crawler -  Event xpath /HTML[1]/BODY[1]/DIV[4]/DIV[1]/DIV[2]/DIV[1]/A[1]
18:16:21.147 [pool-1-thread-2] INFO  com.crawljax.core.Crawler - Changing related inputs for 175 with 0  to 0 
18:16:21.283 [pool-1-thread-2] INFO  c.c.core.UnfiredFragmentCandidates - Changing related inputs to worked inputs 0 for 175
18:16:21.283 [pool-1-thread-2] INFO  c.c.core.UnfiredFragmentCandidates - event 175 - Before 0
18:16:21.283 [pool-1-thread-2] INFO  c.c.core.UnfiredFragmentCandidates - event 175 - After 0
18:16:21.283 [pool-1-thread-2] INFO  c.c.core.UnfiredFragmentCandidates - input for 175, 0
18:16:21.353 [pool-1-thread-2] INFO  com.crawljax.core.Crawler - Found an invisible link with href=
18:16:24.390 [pool-1-thread-2] INFO  com.crawljax.core.Crawler -  Event xpath /HTML[1]/BODY[1]/DIV[4]/DIV[1]/DIV[2]/UL[2]/LI[1]/A[1]
18:16:24.420 [pool-1-thread-2] INFO  com.crawljax.core.Crawler - Changing related inputs for 176 with 0  to 0 
18:16:24.554 [pool-1-thread-2] INFO  c.c.core.UnfiredFragmentCandidates - Changing related inputs to worked inputs 0 for 176
18:16:24.554 [pool-1-thread-2] INFO  c.c.core.UnfiredFragmentCandidates - event 176 - Before 0
18:16:24.554 [pool-1-thread-2] INFO  c.c.core.UnfiredFragmentCandidates - event 176 - After 0
18:16:24.554 [pool-1-thread-2] INFO  c.c.core.UnfiredFragmentCandidates - input for 176, 0
18:16:24.626 [pool-1-thread-2] INFO  com.crawljax.core.Crawler - Found an invisible link with href=/books
18:16:28.099 [pool-1-thread-2] INFO  c.crawljax.core.state.StateMachine - CLONE State detected: state222 and state63 are the same.
18:16:28.114 [pool-1-thread-2] INFO  com.crawljax.core.Crawler -  Event xpath /HTML[1]/BODY[1]/DIV[4]/DIV[1]/DIV[2]/UL[1]/LI[3]/UL[1]/LI[2]/A[1]
18:16:28.141 [pool-1-thread-2] INFO  com.crawljax.core.Crawler - Changing related inputs for 177 with 0  to 0 
18:16:28.279 [pool-1-thread-2] INFO  c.c.core.UnfiredFragmentCandidates - Changing related inputs to worked inputs 0 for 177
18:16:28.279 [pool-1-thread-2] INFO  c.c.core.UnfiredFragmentCandidates - event 177 - Before 0
18:16:28.279 [pool-1-thread-2] INFO  c.c.core.UnfiredFragmentCandidates - event 177 - After 0
18:16:28.279 [pool-1-thread-2] INFO  c.c.core.UnfiredFragmentCandidates - input for 177, 0
18:16:28.359 [pool-1-thread-2] INFO  com.crawljax.core.Crawler - Found an invisible link with href=/cell-phones
18:16:31.347 [pool-1-thread-2] INFO  c.crawljax.core.state.StateMachine - CLONE State detected: state223 and state130 are the same.
18:16:31.368 [pool-1-thread-2] INFO  com.crawljax.core.Crawler -  Event xpath /HTML[1]/BODY[1]/DIV[4]/DIV[1]/DIV[1]/DIV[2]/DIV[1]/UL[1]/LI[3]/A[1]
18:16:31.399 [pool-1-thread-2] INFO  com.crawljax.core.Crawler - Changing related inputs for 178 with 0  to 0 
18:16:33.121 [pool-1-thread-2] INFO  c.c.core.UnfiredFragmentCandidates - Changing related inputs to worked inputs 0 for 178
18:16:33.121 [pool-1-thread-2] INFO  c.c.core.UnfiredFragmentCandidates - event 178 - Before 0
18:16:33.121 [pool-1-thread-2] INFO  c.c.core.UnfiredFragmentCandidates - event 178 - After 0
18:16:33.121 [pool-1-thread-2] INFO  c.c.core.UnfiredFragmentCandidates - input for 178, 0
18:16:36.952 [pool-1-thread-2] INFO  c.crawljax.core.state.StateMachine - CLONE State detected: state224 and state46 are the same.
18:16:36.966 [pool-1-thread-2] INFO  com.crawljax.core.Crawler -  Event xpath /HTML[1]/BODY[1]/DIV[4]/DIV[1]/DIV[2]/UL[1]/LI[3]/UL[1]/LI[2]/A[1]
18:16:36.985 [pool-1-thread-2] INFO  com.crawljax.core.Crawler - Changing related inputs for 179 with 0  to 0 
18:16:37.080 [pool-1-thread-2] INFO  c.c.core.UnfiredFragmentCandidates - Changing related inputs to worked inputs 0 for 179
18:16:37.080 [pool-1-thread-2] INFO  c.c.core.UnfiredFragmentCandidates - event 179 - Before 0
18:16:37.080 [pool-1-thread-2] INFO  c.c.core.UnfiredFragmentCandidates - event 179 - After 0
18:16:37.080 [pool-1-thread-2] INFO  c.c.core.UnfiredFragmentCandidates - input for 179, 0
18:16:37.146 [pool-1-thread-2] INFO  com.crawljax.core.Crawler - Found an invisible link with href=/cell-phones
18:16:40.068 [pool-1-thread-2] INFO  c.crawljax.core.state.StateMachine - CLONE State detected: state225 and state130 are the same.
18:16:40.080 [pool-1-thread-2] INFO  com.crawljax.core.Crawler -  Event xpath /HTML[1]/BODY[1]/DIV[4]/DIV[1]/DIV[1]/DIV[2]/DIV[1]/UL[1]/LI[4]/A[1]
18:16:40.102 [pool-1-thread-2] INFO  com.crawljax.core.Crawler - Changing related inputs for 180 with 0  to 0 
18:16:40.237 [pool-1-thread-2] INFO  c.c.core.UnfiredFragmentCandidates - Changing related inputs to worked inputs 0 for 180
18:16:40.237 [pool-1-thread-2] INFO  c.c.core.UnfiredFragmentCandidates - event 180 - Before 0
18:16:40.237 [pool-1-thread-2] INFO  c.c.core.UnfiredFragmentCandidates - event 180 - After 0
18:16:40.237 [pool-1-thread-2] INFO  c.c.core.UnfiredFragmentCandidates - input for 180, 0
18:16:43.983 [pool-1-thread-2] INFO  c.crawljax.core.state.StateMachine - CLONE State detected: state226 and state53 are the same.
18:16:43.994 [pool-1-thread-2] INFO  com.crawljax.core.Crawler -  Event xpath /HTML[1]/BODY[1]/DIV[4]/DIV[1]/DIV[2]/UL[1]/LI[3]/UL[1]/LI[1]/A[1]
18:16:44.013 [pool-1-thread-2] INFO  com.crawljax.core.Crawler - Changing related inputs for 181 with 0  to 0 
18:16:44.115 [pool-1-thread-2] INFO  c.c.core.UnfiredFragmentCandidates - Changing related inputs to worked inputs 0 for 181
18:16:44.115 [pool-1-thread-2] INFO  c.c.core.UnfiredFragmentCandidates - event 181 - Before 0
18:16:44.115 [pool-1-thread-2] INFO  c.c.core.UnfiredFragmentCandidates - event 181 - After 0
18:16:44.115 [pool-1-thread-2] INFO  c.c.core.UnfiredFragmentCandidates - input for 181, 0
18:16:44.173 [pool-1-thread-2] INFO  com.crawljax.core.Crawler - Found an invisible link with href=/camera-photo
18:16:47.243 [pool-1-thread-2] INFO  c.crawljax.core.state.StateMachine - CLONE State detected: state227 and state119 are the same.
18:16:47.260 [pool-1-thread-2] INFO  c.c.core.UnfiredFragmentCandidates - There are 37 states with unfired actions: [53, 56, 9, 61, 63, 66, 68, 70, 73, 31, 81, 83, 86, 88, 33, 112, 115, 35, 121, 36, 37, 128, 130, 132, 134, 42, 139, 141, 146, 148, 154, 159, 44, 46, 211, 216, 51]
18:16:47.261 [pool-1-thread-2] INFO  com.crawljax.core.Crawler - Resetting the crawler and Going to state state53
18:16:47.277 [pool-1-thread-2] INFO  com.crawljax.core.CrawlSession - Adding CrawlPath to session !!
18:16:47.278 [pool-1-thread-2] INFO  com.crawljax.core.Crawler - BT-state51:-1state9_20_state44state44_27_state51state51_165_state211state211_166_state9state9_167_state141state141_168_state44state44_169_state148state148_170_state216state216_171_state9state9_172_state148state148_173_state44state44_174_state9state9_176_state63state63_177_state130state130_178_state46state46_179_state130state130_180_state53state53_181_state119
18:16:50.273 [pool-1-thread-2] INFO  com.crawljax.core.Crawler - index has changed to: state9
18:16:50.273 [pool-1-thread-2] INFO  com.crawljax.core.Crawler - Did not add reload edge from state119 to state9
18:16:50.274 [pool-1-thread-2] INFO  com.crawljax.core.Crawler - Initial state not the same as current state : Getting shortest path from current state
18:16:50.275 [pool-1-thread-2] INFO  c.c.core.UnfiredFragmentCandidates - input map size 181
18:16:50.276 [pool-1-thread-2] INFO  c.c.core.UnfiredFragmentCandidates - input map size 181
18:16:50.276 [pool-1-thread-2] INFO  com.crawljax.core.Crawler - Used a form input combination for backtracking 29
18:16:54.044 [pool-1-thread-2] INFO  com.crawljax.core.Crawler - Crawl depth is now 1
18:16:54.044 [pool-1-thread-2] INFO  com.crawljax.core.Crawler - backtrack status: true, reached NearDuplicate : -1 
18:16:54.044 [pool-1-thread-2] INFO  com.crawljax.core.Crawler -  Event xpath /HTML[1]/BODY[1]/DIV[4]/DIV[1]/DIV[2]/UL[1]/LI[3]/UL[1]/LI[2]/A[1]
18:16:54.072 [pool-1-thread-2] INFO  com.crawljax.core.Crawler - Changing related inputs for 182 with 0  to 0 
18:16:54.189 [pool-1-thread-2] INFO  c.c.core.UnfiredFragmentCandidates - Changing related inputs to worked inputs 0 for 182
18:16:54.189 [pool-1-thread-2] INFO  c.c.core.UnfiredFragmentCandidates - event 182 - Before 0
18:16:54.189 [pool-1-thread-2] INFO  c.c.core.UnfiredFragmentCandidates - event 182 - After 0
18:16:54.189 [pool-1-thread-2] INFO  c.c.core.UnfiredFragmentCandidates - input for 182, 0
18:16:54.261 [pool-1-thread-2] INFO  com.crawljax.core.Crawler - Found an invisible link with href=/cell-phones
18:16:57.317 [pool-1-thread-2] INFO  c.crawljax.core.state.StateMachine - CLONE State detected: state229 and state130 are the same.
18:16:57.332 [pool-1-thread-2] INFO  com.crawljax.core.Crawler -  Event xpath /HTML[1]/BODY[1]/DIV[4]/DIV[1]/DIV[2]/UL[1]/LI[1]/A[1]
18:16:57.359 [pool-1-thread-2] INFO  com.crawljax.core.Crawler - Changing related inputs for 183 with 0  to 0 
18:16:57.505 [pool-1-thread-2] INFO  c.c.core.UnfiredFragmentCandidates - Changing related inputs to worked inputs 0 for 183
18:16:57.505 [pool-1-thread-2] INFO  c.c.core.UnfiredFragmentCandidates - event 183 - Before 0
18:16:57.505 [pool-1-thread-2] INFO  c.c.core.UnfiredFragmentCandidates - event 183 - After 0
18:16:57.505 [pool-1-thread-2] INFO  c.c.core.UnfiredFragmentCandidates - input for 183, 0
18:17:01.367 [pool-1-thread-2] INFO  c.crawljax.core.state.StateMachine - CLONE State detected: state230 and state63 are the same.
18:17:01.382 [pool-1-thread-2] INFO  com.crawljax.core.Crawler -  Event xpath /HTML[1]/BODY[1]/DIV[4]/DIV[1]/DIV[2]/UL[1]/LI[4]/A[1]
18:17:01.411 [pool-1-thread-2] INFO  com.crawljax.core.Crawler - Changing related inputs for 184 with 0  to 0 
18:17:01.558 [pool-1-thread-2] INFO  c.c.core.UnfiredFragmentCandidates - Changing related inputs to worked inputs 0 for 184
18:17:01.558 [pool-1-thread-2] INFO  c.c.core.UnfiredFragmentCandidates - event 184 - Before 0
18:17:01.558 [pool-1-thread-2] INFO  c.c.core.UnfiredFragmentCandidates - event 184 - After 0
18:17:01.558 [pool-1-thread-2] INFO  c.c.core.UnfiredFragmentCandidates - input for 184, 0
18:17:06.988 [pool-1-thread-2] INFO  c.crawljax.core.state.StateMachine - CLONE State detected: state231 and state132 are the same.
18:17:07.004 [pool-1-thread-2] INFO  com.crawljax.core.Crawler -  Event xpath /HTML[1]/BODY[1]/DIV[4]/DIV[1]/DIV[1]/DIV[2]/DIV[1]/UL[1]/LI[3]/A[1]
18:17:07.041 [pool-1-thread-2] INFO  com.crawljax.core.Crawler - Changing related inputs for 185 with 0  to 0 
18:17:07.182 [pool-1-thread-2] INFO  c.c.core.UnfiredFragmentCandidates - Changing related inputs to worked inputs 0 for 185
18:17:07.182 [pool-1-thread-2] INFO  c.c.core.UnfiredFragmentCandidates - event 185 - Before 0
18:17:07.182 [pool-1-thread-2] INFO  c.c.core.UnfiredFragmentCandidates - event 185 - After 0
18:17:07.182 [pool-1-thread-2] INFO  c.c.core.UnfiredFragmentCandidates - input for 185, 0
18:17:11.052 [pool-1-thread-2] INFO  c.crawljax.core.state.StateMachine - CLONE State detected: state232 and state46 are the same.
18:17:11.069 [pool-1-thread-2] INFO  com.crawljax.core.Crawler -  Event xpath /HTML[1]/BODY[1]/DIV[4]/DIV[1]/DIV[2]/UL[1]/LI[4]/A[1]
18:17:11.095 [pool-1-thread-2] INFO  com.crawljax.core.Crawler - Changing related inputs for 186 with 0  to 0 
18:17:11.231 [pool-1-thread-2] INFO  c.c.core.UnfiredFragmentCandidates - Changing related inputs to worked inputs 0 for 186
18:17:11.231 [pool-1-thread-2] INFO  c.c.core.UnfiredFragmentCandidates - event 186 - Before 0
18:17:11.231 [pool-1-thread-2] INFO  c.c.core.UnfiredFragmentCandidates - event 186 - After 0
18:17:11.231 [pool-1-thread-2] INFO  c.c.core.UnfiredFragmentCandidates - input for 186, 0
18:17:15.221 [pool-1-thread-2] INFO  c.crawljax.core.state.StateMachine - CLONE State detected: state233 and state132 are the same.
18:17:15.240 [pool-1-thread-2] INFO  com.crawljax.core.Crawler -  Event xpath /HTML[1]/BODY[1]/DIV[4]/DIV[1]/DIV[1]/DIV[2]/DIV[1]/UL[1]/LI[4]/A[1]
18:17:15.269 [pool-1-thread-2] INFO  com.crawljax.core.Crawler - Changing related inputs for 187 with 0  to 0 
18:17:15.395 [pool-1-thread-2] INFO  c.c.core.UnfiredFragmentCandidates - Changing related inputs to worked inputs 0 for 187
18:17:15.395 [pool-1-thread-2] INFO  c.c.core.UnfiredFragmentCandidates - event 187 - Before 0
18:17:15.395 [pool-1-thread-2] INFO  c.c.core.UnfiredFragmentCandidates - event 187 - After 0
18:17:15.395 [pool-1-thread-2] INFO  c.c.core.UnfiredFragmentCandidates - input for 187, 0
18:17:19.179 [pool-1-thread-2] INFO  c.crawljax.core.state.StateMachine - CLONE State detected: state234 and state53 are the same.
18:17:19.194 [pool-1-thread-2] INFO  com.crawljax.core.Crawler -  Event xpath /HTML[1]/BODY[1]/DIV[4]/DIV[1]/DIV[2]/UL[1]/LI[4]/A[1]
18:17:19.215 [pool-1-thread-2] INFO  com.crawljax.core.Crawler - Changing related inputs for 188 with 0  to 0 
18:17:19.337 [pool-1-thread-2] INFO  c.c.core.UnfiredFragmentCandidates - Changing related inputs to worked inputs 0 for 188
18:17:19.337 [pool-1-thread-2] INFO  c.c.core.UnfiredFragmentCandidates - event 188 - Before 0
18:17:19.337 [pool-1-thread-2] INFO  c.c.core.UnfiredFragmentCandidates - event 188 - After 0
18:17:19.337 [pool-1-thread-2] INFO  c.c.core.UnfiredFragmentCandidates - input for 188, 0
18:17:23.252 [pool-1-thread-2] INFO  c.crawljax.core.state.StateMachine - CLONE State detected: state235 and state132 are the same.
18:17:23.272 [pool-1-thread-2] INFO  com.crawljax.core.Crawler -  Event xpath /HTML[1]/BODY[1]/DIV[4]/DIV[1]/DIV[2]/UL[1]/LI[1]/A[1]
18:17:23.298 [pool-1-thread-2] INFO  com.crawljax.core.Crawler - Changing related inputs for 189 with 0  to 0 
18:17:23.437 [pool-1-thread-2] INFO  c.c.core.UnfiredFragmentCandidates - Changing related inputs to worked inputs 0 for 189
18:17:23.437 [pool-1-thread-2] INFO  c.c.core.UnfiredFragmentCandidates - event 189 - Before 0
18:17:23.437 [pool-1-thread-2] INFO  c.c.core.UnfiredFragmentCandidates - event 189 - After 0
18:17:23.437 [pool-1-thread-2] INFO  c.c.core.UnfiredFragmentCandidates - input for 189, 0
18:17:27.424 [pool-1-thread-2] INFO  c.crawljax.core.state.StateMachine - CLONE State detected: state236 and state63 are the same.
18:17:27.438 [pool-1-thread-2] INFO  com.crawljax.core.Crawler -  Event xpath /HTML[1]/BODY[1]/DIV[4]/DIV[1]/DIV[2]/UL[1]/LI[5]/A[1]
18:17:27.473 [pool-1-thread-2] INFO  com.crawljax.core.Crawler - Changing related inputs for 190 with 0  to 0 
18:17:27.606 [pool-1-thread-2] INFO  c.c.core.UnfiredFragmentCandidates - Changing related inputs to worked inputs 0 for 190
18:17:27.606 [pool-1-thread-2] INFO  c.c.core.UnfiredFragmentCandidates - event 190 - Before 0
18:17:27.606 [pool-1-thread-2] INFO  c.c.core.UnfiredFragmentCandidates - event 190 - After 0
18:17:27.606 [pool-1-thread-2] INFO  c.c.core.UnfiredFragmentCandidates - input for 190, 0
18:17:31.626 [pool-1-thread-2] INFO  c.crawljax.core.state.StateMachine - CLONE State detected: state237 and state134 are the same.
18:17:31.644 [pool-1-thread-2] INFO  com.crawljax.core.Crawler -  Event xpath /HTML[1]/BODY[1]/DIV[4]/DIV[1]/DIV[1]/DIV[2]/DIV[1]/UL[1]/LI[3]/A[1]
18:17:31.673 [pool-1-thread-2] INFO  com.crawljax.core.Crawler - Changing related inputs for 191 with 0  to 0 
18:17:31.807 [pool-1-thread-2] INFO  c.c.core.UnfiredFragmentCandidates - Changing related inputs to worked inputs 0 for 191
18:17:31.807 [pool-1-thread-2] INFO  c.c.core.UnfiredFragmentCandidates - event 191 - Before 0
18:17:31.807 [pool-1-thread-2] INFO  c.c.core.UnfiredFragmentCandidates - event 191 - After 0
18:17:31.807 [pool-1-thread-2] INFO  c.c.core.UnfiredFragmentCandidates - input for 191, 0
18:17:35.641 [pool-1-thread-2] INFO  c.crawljax.core.state.StateMachine - CLONE State detected: state238 and state46 are the same.
18:17:35.658 [pool-1-thread-2] INFO  com.crawljax.core.Crawler -  Event xpath /HTML[1]/BODY[1]/DIV[4]/DIV[1]/DIV[2]/UL[1]/LI[5]/A[1]
18:17:35.685 [pool-1-thread-2] INFO  com.crawljax.core.Crawler - Changing related inputs for 192 with 0  to 0 
18:17:35.809 [pool-1-thread-2] INFO  c.c.core.UnfiredFragmentCandidates - Changing related inputs to worked inputs 0 for 192
18:17:35.809 [pool-1-thread-2] INFO  c.c.core.UnfiredFragmentCandidates - event 192 - Before 0
18:17:35.809 [pool-1-thread-2] INFO  c.c.core.UnfiredFragmentCandidates - event 192 - After 0
18:17:35.809 [pool-1-thread-2] INFO  c.c.core.UnfiredFragmentCandidates - input for 192, 0
18:17:41.174 [pool-1-thread-2] INFO  c.crawljax.core.state.StateMachine - CLONE State detected: state239 and state134 are the same.
18:17:41.186 [pool-1-thread-2] INFO  com.crawljax.core.Crawler -  Event xpath /HTML[1]/BODY[1]/DIV[4]/DIV[1]/DIV[1]/DIV[2]/DIV[1]/UL[1]/LI[4]/A[1]
18:17:41.211 [pool-1-thread-2] INFO  com.crawljax.core.Crawler - Changing related inputs for 193 with 0  to 0 
18:17:41.314 [pool-1-thread-2] INFO  c.c.core.UnfiredFragmentCandidates - Changing related inputs to worked inputs 0 for 193
18:17:41.314 [pool-1-thread-2] INFO  c.c.core.UnfiredFragmentCandidates - event 193 - Before 0
18:17:41.314 [pool-1-thread-2] INFO  c.c.core.UnfiredFragmentCandidates - event 193 - After 0
18:17:41.314 [pool-1-thread-2] INFO  c.c.core.UnfiredFragmentCandidates - input for 193, 0
18:17:45.060 [pool-1-thread-2] INFO  c.crawljax.core.state.StateMachine - CLONE State detected: state240 and state53 are the same.
18:17:45.072 [pool-1-thread-2] INFO  com.crawljax.core.Crawler -  Event xpath /HTML[1]/BODY[1]/DIV[4]/DIV[1]/DIV[2]/UL[1]/LI[5]/A[1]
18:17:45.103 [pool-1-thread-2] INFO  com.crawljax.core.Crawler - Changing related inputs for 194 with 0  to 0 
18:17:45.213 [pool-1-thread-2] INFO  c.c.core.UnfiredFragmentCandidates - Changing related inputs to worked inputs 0 for 194
18:17:45.214 [pool-1-thread-2] INFO  c.c.core.UnfiredFragmentCandidates - event 194 - Before 0
18:17:45.214 [pool-1-thread-2] INFO  c.c.core.UnfiredFragmentCandidates - event 194 - After 0
18:17:45.214 [pool-1-thread-2] INFO  c.c.core.UnfiredFragmentCandidates - input for 194, 0
18:17:49.002 [pool-1-thread-2] INFO  c.crawljax.core.state.StateMachine - CLONE State detected: state241 and state134 are the same.
18:17:49.016 [pool-1-thread-2] INFO  com.crawljax.core.Crawler -  Event xpath /HTML[1]/BODY[1]/DIV[4]/DIV[1]/DIV[2]/UL[1]/LI[1]/A[1]
18:17:49.035 [pool-1-thread-2] INFO  com.crawljax.core.Crawler - Changing related inputs for 195 with 0  to 0 
18:17:49.128 [pool-1-thread-2] INFO  c.c.core.UnfiredFragmentCandidates - Changing related inputs to worked inputs 0 for 195
18:17:49.128 [pool-1-thread-2] INFO  c.c.core.UnfiredFragmentCandidates - event 195 - Before 0
18:17:49.128 [pool-1-thread-2] INFO  c.c.core.UnfiredFragmentCandidates - event 195 - After 0
18:17:49.128 [pool-1-thread-2] INFO  c.c.core.UnfiredFragmentCandidates - input for 195, 0
18:17:52.997 [pool-1-thread-2] INFO  c.crawljax.core.state.StateMachine - CLONE State detected: state242 and state63 are the same.
18:17:53.019 [pool-1-thread-2] INFO  com.crawljax.core.Crawler -  Event xpath /HTML[1]/BODY[1]/DIV[4]/DIV[1]/DIV[2]/UL[1]/LI[6]/A[1]
18:17:53.050 [pool-1-thread-2] INFO  com.crawljax.core.Crawler - Changing related inputs for 196 with 0  to 0 
18:17:53.182 [pool-1-thread-2] INFO  c.c.core.UnfiredFragmentCandidates - Changing related inputs to worked inputs 0 for 196
18:17:53.183 [pool-1-thread-2] INFO  c.c.core.UnfiredFragmentCandidates - event 196 - Before 0
18:17:53.183 [pool-1-thread-2] INFO  c.c.core.UnfiredFragmentCandidates - event 196 - After 0
18:17:53.183 [pool-1-thread-2] INFO  c.c.core.UnfiredFragmentCandidates - input for 196, 0
18:17:57.097 [pool-1-thread-2] INFO  c.crawljax.core.state.StateMachine - CLONE State detected: state243 and state141 are the same.
18:17:57.113 [pool-1-thread-2] INFO  com.crawljax.core.Crawler -  Event xpath /HTML[1]/BODY[1]/DIV[4]/DIV[1]/DIV[1]/DIV[2]/DIV[1]/UL[1]/LI[3]/A[1]
18:17:57.146 [pool-1-thread-2] INFO  com.crawljax.core.Crawler - Changing related inputs for 197 with 0  to 0 
18:17:57.282 [pool-1-thread-2] INFO  c.c.core.UnfiredFragmentCandidates - Changing related inputs to worked inputs 0 for 197
18:17:57.282 [pool-1-thread-2] INFO  c.c.core.UnfiredFragmentCandidates - event 197 - Before 0
18:17:57.282 [pool-1-thread-2] INFO  c.c.core.UnfiredFragmentCandidates - event 197 - After 0
18:17:57.282 [pool-1-thread-2] INFO  c.c.core.UnfiredFragmentCandidates - input for 197, 0
18:18:01.066 [pool-1-thread-2] INFO  c.crawljax.core.state.StateMachine - CLONE State detected: state244 and state46 are the same.
18:18:01.088 [pool-1-thread-2] INFO  com.crawljax.core.Crawler -  Event xpath /HTML[1]/BODY[1]/DIV[4]/DIV[1]/DIV[2]/UL[1]/LI[6]/A[1]
18:18:01.120 [pool-1-thread-2] INFO  com.crawljax.core.Crawler - Changing related inputs for 198 with 0  to 0 
18:18:01.268 [pool-1-thread-2] INFO  c.c.core.UnfiredFragmentCandidates - Changing related inputs to worked inputs 0 for 198
18:18:01.268 [pool-1-thread-2] INFO  c.c.core.UnfiredFragmentCandidates - event 198 - Before 0
18:18:01.268 [pool-1-thread-2] INFO  c.c.core.UnfiredFragmentCandidates - event 198 - After 0
18:18:01.268 [pool-1-thread-2] INFO  c.c.core.UnfiredFragmentCandidates - input for 198, 0
18:18:05.173 [pool-1-thread-2] INFO  c.crawljax.core.state.StateMachine - CLONE State detected: state245 and state141 are the same.
18:18:05.190 [pool-1-thread-2] INFO  com.crawljax.core.Crawler -  Event xpath /HTML[1]/BODY[1]/DIV[4]/DIV[1]/DIV[1]/DIV[2]/DIV[1]/UL[1]/LI[4]/A[1]
18:18:05.220 [pool-1-thread-2] INFO  com.crawljax.core.Crawler - Changing related inputs for 199 with 0  to 0 
18:18:05.369 [pool-1-thread-2] INFO  c.c.core.UnfiredFragmentCandidates - Changing related inputs to worked inputs 0 for 199
18:18:05.369 [pool-1-thread-2] INFO  c.c.core.UnfiredFragmentCandidates - event 199 - Before 0
18:18:05.369 [pool-1-thread-2] INFO  c.c.core.UnfiredFragmentCandidates - event 199 - After 0
18:18:05.369 [pool-1-thread-2] INFO  c.c.core.UnfiredFragmentCandidates - input for 199, 0
18:18:09.146 [pool-1-thread-2] INFO  c.crawljax.core.state.StateMachine - CLONE State detected: state246 and state53 are the same.
18:18:09.162 [pool-1-thread-2] INFO  com.crawljax.core.Crawler -  Event xpath /HTML[1]/BODY[1]/DIV[4]/DIV[1]/DIV[2]/UL[1]/LI[6]/A[1]
18:18:09.191 [pool-1-thread-2] INFO  com.crawljax.core.Crawler - Changing related inputs for 200 with 0  to 0 
18:18:09.330 [pool-1-thread-2] INFO  c.c.core.UnfiredFragmentCandidates - Changing related inputs to worked inputs 0 for 200
18:18:09.330 [pool-1-thread-2] INFO  c.c.core.UnfiredFragmentCandidates - event 200 - Before 0
18:18:09.330 [pool-1-thread-2] INFO  c.c.core.UnfiredFragmentCandidates - event 200 - After 0
18:18:09.330 [pool-1-thread-2] INFO  c.c.core.UnfiredFragmentCandidates - input for 200, 0
18:18:14.759 [pool-1-thread-2] INFO  c.crawljax.core.state.StateMachine - CLONE State detected: state247 and state141 are the same.
18:18:14.780 [pool-1-thread-2] INFO  com.crawljax.core.Crawler -  Event xpath /HTML[1]/BODY[1]/DIV[4]/DIV[1]/DIV[2]/UL[1]/LI[1]/A[1]
18:18:14.812 [pool-1-thread-2] INFO  com.crawljax.core.Crawler - Changing related inputs for 201 with 0  to 0 
18:18:14.957 [pool-1-thread-2] INFO  c.c.core.UnfiredFragmentCandidates - Changing related inputs to worked inputs 0 for 201
18:18:14.957 [pool-1-thread-2] INFO  c.c.core.UnfiredFragmentCandidates - event 201 - Before 0
18:18:14.957 [pool-1-thread-2] INFO  c.c.core.UnfiredFragmentCandidates - event 201 - After 0
18:18:14.957 [pool-1-thread-2] INFO  c.c.core.UnfiredFragmentCandidates - input for 201, 0
18:18:18.989 [pool-1-thread-2] INFO  c.crawljax.core.state.StateMachine - CLONE State detected: state248 and state63 are the same.
18:18:19.004 [pool-1-thread-2] INFO  com.crawljax.core.Crawler -  Event xpath /HTML[1]/BODY[1]/DIV[4]/DIV[1]/DIV[2]/UL[1]/LI[7]/A[1]
18:18:19.042 [pool-1-thread-2] INFO  com.crawljax.core.Crawler - Changing related inputs for 202 with 0  to 0 
18:18:19.186 [pool-1-thread-2] INFO  c.c.core.UnfiredFragmentCandidates - Changing related inputs to worked inputs 0 for 202
18:18:19.186 [pool-1-thread-2] INFO  c.c.core.UnfiredFragmentCandidates - event 202 - Before 0
18:18:19.186 [pool-1-thread-2] INFO  c.c.core.UnfiredFragmentCandidates - event 202 - After 0
18:18:19.186 [pool-1-thread-2] INFO  c.c.core.UnfiredFragmentCandidates - input for 202, 0
18:18:23.087 [pool-1-thread-2] INFO  c.crawljax.core.state.StateMachine - CLONE State detected: state249 and state148 are the same.
18:18:23.102 [pool-1-thread-2] INFO  com.crawljax.core.Crawler -  Event xpath /HTML[1]/BODY[1]/DIV[4]/DIV[1]/DIV[1]/DIV[2]/DIV[1]/UL[1]/LI[3]/A[1]
18:18:23.144 [pool-1-thread-2] INFO  com.crawljax.core.Crawler - Changing related inputs for 203 with 0  to 0 
18:18:23.268 [pool-1-thread-2] INFO  c.c.core.UnfiredFragmentCandidates - Changing related inputs to worked inputs 0 for 203
18:18:23.268 [pool-1-thread-2] INFO  c.c.core.UnfiredFragmentCandidates - event 203 - Before 0
18:18:23.268 [pool-1-thread-2] INFO  c.c.core.UnfiredFragmentCandidates - event 203 - After 0
18:18:23.268 [pool-1-thread-2] INFO  c.c.core.UnfiredFragmentCandidates - input for 203, 0
18:18:27.053 [pool-1-thread-2] INFO  c.crawljax.core.state.StateMachine - CLONE State detected: state250 and state46 are the same.
18:18:27.073 [pool-1-thread-2] INFO  com.crawljax.core.Crawler -  Event xpath /HTML[1]/BODY[1]/DIV[4]/DIV[1]/DIV[2]/UL[1]/LI[7]/A[1]
18:18:27.098 [pool-1-thread-2] INFO  com.crawljax.core.Crawler - Changing related inputs for 204 with 0  to 0 
18:18:27.219 [pool-1-thread-2] INFO  c.c.core.UnfiredFragmentCandidates - Changing related inputs to worked inputs 0 for 204
18:18:27.219 [pool-1-thread-2] INFO  c.c.core.UnfiredFragmentCandidates - event 204 - Before 0
18:18:27.219 [pool-1-thread-2] INFO  c.c.core.UnfiredFragmentCandidates - event 204 - After 0
18:18:27.219 [pool-1-thread-2] INFO  c.c.core.UnfiredFragmentCandidates - input for 204, 0
18:18:31.084 [pool-1-thread-2] INFO  c.crawljax.core.state.StateMachine - CLONE State detected: state251 and state148 are the same.
18:18:31.101 [pool-1-thread-2] INFO  com.crawljax.core.Crawler -  Event xpath /HTML[1]/BODY[1]/DIV[4]/DIV[1]/DIV[1]/DIV[2]/DIV[1]/UL[1]/LI[4]/A[1]
18:18:31.130 [pool-1-thread-2] INFO  com.crawljax.core.Crawler - Changing related inputs for 205 with 0  to 0 
18:18:31.267 [pool-1-thread-2] INFO  c.c.core.UnfiredFragmentCandidates - Changing related inputs to worked inputs 0 for 205
18:18:31.267 [pool-1-thread-2] INFO  c.c.core.UnfiredFragmentCandidates - event 205 - Before 0
18:18:31.267 [pool-1-thread-2] INFO  c.c.core.UnfiredFragmentCandidates - event 205 - After 0
18:18:31.267 [pool-1-thread-2] INFO  c.c.core.UnfiredFragmentCandidates - input for 205, 0
18:18:35.085 [pool-1-thread-2] INFO  c.crawljax.core.state.StateMachine - CLONE State detected: state252 and state53 are the same.
18:18:35.101 [pool-1-thread-2] INFO  com.crawljax.core.Crawler -  Event xpath /HTML[1]/BODY[1]/DIV[4]/DIV[1]/DIV[2]/UL[1]/LI[7]/A[1]
18:18:35.125 [pool-1-thread-2] INFO  com.crawljax.core.Crawler - Changing related inputs for 206 with 0  to 0 
18:18:35.253 [pool-1-thread-2] INFO  c.c.core.UnfiredFragmentCandidates - Changing related inputs to worked inputs 0 for 206
18:18:35.253 [pool-1-thread-2] INFO  c.c.core.UnfiredFragmentCandidates - event 206 - Before 0
18:18:35.253 [pool-1-thread-2] INFO  c.c.core.UnfiredFragmentCandidates - event 206 - After 0
18:18:35.253 [pool-1-thread-2] INFO  c.c.core.UnfiredFragmentCandidates - input for 206, 0
18:18:39.175 [pool-1-thread-2] INFO  c.crawljax.core.state.StateMachine - CLONE State detected: state253 and state148 are the same.
18:18:39.186 [pool-1-thread-2] INFO  com.crawljax.core.Crawler -  Event xpath /HTML[1]/BODY[1]/DIV[4]/DIV[1]/DIV[2]/UL[1]/LI[1]/A[1]
18:18:39.207 [pool-1-thread-2] INFO  com.crawljax.core.Crawler - Changing related inputs for 207 with 0  to 0 
18:18:39.301 [pool-1-thread-2] INFO  c.c.core.UnfiredFragmentCandidates - Changing related inputs to worked inputs 0 for 207
18:18:39.301 [pool-1-thread-2] INFO  c.c.core.UnfiredFragmentCandidates - event 207 - Before 0
18:18:39.301 [pool-1-thread-2] INFO  c.c.core.UnfiredFragmentCandidates - event 207 - After 0
18:18:39.301 [pool-1-thread-2] INFO  c.c.core.UnfiredFragmentCandidates - input for 207, 0
18:18:43.127 [pool-1-thread-2] INFO  c.crawljax.core.state.StateMachine - CLONE State detected: state254 and state63 are the same.
18:18:43.138 [pool-1-thread-2] INFO  com.crawljax.core.Crawler -  Event xpath /HTML[1]/BODY[1]/DIV[4]/DIV[1]/DIV[2]/DIV[1]/A[1]
18:18:43.158 [pool-1-thread-2] INFO  com.crawljax.core.Crawler - Changing related inputs for 208 with 0  to 0 
18:18:43.267 [pool-1-thread-2] INFO  c.c.core.UnfiredFragmentCandidates - Changing related inputs to worked inputs 0 for 208
18:18:43.267 [pool-1-thread-2] INFO  c.c.core.UnfiredFragmentCandidates - event 208 - Before 0
18:18:43.267 [pool-1-thread-2] INFO  c.c.core.UnfiredFragmentCandidates - event 208 - After 0
18:18:43.267 [pool-1-thread-2] INFO  c.c.core.UnfiredFragmentCandidates - input for 208, 0
18:18:43.320 [pool-1-thread-2] INFO  com.crawljax.core.Crawler - Found an invisible link with href=
18:18:46.295 [pool-1-thread-2] INFO  c.crawljax.core.state.StateMachine - CLONE State detected: state255 and state9 are the same.
18:18:46.307 [pool-1-thread-2] INFO  com.crawljax.core.Crawler -  Event xpath /HTML[1]/BODY[1]/DIV[4]/DIV[1]/DIV[2]/UL[2]/LI[2]/A[1]
18:18:46.333 [pool-1-thread-2] INFO  com.crawljax.core.Crawler - Changing related inputs for 209 with 0  to 0 
18:18:46.439 [pool-1-thread-2] INFO  c.c.core.UnfiredFragmentCandidates - Changing related inputs to worked inputs 0 for 209
18:18:46.440 [pool-1-thread-2] INFO  c.c.core.UnfiredFragmentCandidates - event 209 - Before 0
18:18:46.440 [pool-1-thread-2] INFO  c.c.core.UnfiredFragmentCandidates - event 209 - After 0
18:18:46.440 [pool-1-thread-2] INFO  c.c.core.UnfiredFragmentCandidates - input for 209, 0
18:18:47.994 [pool-1-thread-2] INFO  com.crawljax.core.Crawler - Found an invisible link with href=/computers
18:18:51.084 [pool-1-thread-2] INFO  c.crawljax.core.state.StateMachine - CLONE State detected: state256 and state68 are the same.
18:18:51.096 [pool-1-thread-2] INFO  com.crawljax.core.Crawler -  Event xpath /HTML[1]/BODY[1]/DIV[4]/DIV[1]/DIV[2]/UL[1]/LI[2]/A[1]
18:18:51.116 [pool-1-thread-2] INFO  com.crawljax.core.Crawler - Changing related inputs for 210 with 0  to 0 
18:18:51.218 [pool-1-thread-2] INFO  c.c.core.UnfiredFragmentCandidates - Changing related inputs to worked inputs 0 for 210
18:18:51.218 [pool-1-thread-2] INFO  c.c.core.UnfiredFragmentCandidates - event 210 - Before 0
18:18:51.219 [pool-1-thread-2] INFO  c.c.core.UnfiredFragmentCandidates - event 210 - After 0
18:18:51.219 [pool-1-thread-2] INFO  c.c.core.UnfiredFragmentCandidates - input for 210, 0
18:18:55.039 [pool-1-thread-2] INFO  com.crawljax.core.Crawler -  Event xpath /HTML[1]/BODY[1]/DIV[4]/DIV[1]/DIV[2]/UL[1]/LI[2]/UL[1]/LI[1]/A[1]
18:18:55.064 [pool-1-thread-2] INFO  com.crawljax.core.Crawler - Changing related inputs for 211 with 0  to 0 
18:18:55.180 [pool-1-thread-2] INFO  c.c.core.UnfiredFragmentCandidates - Changing related inputs to worked inputs 0 for 211
18:18:55.180 [pool-1-thread-2] INFO  c.c.core.UnfiredFragmentCandidates - event 211 - Before 0
18:18:55.180 [pool-1-thread-2] INFO  c.c.core.UnfiredFragmentCandidates - event 211 - After 0
18:18:55.180 [pool-1-thread-2] INFO  c.c.core.UnfiredFragmentCandidates - input for 211, 0
18:18:55.244 [pool-1-thread-2] INFO  com.crawljax.core.Crawler - Found an invisible link with href=/desktops
18:18:58.459 [pool-1-thread-2] INFO  c.crawljax.core.state.StateMachine - CLONE State detected: state258 and state70 are the same.
18:18:58.481 [pool-1-thread-2] INFO  com.crawljax.core.Crawler -  Event xpath /HTML[1]/BODY[1]/DIV[4]/DIV[1]/DIV[2]/UL[1]/LI[2]/A[1]
18:18:58.516 [pool-1-thread-2] INFO  com.crawljax.core.Crawler - Changing related inputs for 212 with 0  to 0 
18:18:58.652 [pool-1-thread-2] INFO  c.c.core.UnfiredFragmentCandidates - Changing related inputs to worked inputs 0 for 212
18:18:58.653 [pool-1-thread-2] INFO  c.c.core.UnfiredFragmentCandidates - event 212 - Before 0
18:18:58.653 [pool-1-thread-2] INFO  c.c.core.UnfiredFragmentCandidates - event 212 - After 0
18:18:58.653 [pool-1-thread-2] INFO  c.c.core.UnfiredFragmentCandidates - input for 212, 0
18:19:02.508 [pool-1-thread-2] INFO  c.crawljax.core.state.StateMachine - CLONE State detected: state259 and state68 are the same.
18:19:02.526 [pool-1-thread-2] INFO  com.crawljax.core.Crawler -  Event xpath /HTML[1]/BODY[1]/DIV[4]/DIV[1]/DIV[2]/UL[1]/LI[2]/UL[1]/LI[2]/A[1]
18:19:02.553 [pool-1-thread-2] INFO  com.crawljax.core.Crawler - Changing related inputs for 213 with 0  to 0 
18:19:02.695 [pool-1-thread-2] INFO  c.c.core.UnfiredFragmentCandidates - Changing related inputs to worked inputs 0 for 213
18:19:02.696 [pool-1-thread-2] INFO  c.c.core.UnfiredFragmentCandidates - event 213 - Before 0
18:19:02.696 [pool-1-thread-2] INFO  c.c.core.UnfiredFragmentCandidates - event 213 - After 0
18:19:02.696 [pool-1-thread-2] INFO  c.c.core.UnfiredFragmentCandidates - input for 213, 0
18:19:02.767 [pool-1-thread-2] INFO  com.crawljax.core.Crawler - Found an invisible link with href=/notebooks
18:19:06.356 [pool-1-thread-2] INFO  c.crawljax.core.state.StateMachine - CLONE State detected: state260 and state83 are the same.
18:19:06.382 [pool-1-thread-2] INFO  com.crawljax.core.Crawler -  Event xpath /HTML[1]/BODY[1]/DIV[4]/DIV[1]/DIV[2]/UL[1]/LI[2]/A[1]
18:19:06.429 [pool-1-thread-2] INFO  com.crawljax.core.Crawler - Changing related inputs for 214 with 0  to 0 
18:19:06.640 [pool-1-thread-2] INFO  c.c.core.UnfiredFragmentCandidates - Changing related inputs to worked inputs 0 for 214
18:19:06.640 [pool-1-thread-2] INFO  c.c.core.UnfiredFragmentCandidates - event 214 - Before 0
18:19:06.640 [pool-1-thread-2] INFO  c.c.core.UnfiredFragmentCandidates - event 214 - After 0
18:19:06.640 [pool-1-thread-2] INFO  c.c.core.UnfiredFragmentCandidates - input for 214, 0
18:19:10.629 [pool-1-thread-2] INFO  c.crawljax.core.state.StateMachine - CLONE State detected: state261 and state68 are the same.
18:19:10.644 [pool-1-thread-2] INFO  com.crawljax.core.Crawler -  Event xpath /HTML[1]/BODY[1]/DIV[4]/DIV[1]/DIV[2]/UL[1]/LI[2]/UL[1]/LI[3]/A[1]
18:19:10.677 [pool-1-thread-2] INFO  com.crawljax.core.Crawler - Changing related inputs for 215 with 0  to 0 
18:19:10.835 [pool-1-thread-2] INFO  c.c.core.UnfiredFragmentCandidates - Changing related inputs to worked inputs 0 for 215
18:19:10.836 [pool-1-thread-2] INFO  c.c.core.UnfiredFragmentCandidates - event 215 - Before 0
18:19:10.836 [pool-1-thread-2] INFO  c.c.core.UnfiredFragmentCandidates - event 215 - After 0
18:19:10.836 [pool-1-thread-2] INFO  c.c.core.UnfiredFragmentCandidates - input for 215, 0
18:19:10.916 [pool-1-thread-2] INFO  com.crawljax.core.Crawler - Found an invisible link with href=/accessories
18:19:14.044 [pool-1-thread-2] INFO  c.crawljax.core.state.StateMachine - CLONE State detected: state262 and state88 are the same.
18:19:14.057 [pool-1-thread-2] INFO  com.crawljax.core.Crawler -  Event xpath /HTML[1]/BODY[1]/DIV[4]/DIV[1]/DIV[2]/UL[1]/LI[2]/A[1]
18:19:14.090 [pool-1-thread-2] INFO  com.crawljax.core.Crawler - Changing related inputs for 216 with 0  to 0 
18:19:14.233 [pool-1-thread-2] INFO  c.c.core.UnfiredFragmentCandidates - Changing related inputs to worked inputs 0 for 216
18:19:14.233 [pool-1-thread-2] INFO  c.c.core.UnfiredFragmentCandidates - event 216 - Before 0
18:19:14.233 [pool-1-thread-2] INFO  c.c.core.UnfiredFragmentCandidates - event 216 - After 0
18:19:14.233 [pool-1-thread-2] INFO  c.c.core.UnfiredFragmentCandidates - input for 216, 0
18:19:18.135 [pool-1-thread-2] INFO  c.crawljax.core.state.StateMachine - CLONE State detected: state263 and state68 are the same.
18:19:18.153 [pool-1-thread-2] INFO  com.crawljax.core.Crawler -  Event xpath /HTML[1]/BODY[1]/DIV[4]/DIV[1]/DIV[2]/UL[1]/LI[3]/A[1]
18:19:18.187 [pool-1-thread-2] INFO  com.crawljax.core.Crawler - Changing related inputs for 217 with 0  to 0 
18:19:18.336 [pool-1-thread-2] INFO  c.c.core.UnfiredFragmentCandidates - Changing related inputs to worked inputs 0 for 217
18:19:18.337 [pool-1-thread-2] INFO  c.c.core.UnfiredFragmentCandidates - event 217 - Before 0
18:19:18.337 [pool-1-thread-2] INFO  c.c.core.UnfiredFragmentCandidates - event 217 - After 0
18:19:18.337 [pool-1-thread-2] INFO  c.c.core.UnfiredFragmentCandidates - input for 217, 0
18:19:23.766 [pool-1-thread-2] INFO  c.crawljax.core.state.StateMachine - CLONE State detected: state264 and state112 are the same.
18:19:23.784 [pool-1-thread-2] INFO  com.crawljax.core.Crawler -  Event xpath /HTML[1]/BODY[1]/DIV[4]/DIV[1]/DIV[2]/UL[1]/LI[2]/A[1]
18:19:23.821 [pool-1-thread-2] INFO  com.crawljax.core.Crawler - Changing related inputs for 218 with 0  to 0 
18:19:23.966 [pool-1-thread-2] INFO  c.c.core.UnfiredFragmentCandidates - Changing related inputs to worked inputs 0 for 218
18:19:23.966 [pool-1-thread-2] INFO  c.c.core.UnfiredFragmentCandidates - event 218 - Before 0
18:19:23.966 [pool-1-thread-2] INFO  c.c.core.UnfiredFragmentCandidates - event 218 - After 0
18:19:23.966 [pool-1-thread-2] INFO  c.c.core.UnfiredFragmentCandidates - input for 218, 0
18:19:27.934 [pool-1-thread-2] INFO  c.crawljax.core.state.StateMachine - CLONE State detected: state265 and state68 are the same.
18:19:27.949 [pool-1-thread-2] INFO  com.crawljax.core.Crawler -  Event xpath /HTML[1]/BODY[1]/DIV[4]/DIV[1]/DIV[2]/UL[1]/LI[3]/UL[1]/LI[1]/A[1]
18:19:27.977 [pool-1-thread-2] INFO  com.crawljax.core.Crawler - Changing related inputs for 219 with 0  to 0 
18:19:28.120 [pool-1-thread-2] INFO  c.c.core.UnfiredFragmentCandidates - Changing related inputs to worked inputs 0 for 219
18:19:28.120 [pool-1-thread-2] INFO  c.c.core.UnfiredFragmentCandidates - event 219 - Before 0
18:19:28.120 [pool-1-thread-2] INFO  c.c.core.UnfiredFragmentCandidates - event 219 - After 0
18:19:28.120 [pool-1-thread-2] INFO  c.c.core.UnfiredFragmentCandidates - input for 219, 0
18:19:28.194 [pool-1-thread-2] INFO  com.crawljax.core.Crawler - Found an invisible link with href=/camera-photo
18:19:31.262 [pool-1-thread-2] INFO  c.crawljax.core.state.StateMachine - CLONE State detected: state266 and state119 are the same.
18:19:31.281 [pool-1-thread-2] INFO  c.c.core.UnfiredFragmentCandidates - There are 37 states with unfired actions: [56, 9, 61, 63, 66, 68, 70, 73, 31, 81, 83, 86, 88, 33, 112, 115, 35, 121, 36, 37, 128, 130, 132, 134, 42, 139, 141, 146, 148, 154, 159, 44, 46, 211, 216, 51, 53]
18:19:31.282 [pool-1-thread-2] INFO  com.crawljax.core.Crawler - Resetting the crawler and Going to state state56
18:19:31.296 [pool-1-thread-2] INFO  com.crawljax.core.CrawlSession - Adding CrawlPath to session !!
18:19:31.297 [pool-1-thread-2] INFO  com.crawljax.core.Crawler - BT-state53:-1state9_29_state53state53_182_state130state130_183_state63state63_184_state132state132_185_state46state46_186_state132state132_187_state53state53_188_state132state132_189_state63state63_190_state134state134_191_state46state46_192_state134state134_193_state53state53_194_state134state134_195_state63state63_196_state141state141_197_state46state46_198_state141state141_199_state53state53_200_state141state141_201_state63state63_202_state148state148_203_state46state46_204_state148state148_205_state53state53_206_state148state148_207_state63state63_208_state9state9_209_state68state68_211_state70state70_212_state68state68_213_state83state83_214_state68state68_215_state88state88_216_state68state68_217_state112state112_218_state68state68_219_state119
18:19:34.295 [pool-1-thread-2] INFO  com.crawljax.core.Crawler - Did not add reload edge from state119 to index
18:19:34.296 [pool-1-thread-2] INFO  c.c.core.UnfiredFragmentCandidates - input map size 219
18:19:34.296 [pool-1-thread-2] INFO  c.c.core.UnfiredFragmentCandidates - input map size 219
18:19:34.296 [pool-1-thread-2] INFO  com.crawljax.core.Crawler - Used a form input combination for backtracking 31
18:19:38.179 [pool-1-thread-2] INFO  com.crawljax.core.Crawler - Crawl depth is now 1
18:19:38.179 [pool-1-thread-2] INFO  c.c.core.UnfiredFragmentCandidates - input map size 219
18:19:38.179 [pool-1-thread-2] INFO  c.c.core.UnfiredFragmentCandidates - input map size 219
18:19:38.179 [pool-1-thread-2] INFO  com.crawljax.core.Crawler - Used a form input combination for backtracking 32
18:19:42.059 [pool-1-thread-2] INFO  com.crawljax.core.Crawler - Crawl depth is now 2
18:19:42.059 [pool-1-thread-2] INFO  com.crawljax.core.Crawler - backtrack status: true, reached NearDuplicate : -1 
18:19:42.059 [pool-1-thread-2] INFO  com.crawljax.core.Crawler -  Event xpath /HTML[1]/BODY[1]/DIV[4]/DIV[1]/DIV[1]/DIV[2]/DIV[1]/UL[1]/LI[1]/A[1]
18:19:42.097 [pool-1-thread-2] INFO  com.crawljax.core.Crawler - Changing related inputs for 220 with 0  to 0 
18:19:42.234 [pool-1-thread-2] INFO  c.c.core.UnfiredFragmentCandidates - Changing related inputs to worked inputs 0 for 220
18:19:42.234 [pool-1-thread-2] INFO  c.c.core.UnfiredFragmentCandidates - event 220 - Before 0
18:19:42.234 [pool-1-thread-2] INFO  c.c.core.UnfiredFragmentCandidates - event 220 - After 0
18:19:42.234 [pool-1-thread-2] INFO  c.c.core.UnfiredFragmentCandidates - input for 220, 0
18:19:45.969 [pool-1-thread-2] INFO  c.c.c.state.InMemoryStateFlowGraph - Number of states in the graph is now 56
18:19:45.969 [pool-1-thread-2] INFO  c.crawljax.core.state.StateMachine - State state268 added to the StateMachine.
18:19:46.116 [pool-1-thread-2] INFO  com.crawljax.core.Crawler - New DOM is a new state! crawl depth is now 3
18:19:46.117 [pool-1-thread-2] INFO  com.crawljax.core.Crawler - Parsing DOM of state state268 for candidate elements
18:19:46.144 [pool-1-thread-2] INFO  c.c.core.UnfiredFragmentCandidates - There are 37 states with unfired actions: [9, 61, 63, 66, 68, 70, 73, 31, 81, 83, 86, 88, 33, 112, 115, 35, 121, 36, 37, 128, 130, 132, 134, 42, 139, 141, 146, 148, 154, 159, 44, 46, 211, 216, 51, 53, 268]
18:19:46.156 [pool-1-thread-2] INFO  com.crawljax.core.Crawler -  Event xpath /HTML[1]/BODY[1]/DIV[4]/DIV[1]/DIV[1]/DIV[1]/A[1]
18:19:46.180 [pool-1-thread-2] INFO  com.crawljax.core.Crawler - Changing related inputs for 221 with 0  to 0 
18:19:46.292 [pool-1-thread-2] INFO  c.c.core.UnfiredFragmentCandidates - Changing related inputs to worked inputs 0 for 221
18:19:46.292 [pool-1-thread-2] INFO  c.c.core.UnfiredFragmentCandidates - event 221 - Before 0
18:19:46.292 [pool-1-thread-2] INFO  c.c.core.UnfiredFragmentCandidates - event 221 - After 0
18:19:46.292 [pool-1-thread-2] INFO  c.c.core.UnfiredFragmentCandidates - input for 221, 0
18:19:50.093 [pool-1-thread-2] INFO  c.crawljax.core.state.StateMachine - CLONE State detected: state269 and state9 are the same.
18:19:50.108 [pool-1-thread-2] INFO  com.crawljax.core.Crawler -  Event xpath /HTML[1]/BODY[1]/DIV[4]/DIV[1]/DIV[2]/UL[2]/LI[2]/UL[1]/LI[1]/A[1]
18:19:50.136 [pool-1-thread-2] INFO  com.crawljax.core.Crawler - Changing related inputs for 222 with 0  to 0 
18:19:50.243 [pool-1-thread-2] INFO  c.c.core.UnfiredFragmentCandidates - Changing related inputs to worked inputs 0 for 222
18:19:50.243 [pool-1-thread-2] INFO  c.c.core.UnfiredFragmentCandidates - event 222 - Before 0
18:19:50.243 [pool-1-thread-2] INFO  c.c.core.UnfiredFragmentCandidates - event 222 - After 0
18:19:50.243 [pool-1-thread-2] INFO  c.c.core.UnfiredFragmentCandidates - input for 222, 0
18:19:50.296 [pool-1-thread-2] INFO  com.crawljax.core.Crawler - Found an invisible link with href=/desktops
18:19:53.265 [pool-1-thread-2] INFO  c.crawljax.core.state.StateMachine - CLONE State detected: state270 and state70 are the same.
18:19:53.276 [pool-1-thread-2] INFO  com.crawljax.core.Crawler -  Event xpath /HTML[1]/BODY[1]/DIV[4]/DIV[1]/DIV[2]/UL[1]/LI[2]/UL[1]/LI[1]/A[1]
18:19:53.302 [pool-1-thread-2] INFO  com.crawljax.core.Crawler - Changing related inputs for 223 with 0  to 0 
18:19:53.432 [pool-1-thread-2] INFO  c.c.core.UnfiredFragmentCandidates - Changing related inputs to worked inputs 0 for 223
18:19:53.433 [pool-1-thread-2] INFO  c.c.core.UnfiredFragmentCandidates - event 223 - Before 0
18:19:53.433 [pool-1-thread-2] INFO  c.c.core.UnfiredFragmentCandidates - event 223 - After 0
18:19:53.433 [pool-1-thread-2] INFO  c.c.core.UnfiredFragmentCandidates - input for 223, 0
18:19:53.491 [pool-1-thread-2] INFO  com.crawljax.core.Crawler - Found an invisible link with href=/desktops
18:19:58.050 [pool-1-thread-2] INFO  com.crawljax.core.Crawler -  Event xpath /HTML[1]/BODY[1]/DIV[4]/DIV[1]/DIV[2]/UL[1]/LI[2]/UL[1]/LI[2]/A[1]
18:19:58.084 [pool-1-thread-2] INFO  com.crawljax.core.Crawler - Changing related inputs for 224 with 0  to 0 
18:19:58.209 [pool-1-thread-2] INFO  c.c.core.UnfiredFragmentCandidates - Changing related inputs to worked inputs 0 for 224
18:19:58.209 [pool-1-thread-2] INFO  c.c.core.UnfiredFragmentCandidates - event 224 - Before 0
18:19:58.209 [pool-1-thread-2] INFO  c.c.core.UnfiredFragmentCandidates - event 224 - After 0
18:19:58.209 [pool-1-thread-2] INFO  c.c.core.UnfiredFragmentCandidates - input for 224, 0
18:19:58.264 [pool-1-thread-2] INFO  com.crawljax.core.Crawler - Found an invisible link with href=/notebooks
18:20:01.321 [pool-1-thread-2] INFO  c.crawljax.core.state.StateMachine - CLONE State detected: state272 and state83 are the same.
18:20:01.339 [pool-1-thread-2] INFO  com.crawljax.core.Crawler -  Event xpath /HTML[1]/BODY[1]/DIV[4]/DIV[1]/DIV[2]/UL[1]/LI[2]/UL[1]/LI[1]/A[1]
18:20:01.374 [pool-1-thread-2] INFO  com.crawljax.core.Crawler - Changing related inputs for 225 with 0  to 0 
18:20:01.511 [pool-1-thread-2] INFO  c.c.core.UnfiredFragmentCandidates - Changing related inputs to worked inputs 0 for 225
18:20:01.512 [pool-1-thread-2] INFO  c.c.core.UnfiredFragmentCandidates - event 225 - Before 0
18:20:01.512 [pool-1-thread-2] INFO  c.c.core.UnfiredFragmentCandidates - event 225 - After 0
18:20:01.512 [pool-1-thread-2] INFO  c.c.core.UnfiredFragmentCandidates - input for 225, 0
18:20:01.593 [pool-1-thread-2] INFO  com.crawljax.core.Crawler - Found an invisible link with href=/desktops
18:20:04.613 [pool-1-thread-2] INFO  c.crawljax.core.state.StateMachine - CLONE State detected: state273 and state70 are the same.
18:20:04.629 [pool-1-thread-2] INFO  com.crawljax.core.Crawler -  Event xpath /HTML[1]/BODY[1]/DIV[4]/DIV[1]/DIV[2]/UL[1]/LI[2]/UL[1]/LI[3]/A[1]
18:20:04.665 [pool-1-thread-2] INFO  com.crawljax.core.Crawler - Changing related inputs for 226 with 0  to 0 
18:20:04.809 [pool-1-thread-2] INFO  c.c.core.UnfiredFragmentCandidates - Changing related inputs to worked inputs 0 for 226
18:20:04.809 [pool-1-thread-2] INFO  c.c.core.UnfiredFragmentCandidates - event 226 - Before 0
18:20:04.809 [pool-1-thread-2] INFO  c.c.core.UnfiredFragmentCandidates - event 226 - After 0
18:20:04.809 [pool-1-thread-2] INFO  c.c.core.UnfiredFragmentCandidates - input for 226, 0
18:20:04.879 [pool-1-thread-2] INFO  com.crawljax.core.Crawler - Found an invisible link with href=/accessories
18:20:07.906 [pool-1-thread-2] INFO  c.crawljax.core.state.StateMachine - CLONE State detected: state274 and state88 are the same.
18:20:07.923 [pool-1-thread-2] INFO  com.crawljax.core.Crawler -  Event xpath /HTML[1]/BODY[1]/DIV[4]/DIV[1]/DIV[2]/UL[1]/LI[2]/UL[1]/LI[1]/A[1]
18:20:07.963 [pool-1-thread-2] INFO  com.crawljax.core.Crawler - Changing related inputs for 227 with 0  to 0 
18:20:08.104 [pool-1-thread-2] INFO  c.c.core.UnfiredFragmentCandidates - Changing related inputs to worked inputs 0 for 227
18:20:08.105 [pool-1-thread-2] INFO  c.c.core.UnfiredFragmentCandidates - event 227 - Before 0
18:20:08.105 [pool-1-thread-2] INFO  c.c.core.UnfiredFragmentCandidates - event 227 - After 0
18:20:08.105 [pool-1-thread-2] INFO  c.c.core.UnfiredFragmentCandidates - input for 227, 0
18:20:08.193 [pool-1-thread-2] INFO  com.crawljax.core.Crawler - Found an invisible link with href=/desktops
18:20:11.296 [pool-1-thread-2] INFO  c.crawljax.core.state.StateMachine - CLONE State detected: state275 and state70 are the same.
18:20:11.313 [pool-1-thread-2] INFO  com.crawljax.core.Crawler -  Event xpath /HTML[1]/BODY[1]/DIV[4]/DIV[1]/DIV[2]/UL[1]/LI[3]/A[1]
18:20:11.348 [pool-1-thread-2] INFO  com.crawljax.core.Crawler - Changing related inputs for 228 with 0  to 0 
18:20:11.508 [pool-1-thread-2] INFO  c.c.core.UnfiredFragmentCandidates - Changing related inputs to worked inputs 0 for 228
18:20:11.508 [pool-1-thread-2] INFO  c.c.core.UnfiredFragmentCandidates - event 228 - Before 0
18:20:11.508 [pool-1-thread-2] INFO  c.c.core.UnfiredFragmentCandidates - event 228 - After 0
18:20:11.508 [pool-1-thread-2] INFO  c.c.core.UnfiredFragmentCandidates - input for 228, 0
18:20:15.364 [pool-1-thread-2] INFO  c.crawljax.core.state.StateMachine - CLONE State detected: state276 and state112 are the same.
18:20:15.377 [pool-1-thread-2] INFO  com.crawljax.core.Crawler -  Event xpath /HTML[1]/BODY[1]/DIV[4]/DIV[1]/DIV[2]/UL[1]/LI[2]/UL[1]/LI[1]/A[1]
18:20:15.401 [pool-1-thread-2] INFO  com.crawljax.core.Crawler - Changing related inputs for 229 with 0  to 0 
18:20:15.535 [pool-1-thread-2] INFO  c.c.core.UnfiredFragmentCandidates - Changing related inputs to worked inputs 0 for 229
18:20:15.535 [pool-1-thread-2] INFO  c.c.core.UnfiredFragmentCandidates - event 229 - Before 0
18:20:15.535 [pool-1-thread-2] INFO  c.c.core.UnfiredFragmentCandidates - event 229 - After 0
18:20:15.535 [pool-1-thread-2] INFO  c.c.core.UnfiredFragmentCandidates - input for 229, 0
18:20:15.608 [pool-1-thread-2] INFO  com.crawljax.core.Crawler - Found an invisible link with href=/desktops
18:20:18.667 [pool-1-thread-2] INFO  c.crawljax.core.state.StateMachine - CLONE State detected: state277 and state70 are the same.
18:20:18.682 [pool-1-thread-2] INFO  com.crawljax.core.Crawler -  Event xpath /HTML[1]/BODY[1]/DIV[4]/DIV[1]/DIV[2]/UL[1]/LI[3]/UL[1]/LI[1]/A[1]
18:20:18.710 [pool-1-thread-2] INFO  com.crawljax.core.Crawler - Changing related inputs for 230 with 0  to 0 
18:20:18.849 [pool-1-thread-2] INFO  c.c.core.UnfiredFragmentCandidates - Changing related inputs to worked inputs 0 for 230
18:20:18.850 [pool-1-thread-2] INFO  c.c.core.UnfiredFragmentCandidates - event 230 - Before 0
18:20:18.850 [pool-1-thread-2] INFO  c.c.core.UnfiredFragmentCandidates - event 230 - After 0
18:20:18.850 [pool-1-thread-2] INFO  c.c.core.UnfiredFragmentCandidates - input for 230, 0
18:20:18.920 [pool-1-thread-2] INFO  com.crawljax.core.Crawler - Found an invisible link with href=/camera-photo
18:20:21.992 [pool-1-thread-2] INFO  c.crawljax.core.state.StateMachine - CLONE State detected: state278 and state119 are the same.
18:20:22.010 [pool-1-thread-2] INFO  c.c.core.UnfiredFragmentCandidates - There are 38 states with unfired actions: [9, 61, 63, 66, 68, 70, 73, 31, 81, 83, 86, 88, 33, 112, 115, 35, 121, 36, 37, 128, 130, 132, 134, 42, 139, 141, 146, 148, 154, 159, 44, 46, 211, 216, 51, 53, 268, 56]
18:20:22.011 [pool-1-thread-2] INFO  com.crawljax.core.Crawler - Resetting the crawler and Going to state state9
18:20:22.028 [pool-1-thread-2] INFO  com.crawljax.core.CrawlSession - Adding CrawlPath to session !!
18:20:22.028 [pool-1-thread-2] INFO  com.crawljax.core.Crawler - BT-state56:-1index_31_state46state46_32_state56state56_220_state268state268_221_state9state9_222_state70state70_224_state83state83_225_state70state70_226_state88state88_227_state70state70_228_state112state112_229_state70state70_230_state119
18:20:24.966 [pool-1-thread-2] INFO  com.crawljax.core.Crawler - index has changed to: state9
18:20:24.966 [pool-1-thread-2] INFO  com.crawljax.core.Crawler - Did not add reload edge from state119 to state9
18:20:24.966 [pool-1-thread-2] INFO  com.crawljax.core.Crawler - Initial state not the same as current state : Getting shortest path from current state
18:20:24.966 [pool-1-thread-2] INFO  com.crawljax.core.Crawler - backtrack status: true, reached NearDuplicate : -1 
18:20:24.967 [pool-1-thread-2] INFO  com.crawljax.core.Crawler -  Event xpath /HTML[1]/BODY[1]/DIV[4]/DIV[1]/DIV[2]/UL[2]/LI[2]/UL[1]/LI[2]/A[1]
18:20:24.994 [pool-1-thread-2] INFO  com.crawljax.core.Crawler - Changing related inputs for 231 with 0  to 0 
18:20:25.103 [pool-1-thread-2] INFO  c.c.core.UnfiredFragmentCandidates - Changing related inputs to worked inputs 0 for 231
18:20:25.103 [pool-1-thread-2] INFO  c.c.core.UnfiredFragmentCandidates - event 231 - Before 0
18:20:25.103 [pool-1-thread-2] INFO  c.c.core.UnfiredFragmentCandidates - event 231 - After 0
18:20:25.103 [pool-1-thread-2] INFO  c.c.core.UnfiredFragmentCandidates - input for 231, 0
18:20:25.153 [pool-1-thread-2] INFO  com.crawljax.core.Crawler - Found an invisible link with href=/notebooks
18:20:29.576 [pool-1-thread-2] INFO  c.crawljax.core.state.StateMachine - CLONE State detected: state280 and state83 are the same.
18:20:29.592 [pool-1-thread-2] INFO  com.crawljax.core.Crawler -  Event xpath /HTML[1]/BODY[1]/DIV[4]/DIV[1]/DIV[2]/UL[1]/LI[2]/UL[1]/LI[2]/A[1]
18:20:29.628 [pool-1-thread-2] INFO  com.crawljax.core.Crawler - Changing related inputs for 232 with 0  to 0 
18:20:29.743 [pool-1-thread-2] INFO  c.c.core.UnfiredFragmentCandidates - Changing related inputs to worked inputs 0 for 232
18:20:29.743 [pool-1-thread-2] INFO  c.c.core.UnfiredFragmentCandidates - event 232 - Before 0
18:20:29.743 [pool-1-thread-2] INFO  c.c.core.UnfiredFragmentCandidates - event 232 - After 0
18:20:29.743 [pool-1-thread-2] INFO  c.c.core.UnfiredFragmentCandidates - input for 232, 0
18:20:29.795 [pool-1-thread-2] INFO  com.crawljax.core.Crawler - Found an invisible link with href=/notebooks
18:20:32.818 [pool-1-thread-2] INFO  com.crawljax.core.Crawler -  Event xpath /HTML[1]/BODY[1]/DIV[4]/DIV[1]/DIV[2]/UL[1]/LI[2]/UL[1]/LI[3]/A[1]
18:20:32.839 [pool-1-thread-2] INFO  com.crawljax.core.Crawler - Changing related inputs for 233 with 0  to 0 
18:20:32.953 [pool-1-thread-2] INFO  c.c.core.UnfiredFragmentCandidates - Changing related inputs to worked inputs 0 for 233
18:20:32.953 [pool-1-thread-2] INFO  c.c.core.UnfiredFragmentCandidates - event 233 - Before 0
18:20:32.953 [pool-1-thread-2] INFO  c.c.core.UnfiredFragmentCandidates - event 233 - After 0
18:20:32.953 [pool-1-thread-2] INFO  c.c.core.UnfiredFragmentCandidates - input for 233, 0
18:20:33.004 [pool-1-thread-2] INFO  com.crawljax.core.Crawler - Found an invisible link with href=/accessories
18:20:36.001 [pool-1-thread-2] INFO  c.crawljax.core.state.StateMachine - CLONE State detected: state282 and state88 are the same.
18:20:36.017 [pool-1-thread-2] INFO  com.crawljax.core.Crawler -  Event xpath /HTML[1]/BODY[1]/DIV[4]/DIV[1]/DIV[2]/UL[1]/LI[2]/UL[1]/LI[2]/A[1]
18:20:36.046 [pool-1-thread-2] INFO  com.crawljax.core.Crawler - Changing related inputs for 234 with 0  to 0 
18:20:36.173 [pool-1-thread-2] INFO  c.c.core.UnfiredFragmentCandidates - Changing related inputs to worked inputs 0 for 234
18:20:36.174 [pool-1-thread-2] INFO  c.c.core.UnfiredFragmentCandidates - event 234 - Before 0
18:20:36.174 [pool-1-thread-2] INFO  c.c.core.UnfiredFragmentCandidates - event 234 - After 0
18:20:36.174 [pool-1-thread-2] INFO  c.c.core.UnfiredFragmentCandidates - input for 234, 0
18:20:36.238 [pool-1-thread-2] INFO  com.crawljax.core.Crawler - Found an invisible link with href=/notebooks
18:20:39.223 [pool-1-thread-2] INFO  c.crawljax.core.state.StateMachine - CLONE State detected: state283 and state83 are the same.
18:20:39.240 [pool-1-thread-2] INFO  com.crawljax.core.Crawler -  Event xpath /HTML[1]/BODY[1]/DIV[4]/DIV[1]/DIV[2]/UL[1]/LI[3]/A[1]
18:20:39.263 [pool-1-thread-2] INFO  com.crawljax.core.Crawler - Changing related inputs for 235 with 0  to 0 
18:20:39.385 [pool-1-thread-2] INFO  c.c.core.UnfiredFragmentCandidates - Changing related inputs to worked inputs 0 for 235
18:20:39.385 [pool-1-thread-2] INFO  c.c.core.UnfiredFragmentCandidates - event 235 - Before 0
18:20:39.385 [pool-1-thread-2] INFO  c.c.core.UnfiredFragmentCandidates - event 235 - After 0
18:20:39.385 [pool-1-thread-2] INFO  c.c.core.UnfiredFragmentCandidates - input for 235, 0
18:20:43.223 [pool-1-thread-2] INFO  c.crawljax.core.state.StateMachine - CLONE State detected: state284 and state112 are the same.
18:20:43.237 [pool-1-thread-2] INFO  com.crawljax.core.Crawler -  Event xpath /HTML[1]/BODY[1]/DIV[4]/DIV[1]/DIV[2]/UL[1]/LI[2]/UL[1]/LI[2]/A[1]
18:20:43.257 [pool-1-thread-2] INFO  com.crawljax.core.Crawler - Changing related inputs for 236 with 0  to 0 
18:20:43.379 [pool-1-thread-2] INFO  c.c.core.UnfiredFragmentCandidates - Changing related inputs to worked inputs 0 for 236
18:20:43.380 [pool-1-thread-2] INFO  c.c.core.UnfiredFragmentCandidates - event 236 - Before 0
18:20:43.380 [pool-1-thread-2] INFO  c.c.core.UnfiredFragmentCandidates - event 236 - After 0
18:20:43.380 [pool-1-thread-2] INFO  c.c.core.UnfiredFragmentCandidates - input for 236, 0
18:20:43.455 [pool-1-thread-2] INFO  com.crawljax.core.Crawler - Found an invisible link with href=/notebooks
18:20:46.504 [pool-1-thread-2] INFO  c.crawljax.core.state.StateMachine - CLONE State detected: state285 and state83 are the same.
18:20:46.522 [pool-1-thread-2] INFO  com.crawljax.core.Crawler -  Event xpath /HTML[1]/BODY[1]/DIV[4]/DIV[1]/DIV[2]/UL[1]/LI[3]/UL[1]/LI[1]/A[1]
18:20:46.549 [pool-1-thread-2] INFO  com.crawljax.core.Crawler - Changing related inputs for 237 with 0  to 0 
18:20:46.684 [pool-1-thread-2] INFO  c.c.core.UnfiredFragmentCandidates - Changing related inputs to worked inputs 0 for 237
18:20:46.684 [pool-1-thread-2] INFO  c.c.core.UnfiredFragmentCandidates - event 237 - Before 0
18:20:46.684 [pool-1-thread-2] INFO  c.c.core.UnfiredFragmentCandidates - event 237 - After 0
18:20:46.684 [pool-1-thread-2] INFO  c.c.core.UnfiredFragmentCandidates - input for 237, 0
18:20:46.751 [pool-1-thread-2] INFO  com.crawljax.core.Crawler - Found an invisible link with href=/camera-photo
18:20:49.796 [pool-1-thread-2] INFO  c.crawljax.core.state.StateMachine - CLONE State detected: state286 and state119 are the same.
18:20:49.807 [pool-1-thread-2] INFO  c.c.core.UnfiredFragmentCandidates - There are 38 states with unfired actions: [61, 63, 66, 68, 70, 73, 31, 81, 83, 86, 88, 33, 112, 115, 35, 121, 36, 37, 128, 130, 132, 134, 42, 139, 141, 146, 148, 154, 159, 44, 46, 211, 216, 51, 53, 268, 56, 9]
18:20:49.808 [pool-1-thread-2] INFO  com.crawljax.core.Crawler - Resetting the crawler and Going to state state61
18:20:49.821 [pool-1-thread-2] INFO  com.crawljax.core.CrawlSession - Adding CrawlPath to session !!
18:20:49.822 [pool-1-thread-2] INFO  com.crawljax.core.Crawler - BT-state9:-1state9_231_state83state83_233_state88state88_234_state83state83_235_state112state112_236_state83state83_237_state119
18:20:52.773 [pool-1-thread-2] INFO  com.crawljax.core.Crawler - index has changed to: state9
18:20:52.774 [pool-1-thread-2] INFO  com.crawljax.core.Crawler - Did not add reload edge from state119 to state9
18:20:52.774 [pool-1-thread-2] INFO  com.crawljax.core.Crawler - Initial state not the same as current state : Getting shortest path from current state
18:20:52.774 [pool-1-thread-2] INFO  c.c.core.UnfiredFragmentCandidates - input map size 237
18:20:52.775 [pool-1-thread-2] INFO  c.c.core.UnfiredFragmentCandidates - input map size 237
18:20:52.775 [pool-1-thread-2] INFO  com.crawljax.core.Crawler - Used a form input combination for backtracking 9
18:20:56.630 [pool-1-thread-2] INFO  com.crawljax.core.Crawler - Crawl depth is now 1
18:20:56.630 [pool-1-thread-2] INFO  c.c.core.UnfiredFragmentCandidates - input map size 237
18:20:56.630 [pool-1-thread-2] INFO  c.c.core.UnfiredFragmentCandidates - input map size 237
18:20:56.630 [pool-1-thread-2] INFO  com.crawljax.core.Crawler - Used a form input combination for backtracking 36
18:21:00.464 [pool-1-thread-2] INFO  com.crawljax.core.Crawler - Crawl depth is now 2
18:21:00.464 [pool-1-thread-2] INFO  com.crawljax.core.Crawler - backtrack status: true, reached NearDuplicate : -1 
18:21:00.464 [pool-1-thread-2] INFO  com.crawljax.core.Crawler -  Event xpath /HTML[1]/BODY[1]/DIV[4]/DIV[1]/DIV[1]/DIV[2]/DIV[1]/UL[1]/LI[1]/A[1]
18:21:00.494 [pool-1-thread-2] INFO  com.crawljax.core.Crawler - Changing related inputs for 238 with 0  to 0 
18:21:00.635 [pool-1-thread-2] INFO  c.c.core.UnfiredFragmentCandidates - Changing related inputs to worked inputs 0 for 238
18:21:00.635 [pool-1-thread-2] INFO  c.c.core.UnfiredFragmentCandidates - event 238 - Before 0
18:21:00.635 [pool-1-thread-2] INFO  c.c.core.UnfiredFragmentCandidates - event 238 - After 0
18:21:00.635 [pool-1-thread-2] INFO  c.c.core.UnfiredFragmentCandidates - input for 238, 0
18:21:05.974 [pool-1-thread-2] INFO  c.c.c.state.InMemoryStateFlowGraph - Number of states in the graph is now 57
18:21:05.974 [pool-1-thread-2] INFO  c.crawljax.core.state.StateMachine - State state288 added to the StateMachine.
18:21:06.117 [pool-1-thread-2] INFO  com.crawljax.core.Crawler - New DOM is a new state! crawl depth is now 3
18:21:06.118 [pool-1-thread-2] INFO  com.crawljax.core.Crawler - Parsing DOM of state state288 for candidate elements
18:21:06.124 [pool-1-thread-2] INFO  c.c.core.UnfiredFragmentCandidates - There are 38 states with unfired actions: [63, 66, 68, 70, 73, 31, 81, 83, 86, 88, 33, 112, 115, 35, 121, 36, 37, 128, 130, 132, 134, 42, 139, 141, 146, 148, 154, 159, 44, 46, 211, 216, 51, 53, 268, 56, 9, 288]
18:21:06.135 [pool-1-thread-2] INFO  com.crawljax.core.Crawler -  Event xpath /HTML[1]/BODY[1]/DIV[4]/DIV[1]/DIV[1]/DIV[1]/A[1]
18:21:06.155 [pool-1-thread-2] INFO  com.crawljax.core.Crawler - Changing related inputs for 239 with 0  to 0 
18:21:06.248 [pool-1-thread-2] INFO  c.c.core.UnfiredFragmentCandidates - Changing related inputs to worked inputs 0 for 239
18:21:06.248 [pool-1-thread-2] INFO  c.c.core.UnfiredFragmentCandidates - event 239 - Before 0
18:21:06.248 [pool-1-thread-2] INFO  c.c.core.UnfiredFragmentCandidates - event 239 - After 0
18:21:06.249 [pool-1-thread-2] INFO  c.c.core.UnfiredFragmentCandidates - input for 239, 0
18:21:10.045 [pool-1-thread-2] INFO  c.crawljax.core.state.StateMachine - CLONE State detected: state289 and state9 are the same.
18:21:10.056 [pool-1-thread-2] INFO  com.crawljax.core.Crawler -  Event xpath /HTML[1]/BODY[1]/DIV[4]/DIV[1]/DIV[2]/UL[2]/LI[2]/UL[1]/LI[3]/A[1]
18:21:10.077 [pool-1-thread-2] INFO  com.crawljax.core.Crawler - Changing related inputs for 240 with 0  to 0 
18:21:10.195 [pool-1-thread-2] INFO  c.c.core.UnfiredFragmentCandidates - Changing related inputs to worked inputs 0 for 240
18:21:10.195 [pool-1-thread-2] INFO  c.c.core.UnfiredFragmentCandidates - event 240 - Before 0
18:21:10.195 [pool-1-thread-2] INFO  c.c.core.UnfiredFragmentCandidates - event 240 - After 0
18:21:10.195 [pool-1-thread-2] INFO  c.c.core.UnfiredFragmentCandidates - input for 240, 0
18:21:10.243 [pool-1-thread-2] INFO  com.crawljax.core.Crawler - Found an invisible link with href=/accessories
18:21:13.219 [pool-1-thread-2] INFO  c.crawljax.core.state.StateMachine - CLONE State detected: state290 and state88 are the same.
18:21:13.230 [pool-1-thread-2] INFO  com.crawljax.core.Crawler -  Event xpath /HTML[1]/BODY[1]/DIV[4]/DIV[1]/DIV[2]/UL[1]/LI[2]/UL[1]/LI[3]/A[1]
18:21:13.252 [pool-1-thread-2] INFO  com.crawljax.core.Crawler - Changing related inputs for 241 with 0  to 0 
18:21:13.345 [pool-1-thread-2] INFO  c.c.core.UnfiredFragmentCandidates - Changing related inputs to worked inputs 0 for 241
18:21:13.346 [pool-1-thread-2] INFO  c.c.core.UnfiredFragmentCandidates - event 241 - Before 0
18:21:13.346 [pool-1-thread-2] INFO  c.c.core.UnfiredFragmentCandidates - event 241 - After 0
18:21:13.346 [pool-1-thread-2] INFO  c.c.core.UnfiredFragmentCandidates - input for 241, 0
18:21:13.412 [pool-1-thread-2] INFO  com.crawljax.core.Crawler - Found an invisible link with href=/accessories
18:21:16.372 [pool-1-thread-2] INFO  com.crawljax.core.Crawler -  Event xpath /HTML[1]/BODY[1]/DIV[4]/DIV[1]/DIV[2]/UL[1]/LI[3]/A[1]
18:21:16.405 [pool-1-thread-2] INFO  com.crawljax.core.Crawler - Changing related inputs for 242 with 0  to 0 
18:21:16.544 [pool-1-thread-2] INFO  c.c.core.UnfiredFragmentCandidates - Changing related inputs to worked inputs 0 for 242
18:21:16.545 [pool-1-thread-2] INFO  c.c.core.UnfiredFragmentCandidates - event 242 - Before 0
18:21:16.545 [pool-1-thread-2] INFO  c.c.core.UnfiredFragmentCandidates - event 242 - After 0
18:21:16.545 [pool-1-thread-2] INFO  c.c.core.UnfiredFragmentCandidates - input for 242, 0
18:21:20.448 [pool-1-thread-2] INFO  c.crawljax.core.state.StateMachine - CLONE State detected: state292 and state112 are the same.
18:21:20.464 [pool-1-thread-2] INFO  com.crawljax.core.Crawler -  Event xpath /HTML[1]/BODY[1]/DIV[4]/DIV[1]/DIV[2]/UL[1]/LI[2]/UL[1]/LI[3]/A[1]
18:21:20.490 [pool-1-thread-2] INFO  com.crawljax.core.Crawler - Changing related inputs for 243 with 0  to 0 
18:21:20.624 [pool-1-thread-2] INFO  c.c.core.UnfiredFragmentCandidates - Changing related inputs to worked inputs 0 for 243
18:21:20.624 [pool-1-thread-2] INFO  c.c.core.UnfiredFragmentCandidates - event 243 - Before 0
18:21:20.624 [pool-1-thread-2] INFO  c.c.core.UnfiredFragmentCandidates - event 243 - After 0
18:21:20.624 [pool-1-thread-2] INFO  c.c.core.UnfiredFragmentCandidates - input for 243, 0
18:21:20.697 [pool-1-thread-2] INFO  com.crawljax.core.Crawler - Found an invisible link with href=/accessories
18:21:23.762 [pool-1-thread-2] INFO  c.crawljax.core.state.StateMachine - CLONE State detected: state293 and state88 are the same.
18:21:23.782 [pool-1-thread-2] INFO  com.crawljax.core.Crawler -  Event xpath /HTML[1]/BODY[1]/DIV[4]/DIV[1]/DIV[2]/UL[1]/LI[3]/UL[1]/LI[1]/A[1]
18:21:23.815 [pool-1-thread-2] INFO  com.crawljax.core.Crawler - Changing related inputs for 244 with 0  to 0 
18:21:23.946 [pool-1-thread-2] INFO  c.c.core.UnfiredFragmentCandidates - Changing related inputs to worked inputs 0 for 244
18:21:23.946 [pool-1-thread-2] INFO  c.c.core.UnfiredFragmentCandidates - event 244 - Before 0
18:21:23.946 [pool-1-thread-2] INFO  c.c.core.UnfiredFragmentCandidates - event 244 - After 0
18:21:23.946 [pool-1-thread-2] INFO  c.c.core.UnfiredFragmentCandidates - input for 244, 0
18:21:24.018 [pool-1-thread-2] INFO  com.crawljax.core.Crawler - Found an invisible link with href=/camera-photo
18:21:27.057 [pool-1-thread-2] INFO  c.crawljax.core.state.StateMachine - CLONE State detected: state294 and state119 are the same.
18:21:27.073 [pool-1-thread-2] INFO  c.c.core.UnfiredFragmentCandidates - There are 39 states with unfired actions: [63, 66, 68, 70, 73, 31, 81, 83, 86, 88, 33, 112, 115, 35, 121, 36, 37, 128, 130, 132, 134, 42, 139, 141, 146, 148, 154, 159, 44, 46, 211, 216, 51, 53, 268, 56, 9, 288, 61]
18:21:27.074 [pool-1-thread-2] INFO  com.crawljax.core.Crawler - Resetting the crawler and Going to state state63
18:21:27.088 [pool-1-thread-2] INFO  com.crawljax.core.CrawlSession - Adding CrawlPath to session !!
18:21:27.088 [pool-1-thread-2] INFO  com.crawljax.core.Crawler - BT-state61:-1state9_9_state31state31_36_state61state61_238_state288state288_239_state9state9_240_state88state88_242_state112state112_243_state88state88_244_state119
18:21:30.080 [pool-1-thread-2] INFO  com.crawljax.core.Crawler - Did not add reload edge from state119 to index
18:21:30.081 [pool-1-thread-2] INFO  c.c.core.UnfiredFragmentCandidates - input map size 244
18:21:30.081 [pool-1-thread-2] INFO  c.c.core.UnfiredFragmentCandidates - input map size 244
18:21:30.081 [pool-1-thread-2] INFO  com.crawljax.core.Crawler - Used a form input combination for backtracking 38
18:21:34.075 [pool-1-thread-2] INFO  com.crawljax.core.Crawler - Crawl depth is now 1
18:21:34.075 [pool-1-thread-2] INFO  com.crawljax.core.Crawler - backtrack status: true, reached NearDuplicate : -1 
18:21:34.075 [pool-1-thread-2] INFO  com.crawljax.core.Crawler -  Event xpath /HTML[1]/BODY[1]/DIV[4]/DIV[1]/DIV[2]/UL[2]/LI[1]/A[1]
18:21:34.125 [pool-1-thread-2] INFO  com.crawljax.core.Crawler - Changing related inputs for 245 with 0  to 0 
18:21:34.315 [pool-1-thread-2] INFO  c.c.core.UnfiredFragmentCandidates - Changing related inputs to worked inputs 0 for 245
18:21:34.315 [pool-1-thread-2] INFO  c.c.core.UnfiredFragmentCandidates - event 245 - Before 0
18:21:34.315 [pool-1-thread-2] INFO  c.c.core.UnfiredFragmentCandidates - event 245 - After 0
18:21:34.315 [pool-1-thread-2] INFO  c.c.core.UnfiredFragmentCandidates - input for 245, 0
18:21:34.403 [pool-1-thread-2] INFO  com.crawljax.core.Crawler - Found an invisible link with href=/books
18:26:49.725 [pool-1-thread-2] INFO  c.c.c.state.InMemoryStateFlowGraph - Number of states in the graph is now 58
18:26:49.725 [pool-1-thread-2] INFO  c.crawljax.core.state.StateMachine - State state296 added to the StateMachine.
18:26:49.972 [pool-1-thread-2] INFO  com.crawljax.core.Crawler - New DOM is a new state! crawl depth is now 2
18:26:49.972 [pool-1-thread-2] INFO  com.crawljax.core.Crawler - Parsing DOM of state state296 for candidate elements
18:26:49.994 [pool-1-thread-2] INFO  c.c.core.UnfiredFragmentCandidates - There are 39 states with unfired actions: [66, 68, 70, 73, 31, 81, 83, 86, 88, 33, 112, 115, 35, 121, 36, 37, 128, 130, 132, 134, 42, 139, 141, 146, 148, 154, 159, 44, 46, 211, 216, 51, 53, 268, 56, 9, 288, 61, 296]
18:26:50.013 [pool-1-thread-2] INFO  com.crawljax.core.Crawler -  Event xpath /HTML[1]/BODY[1]/DIV[4]/DIV[1]/DIV[1]/DIV[1]/A[1]
18:26:50.049 [pool-1-thread-2] INFO  com.crawljax.core.Crawler - Changing related inputs for 246 with 0  to 0 
18:26:50.224 [pool-1-thread-2] INFO  c.c.core.UnfiredFragmentCandidates - Changing related inputs to worked inputs 0 for 246
18:26:50.224 [pool-1-thread-2] INFO  c.c.core.UnfiredFragmentCandidates - event 246 - Before 0
18:26:50.224 [pool-1-thread-2] INFO  c.c.core.UnfiredFragmentCandidates - event 246 - After 0
18:26:50.225 [pool-1-thread-2] INFO  c.c.core.UnfiredFragmentCandidates - input for 246, 0
18:26:55.250 [pool-1-thread-2] INFO  c.crawljax.core.state.StateMachine - CLONE State detected: state297 and index are the same.
18:26:55.251 [pool-1-thread-2] INFO  c.c.core.UnfiredFragmentCandidates - Placing index back in queue as it is rediscovered
18:26:55.251 [pool-1-thread-2] INFO  c.c.core.UnfiredFragmentCandidates - There are 40 states with unfired actions: [66, 68, 70, 73, 31, 81, 83, 86, 88, 33, 112, 115, 35, 121, 36, 37, 128, 130, 132, 134, 42, 139, 141, 146, 148, 154, 159, 44, 46, 211, 216, 51, 53, 268, 56, 9, 288, 61, 296, 0]
18:26:55.251 [pool-1-thread-2] INFO  c.c.core.UnfiredFragmentCandidates - Rediscovered state0 has unexplored actions
18:26:55.272 [pool-1-thread-2] INFO  com.crawljax.core.Crawler -  Event xpath /HTML[1]/BODY[1]/DIV[4]/DIV[1]/DIV[2]/UL[2]/LI[2]/A[1]
18:26:55.309 [pool-1-thread-2] INFO  com.crawljax.core.Crawler - Changing related inputs for 247 with 0  to 0 
18:26:55.474 [pool-1-thread-2] INFO  c.c.core.UnfiredFragmentCandidates - Changing related inputs to worked inputs 0 for 247
18:26:55.474 [pool-1-thread-2] INFO  c.c.core.UnfiredFragmentCandidates - event 247 - Before 0
18:26:55.474 [pool-1-thread-2] INFO  c.c.core.UnfiredFragmentCandidates - event 247 - After 0
18:26:55.474 [pool-1-thread-2] INFO  c.c.core.UnfiredFragmentCandidates - input for 247, 0
18:26:55.548 [pool-1-thread-2] INFO  com.crawljax.core.Crawler - Found an invisible link with href=/computers
18:26:58.609 [pool-1-thread-2] INFO  c.crawljax.core.state.StateMachine - CLONE State detected: state298 and state68 are the same.
18:26:58.631 [pool-1-thread-2] INFO  com.crawljax.core.Crawler -  Event xpath /HTML[1]/BODY[1]/DIV[4]/DIV[1]/DIV[2]/UL[1]/LI[3]/UL[1]/LI[2]/A[1]
18:26:58.667 [pool-1-thread-2] INFO  com.crawljax.core.Crawler - Changing related inputs for 248 with 0  to 0 
18:26:58.819 [pool-1-thread-2] INFO  c.c.core.UnfiredFragmentCandidates - Changing related inputs to worked inputs 0 for 248
18:26:58.819 [pool-1-thread-2] INFO  c.c.core.UnfiredFragmentCandidates - event 248 - Before 0
18:26:58.819 [pool-1-thread-2] INFO  c.c.core.UnfiredFragmentCandidates - event 248 - After 0
18:26:58.819 [pool-1-thread-2] INFO  c.c.core.UnfiredFragmentCandidates - input for 248, 0
18:26:58.899 [pool-1-thread-2] INFO  com.crawljax.core.Crawler - Found an invisible link with href=/cell-phones
18:27:01.917 [pool-1-thread-2] INFO  c.crawljax.core.state.StateMachine - CLONE State detected: state299 and state130 are the same.
18:27:01.930 [pool-1-thread-2] INFO  com.crawljax.core.Crawler -  Event xpath /HTML[1]/BODY[1]/DIV[4]/DIV[1]/DIV[2]/UL[1]/LI[2]/A[1]
18:27:01.955 [pool-1-thread-2] INFO  com.crawljax.core.Crawler - Changing related inputs for 249 with 0  to 0 
18:27:02.070 [pool-1-thread-2] INFO  c.c.core.UnfiredFragmentCandidates - Changing related inputs to worked inputs 0 for 249
18:27:02.070 [pool-1-thread-2] INFO  c.c.core.UnfiredFragmentCandidates - event 249 - Before 0
18:27:02.070 [pool-1-thread-2] INFO  c.c.core.UnfiredFragmentCandidates - event 249 - After 0
18:27:02.070 [pool-1-thread-2] INFO  c.c.core.UnfiredFragmentCandidates - input for 249, 0
18:27:05.905 [pool-1-thread-2] INFO  c.crawljax.core.state.StateMachine - CLONE State detected: state300 and state68 are the same.
18:27:05.921 [pool-1-thread-2] INFO  com.crawljax.core.Crawler -  Event xpath /HTML[1]/BODY[1]/DIV[4]/DIV[1]/DIV[2]/UL[1]/LI[4]/A[1]
18:27:05.948 [pool-1-thread-2] INFO  com.crawljax.core.Crawler - Changing related inputs for 250 with 0  to 0 
18:27:06.083 [pool-1-thread-2] INFO  c.c.core.UnfiredFragmentCandidates - Changing related inputs to worked inputs 0 for 250
18:27:06.083 [pool-1-thread-2] INFO  c.c.core.UnfiredFragmentCandidates - event 250 - Before 0
18:27:06.083 [pool-1-thread-2] INFO  c.c.core.UnfiredFragmentCandidates - event 250 - After 0
18:27:06.083 [pool-1-thread-2] INFO  c.c.core.UnfiredFragmentCandidates - input for 250, 0
18:27:10.128 [pool-1-thread-2] INFO  c.crawljax.core.state.StateMachine - CLONE State detected: state301 and state132 are the same.
18:27:10.142 [pool-1-thread-2] INFO  com.crawljax.core.Crawler -  Event xpath /HTML[1]/BODY[1]/DIV[4]/DIV[1]/DIV[2]/UL[1]/LI[2]/A[1]
18:27:10.173 [pool-1-thread-2] INFO  com.crawljax.core.Crawler - Changing related inputs for 251 with 0  to 0 
18:27:10.298 [pool-1-thread-2] INFO  c.c.core.UnfiredFragmentCandidates - Changing related inputs to worked inputs 0 for 251
18:27:10.298 [pool-1-thread-2] INFO  c.c.core.UnfiredFragmentCandidates - event 251 - Before 0
18:27:10.298 [pool-1-thread-2] INFO  c.c.core.UnfiredFragmentCandidates - event 251 - After 0
18:27:10.298 [pool-1-thread-2] INFO  c.c.core.UnfiredFragmentCandidates - input for 251, 0
18:27:15.612 [pool-1-thread-2] INFO  c.crawljax.core.state.StateMachine - CLONE State detected: state302 and state68 are the same.
18:27:15.632 [pool-1-thread-2] INFO  com.crawljax.core.Crawler -  Event xpath /HTML[1]/BODY[1]/DIV[4]/DIV[1]/DIV[2]/UL[1]/LI[5]/A[1]
18:27:15.667 [pool-1-thread-2] INFO  com.crawljax.core.Crawler - Changing related inputs for 252 with 0  to 0 
18:27:15.859 [pool-1-thread-2] INFO  c.c.core.UnfiredFragmentCandidates - Changing related inputs to worked inputs 0 for 252
18:27:15.859 [pool-1-thread-2] INFO  c.c.core.UnfiredFragmentCandidates - event 252 - Before 0
18:27:15.859 [pool-1-thread-2] INFO  c.c.core.UnfiredFragmentCandidates - event 252 - After 0
18:27:15.859 [pool-1-thread-2] INFO  c.c.core.UnfiredFragmentCandidates - input for 252, 0
18:27:20.035 [pool-1-thread-2] INFO  c.crawljax.core.state.StateMachine - CLONE State detected: state303 and state134 are the same.
18:27:20.055 [pool-1-thread-2] INFO  com.crawljax.core.Crawler -  Event xpath /HTML[1]/BODY[1]/DIV[4]/DIV[1]/DIV[2]/UL[1]/LI[2]/A[1]
18:27:20.090 [pool-1-thread-2] INFO  com.crawljax.core.Crawler - Changing related inputs for 253 with 0  to 0 
18:27:20.261 [pool-1-thread-2] INFO  c.c.core.UnfiredFragmentCandidates - Changing related inputs to worked inputs 0 for 253
18:27:20.261 [pool-1-thread-2] INFO  c.c.core.UnfiredFragmentCandidates - event 253 - Before 0
18:27:20.261 [pool-1-thread-2] INFO  c.c.core.UnfiredFragmentCandidates - event 253 - After 0
18:27:20.261 [pool-1-thread-2] INFO  c.c.core.UnfiredFragmentCandidates - input for 253, 0
18:27:24.126 [pool-1-thread-2] INFO  c.crawljax.core.state.StateMachine - CLONE State detected: state304 and state68 are the same.
18:27:24.151 [pool-1-thread-2] INFO  com.crawljax.core.Crawler -  Event xpath /HTML[1]/BODY[1]/DIV[4]/DIV[1]/DIV[2]/UL[1]/LI[6]/A[1]
18:27:24.184 [pool-1-thread-2] INFO  com.crawljax.core.Crawler - Changing related inputs for 254 with 0  to 0 
18:27:24.340 [pool-1-thread-2] INFO  c.c.core.UnfiredFragmentCandidates - Changing related inputs to worked inputs 0 for 254
18:27:24.340 [pool-1-thread-2] INFO  c.c.core.UnfiredFragmentCandidates - event 254 - Before 0
18:27:24.340 [pool-1-thread-2] INFO  c.c.core.UnfiredFragmentCandidates - event 254 - After 0
18:27:24.340 [pool-1-thread-2] INFO  c.c.core.UnfiredFragmentCandidates - input for 254, 0
18:27:28.315 [pool-1-thread-2] INFO  c.crawljax.core.state.StateMachine - CLONE State detected: state305 and state141 are the same.
18:27:28.331 [pool-1-thread-2] INFO  com.crawljax.core.Crawler -  Event xpath /HTML[1]/BODY[1]/DIV[4]/DIV[1]/DIV[2]/UL[1]/LI[2]/A[1]
18:27:28.365 [pool-1-thread-2] INFO  com.crawljax.core.Crawler - Changing related inputs for 255 with 0  to 0 
18:27:28.506 [pool-1-thread-2] INFO  c.c.core.UnfiredFragmentCandidates - Changing related inputs to worked inputs 0 for 255
18:27:28.506 [pool-1-thread-2] INFO  c.c.core.UnfiredFragmentCandidates - event 255 - Before 0
18:27:28.506 [pool-1-thread-2] INFO  c.c.core.UnfiredFragmentCandidates - event 255 - After 0
18:27:28.506 [pool-1-thread-2] INFO  c.c.core.UnfiredFragmentCandidates - input for 255, 0
18:27:32.467 [pool-1-thread-2] INFO  c.crawljax.core.state.StateMachine - CLONE State detected: state306 and state68 are the same.
18:27:32.484 [pool-1-thread-2] INFO  com.crawljax.core.Crawler -  Event xpath /HTML[1]/BODY[1]/DIV[4]/DIV[1]/DIV[2]/UL[1]/LI[7]/A[1]
18:27:32.512 [pool-1-thread-2] INFO  com.crawljax.core.Crawler - Changing related inputs for 256 with 0  to 0 
18:27:32.652 [pool-1-thread-2] INFO  c.c.core.UnfiredFragmentCandidates - Changing related inputs to worked inputs 0 for 256
18:27:32.652 [pool-1-thread-2] INFO  c.c.core.UnfiredFragmentCandidates - event 256 - Before 0
18:27:32.652 [pool-1-thread-2] INFO  c.c.core.UnfiredFragmentCandidates - event 256 - After 0
18:27:32.652 [pool-1-thread-2] INFO  c.c.core.UnfiredFragmentCandidates - input for 256, 0
18:27:36.749 [pool-1-thread-2] INFO  c.crawljax.core.state.StateMachine - CLONE State detected: state307 and state148 are the same.
18:27:36.766 [pool-1-thread-2] INFO  com.crawljax.core.Crawler -  Event xpath /HTML[1]/BODY[1]/DIV[4]/DIV[1]/DIV[2]/UL[1]/LI[2]/A[1]
18:27:36.795 [pool-1-thread-2] INFO  com.crawljax.core.Crawler - Changing related inputs for 257 with 0  to 0 
18:27:36.933 [pool-1-thread-2] INFO  c.c.core.UnfiredFragmentCandidates - Changing related inputs to worked inputs 0 for 257
18:27:36.933 [pool-1-thread-2] INFO  c.c.core.UnfiredFragmentCandidates - event 257 - Before 0
18:27:36.933 [pool-1-thread-2] INFO  c.c.core.UnfiredFragmentCandidates - event 257 - After 0
18:27:36.934 [pool-1-thread-2] INFO  c.c.core.UnfiredFragmentCandidates - input for 257, 0
18:27:40.840 [pool-1-thread-2] INFO  c.crawljax.core.state.StateMachine - CLONE State detected: state308 and state68 are the same.
18:27:40.860 [pool-1-thread-2] INFO  com.crawljax.core.Crawler -  Event xpath /HTML[1]/BODY[1]/DIV[4]/DIV[1]/DIV[2]/DIV[1]/A[1]
18:27:40.888 [pool-1-thread-2] INFO  com.crawljax.core.Crawler - Changing related inputs for 258 with 0  to 0 
18:27:41.031 [pool-1-thread-2] INFO  c.c.core.UnfiredFragmentCandidates - Changing related inputs to worked inputs 0 for 258
18:27:41.031 [pool-1-thread-2] INFO  c.c.core.UnfiredFragmentCandidates - event 258 - Before 0
18:27:41.031 [pool-1-thread-2] INFO  c.c.core.UnfiredFragmentCandidates - event 258 - After 0
18:27:41.031 [pool-1-thread-2] INFO  c.c.core.UnfiredFragmentCandidates - input for 258, 0
18:27:41.109 [pool-1-thread-2] INFO  com.crawljax.core.Crawler - Found an invisible link with href=
18:27:44.182 [pool-1-thread-2] INFO  c.crawljax.core.state.StateMachine - CLONE State detected: state309 and state9 are the same.
18:27:44.204 [pool-1-thread-2] INFO  com.crawljax.core.Crawler -  Event xpath /HTML[1]/BODY[1]/DIV[4]/DIV[1]/DIV[2]/UL[2]/LI[3]/A[1]
18:27:44.253 [pool-1-thread-2] INFO  com.crawljax.core.Crawler - Changing related inputs for 259 with 0  to 0 
18:27:44.411 [pool-1-thread-2] INFO  c.c.core.UnfiredFragmentCandidates - Changing related inputs to worked inputs 0 for 259
18:27:44.411 [pool-1-thread-2] INFO  c.c.core.UnfiredFragmentCandidates - event 259 - Before 0
18:27:44.411 [pool-1-thread-2] INFO  c.c.core.UnfiredFragmentCandidates - event 259 - After 0
18:27:44.411 [pool-1-thread-2] INFO  c.c.core.UnfiredFragmentCandidates - input for 259, 0
18:27:44.475 [pool-1-thread-2] INFO  com.crawljax.core.Crawler - Found an invisible link with href=/electronics
18:27:49.293 [pool-1-thread-2] INFO  c.crawljax.core.state.StateMachine - CLONE State detected: state310 and state112 are the same.
18:27:49.310 [pool-1-thread-2] INFO  com.crawljax.core.Crawler -  Event xpath /HTML[1]/BODY[1]/DIV[4]/DIV[1]/DIV[2]/UL[1]/LI[3]/A[1]
18:27:49.339 [pool-1-thread-2] INFO  com.crawljax.core.Crawler - Changing related inputs for 260 with 0  to 0 
18:27:49.487 [pool-1-thread-2] INFO  c.c.core.UnfiredFragmentCandidates - Changing related inputs to worked inputs 0 for 260
18:27:49.487 [pool-1-thread-2] INFO  c.c.core.UnfiredFragmentCandidates - event 260 - Before 0
18:27:49.488 [pool-1-thread-2] INFO  c.c.core.UnfiredFragmentCandidates - event 260 - After 0
18:27:49.488 [pool-1-thread-2] INFO  c.c.core.UnfiredFragmentCandidates - input for 260, 0
18:27:53.433 [pool-1-thread-2] INFO  com.crawljax.core.Crawler -  Event xpath /HTML[1]/BODY[1]/DIV[4]/DIV[1]/DIV[2]/UL[1]/LI[3]/UL[1]/LI[1]/A[1]
18:27:53.461 [pool-1-thread-2] INFO  com.crawljax.core.Crawler - Changing related inputs for 261 with 0  to 0 
18:27:53.607 [pool-1-thread-2] INFO  c.c.core.UnfiredFragmentCandidates - Changing related inputs to worked inputs 0 for 261
18:27:53.607 [pool-1-thread-2] INFO  c.c.core.UnfiredFragmentCandidates - event 261 - Before 0
18:27:53.607 [pool-1-thread-2] INFO  c.c.core.UnfiredFragmentCandidates - event 261 - After 0
18:27:53.607 [pool-1-thread-2] INFO  c.c.core.UnfiredFragmentCandidates - input for 261, 0
18:27:53.677 [pool-1-thread-2] INFO  com.crawljax.core.Crawler - Found an invisible link with href=/camera-photo
18:27:57.641 [pool-1-thread-2] INFO  c.crawljax.core.state.StateMachine - CLONE State detected: state312 and state119 are the same.
18:27:57.660 [pool-1-thread-2] INFO  c.c.core.UnfiredFragmentCandidates - There are 41 states with unfired actions: [66, 68, 70, 73, 31, 81, 83, 86, 88, 33, 112, 115, 35, 121, 36, 37, 128, 130, 132, 134, 42, 139, 141, 146, 148, 154, 159, 44, 46, 211, 216, 51, 53, 268, 56, 9, 288, 61, 296, 0, 63]
18:27:57.660 [pool-1-thread-2] INFO  com.crawljax.core.Crawler - Resetting the crawler and Going to state state66
18:27:57.676 [pool-1-thread-2] INFO  com.crawljax.core.CrawlSession - Adding CrawlPath to session !!
18:27:57.677 [pool-1-thread-2] INFO  com.crawljax.core.Crawler - BT-state63:-1index_38_state63state63_245_state296state296_246_indexindex_247_state68state68_248_state130state130_249_state68state68_250_state132state132_251_state68state68_252_state134state134_253_state68state68_254_state141state141_255_state68state68_256_state148state148_257_state68state68_258_state9state9_259_state112state112_261_state119
18:28:00.721 [pool-1-thread-2] INFO  com.crawljax.core.Crawler - Did not add reload edge from state119 to index
18:28:00.722 [pool-1-thread-2] INFO  c.c.core.UnfiredFragmentCandidates - input map size 261
18:28:00.722 [pool-1-thread-2] INFO  c.c.core.UnfiredFragmentCandidates - input map size 261
18:28:00.722 [pool-1-thread-2] INFO  com.crawljax.core.Crawler - Used a form input combination for backtracking 38
18:28:04.624 [pool-1-thread-2] INFO  com.crawljax.core.Crawler - Crawl depth is now 1
18:28:04.624 [pool-1-thread-2] INFO  c.c.core.UnfiredFragmentCandidates - input map size 261
18:28:04.624 [pool-1-thread-2] INFO  c.c.core.UnfiredFragmentCandidates - input map size 261
18:28:04.624 [pool-1-thread-2] INFO  com.crawljax.core.Crawler - Used a form input combination for backtracking 41
18:28:08.463 [pool-1-thread-2] INFO  com.crawljax.core.Crawler - Crawl depth is now 2
18:28:08.464 [pool-1-thread-2] INFO  com.crawljax.core.Crawler - backtrack status: true, reached NearDuplicate : -1 
18:28:08.464 [pool-1-thread-2] INFO  com.crawljax.core.Crawler -  Event xpath /HTML[1]/BODY[1]/DIV[4]/DIV[1]/DIV[1]/DIV[2]/DIV[1]/UL[1]/LI[1]/A[1]
18:28:08.492 [pool-1-thread-2] INFO  com.crawljax.core.Crawler - Changing related inputs for 262 with 0  to 0 
18:28:08.619 [pool-1-thread-2] INFO  c.c.core.UnfiredFragmentCandidates - Changing related inputs to worked inputs 0 for 262
18:28:08.619 [pool-1-thread-2] INFO  c.c.core.UnfiredFragmentCandidates - event 262 - Before 0
18:28:08.619 [pool-1-thread-2] INFO  c.c.core.UnfiredFragmentCandidates - event 262 - After 0
18:28:08.620 [pool-1-thread-2] INFO  c.c.core.UnfiredFragmentCandidates - input for 262, 0
18:28:12.453 [pool-1-thread-2] INFO  c.c.c.state.InMemoryStateFlowGraph - Number of states in the graph is now 59
18:28:12.453 [pool-1-thread-2] INFO  c.crawljax.core.state.StateMachine - State state314 added to the StateMachine.
18:28:12.631 [pool-1-thread-2] INFO  com.crawljax.core.Crawler - New DOM is a new state! crawl depth is now 3
18:28:12.631 [pool-1-thread-2] INFO  com.crawljax.core.Crawler - Parsing DOM of state state314 for candidate elements
18:28:12.644 [pool-1-thread-2] INFO  c.c.core.UnfiredFragmentCandidates - There are 41 states with unfired actions: [68, 70, 73, 31, 81, 83, 86, 88, 33, 112, 115, 35, 121, 36, 37, 128, 130, 132, 134, 42, 139, 141, 146, 148, 154, 159, 44, 46, 211, 216, 51, 53, 268, 56, 9, 288, 61, 296, 0, 63, 314]
18:28:12.659 [pool-1-thread-2] INFO  com.crawljax.core.Crawler -  Event xpath /HTML[1]/BODY[1]/DIV[4]/DIV[1]/DIV[1]/DIV[1]/A[1]
18:28:12.686 [pool-1-thread-2] INFO  com.crawljax.core.Crawler - Changing related inputs for 263 with 0  to 0 
18:28:12.842 [pool-1-thread-2] INFO  c.c.core.UnfiredFragmentCandidates - Changing related inputs to worked inputs 0 for 263
18:28:12.842 [pool-1-thread-2] INFO  c.c.core.UnfiredFragmentCandidates - event 263 - Before 0
18:28:12.842 [pool-1-thread-2] INFO  c.c.core.UnfiredFragmentCandidates - event 263 - After 0
18:28:12.842 [pool-1-thread-2] INFO  c.c.core.UnfiredFragmentCandidates - input for 263, 0
18:28:16.772 [pool-1-thread-2] INFO  c.crawljax.core.state.StateMachine - CLONE State detected: state315 and state9 are the same.
18:28:16.788 [pool-1-thread-2] INFO  com.crawljax.core.Crawler -  Event xpath /HTML[1]/BODY[1]/DIV[4]/DIV[1]/DIV[2]/UL[2]/LI[3]/UL[1]/LI[1]/A[1]
18:28:16.829 [pool-1-thread-2] INFO  com.crawljax.core.Crawler - Changing related inputs for 264 with 0  to 0 
18:28:16.992 [pool-1-thread-2] INFO  c.c.core.UnfiredFragmentCandidates - Changing related inputs to worked inputs 0 for 264
18:28:16.992 [pool-1-thread-2] INFO  c.c.core.UnfiredFragmentCandidates - event 264 - Before 0
18:28:16.992 [pool-1-thread-2] INFO  c.c.core.UnfiredFragmentCandidates - event 264 - After 0
18:28:16.992 [pool-1-thread-2] INFO  c.c.core.UnfiredFragmentCandidates - input for 264, 0
18:28:17.060 [pool-1-thread-2] INFO  com.crawljax.core.Crawler - Found an invisible link with href=/camera-photo
18:28:20.031 [pool-1-thread-2] INFO  c.crawljax.core.state.StateMachine - CLONE State detected: state316 and state119 are the same.
18:28:20.050 [pool-1-thread-2] INFO  c.c.core.UnfiredFragmentCandidates - There are 42 states with unfired actions: [68, 70, 73, 31, 81, 83, 86, 88, 33, 112, 115, 35, 121, 36, 37, 128, 130, 132, 134, 42, 139, 141, 146, 148, 154, 159, 44, 46, 211, 216, 51, 53, 268, 56, 9, 288, 61, 296, 0, 63, 314, 66]
18:28:20.050 [pool-1-thread-2] INFO  com.crawljax.core.Crawler - Resetting the crawler and Going to state state68
18:28:20.070 [pool-1-thread-2] INFO  com.crawljax.core.CrawlSession - Adding CrawlPath to session !!
18:28:20.070 [pool-1-thread-2] INFO  com.crawljax.core.Crawler - BT-state66:-1index_38_state63state63_41_state66state66_262_state314state314_263_state9state9_264_state119
18:28:24.452 [pool-1-thread-2] INFO  com.crawljax.core.Crawler - index has changed to: state9
18:28:24.452 [pool-1-thread-2] INFO  com.crawljax.core.Crawler - Did not add reload edge from state119 to state9
18:28:24.452 [pool-1-thread-2] INFO  com.crawljax.core.Crawler - Initial state not the same as current state : Getting shortest path from current state
18:28:24.453 [pool-1-thread-2] INFO  c.c.core.UnfiredFragmentCandidates - input map size 264
18:28:24.453 [pool-1-thread-2] INFO  c.c.core.UnfiredFragmentCandidates - input map size 264
18:28:24.453 [pool-1-thread-2] INFO  com.crawljax.core.Crawler - Used a form input combination for backtracking 47
18:28:28.203 [pool-1-thread-2] INFO  com.crawljax.core.Crawler - Crawl depth is now 1
18:28:28.203 [pool-1-thread-2] INFO  com.crawljax.core.Crawler - backtrack status: true, reached NearDuplicate : -1 
18:28:28.204 [pool-1-thread-2] INFO  com.crawljax.core.Crawler -  Event xpath /HTML[1]/BODY[1]/DIV[4]/DIV[1]/DIV[2]/UL[2]/LI[1]/A[1]
18:28:28.235 [pool-1-thread-2] INFO  com.crawljax.core.Crawler - Changing related inputs for 265 with 0  to 0 
18:28:28.344 [pool-1-thread-2] INFO  c.c.core.UnfiredFragmentCandidates - Changing related inputs to worked inputs 0 for 265
18:28:28.345 [pool-1-thread-2] INFO  c.c.core.UnfiredFragmentCandidates - event 265 - Before 0
18:28:28.345 [pool-1-thread-2] INFO  c.c.core.UnfiredFragmentCandidates - event 265 - After 0
18:28:28.345 [pool-1-thread-2] INFO  c.c.core.UnfiredFragmentCandidates - input for 265, 0
18:28:28.399 [pool-1-thread-2] INFO  com.crawljax.core.Crawler - Found an invisible link with href=/books
18:28:31.389 [pool-1-thread-2] INFO  c.crawljax.core.state.StateMachine - CLONE State detected: state318 and state63 are the same.
18:28:31.403 [pool-1-thread-2] INFO  com.crawljax.core.Crawler -  Event xpath /HTML[1]/BODY[1]/DIV[4]/DIV[1]/DIV[2]/UL[2]/LI[2]/A[1]
18:28:31.427 [pool-1-thread-2] INFO  com.crawljax.core.Crawler - Changing related inputs for 266 with 0  to 0 
18:28:31.542 [pool-1-thread-2] INFO  c.c.core.UnfiredFragmentCandidates - Changing related inputs to worked inputs 0 for 266
18:28:31.542 [pool-1-thread-2] INFO  c.c.core.UnfiredFragmentCandidates - event 266 - Before 0
18:28:31.542 [pool-1-thread-2] INFO  c.c.core.UnfiredFragmentCandidates - event 266 - After 0
18:28:31.542 [pool-1-thread-2] INFO  c.c.core.UnfiredFragmentCandidates - input for 266, 0
18:28:31.598 [pool-1-thread-2] INFO  com.crawljax.core.Crawler - Found an invisible link with href=/computers
18:28:34.546 [pool-1-thread-2] INFO  c.crawljax.core.state.StateMachine - CLONE State detected: state319 and state68 are the same.
18:28:34.560 [pool-1-thread-2] INFO  com.crawljax.core.Crawler -  Event xpath /HTML[1]/BODY[1]/DIV[4]/DIV[1]/DIV[2]/UL[2]/LI[2]/A[1]
18:28:34.588 [pool-1-thread-2] INFO  com.crawljax.core.Crawler - Changing related inputs for 267 with 0  to 0 
18:28:34.725 [pool-1-thread-2] INFO  c.c.core.UnfiredFragmentCandidates - Changing related inputs to worked inputs 0 for 267
18:28:34.726 [pool-1-thread-2] INFO  c.c.core.UnfiredFragmentCandidates - event 267 - Before 0
18:28:34.726 [pool-1-thread-2] INFO  c.c.core.UnfiredFragmentCandidates - event 267 - After 0
18:28:34.726 [pool-1-thread-2] INFO  c.c.core.UnfiredFragmentCandidates - input for 267, 0
18:28:34.792 [pool-1-thread-2] INFO  com.crawljax.core.Crawler - Found an invisible link with href=/computers
18:28:37.772 [pool-1-thread-2] INFO  com.crawljax.core.Crawler -  Event xpath /HTML[1]/BODY[1]/DIV[4]/DIV[1]/DIV[2]/UL[2]/LI[2]/UL[1]/LI[1]/A[1]
18:28:37.808 [pool-1-thread-2] INFO  com.crawljax.core.Crawler - Changing related inputs for 268 with 0  to 0 
18:28:37.953 [pool-1-thread-2] INFO  c.c.core.UnfiredFragmentCandidates - Changing related inputs to worked inputs 0 for 268
18:28:37.953 [pool-1-thread-2] INFO  c.c.core.UnfiredFragmentCandidates - event 268 - Before 0
18:28:37.953 [pool-1-thread-2] INFO  c.c.core.UnfiredFragmentCandidates - event 268 - After 0
18:28:37.953 [pool-1-thread-2] INFO  c.c.core.UnfiredFragmentCandidates - input for 268, 0
18:28:38.025 [pool-1-thread-2] INFO  com.crawljax.core.Crawler - Found an invisible link with href=/desktops
18:28:41.096 [pool-1-thread-2] INFO  c.crawljax.core.state.StateMachine - CLONE State detected: state321 and state70 are the same.
18:28:41.114 [pool-1-thread-2] INFO  com.crawljax.core.Crawler -  Event xpath /HTML[1]/BODY[1]/DIV[4]/DIV[1]/DIV[2]/UL[1]/LI[3]/UL[1]/LI[2]/A[1]
18:28:41.143 [pool-1-thread-2] INFO  com.crawljax.core.Crawler - Changing related inputs for 269 with 0  to 0 
18:28:41.286 [pool-1-thread-2] INFO  c.c.core.UnfiredFragmentCandidates - Changing related inputs to worked inputs 0 for 269
18:28:41.286 [pool-1-thread-2] INFO  c.c.core.UnfiredFragmentCandidates - event 269 - Before 0
18:28:41.286 [pool-1-thread-2] INFO  c.c.core.UnfiredFragmentCandidates - event 269 - After 0
18:28:41.286 [pool-1-thread-2] INFO  c.c.core.UnfiredFragmentCandidates - input for 269, 0
18:28:41.363 [pool-1-thread-2] INFO  com.crawljax.core.Crawler - Found an invisible link with href=/cell-phones
18:28:44.398 [pool-1-thread-2] INFO  c.crawljax.core.state.StateMachine - CLONE State detected: state322 and state130 are the same.
18:28:44.415 [pool-1-thread-2] INFO  com.crawljax.core.Crawler -  Event xpath /HTML[1]/BODY[1]/DIV[4]/DIV[1]/DIV[2]/UL[1]/LI[2]/UL[1]/LI[1]/A[1]
18:28:44.444 [pool-1-thread-2] INFO  com.crawljax.core.Crawler - Changing related inputs for 270 with 0  to 0 
18:28:44.598 [pool-1-thread-2] INFO  c.c.core.UnfiredFragmentCandidates - Changing related inputs to worked inputs 0 for 270
18:28:44.598 [pool-1-thread-2] INFO  c.c.core.UnfiredFragmentCandidates - event 270 - Before 0
18:28:44.598 [pool-1-thread-2] INFO  c.c.core.UnfiredFragmentCandidates - event 270 - After 0
18:28:44.598 [pool-1-thread-2] INFO  c.c.core.UnfiredFragmentCandidates - input for 270, 0
18:28:44.670 [pool-1-thread-2] INFO  com.crawljax.core.Crawler - Found an invisible link with href=/desktops
18:28:47.722 [pool-1-thread-2] INFO  c.crawljax.core.state.StateMachine - CLONE State detected: state323 and state70 are the same.
18:28:47.746 [pool-1-thread-2] INFO  com.crawljax.core.Crawler -  Event xpath /HTML[1]/BODY[1]/DIV[4]/DIV[1]/DIV[2]/UL[1]/LI[4]/A[1]
18:28:47.785 [pool-1-thread-2] INFO  com.crawljax.core.Crawler - Changing related inputs for 271 with 0  to 0 
18:28:47.930 [pool-1-thread-2] INFO  c.c.core.UnfiredFragmentCandidates - Changing related inputs to worked inputs 0 for 271
18:28:47.930 [pool-1-thread-2] INFO  c.c.core.UnfiredFragmentCandidates - event 271 - Before 0
18:28:47.930 [pool-1-thread-2] INFO  c.c.core.UnfiredFragmentCandidates - event 271 - After 0
18:28:47.930 [pool-1-thread-2] INFO  c.c.core.UnfiredFragmentCandidates - input for 271, 0
18:28:51.868 [pool-1-thread-2] INFO  c.crawljax.core.state.StateMachine - CLONE State detected: state324 and state132 are the same.
18:28:51.885 [pool-1-thread-2] INFO  com.crawljax.core.Crawler -  Event xpath /HTML[1]/BODY[1]/DIV[4]/DIV[1]/DIV[2]/UL[1]/LI[2]/UL[1]/LI[1]/A[1]
18:28:51.916 [pool-1-thread-2] INFO  com.crawljax.core.Crawler - Changing related inputs for 272 with 0  to 0 
18:28:52.051 [pool-1-thread-2] INFO  c.c.core.UnfiredFragmentCandidates - Changing related inputs to worked inputs 0 for 272
18:28:52.052 [pool-1-thread-2] INFO  c.c.core.UnfiredFragmentCandidates - event 272 - Before 0
18:28:52.052 [pool-1-thread-2] INFO  c.c.core.UnfiredFragmentCandidates - event 272 - After 0
18:28:52.052 [pool-1-thread-2] INFO  c.c.core.UnfiredFragmentCandidates - input for 272, 0
18:28:52.114 [pool-1-thread-2] INFO  com.crawljax.core.Crawler - Found an invisible link with href=/desktops
18:28:56.610 [pool-1-thread-2] INFO  c.crawljax.core.state.StateMachine - CLONE State detected: state325 and state70 are the same.
18:28:56.626 [pool-1-thread-2] INFO  com.crawljax.core.Crawler -  Event xpath /HTML[1]/BODY[1]/DIV[4]/DIV[1]/DIV[2]/UL[1]/LI[5]/A[1]
18:28:56.653 [pool-1-thread-2] INFO  com.crawljax.core.Crawler - Changing related inputs for 273 with 0  to 0 
18:28:56.789 [pool-1-thread-2] INFO  c.c.core.UnfiredFragmentCandidates - Changing related inputs to worked inputs 0 for 273
18:28:56.789 [pool-1-thread-2] INFO  c.c.core.UnfiredFragmentCandidates - event 273 - Before 0
18:28:56.789 [pool-1-thread-2] INFO  c.c.core.UnfiredFragmentCandidates - event 273 - After 0
18:28:56.789 [pool-1-thread-2] INFO  c.c.core.UnfiredFragmentCandidates - input for 273, 0
18:29:00.727 [pool-1-thread-2] INFO  c.crawljax.core.state.StateMachine - CLONE State detected: state326 and state134 are the same.
18:29:00.744 [pool-1-thread-2] INFO  com.crawljax.core.Crawler -  Event xpath /HTML[1]/BODY[1]/DIV[4]/DIV[1]/DIV[2]/UL[1]/LI[2]/UL[1]/LI[1]/A[1]
18:29:00.771 [pool-1-thread-2] INFO  com.crawljax.core.Crawler - Changing related inputs for 274 with 0  to 0 
18:29:00.907 [pool-1-thread-2] INFO  c.c.core.UnfiredFragmentCandidates - Changing related inputs to worked inputs 0 for 274
18:29:00.907 [pool-1-thread-2] INFO  c.c.core.UnfiredFragmentCandidates - event 274 - Before 0
18:29:00.907 [pool-1-thread-2] INFO  c.c.core.UnfiredFragmentCandidates - event 274 - After 0
18:29:00.907 [pool-1-thread-2] INFO  c.c.core.UnfiredFragmentCandidates - input for 274, 0
18:29:00.978 [pool-1-thread-2] INFO  com.crawljax.core.Crawler - Found an invisible link with href=/desktops
18:29:04.029 [pool-1-thread-2] INFO  c.crawljax.core.state.StateMachine - CLONE State detected: state327 and state70 are the same.
18:29:04.047 [pool-1-thread-2] INFO  com.crawljax.core.Crawler -  Event xpath /HTML[1]/BODY[1]/DIV[4]/DIV[1]/DIV[2]/UL[1]/LI[6]/A[1]
18:29:04.082 [pool-1-thread-2] INFO  com.crawljax.core.Crawler - Changing related inputs for 275 with 0  to 0 
18:29:04.225 [pool-1-thread-2] INFO  c.c.core.UnfiredFragmentCandidates - Changing related inputs to worked inputs 0 for 275
18:29:04.226 [pool-1-thread-2] INFO  c.c.core.UnfiredFragmentCandidates - event 275 - Before 0
18:29:04.226 [pool-1-thread-2] INFO  c.c.core.UnfiredFragmentCandidates - event 275 - After 0
18:29:04.226 [pool-1-thread-2] INFO  c.c.core.UnfiredFragmentCandidates - input for 275, 0
18:29:08.153 [pool-1-thread-2] INFO  c.crawljax.core.state.StateMachine - CLONE State detected: state328 and state141 are the same.
18:29:08.180 [pool-1-thread-2] INFO  com.crawljax.core.Crawler -  Event xpath /HTML[1]/BODY[1]/DIV[4]/DIV[1]/DIV[2]/UL[1]/LI[2]/UL[1]/LI[1]/A[1]
18:29:08.209 [pool-1-thread-2] INFO  com.crawljax.core.Crawler - Changing related inputs for 276 with 0  to 0 
18:29:08.345 [pool-1-thread-2] INFO  c.c.core.UnfiredFragmentCandidates - Changing related inputs to worked inputs 0 for 276
18:29:08.346 [pool-1-thread-2] INFO  c.c.core.UnfiredFragmentCandidates - event 276 - Before 0
18:29:08.346 [pool-1-thread-2] INFO  c.c.core.UnfiredFragmentCandidates - event 276 - After 0
18:29:08.346 [pool-1-thread-2] INFO  c.c.core.UnfiredFragmentCandidates - input for 276, 0
18:29:08.428 [pool-1-thread-2] INFO  com.crawljax.core.Crawler - Found an invisible link with href=/desktops
18:29:11.512 [pool-1-thread-2] INFO  c.crawljax.core.state.StateMachine - CLONE State detected: state329 and state70 are the same.
18:29:11.529 [pool-1-thread-2] INFO  com.crawljax.core.Crawler -  Event xpath /HTML[1]/BODY[1]/DIV[4]/DIV[1]/DIV[2]/UL[1]/LI[7]/A[1]
18:29:11.561 [pool-1-thread-2] INFO  com.crawljax.core.Crawler - Changing related inputs for 277 with 0  to 0 
18:29:11.725 [pool-1-thread-2] INFO  c.c.core.UnfiredFragmentCandidates - Changing related inputs to worked inputs 0 for 277
18:29:11.725 [pool-1-thread-2] INFO  c.c.core.UnfiredFragmentCandidates - event 277 - Before 0
18:29:11.725 [pool-1-thread-2] INFO  c.c.core.UnfiredFragmentCandidates - event 277 - After 0
18:29:11.725 [pool-1-thread-2] INFO  c.c.core.UnfiredFragmentCandidates - input for 277, 0
18:29:15.644 [pool-1-thread-2] INFO  c.crawljax.core.state.StateMachine - CLONE State detected: state330 and state148 are the same.
18:29:15.658 [pool-1-thread-2] INFO  com.crawljax.core.Crawler -  Event xpath /HTML[1]/BODY[1]/DIV[4]/DIV[1]/DIV[2]/UL[1]/LI[2]/UL[1]/LI[1]/A[1]
18:29:15.684 [pool-1-thread-2] INFO  com.crawljax.core.Crawler - Changing related inputs for 278 with 0  to 0 
18:29:15.813 [pool-1-thread-2] INFO  c.c.core.UnfiredFragmentCandidates - Changing related inputs to worked inputs 0 for 278
18:29:15.813 [pool-1-thread-2] INFO  c.c.core.UnfiredFragmentCandidates - event 278 - Before 0
18:29:15.813 [pool-1-thread-2] INFO  c.c.core.UnfiredFragmentCandidates - event 278 - After 0
18:29:15.813 [pool-1-thread-2] INFO  c.c.core.UnfiredFragmentCandidates - input for 278, 0
18:29:15.890 [pool-1-thread-2] INFO  com.crawljax.core.Crawler - Found an invisible link with href=/desktops
18:29:18.916 [pool-1-thread-2] INFO  c.crawljax.core.state.StateMachine - CLONE State detected: state331 and state70 are the same.
18:29:18.934 [pool-1-thread-2] INFO  com.crawljax.core.Crawler -  Event xpath /HTML[1]/BODY[1]/DIV[4]/DIV[1]/DIV[2]/DIV[1]/A[1]
18:29:18.969 [pool-1-thread-2] INFO  com.crawljax.core.Crawler - Changing related inputs for 279 with 0  to 0 
18:29:19.120 [pool-1-thread-2] INFO  c.c.core.UnfiredFragmentCandidates - Changing related inputs to worked inputs 0 for 279
18:29:19.121 [pool-1-thread-2] INFO  c.c.core.UnfiredFragmentCandidates - event 279 - Before 0
18:29:19.121 [pool-1-thread-2] INFO  c.c.core.UnfiredFragmentCandidates - event 279 - After 0
18:29:19.121 [pool-1-thread-2] INFO  c.c.core.UnfiredFragmentCandidates - input for 279, 0
18:29:19.192 [pool-1-thread-2] INFO  com.crawljax.core.Crawler - Found an invisible link with href=
18:29:22.242 [pool-1-thread-2] INFO  c.crawljax.core.state.StateMachine - CLONE State detected: state332 and state9 are the same.
18:29:22.258 [pool-1-thread-2] INFO  com.crawljax.core.Crawler -  Event xpath /HTML[1]/BODY[1]/DIV[4]/DIV[1]/DIV[2]/UL[2]/LI[3]/UL[1]/LI[2]/A[1]
18:29:22.289 [pool-1-thread-2] INFO  com.crawljax.core.Crawler - Changing related inputs for 280 with 0  to 0 
18:29:22.433 [pool-1-thread-2] INFO  c.c.core.UnfiredFragmentCandidates - Changing related inputs to worked inputs 0 for 280
18:29:22.434 [pool-1-thread-2] INFO  c.c.core.UnfiredFragmentCandidates - event 280 - Before 0
18:29:22.434 [pool-1-thread-2] INFO  c.c.core.UnfiredFragmentCandidates - event 280 - After 0
18:29:22.434 [pool-1-thread-2] INFO  c.c.core.UnfiredFragmentCandidates - input for 280, 0
18:29:22.503 [pool-1-thread-2] INFO  com.crawljax.core.Crawler - Found an invisible link with href=/cell-phones
18:29:25.506 [pool-1-thread-2] INFO  c.crawljax.core.state.StateMachine - CLONE State detected: state333 and state130 are the same.
18:29:25.518 [pool-1-thread-2] INFO  com.crawljax.core.Crawler -  Event xpath /HTML[1]/BODY[1]/DIV[4]/DIV[1]/DIV[2]/UL[1]/LI[2]/UL[1]/LI[2]/A[1]
18:29:25.539 [pool-1-thread-2] INFO  com.crawljax.core.Crawler - Changing related inputs for 281 with 0  to 0 
18:29:25.640 [pool-1-thread-2] INFO  c.c.core.UnfiredFragmentCandidates - Changing related inputs to worked inputs 0 for 281
18:29:25.641 [pool-1-thread-2] INFO  c.c.core.UnfiredFragmentCandidates - event 281 - Before 0
18:29:25.641 [pool-1-thread-2] INFO  c.c.core.UnfiredFragmentCandidates - event 281 - After 0
18:29:25.641 [pool-1-thread-2] INFO  c.c.core.UnfiredFragmentCandidates - input for 281, 0
18:29:25.705 [pool-1-thread-2] INFO  com.crawljax.core.Crawler - Found an invisible link with href=/notebooks
18:29:30.084 [pool-1-thread-2] INFO  c.crawljax.core.state.StateMachine - CLONE State detected: state334 and state83 are the same.
18:29:30.096 [pool-1-thread-2] INFO  com.crawljax.core.Crawler -  Event xpath /HTML[1]/BODY[1]/DIV[4]/DIV[1]/DIV[2]/UL[1]/LI[3]/UL[1]/LI[2]/A[1]
18:29:30.118 [pool-1-thread-2] INFO  com.crawljax.core.Crawler - Changing related inputs for 282 with 0  to 0 
18:29:30.247 [pool-1-thread-2] INFO  c.c.core.UnfiredFragmentCandidates - Changing related inputs to worked inputs 0 for 282
18:29:30.247 [pool-1-thread-2] INFO  c.c.core.UnfiredFragmentCandidates - event 282 - Before 0
18:29:30.247 [pool-1-thread-2] INFO  c.c.core.UnfiredFragmentCandidates - event 282 - After 0
18:29:30.247 [pool-1-thread-2] INFO  c.c.core.UnfiredFragmentCandidates - input for 282, 0
18:29:30.302 [pool-1-thread-2] INFO  com.crawljax.core.Crawler - Found an invisible link with href=/cell-phones
18:29:33.308 [pool-1-thread-2] INFO  c.crawljax.core.state.StateMachine - CLONE State detected: state335 and state130 are the same.
18:29:33.319 [pool-1-thread-2] INFO  com.crawljax.core.Crawler -  Event xpath /HTML[1]/BODY[1]/DIV[4]/DIV[1]/DIV[2]/UL[1]/LI[2]/UL[1]/LI[3]/A[1]
18:29:33.344 [pool-1-thread-2] INFO  com.crawljax.core.Crawler - Changing related inputs for 283 with 0  to 0 
18:29:33.450 [pool-1-thread-2] INFO  c.c.core.UnfiredFragmentCandidates - Changing related inputs to worked inputs 0 for 283
18:29:33.450 [pool-1-thread-2] INFO  c.c.core.UnfiredFragmentCandidates - event 283 - Before 0
18:29:33.450 [pool-1-thread-2] INFO  c.c.core.UnfiredFragmentCandidates - event 283 - After 0
18:29:33.450 [pool-1-thread-2] INFO  c.c.core.UnfiredFragmentCandidates - input for 283, 0
18:29:33.499 [pool-1-thread-2] INFO  com.crawljax.core.Crawler - Found an invisible link with href=/accessories
18:29:36.920 [pool-1-thread-2] INFO  c.crawljax.core.state.StateMachine - CLONE State detected: state336 and state88 are the same.
18:29:36.939 [pool-1-thread-2] INFO  com.crawljax.core.Crawler -  Event xpath /HTML[1]/BODY[1]/DIV[4]/DIV[1]/DIV[2]/UL[1]/LI[3]/UL[1]/LI[2]/A[1]
18:29:36.969 [pool-1-thread-2] INFO  com.crawljax.core.Crawler - Changing related inputs for 284 with 0  to 0 
18:29:37.073 [pool-1-thread-2] INFO  c.c.core.UnfiredFragmentCandidates - Changing related inputs to worked inputs 0 for 284
18:29:37.073 [pool-1-thread-2] INFO  c.c.core.UnfiredFragmentCandidates - event 284 - Before 0
18:29:37.073 [pool-1-thread-2] INFO  c.c.core.UnfiredFragmentCandidates - event 284 - After 0
18:29:37.073 [pool-1-thread-2] INFO  c.c.core.UnfiredFragmentCandidates - input for 284, 0
18:29:37.136 [pool-1-thread-2] INFO  com.crawljax.core.Crawler - Found an invisible link with href=/cell-phones
18:29:40.060 [pool-1-thread-2] INFO  c.crawljax.core.state.StateMachine - CLONE State detected: state337 and state130 are the same.
18:29:40.079 [pool-1-thread-2] INFO  com.crawljax.core.Crawler -  Event xpath /HTML[1]/BODY[1]/DIV[4]/DIV[1]/DIV[2]/UL[1]/LI[3]/A[1]
18:29:40.109 [pool-1-thread-2] INFO  com.crawljax.core.Crawler - Changing related inputs for 285 with 0  to 0 
18:29:40.254 [pool-1-thread-2] INFO  c.c.core.UnfiredFragmentCandidates - Changing related inputs to worked inputs 0 for 285
18:29:40.254 [pool-1-thread-2] INFO  c.c.core.UnfiredFragmentCandidates - event 285 - Before 0
18:29:40.254 [pool-1-thread-2] INFO  c.c.core.UnfiredFragmentCandidates - event 285 - After 0
18:29:40.254 [pool-1-thread-2] INFO  c.c.core.UnfiredFragmentCandidates - input for 285, 0
18:29:44.192 [pool-1-thread-2] INFO  c.crawljax.core.state.StateMachine - CLONE State detected: state338 and state112 are the same.
18:29:44.217 [pool-1-thread-2] INFO  com.crawljax.core.Crawler -  Event xpath /HTML[1]/BODY[1]/DIV[4]/DIV[1]/DIV[2]/UL[1]/LI[3]/UL[1]/LI[2]/A[1]
18:29:44.254 [pool-1-thread-2] INFO  com.crawljax.core.Crawler - Changing related inputs for 286 with 0  to 0 
18:29:44.382 [pool-1-thread-2] INFO  c.c.core.UnfiredFragmentCandidates - Changing related inputs to worked inputs 0 for 286
18:29:44.382 [pool-1-thread-2] INFO  c.c.core.UnfiredFragmentCandidates - event 286 - Before 0
18:29:44.382 [pool-1-thread-2] INFO  c.c.core.UnfiredFragmentCandidates - event 286 - After 0
18:29:44.382 [pool-1-thread-2] INFO  c.c.core.UnfiredFragmentCandidates - input for 286, 0
18:29:44.452 [pool-1-thread-2] INFO  com.crawljax.core.Crawler - Found an invisible link with href=/cell-phones
18:29:47.470 [pool-1-thread-2] INFO  c.crawljax.core.state.StateMachine - CLONE State detected: state339 and state130 are the same.
18:29:47.486 [pool-1-thread-2] INFO  com.crawljax.core.Crawler -  Event xpath /HTML[1]/BODY[1]/DIV[4]/DIV[1]/DIV[2]/UL[1]/LI[3]/UL[1]/LI[1]/A[1]
18:29:47.514 [pool-1-thread-2] INFO  com.crawljax.core.Crawler - Changing related inputs for 287 with 0  to 0 
18:29:47.663 [pool-1-thread-2] INFO  c.c.core.UnfiredFragmentCandidates - Changing related inputs to worked inputs 0 for 287
18:29:47.663 [pool-1-thread-2] INFO  c.c.core.UnfiredFragmentCandidates - event 287 - Before 0
18:29:47.663 [pool-1-thread-2] INFO  c.c.core.UnfiredFragmentCandidates - event 287 - After 0
18:29:47.663 [pool-1-thread-2] INFO  c.c.core.UnfiredFragmentCandidates - input for 287, 0
18:29:47.744 [pool-1-thread-2] INFO  com.crawljax.core.Crawler - Found an invisible link with href=/camera-photo
18:29:50.789 [pool-1-thread-2] INFO  c.crawljax.core.state.StateMachine - CLONE State detected: state340 and state119 are the same.
18:29:50.807 [pool-1-thread-2] INFO  c.c.core.UnfiredFragmentCandidates - There are 42 states with unfired actions: [70, 73, 31, 81, 83, 86, 88, 33, 112, 115, 35, 121, 36, 37, 128, 130, 132, 134, 42, 139, 141, 146, 148, 154, 159, 44, 46, 211, 216, 51, 53, 268, 56, 9, 288, 61, 296, 0, 63, 314, 66, 68]
18:29:50.807 [pool-1-thread-2] INFO  com.crawljax.core.Crawler - Resetting the crawler and Going to state state70
18:29:50.821 [pool-1-thread-2] INFO  com.crawljax.core.CrawlSession - Adding CrawlPath to session !!
18:29:50.821 [pool-1-thread-2] INFO  com.crawljax.core.Crawler - BT-state68:-1state9_47_state68state68_265_state63state63_266_state68state68_268_state70state70_269_state130state130_270_state70state70_271_state132state132_272_state70state70_273_state134state134_274_state70state70_275_state141state141_276_state70state70_277_state148state148_278_state70state70_279_state9state9_280_state130state130_281_state83state83_282_state130state130_283_state88state88_284_state130state130_285_state112state112_286_state130state130_287_state119
18:29:53.816 [pool-1-thread-2] INFO  com.crawljax.core.Crawler - Did not add reload edge from state119 to index
18:29:53.817 [pool-1-thread-2] INFO  c.c.core.UnfiredFragmentCandidates - input map size 287
18:29:53.817 [pool-1-thread-2] INFO  c.c.core.UnfiredFragmentCandidates - input map size 287
18:29:53.817 [pool-1-thread-2] INFO  com.crawljax.core.Crawler - Used a form input combination for backtracking 45
18:29:53.962 [pool-1-thread-2] INFO  com.crawljax.core.Crawler - Found an invisible link with href=/desktops
18:29:56.831 [pool-1-thread-2] INFO  com.crawljax.core.Crawler - Crawl depth is now 1
18:29:56.831 [pool-1-thread-2] INFO  com.crawljax.core.Crawler - backtrack status: true, reached NearDuplicate : -1 
18:29:56.831 [pool-1-thread-2] INFO  com.crawljax.core.Crawler -  Event xpath /HTML[1]/BODY[1]/DIV[4]/DIV[1]/DIV[2]/UL[2]/LI[1]/A[1]
18:29:56.857 [pool-1-thread-2] INFO  com.crawljax.core.Crawler - Changing related inputs for 288 with 0  to 0 
18:29:56.961 [pool-1-thread-2] INFO  c.c.core.UnfiredFragmentCandidates - Changing related inputs to worked inputs 0 for 288
18:29:56.961 [pool-1-thread-2] INFO  c.c.core.UnfiredFragmentCandidates - event 288 - Before 0
18:29:56.961 [pool-1-thread-2] INFO  c.c.core.UnfiredFragmentCandidates - event 288 - After 0
18:29:56.961 [pool-1-thread-2] INFO  c.c.core.UnfiredFragmentCandidates - input for 288, 0
18:29:57.007 [pool-1-thread-2] INFO  com.crawljax.core.Crawler - Found an invisible link with href=/books
18:29:59.909 [pool-1-thread-2] INFO  c.crawljax.core.state.StateMachine - CLONE State detected: state342 and state63 are the same.
18:29:59.919 [pool-1-thread-2] INFO  com.crawljax.core.Crawler -  Event xpath /HTML[1]/BODY[1]/DIV[4]/DIV[1]/DIV[2]/UL[2]/LI[2]/UL[1]/LI[1]/A[1]
18:29:59.945 [pool-1-thread-2] INFO  com.crawljax.core.Crawler - Changing related inputs for 289 with 0  to 0 
18:30:00.044 [pool-1-thread-2] INFO  c.c.core.UnfiredFragmentCandidates - Changing related inputs to worked inputs 0 for 289
18:30:00.044 [pool-1-thread-2] INFO  c.c.core.UnfiredFragmentCandidates - event 289 - Before 0
18:30:00.044 [pool-1-thread-2] INFO  c.c.core.UnfiredFragmentCandidates - event 289 - After 0
18:30:00.044 [pool-1-thread-2] INFO  c.c.core.UnfiredFragmentCandidates - input for 289, 0
18:30:00.099 [pool-1-thread-2] INFO  com.crawljax.core.Crawler - Found an invisible link with href=/desktops
18:30:04.699 [pool-1-thread-2] INFO  c.crawljax.core.state.StateMachine - CLONE State detected: state343 and state70 are the same.
18:30:04.712 [pool-1-thread-2] INFO  com.crawljax.core.Crawler -  Event xpath /HTML[1]/BODY[1]/DIV[4]/DIV[1]/DIV[2]/UL[2]/LI[2]/A[1]
18:30:04.735 [pool-1-thread-2] INFO  com.crawljax.core.Crawler - Changing related inputs for 290 with 0  to 0 
18:30:04.831 [pool-1-thread-2] INFO  c.c.core.UnfiredFragmentCandidates - Changing related inputs to worked inputs 0 for 290
18:30:04.831 [pool-1-thread-2] INFO  c.c.core.UnfiredFragmentCandidates - event 290 - Before 0
18:30:04.831 [pool-1-thread-2] INFO  c.c.core.UnfiredFragmentCandidates - event 290 - After 0
18:30:04.831 [pool-1-thread-2] INFO  c.c.core.UnfiredFragmentCandidates - input for 290, 0
18:30:04.895 [pool-1-thread-2] INFO  com.crawljax.core.Crawler - Found an invisible link with href=/computers
18:30:07.878 [pool-1-thread-2] INFO  c.crawljax.core.state.StateMachine - CLONE State detected: state344 and state68 are the same.
18:30:07.898 [pool-1-thread-2] INFO  com.crawljax.core.Crawler -  Event xpath /HTML[1]/BODY[1]/DIV[4]/DIV[1]/DIV[2]/UL[2]/LI[2]/UL[1]/LI[2]/A[1]
18:30:07.917 [pool-1-thread-2] INFO  com.crawljax.core.Crawler - Changing related inputs for 291 with 0  to 0 
18:30:08.021 [pool-1-thread-2] INFO  c.c.core.UnfiredFragmentCandidates - Changing related inputs to worked inputs 0 for 291
18:30:08.021 [pool-1-thread-2] INFO  c.c.core.UnfiredFragmentCandidates - event 291 - Before 0
18:30:08.021 [pool-1-thread-2] INFO  c.c.core.UnfiredFragmentCandidates - event 291 - After 0
18:30:08.021 [pool-1-thread-2] INFO  c.c.core.UnfiredFragmentCandidates - input for 291, 0
18:30:08.066 [pool-1-thread-2] INFO  com.crawljax.core.Crawler - Found an invisible link with href=/notebooks
18:30:10.977 [pool-1-thread-2] INFO  c.crawljax.core.state.StateMachine - CLONE State detected: state345 and state83 are the same.
18:30:10.990 [pool-1-thread-2] INFO  com.crawljax.core.Crawler -  Event xpath /HTML[1]/BODY[1]/DIV[4]/DIV[1]/DIV[2]/UL[1]/LI[4]/A[1]
18:30:11.018 [pool-1-thread-2] INFO  com.crawljax.core.Crawler - Changing related inputs for 292 with 0  to 0 
18:30:11.144 [pool-1-thread-2] INFO  c.c.core.UnfiredFragmentCandidates - Changing related inputs to worked inputs 0 for 292
18:30:11.144 [pool-1-thread-2] INFO  c.c.core.UnfiredFragmentCandidates - event 292 - Before 0
18:30:11.144 [pool-1-thread-2] INFO  c.c.core.UnfiredFragmentCandidates - event 292 - After 0
18:30:11.144 [pool-1-thread-2] INFO  c.c.core.UnfiredFragmentCandidates - input for 292, 0
18:30:15.097 [pool-1-thread-2] INFO  c.crawljax.core.state.StateMachine - CLONE State detected: state346 and state132 are the same.
18:30:15.128 [pool-1-thread-2] INFO  com.crawljax.core.Crawler -  Event xpath /HTML[1]/BODY[1]/DIV[4]/DIV[1]/DIV[2]/UL[1]/LI[2]/UL[1]/LI[2]/A[1]
18:30:15.161 [pool-1-thread-2] INFO  com.crawljax.core.Crawler - Changing related inputs for 293 with 0  to 0 
18:30:15.290 [pool-1-thread-2] INFO  c.c.core.UnfiredFragmentCandidates - Changing related inputs to worked inputs 0 for 293
18:30:15.290 [pool-1-thread-2] INFO  c.c.core.UnfiredFragmentCandidates - event 293 - Before 0
18:30:15.290 [pool-1-thread-2] INFO  c.c.core.UnfiredFragmentCandidates - event 293 - After 0
18:30:15.290 [pool-1-thread-2] INFO  c.c.core.UnfiredFragmentCandidates - input for 293, 0
18:30:15.358 [pool-1-thread-2] INFO  com.crawljax.core.Crawler - Found an invisible link with href=/notebooks
18:30:18.372 [pool-1-thread-2] INFO  c.crawljax.core.state.StateMachine - CLONE State detected: state347 and state83 are the same.
18:30:18.391 [pool-1-thread-2] INFO  com.crawljax.core.Crawler -  Event xpath /HTML[1]/BODY[1]/DIV[4]/DIV[1]/DIV[2]/UL[1]/LI[5]/A[1]
18:30:18.420 [pool-1-thread-2] INFO  com.crawljax.core.Crawler - Changing related inputs for 294 with 0  to 0 
18:30:18.573 [pool-1-thread-2] INFO  c.c.core.UnfiredFragmentCandidates - Changing related inputs to worked inputs 0 for 294
18:30:18.573 [pool-1-thread-2] INFO  c.c.core.UnfiredFragmentCandidates - event 294 - Before 0
18:30:18.573 [pool-1-thread-2] INFO  c.c.core.UnfiredFragmentCandidates - event 294 - After 0
18:30:18.573 [pool-1-thread-2] INFO  c.c.core.UnfiredFragmentCandidates - input for 294, 0
18:30:22.452 [pool-1-thread-2] INFO  c.crawljax.core.state.StateMachine - CLONE State detected: state348 and state134 are the same.
18:30:22.470 [pool-1-thread-2] INFO  com.crawljax.core.Crawler -  Event xpath /HTML[1]/BODY[1]/DIV[4]/DIV[1]/DIV[2]/UL[1]/LI[2]/UL[1]/LI[2]/A[1]
18:30:22.506 [pool-1-thread-2] INFO  com.crawljax.core.Crawler - Changing related inputs for 295 with 0  to 0 
18:30:22.651 [pool-1-thread-2] INFO  c.c.core.UnfiredFragmentCandidates - Changing related inputs to worked inputs 0 for 295
18:30:22.652 [pool-1-thread-2] INFO  c.c.core.UnfiredFragmentCandidates - event 295 - Before 0
18:30:22.652 [pool-1-thread-2] INFO  c.c.core.UnfiredFragmentCandidates - event 295 - After 0
18:30:22.652 [pool-1-thread-2] INFO  c.c.core.UnfiredFragmentCandidates - input for 295, 0
18:30:22.730 [pool-1-thread-2] INFO  com.crawljax.core.Crawler - Found an invisible link with href=/notebooks
18:30:25.788 [pool-1-thread-2] INFO  c.crawljax.core.state.StateMachine - CLONE State detected: state349 and state83 are the same.
18:30:25.806 [pool-1-thread-2] INFO  com.crawljax.core.Crawler -  Event xpath /HTML[1]/BODY[1]/DIV[4]/DIV[1]/DIV[2]/UL[1]/LI[6]/A[1]
18:30:25.836 [pool-1-thread-2] INFO  com.crawljax.core.Crawler - Changing related inputs for 296 with 0  to 0 
18:30:25.990 [pool-1-thread-2] INFO  c.c.core.UnfiredFragmentCandidates - Changing related inputs to worked inputs 0 for 296
18:30:25.990 [pool-1-thread-2] INFO  c.c.core.UnfiredFragmentCandidates - event 296 - Before 0
18:30:25.990 [pool-1-thread-2] INFO  c.c.core.UnfiredFragmentCandidates - event 296 - After 0
18:30:25.990 [pool-1-thread-2] INFO  c.c.core.UnfiredFragmentCandidates - input for 296, 0
18:30:29.868 [pool-1-thread-2] INFO  c.crawljax.core.state.StateMachine - CLONE State detected: state350 and state141 are the same.
18:30:29.887 [pool-1-thread-2] INFO  com.crawljax.core.Crawler -  Event xpath /HTML[1]/BODY[1]/DIV[4]/DIV[1]/DIV[2]/UL[1]/LI[2]/UL[1]/LI[2]/A[1]
18:30:29.921 [pool-1-thread-2] INFO  com.crawljax.core.Crawler - Changing related inputs for 297 with 0  to 0 
18:30:30.061 [pool-1-thread-2] INFO  c.c.core.UnfiredFragmentCandidates - Changing related inputs to worked inputs 0 for 297
18:30:30.061 [pool-1-thread-2] INFO  c.c.core.UnfiredFragmentCandidates - event 297 - Before 0
18:30:30.062 [pool-1-thread-2] INFO  c.c.core.UnfiredFragmentCandidates - event 297 - After 0
18:30:30.062 [pool-1-thread-2] INFO  c.c.core.UnfiredFragmentCandidates - input for 297, 0
18:30:30.130 [pool-1-thread-2] INFO  com.crawljax.core.Crawler - Found an invisible link with href=/notebooks
18:30:33.137 [pool-1-thread-2] INFO  c.crawljax.core.state.StateMachine - CLONE State detected: state351 and state83 are the same.
18:30:33.154 [pool-1-thread-2] INFO  com.crawljax.core.Crawler -  Event xpath /HTML[1]/BODY[1]/DIV[4]/DIV[1]/DIV[2]/UL[1]/LI[7]/A[1]
18:30:33.182 [pool-1-thread-2] INFO  com.crawljax.core.Crawler - Changing related inputs for 298 with 0  to 0 
18:30:33.329 [pool-1-thread-2] INFO  c.c.core.UnfiredFragmentCandidates - Changing related inputs to worked inputs 0 for 298
18:30:33.329 [pool-1-thread-2] INFO  c.c.core.UnfiredFragmentCandidates - event 298 - Before 0
18:30:33.329 [pool-1-thread-2] INFO  c.c.core.UnfiredFragmentCandidates - event 298 - After 0
18:30:33.329 [pool-1-thread-2] INFO  c.c.core.UnfiredFragmentCandidates - input for 298, 0
18:30:38.796 [pool-1-thread-2] INFO  c.crawljax.core.state.StateMachine - CLONE State detected: state352 and state148 are the same.
18:30:38.813 [pool-1-thread-2] INFO  com.crawljax.core.Crawler -  Event xpath /HTML[1]/BODY[1]/DIV[4]/DIV[1]/DIV[2]/UL[1]/LI[2]/UL[1]/LI[2]/A[1]
18:30:38.844 [pool-1-thread-2] INFO  com.crawljax.core.Crawler - Changing related inputs for 299 with 0  to 0 
18:30:38.985 [pool-1-thread-2] INFO  c.c.core.UnfiredFragmentCandidates - Changing related inputs to worked inputs 0 for 299
18:30:38.985 [pool-1-thread-2] INFO  c.c.core.UnfiredFragmentCandidates - event 299 - Before 0
18:30:38.985 [pool-1-thread-2] INFO  c.c.core.UnfiredFragmentCandidates - event 299 - After 0
18:30:38.985 [pool-1-thread-2] INFO  c.c.core.UnfiredFragmentCandidates - input for 299, 0
18:30:39.068 [pool-1-thread-2] INFO  com.crawljax.core.Crawler - Found an invisible link with href=/notebooks
18:30:42.149 [pool-1-thread-2] INFO  c.crawljax.core.state.StateMachine - CLONE State detected: state353 and state83 are the same.
18:30:42.169 [pool-1-thread-2] INFO  com.crawljax.core.Crawler -  Event xpath /HTML[1]/BODY[1]/DIV[4]/DIV[1]/DIV[2]/DIV[1]/A[1]
18:30:42.197 [pool-1-thread-2] INFO  com.crawljax.core.Crawler - Changing related inputs for 300 with 0  to 0 
18:30:42.348 [pool-1-thread-2] INFO  c.c.core.UnfiredFragmentCandidates - Changing related inputs to worked inputs 0 for 300
18:30:42.348 [pool-1-thread-2] INFO  c.c.core.UnfiredFragmentCandidates - event 300 - Before 0
18:30:42.348 [pool-1-thread-2] INFO  c.c.core.UnfiredFragmentCandidates - event 300 - After 0
18:30:42.348 [pool-1-thread-2] INFO  c.c.core.UnfiredFragmentCandidates - input for 300, 0
18:30:42.429 [pool-1-thread-2] INFO  com.crawljax.core.Crawler - Found an invisible link with href=
18:30:45.493 [pool-1-thread-2] INFO  c.crawljax.core.state.StateMachine - CLONE State detected: state354 and index are the same.
18:30:45.507 [pool-1-thread-2] INFO  com.crawljax.core.Crawler -  Event xpath /HTML[1]/BODY[1]/DIV[4]/DIV[1]/DIV[2]/UL[2]/LI[2]/UL[1]/LI[1]/A[1]
18:30:45.536 [pool-1-thread-2] INFO  com.crawljax.core.Crawler - Changing related inputs for 301 with 0  to 0 
18:30:45.678 [pool-1-thread-2] INFO  c.c.core.UnfiredFragmentCandidates - Changing related inputs to worked inputs 0 for 301
18:30:45.678 [pool-1-thread-2] INFO  c.c.core.UnfiredFragmentCandidates - event 301 - Before 0
18:30:45.678 [pool-1-thread-2] INFO  c.c.core.UnfiredFragmentCandidates - event 301 - After 0
18:30:45.678 [pool-1-thread-2] INFO  c.c.core.UnfiredFragmentCandidates - input for 301, 0
18:30:45.753 [pool-1-thread-2] INFO  com.crawljax.core.Crawler - Found an invisible link with href=/desktops
18:30:48.813 [pool-1-thread-2] INFO  c.crawljax.core.state.StateMachine - CLONE State detected: state355 and state70 are the same.
18:30:48.832 [pool-1-thread-2] INFO  com.crawljax.core.Crawler -  Event xpath /HTML[1]/BODY[1]/DIV[4]/DIV[1]/DIV[2]/UL[2]/LI[2]/UL[1]/LI[1]/A[1]
18:30:48.870 [pool-1-thread-2] INFO  com.crawljax.core.Crawler - Changing related inputs for 302 with 0  to 0 
18:30:49.015 [pool-1-thread-2] INFO  c.c.core.UnfiredFragmentCandidates - Changing related inputs to worked inputs 0 for 302
18:30:49.015 [pool-1-thread-2] INFO  c.c.core.UnfiredFragmentCandidates - event 302 - Before 0
18:30:49.015 [pool-1-thread-2] INFO  c.c.core.UnfiredFragmentCandidates - event 302 - After 0
18:30:49.015 [pool-1-thread-2] INFO  c.c.core.UnfiredFragmentCandidates - input for 302, 0
18:30:49.091 [pool-1-thread-2] INFO  com.crawljax.core.Crawler - Found an invisible link with href=/desktops
18:30:52.104 [pool-1-thread-2] INFO  com.crawljax.core.Crawler -  Event xpath /HTML[1]/BODY[1]/DIV[4]/DIV[1]/DIV[2]/UL[2]/LI[2]/UL[1]/LI[2]/A[1]
18:30:52.134 [pool-1-thread-2] INFO  com.crawljax.core.Crawler - Changing related inputs for 303 with 0  to 0 
18:30:52.270 [pool-1-thread-2] INFO  c.c.core.UnfiredFragmentCandidates - Changing related inputs to worked inputs 0 for 303
18:30:52.271 [pool-1-thread-2] INFO  c.c.core.UnfiredFragmentCandidates - event 303 - Before 0
18:30:52.271 [pool-1-thread-2] INFO  c.c.core.UnfiredFragmentCandidates - event 303 - After 0
18:30:52.271 [pool-1-thread-2] INFO  c.c.core.UnfiredFragmentCandidates - input for 303, 0
18:30:52.337 [pool-1-thread-2] INFO  com.crawljax.core.Crawler - Found an invisible link with href=/notebooks
18:30:55.372 [pool-1-thread-2] INFO  c.crawljax.core.state.StateMachine - CLONE State detected: state357 and state83 are the same.
18:30:55.389 [pool-1-thread-2] INFO  com.crawljax.core.Crawler -  Event xpath /HTML[1]/BODY[1]/DIV[4]/DIV[1]/DIV[2]/UL[2]/LI[1]/A[1]
18:30:55.414 [pool-1-thread-2] INFO  com.crawljax.core.Crawler - Changing related inputs for 304 with 0  to 0 
18:30:55.554 [pool-1-thread-2] INFO  c.c.core.UnfiredFragmentCandidates - Changing related inputs to worked inputs 0 for 304
18:30:55.554 [pool-1-thread-2] INFO  c.c.core.UnfiredFragmentCandidates - event 304 - Before 0
18:30:55.554 [pool-1-thread-2] INFO  c.c.core.UnfiredFragmentCandidates - event 304 - After 0
18:30:55.554 [pool-1-thread-2] INFO  c.c.core.UnfiredFragmentCandidates - input for 304, 0
18:30:55.620 [pool-1-thread-2] INFO  com.crawljax.core.Crawler - Found an invisible link with href=/books
18:30:58.659 [pool-1-thread-2] INFO  c.crawljax.core.state.StateMachine - CLONE State detected: state358 and state63 are the same.
18:30:58.672 [pool-1-thread-2] INFO  com.crawljax.core.Crawler -  Event xpath /HTML[1]/BODY[1]/DIV[4]/DIV[1]/DIV[2]/UL[2]/LI[2]/UL[1]/LI[2]/A[1]
18:30:58.693 [pool-1-thread-2] INFO  com.crawljax.core.Crawler - Changing related inputs for 305 with 0  to 0 
18:30:58.808 [pool-1-thread-2] INFO  c.c.core.UnfiredFragmentCandidates - Changing related inputs to worked inputs 0 for 305
18:30:58.808 [pool-1-thread-2] INFO  c.c.core.UnfiredFragmentCandidates - event 305 - Before 0
18:30:58.808 [pool-1-thread-2] INFO  c.c.core.UnfiredFragmentCandidates - event 305 - After 0
18:30:58.808 [pool-1-thread-2] INFO  c.c.core.UnfiredFragmentCandidates - input for 305, 0
18:30:58.861 [pool-1-thread-2] INFO  com.crawljax.core.Crawler - Found an invisible link with href=/notebooks
18:31:01.788 [pool-1-thread-2] INFO  c.crawljax.core.state.StateMachine - CLONE State detected: state359 and state83 are the same.
18:31:01.815 [pool-1-thread-2] INFO  com.crawljax.core.Crawler -  Event xpath /HTML[1]/BODY[1]/DIV[4]/DIV[1]/DIV[2]/UL[2]/LI[2]/A[1]
18:31:01.835 [pool-1-thread-2] INFO  com.crawljax.core.Crawler - Changing related inputs for 306 with 0  to 0 
18:31:01.941 [pool-1-thread-2] INFO  c.c.core.UnfiredFragmentCandidates - Changing related inputs to worked inputs 0 for 306
18:31:01.941 [pool-1-thread-2] INFO  c.c.core.UnfiredFragmentCandidates - event 306 - Before 0
18:31:01.941 [pool-1-thread-2] INFO  c.c.core.UnfiredFragmentCandidates - event 306 - After 0
18:31:01.941 [pool-1-thread-2] INFO  c.c.core.UnfiredFragmentCandidates - input for 306, 0
18:31:01.988 [pool-1-thread-2] INFO  com.crawljax.core.Crawler - Found an invisible link with href=/computers
18:31:04.945 [pool-1-thread-2] INFO  c.crawljax.core.state.StateMachine - CLONE State detected: state360 and state68 are the same.
18:31:04.958 [pool-1-thread-2] INFO  com.crawljax.core.Crawler -  Event xpath /HTML[1]/BODY[1]/DIV[4]/DIV[1]/DIV[2]/UL[2]/LI[2]/UL[1]/LI[3]/A[1]
18:31:04.979 [pool-1-thread-2] INFO  com.crawljax.core.Crawler - Changing related inputs for 307 with 0  to 0 
18:31:05.081 [pool-1-thread-2] INFO  c.c.core.UnfiredFragmentCandidates - Changing related inputs to worked inputs 0 for 307
18:31:05.081 [pool-1-thread-2] INFO  c.c.core.UnfiredFragmentCandidates - event 307 - Before 0
18:31:05.081 [pool-1-thread-2] INFO  c.c.core.UnfiredFragmentCandidates - event 307 - After 0
18:31:05.081 [pool-1-thread-2] INFO  c.c.core.UnfiredFragmentCandidates - input for 307, 0
18:31:05.140 [pool-1-thread-2] INFO  com.crawljax.core.Crawler - Found an invisible link with href=/accessories
18:31:08.127 [pool-1-thread-2] INFO  c.crawljax.core.state.StateMachine - CLONE State detected: state361 and state88 are the same.
18:31:08.143 [pool-1-thread-2] INFO  com.crawljax.core.Crawler -  Event xpath /HTML[1]/BODY[1]/DIV[4]/DIV[1]/DIV[2]/UL[1]/LI[4]/A[1]
18:31:08.179 [pool-1-thread-2] INFO  com.crawljax.core.Crawler - Changing related inputs for 308 with 0  to 0 
18:31:08.339 [pool-1-thread-2] INFO  c.c.core.UnfiredFragmentCandidates - Changing related inputs to worked inputs 0 for 308
18:31:08.339 [pool-1-thread-2] INFO  c.c.core.UnfiredFragmentCandidates - event 308 - Before 0
18:31:08.339 [pool-1-thread-2] INFO  c.c.core.UnfiredFragmentCandidates - event 308 - After 0
18:31:08.339 [pool-1-thread-2] INFO  c.c.core.UnfiredFragmentCandidates - input for 308, 0
18:31:13.609 [pool-1-thread-2] INFO  c.crawljax.core.state.StateMachine - CLONE State detected: state362 and state132 are the same.
18:31:13.626 [pool-1-thread-2] INFO  com.crawljax.core.Crawler -  Event xpath /HTML[1]/BODY[1]/DIV[4]/DIV[1]/DIV[2]/UL[1]/LI[2]/UL[1]/LI[3]/A[1]
18:31:13.662 [pool-1-thread-2] INFO  com.crawljax.core.Crawler - Changing related inputs for 309 with 0  to 0 
18:31:13.808 [pool-1-thread-2] INFO  c.c.core.UnfiredFragmentCandidates - Changing related inputs to worked inputs 0 for 309
18:31:13.808 [pool-1-thread-2] INFO  c.c.core.UnfiredFragmentCandidates - event 309 - Before 0
18:31:13.808 [pool-1-thread-2] INFO  c.c.core.UnfiredFragmentCandidates - event 309 - After 0
18:31:13.808 [pool-1-thread-2] INFO  c.c.core.UnfiredFragmentCandidates - input for 309, 0
18:31:13.878 [pool-1-thread-2] INFO  com.crawljax.core.Crawler - Found an invisible link with href=/accessories
18:31:16.950 [pool-1-thread-2] INFO  c.crawljax.core.state.StateMachine - CLONE State detected: state363 and state88 are the same.
18:31:16.967 [pool-1-thread-2] INFO  com.crawljax.core.Crawler -  Event xpath /HTML[1]/BODY[1]/DIV[4]/DIV[1]/DIV[2]/UL[1]/LI[5]/A[1]
18:31:16.998 [pool-1-thread-2] INFO  com.crawljax.core.Crawler - Changing related inputs for 310 with 0  to 0 
18:31:17.127 [pool-1-thread-2] INFO  c.c.core.UnfiredFragmentCandidates - Changing related inputs to worked inputs 0 for 310
18:31:17.128 [pool-1-thread-2] INFO  c.c.core.UnfiredFragmentCandidates - event 310 - Before 0
18:31:17.128 [pool-1-thread-2] INFO  c.c.core.UnfiredFragmentCandidates - event 310 - After 0
18:31:17.128 [pool-1-thread-2] INFO  c.c.core.UnfiredFragmentCandidates - input for 310, 0
18:31:21.050 [pool-1-thread-2] INFO  c.crawljax.core.state.StateMachine - CLONE State detected: state364 and state134 are the same.
18:31:21.069 [pool-1-thread-2] INFO  com.crawljax.core.Crawler -  Event xpath /HTML[1]/BODY[1]/DIV[4]/DIV[1]/DIV[2]/UL[1]/LI[2]/UL[1]/LI[3]/A[1]
18:31:21.100 [pool-1-thread-2] INFO  com.crawljax.core.Crawler - Changing related inputs for 311 with 0  to 0 
18:31:21.275 [pool-1-thread-2] INFO  c.c.core.UnfiredFragmentCandidates - Changing related inputs to worked inputs 0 for 311
18:31:21.275 [pool-1-thread-2] INFO  c.c.core.UnfiredFragmentCandidates - event 311 - Before 0
18:31:21.275 [pool-1-thread-2] INFO  c.c.core.UnfiredFragmentCandidates - event 311 - After 0
18:31:21.275 [pool-1-thread-2] INFO  c.c.core.UnfiredFragmentCandidates - input for 311, 0
18:31:21.357 [pool-1-thread-2] INFO  com.crawljax.core.Crawler - Found an invisible link with href=/accessories
18:31:24.500 [pool-1-thread-2] INFO  c.crawljax.core.state.StateMachine - CLONE State detected: state365 and state88 are the same.
18:31:24.516 [pool-1-thread-2] INFO  com.crawljax.core.Crawler -  Event xpath /HTML[1]/BODY[1]/DIV[4]/DIV[1]/DIV[2]/UL[1]/LI[6]/A[1]
18:31:24.552 [pool-1-thread-2] INFO  com.crawljax.core.Crawler - Changing related inputs for 312 with 0  to 0 
18:31:24.741 [pool-1-thread-2] INFO  c.c.core.UnfiredFragmentCandidates - Changing related inputs to worked inputs 0 for 312
18:31:24.741 [pool-1-thread-2] INFO  c.c.core.UnfiredFragmentCandidates - event 312 - Before 0
18:31:24.741 [pool-1-thread-2] INFO  c.c.core.UnfiredFragmentCandidates - event 312 - After 0
18:31:24.741 [pool-1-thread-2] INFO  c.c.core.UnfiredFragmentCandidates - input for 312, 0
18:31:28.806 [pool-1-thread-2] INFO  c.crawljax.core.state.StateMachine - CLONE State detected: state366 and state141 are the same.
18:31:28.826 [pool-1-thread-2] INFO  com.crawljax.core.Crawler -  Event xpath /HTML[1]/BODY[1]/DIV[4]/DIV[1]/DIV[2]/UL[1]/LI[2]/UL[1]/LI[3]/A[1]
18:31:28.860 [pool-1-thread-2] INFO  com.crawljax.core.Crawler - Changing related inputs for 313 with 0  to 0 
18:31:29.016 [pool-1-thread-2] INFO  c.c.core.UnfiredFragmentCandidates - Changing related inputs to worked inputs 0 for 313
18:31:29.016 [pool-1-thread-2] INFO  c.c.core.UnfiredFragmentCandidates - event 313 - Before 0
18:31:29.016 [pool-1-thread-2] INFO  c.c.core.UnfiredFragmentCandidates - event 313 - After 0
18:31:29.016 [pool-1-thread-2] INFO  c.c.core.UnfiredFragmentCandidates - input for 313, 0
18:31:29.089 [pool-1-thread-2] INFO  com.crawljax.core.Crawler - Found an invisible link with href=/accessories
18:31:32.143 [pool-1-thread-2] INFO  c.crawljax.core.state.StateMachine - CLONE State detected: state367 and state88 are the same.
18:31:32.159 [pool-1-thread-2] INFO  com.crawljax.core.Crawler -  Event xpath /HTML[1]/BODY[1]/DIV[4]/DIV[1]/DIV[2]/UL[1]/LI[7]/A[1]
18:31:32.211 [pool-1-thread-2] INFO  com.crawljax.core.Crawler - Changing related inputs for 314 with 0  to 0 
18:31:32.340 [pool-1-thread-2] INFO  c.c.core.UnfiredFragmentCandidates - Changing related inputs to worked inputs 0 for 314
18:31:32.340 [pool-1-thread-2] INFO  c.c.core.UnfiredFragmentCandidates - event 314 - Before 0
18:31:32.340 [pool-1-thread-2] INFO  c.c.core.UnfiredFragmentCandidates - event 314 - After 0
18:31:32.340 [pool-1-thread-2] INFO  c.c.core.UnfiredFragmentCandidates - input for 314, 0
18:31:36.228 [pool-1-thread-2] INFO  c.crawljax.core.state.StateMachine - CLONE State detected: state368 and state148 are the same.
18:31:36.243 [pool-1-thread-2] INFO  com.crawljax.core.Crawler -  Event xpath /HTML[1]/BODY[1]/DIV[4]/DIV[1]/DIV[2]/UL[1]/LI[2]/UL[1]/LI[3]/A[1]
18:31:36.275 [pool-1-thread-2] INFO  com.crawljax.core.Crawler - Changing related inputs for 315 with 0  to 0 
18:31:36.410 [pool-1-thread-2] INFO  c.c.core.UnfiredFragmentCandidates - Changing related inputs to worked inputs 0 for 315
18:31:36.411 [pool-1-thread-2] INFO  c.c.core.UnfiredFragmentCandidates - event 315 - Before 0
18:31:36.411 [pool-1-thread-2] INFO  c.c.core.UnfiredFragmentCandidates - event 315 - After 0
18:31:36.411 [pool-1-thread-2] INFO  c.c.core.UnfiredFragmentCandidates - input for 315, 0
18:31:36.479 [pool-1-thread-2] INFO  com.crawljax.core.Crawler - Found an invisible link with href=/accessories
18:31:39.537 [pool-1-thread-2] INFO  c.crawljax.core.state.StateMachine - CLONE State detected: state369 and state88 are the same.
18:31:39.550 [pool-1-thread-2] INFO  com.crawljax.core.Crawler -  Event xpath /HTML[1]/BODY[1]/DIV[4]/DIV[1]/DIV[2]/DIV[1]/A[1]
18:31:39.585 [pool-1-thread-2] INFO  com.crawljax.core.Crawler - Changing related inputs for 316 with 0  to 0 
18:31:39.729 [pool-1-thread-2] INFO  c.c.core.UnfiredFragmentCandidates - Changing related inputs to worked inputs 0 for 316
18:31:39.729 [pool-1-thread-2] INFO  c.c.core.UnfiredFragmentCandidates - event 316 - Before 0
18:31:39.729 [pool-1-thread-2] INFO  c.c.core.UnfiredFragmentCandidates - event 316 - After 0
18:31:39.729 [pool-1-thread-2] INFO  c.c.core.UnfiredFragmentCandidates - input for 316, 0
18:31:39.804 [pool-1-thread-2] INFO  com.crawljax.core.Crawler - Found an invisible link with href=
18:31:44.354 [pool-1-thread-2] INFO  c.crawljax.core.state.StateMachine - CLONE State detected: state370 and state9 are the same.
18:31:44.370 [pool-1-thread-2] INFO  com.crawljax.core.Crawler -  Event xpath /HTML[1]/BODY[1]/DIV[4]/DIV[1]/DIV[2]/UL[2]/LI[4]/A[1]
18:31:44.409 [pool-1-thread-2] INFO  com.crawljax.core.Crawler - Changing related inputs for 317 with 0  to 0 
18:31:44.549 [pool-1-thread-2] INFO  c.c.core.UnfiredFragmentCandidates - Changing related inputs to worked inputs 0 for 317
18:31:44.549 [pool-1-thread-2] INFO  c.c.core.UnfiredFragmentCandidates - event 317 - Before 0
18:31:44.549 [pool-1-thread-2] INFO  c.c.core.UnfiredFragmentCandidates - event 317 - After 0
18:31:44.549 [pool-1-thread-2] INFO  c.c.core.UnfiredFragmentCandidates - input for 317, 0
18:31:44.623 [pool-1-thread-2] INFO  com.crawljax.core.Crawler - Found an invisible link with href=/apparel-shoes
18:31:47.734 [pool-1-thread-2] INFO  c.crawljax.core.state.StateMachine - CLONE State detected: state371 and state132 are the same.
18:31:47.751 [pool-1-thread-2] INFO  com.crawljax.core.Crawler -  Event xpath /HTML[1]/BODY[1]/DIV[4]/DIV[1]/DIV[2]/UL[1]/LI[3]/A[1]
18:31:47.789 [pool-1-thread-2] INFO  com.crawljax.core.Crawler - Changing related inputs for 318 with 0  to 0 
18:31:47.935 [pool-1-thread-2] INFO  c.c.core.UnfiredFragmentCandidates - Changing related inputs to worked inputs 0 for 318
18:31:47.936 [pool-1-thread-2] INFO  c.c.core.UnfiredFragmentCandidates - event 318 - Before 0
18:31:47.936 [pool-1-thread-2] INFO  c.c.core.UnfiredFragmentCandidates - event 318 - After 0
18:31:47.936 [pool-1-thread-2] INFO  c.c.core.UnfiredFragmentCandidates - input for 318, 0
18:31:51.870 [pool-1-thread-2] INFO  c.crawljax.core.state.StateMachine - CLONE State detected: state372 and state112 are the same.
18:31:51.887 [pool-1-thread-2] INFO  com.crawljax.core.Crawler -  Event xpath /HTML[1]/BODY[1]/DIV[4]/DIV[1]/DIV[2]/UL[1]/LI[4]/A[1]
18:31:51.921 [pool-1-thread-2] INFO  com.crawljax.core.Crawler - Changing related inputs for 319 with 0  to 0 
18:31:52.067 [pool-1-thread-2] INFO  c.c.core.UnfiredFragmentCandidates - Changing related inputs to worked inputs 0 for 319
18:31:52.067 [pool-1-thread-2] INFO  c.c.core.UnfiredFragmentCandidates - event 319 - Before 0
18:31:52.067 [pool-1-thread-2] INFO  c.c.core.UnfiredFragmentCandidates - event 319 - After 0
18:31:52.067 [pool-1-thread-2] INFO  c.c.core.UnfiredFragmentCandidates - input for 319, 0
18:31:56.001 [pool-1-thread-2] INFO  c.crawljax.core.state.StateMachine - CLONE State detected: state373 and state132 are the same.
18:31:56.020 [pool-1-thread-2] INFO  com.crawljax.core.Crawler -  Event xpath /HTML[1]/BODY[1]/DIV[4]/DIV[1]/DIV[2]/UL[1]/LI[3]/UL[1]/LI[1]/A[1]
18:31:56.053 [pool-1-thread-2] INFO  com.crawljax.core.Crawler - Changing related inputs for 320 with 0  to 0 
18:31:56.205 [pool-1-thread-2] INFO  c.c.core.UnfiredFragmentCandidates - Changing related inputs to worked inputs 0 for 320
18:31:56.205 [pool-1-thread-2] INFO  c.c.core.UnfiredFragmentCandidates - event 320 - Before 0
18:31:56.205 [pool-1-thread-2] INFO  c.c.core.UnfiredFragmentCandidates - event 320 - After 0
18:31:56.205 [pool-1-thread-2] INFO  c.c.core.UnfiredFragmentCandidates - input for 320, 0
18:31:56.287 [pool-1-thread-2] INFO  com.crawljax.core.Crawler - Found an invisible link with href=/camera-photo
18:31:59.313 [pool-1-thread-2] INFO  c.crawljax.core.state.StateMachine - CLONE State detected: state374 and state119 are the same.
18:31:59.331 [pool-1-thread-2] INFO  c.c.core.UnfiredFragmentCandidates - There are 42 states with unfired actions: [73, 31, 81, 83, 86, 88, 33, 112, 115, 35, 121, 36, 37, 128, 130, 132, 134, 42, 139, 141, 146, 148, 154, 159, 44, 46, 211, 216, 51, 53, 268, 56, 9, 288, 61, 296, 0, 63, 314, 66, 68, 70]
18:31:59.331 [pool-1-thread-2] INFO  com.crawljax.core.Crawler - Resetting the crawler and Going to state state73
18:31:59.350 [pool-1-thread-2] INFO  com.crawljax.core.CrawlSession - Adding CrawlPath to session !!
18:31:59.351 [pool-1-thread-2] INFO  com.crawljax.core.Crawler - BT-state70:-1index_45_state70state70_288_state63state63_289_state70state70_290_state68state68_291_state83state83_292_state132state132_293_state83state83_294_state134state134_295_state83state83_296_state141state141_297_state83state83_298_state148state148_299_state83state83_300_indexindex_301_state70state70_303_state83state83_304_state63state63_305_state83state83_306_state68state68_307_state88state88_308_state132state132_309_state88state88_310_state134state134_311_state88state88_312_state141state141_313_state88state88_314_state148state148_315_state88state88_316_state9state9_317_state132state132_318_state112state112_319_state132state132_320_state119
18:32:02.374 [pool-1-thread-2] INFO  com.crawljax.core.Crawler - index has changed to: state9
18:32:02.374 [pool-1-thread-2] INFO  com.crawljax.core.Crawler - Did not add reload edge from state119 to state9
18:32:02.375 [pool-1-thread-2] INFO  com.crawljax.core.Crawler - Initial state not the same as current state : Getting shortest path from current state
18:32:02.376 [pool-1-thread-2] INFO  c.c.core.UnfiredFragmentCandidates - input map size 320
18:32:02.376 [pool-1-thread-2] INFO  c.c.core.UnfiredFragmentCandidates - input map size 320
18:32:02.376 [pool-1-thread-2] INFO  com.crawljax.core.Crawler - Used a form input combination for backtracking 47
18:32:06.231 [pool-1-thread-2] INFO  com.crawljax.core.Crawler - Crawl depth is now 1
18:32:06.232 [pool-1-thread-2] INFO  c.c.core.UnfiredFragmentCandidates - input map size 320
18:32:06.232 [pool-1-thread-2] INFO  c.c.core.UnfiredFragmentCandidates - input map size 320
18:32:06.232 [pool-1-thread-2] INFO  com.crawljax.core.Crawler - Used a form input combination for backtracking 48
18:32:10.000 [pool-1-thread-2] INFO  com.crawljax.core.Crawler - Crawl depth is now 2
18:32:10.000 [pool-1-thread-2] INFO  com.crawljax.core.Crawler - backtrack status: true, reached NearDuplicate : -1 
18:32:10.000 [pool-1-thread-2] INFO  com.crawljax.core.Crawler -  Event xpath /HTML[1]/BODY[1]/DIV[4]/DIV[1]/DIV[1]/DIV[2]/DIV[1]/UL[1]/LI[1]/A[1]
18:32:10.021 [pool-1-thread-2] INFO  com.crawljax.core.Crawler - Changing related inputs for 321 with 0  to 0 
18:32:10.113 [pool-1-thread-2] INFO  c.c.core.UnfiredFragmentCandidates - Changing related inputs to worked inputs 0 for 321
18:32:10.114 [pool-1-thread-2] INFO  c.c.core.UnfiredFragmentCandidates - event 321 - Before 0
18:32:10.114 [pool-1-thread-2] INFO  c.c.core.UnfiredFragmentCandidates - event 321 - After 0
18:32:10.114 [pool-1-thread-2] INFO  c.c.core.UnfiredFragmentCandidates - input for 321, 0
18:32:13.844 [pool-1-thread-2] INFO  c.c.c.state.InMemoryStateFlowGraph - Number of states in the graph is now 60
18:32:13.845 [pool-1-thread-2] INFO  c.crawljax.core.state.StateMachine - State state376 added to the StateMachine.
18:32:14.025 [pool-1-thread-2] INFO  com.crawljax.core.Crawler - New DOM is a new state! crawl depth is now 3
18:32:14.025 [pool-1-thread-2] INFO  com.crawljax.core.Crawler - Parsing DOM of state state376 for candidate elements
18:32:14.034 [pool-1-thread-2] INFO  c.c.core.UnfiredFragmentCandidates - There are 42 states with unfired actions: [31, 81, 83, 86, 88, 33, 112, 115, 35, 121, 36, 37, 128, 130, 132, 134, 42, 139, 141, 146, 148, 154, 159, 44, 46, 211, 216, 51, 53, 268, 56, 9, 288, 61, 296, 0, 63, 314, 66, 68, 70, 376]
18:32:14.047 [pool-1-thread-2] INFO  com.crawljax.core.Crawler -  Event xpath /HTML[1]/BODY[1]/DIV[4]/DIV[1]/DIV[1]/DIV[1]/A[1]
18:32:14.082 [pool-1-thread-2] INFO  com.crawljax.core.Crawler - Changing related inputs for 322 with 0  to 0 
18:32:14.222 [pool-1-thread-2] INFO  c.c.core.UnfiredFragmentCandidates - Changing related inputs to worked inputs 0 for 322
18:32:14.222 [pool-1-thread-2] INFO  c.c.core.UnfiredFragmentCandidates - event 322 - Before 0
18:32:14.222 [pool-1-thread-2] INFO  c.c.core.UnfiredFragmentCandidates - event 322 - After 0
18:32:14.222 [pool-1-thread-2] INFO  c.c.core.UnfiredFragmentCandidates - input for 322, 0
18:32:19.516 [pool-1-thread-2] INFO  c.crawljax.core.state.StateMachine - CLONE State detected: state377 and state9 are the same.
18:32:19.528 [pool-1-thread-2] INFO  com.crawljax.core.Crawler -  Event xpath /HTML[1]/BODY[1]/DIV[4]/DIV[1]/DIV[2]/UL[2]/LI[5]/A[1]
18:32:19.551 [pool-1-thread-2] INFO  com.crawljax.core.Crawler - Changing related inputs for 323 with 0  to 0 
18:32:19.692 [pool-1-thread-2] INFO  c.c.core.UnfiredFragmentCandidates - Changing related inputs to worked inputs 0 for 323
18:32:19.692 [pool-1-thread-2] INFO  c.c.core.UnfiredFragmentCandidates - event 323 - Before 0
18:32:19.692 [pool-1-thread-2] INFO  c.c.core.UnfiredFragmentCandidates - event 323 - After 0
18:32:19.692 [pool-1-thread-2] INFO  c.c.core.UnfiredFragmentCandidates - input for 323, 0
18:32:19.744 [pool-1-thread-2] INFO  com.crawljax.core.Crawler - Found an invisible link with href=/digital-downloads
18:32:22.791 [pool-1-thread-2] INFO  c.crawljax.core.state.StateMachine - CLONE State detected: state378 and state134 are the same.
18:32:22.810 [pool-1-thread-2] INFO  com.crawljax.core.Crawler -  Event xpath /HTML[1]/BODY[1]/DIV[4]/DIV[1]/DIV[2]/UL[1]/LI[3]/A[1]
18:32:22.840 [pool-1-thread-2] INFO  com.crawljax.core.Crawler - Changing related inputs for 324 with 0  to 0 
18:32:22.982 [pool-1-thread-2] INFO  c.c.core.UnfiredFragmentCandidates - Changing related inputs to worked inputs 0 for 324
18:32:22.982 [pool-1-thread-2] INFO  c.c.core.UnfiredFragmentCandidates - event 324 - Before 0
18:32:22.982 [pool-1-thread-2] INFO  c.c.core.UnfiredFragmentCandidates - event 324 - After 0
18:32:22.982 [pool-1-thread-2] INFO  c.c.core.UnfiredFragmentCandidates - input for 324, 0
18:32:26.834 [pool-1-thread-2] INFO  c.crawljax.core.state.StateMachine - CLONE State detected: state379 and state112 are the same.
18:32:26.848 [pool-1-thread-2] INFO  com.crawljax.core.Crawler -  Event xpath /HTML[1]/BODY[1]/DIV[4]/DIV[1]/DIV[2]/UL[1]/LI[5]/A[1]
18:32:26.875 [pool-1-thread-2] INFO  com.crawljax.core.Crawler - Changing related inputs for 325 with 0  to 0 
18:32:27.009 [pool-1-thread-2] INFO  c.c.core.UnfiredFragmentCandidates - Changing related inputs to worked inputs 0 for 325
18:32:27.010 [pool-1-thread-2] INFO  c.c.core.UnfiredFragmentCandidates - event 325 - Before 0
18:32:27.010 [pool-1-thread-2] INFO  c.c.core.UnfiredFragmentCandidates - event 325 - After 0
18:32:27.010 [pool-1-thread-2] INFO  c.c.core.UnfiredFragmentCandidates - input for 325, 0
18:32:30.830 [pool-1-thread-2] INFO  c.crawljax.core.state.StateMachine - CLONE State detected: state380 and state134 are the same.
18:32:30.848 [pool-1-thread-2] INFO  com.crawljax.core.Crawler -  Event xpath /HTML[1]/BODY[1]/DIV[4]/DIV[1]/DIV[2]/UL[1]/LI[3]/UL[1]/LI[1]/A[1]
18:32:30.876 [pool-1-thread-2] INFO  com.crawljax.core.Crawler - Changing related inputs for 326 with 0  to 0 
18:32:31.016 [pool-1-thread-2] INFO  c.c.core.UnfiredFragmentCandidates - Changing related inputs to worked inputs 0 for 326
18:32:31.016 [pool-1-thread-2] INFO  c.c.core.UnfiredFragmentCandidates - event 326 - Before 0
18:32:31.016 [pool-1-thread-2] INFO  c.c.core.UnfiredFragmentCandidates - event 326 - After 0
18:32:31.016 [pool-1-thread-2] INFO  c.c.core.UnfiredFragmentCandidates - input for 326, 0
18:32:31.092 [pool-1-thread-2] INFO  com.crawljax.core.Crawler - Found an invisible link with href=/camera-photo
18:32:34.127 [pool-1-thread-2] INFO  c.crawljax.core.state.StateMachine - CLONE State detected: state381 and state119 are the same.
18:32:34.145 [pool-1-thread-2] INFO  c.c.core.UnfiredFragmentCandidates - There are 43 states with unfired actions: [31, 81, 83, 86, 88, 33, 112, 115, 35, 121, 36, 37, 128, 130, 132, 134, 42, 139, 141, 146, 148, 154, 159, 44, 46, 211, 216, 51, 53, 268, 56, 9, 288, 61, 296, 0, 63, 314, 66, 68, 70, 376, 73]
18:32:34.145 [pool-1-thread-2] INFO  com.crawljax.core.Crawler - Resetting the crawler and Going to state state31
18:32:34.161 [pool-1-thread-2] INFO  com.crawljax.core.CrawlSession - Adding CrawlPath to session !!
18:32:34.161 [pool-1-thread-2] INFO  com.crawljax.core.Crawler - BT-state73:-1state9_47_state68state68_48_state73state73_321_state376state376_322_state9state9_323_state134state134_324_state112state112_325_state134state134_326_state119
18:32:37.171 [pool-1-thread-2] INFO  com.crawljax.core.Crawler - Did not add reload edge from state119 to index
18:32:37.172 [pool-1-thread-2] INFO  c.c.core.UnfiredFragmentCandidates - input map size 326
18:32:37.172 [pool-1-thread-2] INFO  com.crawljax.core.Crawler - No Input Combination Found for 0
18:32:37.206 [pool-1-thread-2] INFO  com.crawljax.core.Crawler - Changing related inputs for 0 with 0  to 0 
18:32:37.247 [pool-1-thread-2] INFO  com.crawljax.core.Crawler - Not a valid path anymorestate9 : state31
18:32:37.248 [pool-1-thread-2] INFO  com.crawljax.core.Crawler - Tried to follow 
18:32:37.248 [pool-1-thread-2] INFO  com.crawljax.core.Crawler - index_0_state9state9_9_state31
18:32:37.248 [pool-1-thread-2] INFO  com.crawljax.core.Crawler - Saving failed backtracking path to 31
18:32:37.248 [pool-1-thread-2] INFO  com.crawljax.core.Crawler - backtrack status: false, reached NearDuplicate : -1 
18:32:37.262 [pool-1-thread-2] INFO  com.crawljax.core.CrawlSession - Adding CrawlPath to session !!
18:32:37.262 [pool-1-thread-2] INFO  com.crawljax.core.Crawler - BT-state31:failed:-1index_0_state9
18:32:40.201 [pool-1-thread-2] INFO  com.crawljax.core.Crawler - index has changed to: state9
18:32:40.201 [pool-1-thread-2] INFO  com.crawljax.core.Crawler - Did not add reload edge from state9 to state9
18:32:40.201 [pool-1-thread-2] INFO  com.crawljax.core.Crawler - Avoid path from index that is already tried
18:32:40.202 [pool-1-thread-2] INFO  c.c.core.UnfiredFragmentCandidates - input map size 326
18:32:40.202 [pool-1-thread-2] INFO  c.c.core.UnfiredFragmentCandidates - input map size 326
18:32:40.202 [pool-1-thread-2] INFO  com.crawljax.core.Crawler - Used a form input combination for backtracking 9
18:32:44.070 [pool-1-thread-2] INFO  com.crawljax.core.Crawler - Crawl depth is now 1
18:32:44.071 [pool-1-thread-2] INFO  com.crawljax.core.Crawler - Tried to follow v
18:32:44.071 [pool-1-thread-2] INFO  com.crawljax.core.Crawler - state9_9_state31
18:32:44.071 [pool-1-thread-2] INFO  com.crawljax.core.Crawler - BT-state31:failed:-1state9_9_state31
18:32:44.071 [pool-1-thread-2] INFO  com.crawljax.core.Crawler - Followed path ^
18:32:44.071 [pool-1-thread-2] INFO  com.crawljax.core.Crawler - backtrack status: true, reached NearDuplicate : -1 
18:32:44.071 [pool-1-thread-2] INFO  com.crawljax.core.Crawler -  Event xpath /HTML[1]/BODY[1]/DIV[4]/DIV[1]/DIV[1]/DIV[2]/DIV[1]/UL[1]/LI[2]/A[1]
18:32:44.111 [pool-1-thread-2] INFO  com.crawljax.core.Crawler - Changing related inputs for 327 with 0  to 0 
18:32:44.296 [pool-1-thread-2] INFO  c.c.core.UnfiredFragmentCandidates - Changing related inputs to worked inputs 0 for 327
18:32:44.296 [pool-1-thread-2] INFO  c.c.core.UnfiredFragmentCandidates - event 327 - Before 0
18:32:44.296 [pool-1-thread-2] INFO  c.c.core.UnfiredFragmentCandidates - event 327 - After 0
18:32:44.296 [pool-1-thread-2] INFO  c.c.core.UnfiredFragmentCandidates - input for 327, 0
18:32:48.109 [pool-1-thread-2] INFO  c.crawljax.core.state.StateMachine - CLONE State detected: state384 and state44 are the same.
18:32:48.125 [pool-1-thread-2] INFO  com.crawljax.core.Crawler -  Event xpath /HTML[1]/BODY[1]/DIV[4]/DIV[1]/DIV[2]/UL[2]/LI[1]/A[1]
18:32:48.151 [pool-1-thread-2] INFO  com.crawljax.core.Crawler - Changing related inputs for 328 with 0  to 0 
18:32:48.279 [pool-1-thread-2] INFO  c.c.core.UnfiredFragmentCandidates - Changing related inputs to worked inputs 0 for 328
18:32:48.279 [pool-1-thread-2] INFO  c.c.core.UnfiredFragmentCandidates - event 328 - Before 0
18:32:48.279 [pool-1-thread-2] INFO  c.c.core.UnfiredFragmentCandidates - event 328 - After 0
18:32:48.279 [pool-1-thread-2] INFO  c.c.core.UnfiredFragmentCandidates - input for 328, 0
18:32:48.355 [pool-1-thread-2] INFO  com.crawljax.core.Crawler - Found an invisible link with href=/books
18:32:52.932 [pool-1-thread-2] INFO  c.crawljax.core.state.StateMachine - CLONE State detected: state385 and state63 are the same.
18:32:52.945 [pool-1-thread-2] INFO  com.crawljax.core.Crawler -  Event xpath /HTML[1]/BODY[1]/DIV[4]/DIV[1]/DIV[2]/UL[2]/LI[2]/UL[1]/LI[3]/A[1]
18:32:52.974 [pool-1-thread-2] INFO  com.crawljax.core.Crawler - Changing related inputs for 329 with 0  to 0 
18:32:53.122 [pool-1-thread-2] INFO  c.c.core.UnfiredFragmentCandidates - Changing related inputs to worked inputs 0 for 329
18:32:53.122 [pool-1-thread-2] INFO  c.c.core.UnfiredFragmentCandidates - event 329 - Before 0
18:32:53.122 [pool-1-thread-2] INFO  c.c.core.UnfiredFragmentCandidates - event 329 - After 0
18:32:53.122 [pool-1-thread-2] INFO  c.c.core.UnfiredFragmentCandidates - input for 329, 0
18:32:53.189 [pool-1-thread-2] INFO  com.crawljax.core.Crawler - Found an invisible link with href=/accessories
18:32:56.272 [pool-1-thread-2] INFO  c.crawljax.core.state.StateMachine - CLONE State detected: state386 and state88 are the same.
18:32:56.286 [pool-1-thread-2] INFO  com.crawljax.core.Crawler -  Event xpath /HTML[1]/BODY[1]/DIV[4]/DIV[1]/DIV[2]/UL[2]/LI[1]/A[1]
18:32:56.312 [pool-1-thread-2] INFO  com.crawljax.core.Crawler - Changing related inputs for 330 with 0  to 0 
18:32:56.431 [pool-1-thread-2] INFO  c.c.core.UnfiredFragmentCandidates - Changing related inputs to worked inputs 0 for 330
18:32:56.431 [pool-1-thread-2] INFO  c.c.core.UnfiredFragmentCandidates - event 330 - Before 0
18:32:56.431 [pool-1-thread-2] INFO  c.c.core.UnfiredFragmentCandidates - event 330 - After 0
18:32:56.431 [pool-1-thread-2] INFO  c.c.core.UnfiredFragmentCandidates - input for 330, 0
18:32:56.495 [pool-1-thread-2] INFO  com.crawljax.core.Crawler - Found an invisible link with href=/books
18:32:59.542 [pool-1-thread-2] INFO  c.crawljax.core.state.StateMachine - CLONE State detected: state387 and state63 are the same.
18:32:59.559 [pool-1-thread-2] INFO  com.crawljax.core.Crawler -  Event xpath /HTML[1]/BODY[1]/DIV[4]/DIV[1]/DIV[2]/UL[2]/LI[3]/A[1]
18:32:59.587 [pool-1-thread-2] INFO  com.crawljax.core.Crawler - Changing related inputs for 331 with 0  to 0 
18:32:59.722 [pool-1-thread-2] INFO  c.c.core.UnfiredFragmentCandidates - Changing related inputs to worked inputs 0 for 331
18:32:59.722 [pool-1-thread-2] INFO  c.c.core.UnfiredFragmentCandidates - event 331 - Before 0
18:32:59.722 [pool-1-thread-2] INFO  c.c.core.UnfiredFragmentCandidates - event 331 - After 0
18:32:59.722 [pool-1-thread-2] INFO  c.c.core.UnfiredFragmentCandidates - input for 331, 0
18:32:59.803 [pool-1-thread-2] INFO  com.crawljax.core.Crawler - Found an invisible link with href=/electronics
18:33:02.747 [pool-1-thread-2] INFO  c.crawljax.core.state.StateMachine - CLONE State detected: state388 and state112 are the same.
18:33:02.760 [pool-1-thread-2] INFO  com.crawljax.core.Crawler -  Event xpath /HTML[1]/BODY[1]/DIV[4]/DIV[1]/DIV[2]/UL[1]/LI[6]/A[1]
18:33:02.785 [pool-1-thread-2] INFO  com.crawljax.core.Crawler - Changing related inputs for 332 with 0  to 0 
18:33:02.922 [pool-1-thread-2] INFO  c.c.core.UnfiredFragmentCandidates - Changing related inputs to worked inputs 0 for 332
18:33:02.922 [pool-1-thread-2] INFO  c.c.core.UnfiredFragmentCandidates - event 332 - Before 0
18:33:02.922 [pool-1-thread-2] INFO  c.c.core.UnfiredFragmentCandidates - event 332 - After 0
18:33:02.922 [pool-1-thread-2] INFO  c.c.core.UnfiredFragmentCandidates - input for 332, 0
18:33:06.798 [pool-1-thread-2] INFO  c.crawljax.core.state.StateMachine - CLONE State detected: state389 and state141 are the same.
18:33:06.822 [pool-1-thread-2] INFO  com.crawljax.core.Crawler -  Event xpath /HTML[1]/BODY[1]/DIV[4]/DIV[1]/DIV[2]/UL[1]/LI[3]/A[1]
18:33:06.854 [pool-1-thread-2] INFO  com.crawljax.core.Crawler - Changing related inputs for 333 with 0  to 0 
18:33:06.991 [pool-1-thread-2] INFO  c.c.core.UnfiredFragmentCandidates - Changing related inputs to worked inputs 0 for 333
18:33:06.992 [pool-1-thread-2] INFO  c.c.core.UnfiredFragmentCandidates - event 333 - Before 0
18:33:06.992 [pool-1-thread-2] INFO  c.c.core.UnfiredFragmentCandidates - event 333 - After 0
18:33:06.992 [pool-1-thread-2] INFO  c.c.core.UnfiredFragmentCandidates - input for 333, 0
18:33:10.816 [pool-1-thread-2] INFO  c.crawljax.core.state.StateMachine - CLONE State detected: state390 and state112 are the same.
18:33:10.829 [pool-1-thread-2] INFO  com.crawljax.core.Crawler -  Event xpath /HTML[1]/BODY[1]/DIV[4]/DIV[1]/DIV[2]/UL[1]/LI[7]/A[1]
18:33:10.859 [pool-1-thread-2] INFO  com.crawljax.core.Crawler - Changing related inputs for 334 with 0  to 0 
18:33:11.009 [pool-1-thread-2] INFO  c.c.core.UnfiredFragmentCandidates - Changing related inputs to worked inputs 0 for 334
18:33:11.009 [pool-1-thread-2] INFO  c.c.core.UnfiredFragmentCandidates - event 334 - Before 0
18:33:11.009 [pool-1-thread-2] INFO  c.c.core.UnfiredFragmentCandidates - event 334 - After 0
18:33:11.009 [pool-1-thread-2] INFO  c.c.core.UnfiredFragmentCandidates - input for 334, 0
18:33:14.864 [pool-1-thread-2] INFO  c.crawljax.core.state.StateMachine - CLONE State detected: state391 and state148 are the same.
18:33:14.877 [pool-1-thread-2] INFO  com.crawljax.core.Crawler -  Event xpath /HTML[1]/BODY[1]/DIV[4]/DIV[1]/DIV[2]/UL[1]/LI[3]/A[1]
18:33:14.898 [pool-1-thread-2] INFO  com.crawljax.core.Crawler - Changing related inputs for 335 with 0  to 0 
18:33:15.004 [pool-1-thread-2] INFO  c.c.core.UnfiredFragmentCandidates - Changing related inputs to worked inputs 0 for 335
18:33:15.004 [pool-1-thread-2] INFO  c.c.core.UnfiredFragmentCandidates - event 335 - Before 0
18:33:15.004 [pool-1-thread-2] INFO  c.c.core.UnfiredFragmentCandidates - event 335 - After 0
18:33:15.004 [pool-1-thread-2] INFO  c.c.core.UnfiredFragmentCandidates - input for 335, 0
18:33:18.778 [pool-1-thread-2] INFO  c.crawljax.core.state.StateMachine - CLONE State detected: state392 and state112 are the same.
18:33:18.790 [pool-1-thread-2] INFO  com.crawljax.core.Crawler -  Event xpath /HTML[1]/BODY[1]/DIV[4]/DIV[1]/DIV[2]/DIV[1]/A[1]
18:33:18.811 [pool-1-thread-2] INFO  com.crawljax.core.Crawler - Changing related inputs for 336 with 0  to 0 
18:33:18.907 [pool-1-thread-2] INFO  c.c.core.UnfiredFragmentCandidates - Changing related inputs to worked inputs 0 for 336
18:33:18.907 [pool-1-thread-2] INFO  c.c.core.UnfiredFragmentCandidates - event 336 - Before 0
18:33:18.907 [pool-1-thread-2] INFO  c.c.core.UnfiredFragmentCandidates - event 336 - After 0
18:33:18.907 [pool-1-thread-2] INFO  c.c.core.UnfiredFragmentCandidates - input for 336, 0
18:33:18.957 [pool-1-thread-2] INFO  com.crawljax.core.Crawler - Found an invisible link with href=
18:33:21.961 [pool-1-thread-2] INFO  c.crawljax.core.state.StateMachine - CLONE State detected: state393 and state9 are the same.
18:33:21.972 [pool-1-thread-2] INFO  com.crawljax.core.Crawler -  Event xpath /HTML[1]/BODY[1]/DIV[4]/DIV[1]/DIV[2]/UL[2]/LI[6]/A[1]
18:33:21.996 [pool-1-thread-2] INFO  com.crawljax.core.Crawler - Changing related inputs for 337 with 0  to 0 
18:33:22.113 [pool-1-thread-2] INFO  c.c.core.UnfiredFragmentCandidates - Changing related inputs to worked inputs 0 for 337
18:33:22.113 [pool-1-thread-2] INFO  c.c.core.UnfiredFragmentCandidates - event 337 - Before 0
18:33:22.113 [pool-1-thread-2] INFO  c.c.core.UnfiredFragmentCandidates - event 337 - After 0
18:33:22.113 [pool-1-thread-2] INFO  c.c.core.UnfiredFragmentCandidates - input for 337, 0
18:33:22.177 [pool-1-thread-2] INFO  com.crawljax.core.Crawler - Found an invisible link with href=/jewelry
18:33:26.696 [pool-1-thread-2] INFO  c.crawljax.core.state.StateMachine - CLONE State detected: state394 and state141 are the same.
18:33:26.728 [pool-1-thread-2] INFO  com.crawljax.core.Crawler -  Event xpath /HTML[1]/BODY[1]/DIV[4]/DIV[1]/DIV[2]/UL[1]/LI[3]/UL[1]/LI[1]/A[1]
18:33:26.752 [pool-1-thread-2] INFO  com.crawljax.core.Crawler - Changing related inputs for 338 with 0  to 0 
18:33:26.859 [pool-1-thread-2] INFO  c.c.core.UnfiredFragmentCandidates - Changing related inputs to worked inputs 0 for 338
18:33:26.859 [pool-1-thread-2] INFO  c.c.core.UnfiredFragmentCandidates - event 338 - Before 0
18:33:26.859 [pool-1-thread-2] INFO  c.c.core.UnfiredFragmentCandidates - event 338 - After 0
18:33:26.859 [pool-1-thread-2] INFO  c.c.core.UnfiredFragmentCandidates - input for 338, 0
18:33:26.922 [pool-1-thread-2] INFO  com.crawljax.core.Crawler - Found an invisible link with href=/camera-photo
18:33:29.967 [pool-1-thread-2] INFO  c.crawljax.core.state.StateMachine - CLONE State detected: state395 and state119 are the same.
18:33:29.985 [pool-1-thread-2] INFO  c.c.core.UnfiredFragmentCandidates - There are 43 states with unfired actions: [81, 83, 86, 88, 33, 112, 115, 35, 121, 36, 37, 128, 130, 132, 134, 42, 139, 141, 146, 148, 154, 159, 44, 46, 211, 216, 51, 53, 268, 56, 9, 288, 61, 296, 0, 63, 314, 66, 68, 70, 376, 73, 31]
18:33:29.986 [pool-1-thread-2] INFO  com.crawljax.core.Crawler - Resetting the crawler and Going to state state81
18:33:30.000 [pool-1-thread-2] INFO  com.crawljax.core.CrawlSession - Adding CrawlPath to session !!
18:33:30.000 [pool-1-thread-2] INFO  com.crawljax.core.Crawler - BT-state31:-1state9_9_state31state31_327_state44state44_328_state63state63_329_state88state88_330_state63state63_331_state112state112_332_state141state141_333_state112state112_334_state148state148_335_state112state112_336_state9state9_337_state141state141_338_state119
18:33:32.933 [pool-1-thread-2] INFO  com.crawljax.core.Crawler - index has changed to: state9
18:33:32.933 [pool-1-thread-2] INFO  com.crawljax.core.Crawler - Did not add reload edge from state119 to state9
18:33:32.933 [pool-1-thread-2] INFO  com.crawljax.core.Crawler - Initial state not the same as current state : Getting shortest path from current state
18:33:32.934 [pool-1-thread-2] INFO  c.c.core.UnfiredFragmentCandidates - input map size 338
18:33:32.934 [pool-1-thread-2] INFO  c.c.core.UnfiredFragmentCandidates - input map size 338
18:33:32.934 [pool-1-thread-2] INFO  com.crawljax.core.Crawler - Used a form input combination for backtracking 9
18:33:36.762 [pool-1-thread-2] INFO  com.crawljax.core.Crawler - Crawl depth is now 1
18:33:36.762 [pool-1-thread-2] INFO  c.c.core.UnfiredFragmentCandidates - input map size 338
18:33:36.762 [pool-1-thread-2] INFO  c.c.core.UnfiredFragmentCandidates - input map size 338
18:33:36.762 [pool-1-thread-2] INFO  com.crawljax.core.Crawler - Used a form input combination for backtracking 10
18:33:40.605 [pool-1-thread-2] INFO  com.crawljax.core.Crawler - Crawl depth is now 2
18:33:40.605 [pool-1-thread-2] INFO  c.c.core.UnfiredFragmentCandidates - input map size 338
18:33:40.605 [pool-1-thread-2] INFO  c.c.core.UnfiredFragmentCandidates - input map size 338
18:33:40.605 [pool-1-thread-2] INFO  com.crawljax.core.Crawler - Used a form input combination for backtracking 11
18:33:44.468 [pool-1-thread-2] INFO  com.crawljax.core.Crawler - Crawl depth is now 3
18:33:44.469 [pool-1-thread-2] INFO  c.c.core.UnfiredFragmentCandidates - input map size 338
18:33:44.469 [pool-1-thread-2] INFO  c.c.core.UnfiredFragmentCandidates - input map size 338
18:33:44.469 [pool-1-thread-2] INFO  com.crawljax.core.Crawler - Used a form input combination for backtracking 52
18:33:48.269 [pool-1-thread-2] INFO  com.crawljax.core.Crawler - Crawl depth is now 4
18:33:48.269 [pool-1-thread-2] INFO  com.crawljax.core.Crawler - backtrack status: true, reached NearDuplicate : -1 
18:33:48.269 [pool-1-thread-2] INFO  com.crawljax.core.Crawler -  Event xpath /HTML[1]/BODY[1]/DIV[4]/DIV[1]/DIV[1]/DIV[2]/DIV[1]/UL[1]/LI[1]/A[1]
18:33:48.296 [pool-1-thread-2] INFO  com.crawljax.core.Crawler - Changing related inputs for 339 with 0  to 0 
18:33:48.421 [pool-1-thread-2] INFO  c.c.core.UnfiredFragmentCandidates - Changing related inputs to worked inputs 0 for 339
18:33:48.421 [pool-1-thread-2] INFO  c.c.core.UnfiredFragmentCandidates - event 339 - Before 0
18:33:48.421 [pool-1-thread-2] INFO  c.c.core.UnfiredFragmentCandidates - event 339 - After 0
18:33:48.421 [pool-1-thread-2] INFO  c.c.core.UnfiredFragmentCandidates - input for 339, 0
18:33:52.229 [pool-1-thread-2] INFO  c.c.c.state.InMemoryStateFlowGraph - Number of states in the graph is now 61
18:33:52.230 [pool-1-thread-2] INFO  c.crawljax.core.state.StateMachine - State state397 added to the StateMachine.
18:33:52.410 [pool-1-thread-2] INFO  com.crawljax.core.Crawler - New DOM is a new state! crawl depth is now 5
18:33:52.410 [pool-1-thread-2] INFO  com.crawljax.core.Crawler - Parsing DOM of state state397 for candidate elements
18:33:52.419 [pool-1-thread-2] INFO  c.c.core.UnfiredFragmentCandidates - There are 43 states with unfired actions: [83, 86, 88, 33, 112, 115, 35, 121, 36, 37, 128, 130, 132, 134, 42, 139, 141, 146, 148, 154, 159, 44, 46, 211, 216, 51, 53, 268, 56, 9, 288, 61, 296, 0, 63, 314, 66, 68, 70, 376, 73, 31, 397]
18:33:52.435 [pool-1-thread-2] INFO  com.crawljax.core.Crawler -  Event xpath /HTML[1]/BODY[1]/DIV[4]/DIV[1]/DIV[1]/DIV[1]/A[1]
18:33:52.462 [pool-1-thread-2] INFO  com.crawljax.core.Crawler - Changing related inputs for 340 with 0  to 0 
18:33:52.595 [pool-1-thread-2] INFO  c.c.core.UnfiredFragmentCandidates - Changing related inputs to worked inputs 0 for 340
18:33:52.596 [pool-1-thread-2] INFO  c.c.core.UnfiredFragmentCandidates - event 340 - Before 0
18:33:52.596 [pool-1-thread-2] INFO  c.c.core.UnfiredFragmentCandidates - event 340 - After 0
18:33:52.596 [pool-1-thread-2] INFO  c.c.core.UnfiredFragmentCandidates - input for 340, 0
18:33:56.541 [pool-1-thread-2] INFO  c.crawljax.core.state.StateMachine - CLONE State detected: state398 and state9 are the same.
18:33:56.559 [pool-1-thread-2] INFO  com.crawljax.core.Crawler -  Event xpath /HTML[1]/BODY[1]/DIV[4]/DIV[1]/DIV[2]/UL[2]/LI[7]/A[1]
18:33:56.597 [pool-1-thread-2] INFO  com.crawljax.core.Crawler - Changing related inputs for 341 with 0  to 0 
18:33:56.809 [pool-1-thread-2] INFO  c.c.core.UnfiredFragmentCandidates - Changing related inputs to worked inputs 0 for 341
18:33:56.809 [pool-1-thread-2] INFO  c.c.core.UnfiredFragmentCandidates - event 341 - Before 0
18:33:56.809 [pool-1-thread-2] INFO  c.c.core.UnfiredFragmentCandidates - event 341 - After 0
18:33:56.809 [pool-1-thread-2] INFO  c.c.core.UnfiredFragmentCandidates - input for 341, 0
18:33:56.890 [pool-1-thread-2] INFO  com.crawljax.core.Crawler - Found an invisible link with href=/gift-cards
18:34:01.528 [pool-1-thread-2] INFO  c.crawljax.core.state.StateMachine - CLONE State detected: state399 and state148 are the same.
18:34:01.543 [pool-1-thread-2] INFO  com.crawljax.core.Crawler -  Event xpath /HTML[1]/BODY[1]/DIV[4]/DIV[1]/DIV[2]/UL[1]/LI[3]/UL[1]/LI[1]/A[1]
18:34:01.578 [pool-1-thread-2] INFO  com.crawljax.core.Crawler - Changing related inputs for 342 with 0  to 0 
18:34:01.735 [pool-1-thread-2] INFO  c.c.core.UnfiredFragmentCandidates - Changing related inputs to worked inputs 0 for 342
18:34:01.735 [pool-1-thread-2] INFO  c.c.core.UnfiredFragmentCandidates - event 342 - Before 0
18:34:01.735 [pool-1-thread-2] INFO  c.c.core.UnfiredFragmentCandidates - event 342 - After 0
18:34:01.735 [pool-1-thread-2] INFO  c.c.core.UnfiredFragmentCandidates - input for 342, 0
18:34:01.806 [pool-1-thread-2] INFO  com.crawljax.core.Crawler - Found an invisible link with href=/camera-photo
18:34:04.884 [pool-1-thread-2] INFO  c.crawljax.core.state.StateMachine - CLONE State detected: state400 and state119 are the same.
18:34:04.901 [pool-1-thread-2] INFO  c.c.core.UnfiredFragmentCandidates - There are 44 states with unfired actions: [83, 86, 88, 33, 112, 115, 35, 121, 36, 37, 128, 130, 132, 134, 42, 139, 141, 146, 148, 154, 159, 44, 46, 211, 216, 51, 53, 268, 56, 9, 288, 61, 296, 0, 63, 314, 66, 68, 70, 376, 73, 31, 397, 81]
18:34:04.901 [pool-1-thread-2] INFO  com.crawljax.core.Crawler - Resetting the crawler and Going to state state83
18:34:04.918 [pool-1-thread-2] INFO  com.crawljax.core.CrawlSession - Adding CrawlPath to session !!
18:34:04.918 [pool-1-thread-2] INFO  com.crawljax.core.Crawler - BT-state81:-1state9_9_state31state31_10_state32state32_11_state33state33_52_state81state81_339_state397state397_340_state9state9_341_state148state148_342_state119
18:34:07.849 [pool-1-thread-2] INFO  com.crawljax.core.Crawler - index has changed to: state9
18:34:07.849 [pool-1-thread-2] INFO  com.crawljax.core.Crawler - Did not add reload edge from state119 to state9
18:34:07.849 [pool-1-thread-2] INFO  com.crawljax.core.Crawler - Initial state not the same as current state : Getting shortest path from current state
18:34:07.849 [pool-1-thread-2] INFO  c.c.core.UnfiredFragmentCandidates - input map size 342
18:34:07.850 [pool-1-thread-2] INFO  c.c.core.UnfiredFragmentCandidates - input map size 342
18:34:07.850 [pool-1-thread-2] INFO  com.crawljax.core.Crawler - Used a form input combination for backtracking 54
18:34:07.962 [pool-1-thread-2] INFO  com.crawljax.core.Crawler - Found an invisible link with href=/notebooks
18:34:10.806 [pool-1-thread-2] INFO  com.crawljax.core.Crawler - Crawl depth is now 1
18:34:10.806 [pool-1-thread-2] INFO  com.crawljax.core.Crawler - backtrack status: true, reached NearDuplicate : -1 
18:34:10.806 [pool-1-thread-2] INFO  com.crawljax.core.Crawler -  Event xpath /HTML[1]/BODY[1]/DIV[4]/DIV[1]/DIV[2]/UL[2]/LI[2]/UL[1]/LI[1]/A[1]
18:34:10.824 [pool-1-thread-2] INFO  com.crawljax.core.Crawler - Changing related inputs for 343 with 0  to 0 
18:34:10.945 [pool-1-thread-2] INFO  c.c.core.UnfiredFragmentCandidates - Changing related inputs to worked inputs 0 for 343
18:34:10.945 [pool-1-thread-2] INFO  c.c.core.UnfiredFragmentCandidates - event 343 - Before 0
18:34:10.945 [pool-1-thread-2] INFO  c.c.core.UnfiredFragmentCandidates - event 343 - After 0
18:34:10.945 [pool-1-thread-2] INFO  c.c.core.UnfiredFragmentCandidates - input for 343, 0
18:34:11.010 [pool-1-thread-2] INFO  com.crawljax.core.Crawler - Found an invisible link with href=/desktops
18:34:13.964 [pool-1-thread-2] INFO  c.crawljax.core.state.StateMachine - CLONE State detected: state402 and state70 are the same.
18:34:13.981 [pool-1-thread-2] INFO  com.crawljax.core.Crawler -  Event xpath /HTML[1]/BODY[1]/DIV[4]/DIV[1]/DIV[2]/UL[2]/LI[2]/UL[1]/LI[3]/A[1]
18:34:14.014 [pool-1-thread-2] INFO  com.crawljax.core.Crawler - Changing related inputs for 344 with 0  to 0 
18:34:14.140 [pool-1-thread-2] INFO  c.c.core.UnfiredFragmentCandidates - Changing related inputs to worked inputs 0 for 344
18:34:14.140 [pool-1-thread-2] INFO  c.c.core.UnfiredFragmentCandidates - event 344 - Before 0
18:34:14.140 [pool-1-thread-2] INFO  c.c.core.UnfiredFragmentCandidates - event 344 - After 0
18:34:14.140 [pool-1-thread-2] INFO  c.c.core.UnfiredFragmentCandidates - input for 344, 0
18:34:14.192 [pool-1-thread-2] INFO  com.crawljax.core.Crawler - Found an invisible link with href=/accessories
18:34:17.163 [pool-1-thread-2] INFO  c.crawljax.core.state.StateMachine - CLONE State detected: state403 and state88 are the same.
18:34:17.176 [pool-1-thread-2] INFO  com.crawljax.core.Crawler -  Event xpath /HTML[1]/BODY[1]/DIV[4]/DIV[1]/DIV[2]/UL[2]/LI[2]/A[1]
18:34:17.200 [pool-1-thread-2] INFO  com.crawljax.core.Crawler - Changing related inputs for 345 with 0  to 0 
18:34:17.298 [pool-1-thread-2] INFO  c.c.core.UnfiredFragmentCandidates - Changing related inputs to worked inputs 0 for 345
18:34:17.298 [pool-1-thread-2] INFO  c.c.core.UnfiredFragmentCandidates - event 345 - Before 0
18:34:17.298 [pool-1-thread-2] INFO  c.c.core.UnfiredFragmentCandidates - event 345 - After 0
18:34:17.298 [pool-1-thread-2] INFO  c.c.core.UnfiredFragmentCandidates - input for 345, 0
18:34:17.365 [pool-1-thread-2] INFO  com.crawljax.core.Crawler - Found an invisible link with href=/computers
18:34:20.311 [pool-1-thread-2] INFO  c.crawljax.core.state.StateMachine - CLONE State detected: state404 and state68 are the same.
18:34:20.323 [pool-1-thread-2] INFO  com.crawljax.core.Crawler -  Event xpath /HTML[1]/BODY[1]/DIV[4]/DIV[1]/DIV[2]/UL[2]/LI[3]/A[1]
18:34:20.349 [pool-1-thread-2] INFO  com.crawljax.core.Crawler - Changing related inputs for 346 with 0  to 0 
18:34:20.491 [pool-1-thread-2] INFO  c.c.core.UnfiredFragmentCandidates - Changing related inputs to worked inputs 0 for 346
18:34:20.491 [pool-1-thread-2] INFO  c.c.core.UnfiredFragmentCandidates - event 346 - Before 0
18:34:20.491 [pool-1-thread-2] INFO  c.c.core.UnfiredFragmentCandidates - event 346 - After 0
18:34:20.491 [pool-1-thread-2] INFO  c.c.core.UnfiredFragmentCandidates - input for 346, 0
18:34:20.565 [pool-1-thread-2] INFO  com.crawljax.core.Crawler - Found an invisible link with href=/electronics
18:34:23.549 [pool-1-thread-2] INFO  c.crawljax.core.state.StateMachine - CLONE State detected: state405 and state112 are the same.
18:34:23.566 [pool-1-thread-2] INFO  com.crawljax.core.Crawler -  Event xpath /HTML[1]/BODY[1]/DIV[4]/DIV[1]/DIV[2]/UL[2]/LI[1]/A[1]
18:34:23.590 [pool-1-thread-2] INFO  com.crawljax.core.Crawler - Changing related inputs for 347 with 0  to 0 
18:34:23.734 [pool-1-thread-2] INFO  c.c.core.UnfiredFragmentCandidates - Changing related inputs to worked inputs 0 for 347
18:34:23.734 [pool-1-thread-2] INFO  c.c.core.UnfiredFragmentCandidates - event 347 - Before 0
18:34:23.734 [pool-1-thread-2] INFO  c.c.core.UnfiredFragmentCandidates - event 347 - After 0
18:34:23.734 [pool-1-thread-2] INFO  c.c.core.UnfiredFragmentCandidates - input for 347, 0
18:34:23.802 [pool-1-thread-2] INFO  com.crawljax.core.Crawler - Found an invisible link with href=/books
18:34:26.860 [pool-1-thread-2] INFO  c.crawljax.core.state.StateMachine - CLONE State detected: state406 and state63 are the same.
18:34:26.875 [pool-1-thread-2] INFO  com.crawljax.core.Crawler -  Event xpath /HTML[1]/BODY[1]/DIV[4]/DIV[1]/DIV[2]/UL[2]/LI[3]/UL[1]/LI[1]/A[1]
18:34:26.906 [pool-1-thread-2] INFO  com.crawljax.core.Crawler - Changing related inputs for 348 with 0  to 0 
18:34:27.041 [pool-1-thread-2] INFO  c.c.core.UnfiredFragmentCandidates - Changing related inputs to worked inputs 0 for 348
18:34:27.041 [pool-1-thread-2] INFO  c.c.core.UnfiredFragmentCandidates - event 348 - Before 0
18:34:27.041 [pool-1-thread-2] INFO  c.c.core.UnfiredFragmentCandidates - event 348 - After 0
18:34:27.041 [pool-1-thread-2] INFO  c.c.core.UnfiredFragmentCandidates - input for 348, 0
18:34:27.121 [pool-1-thread-2] INFO  com.crawljax.core.Crawler - Found an invisible link with href=/camera-photo
18:34:30.105 [pool-1-thread-2] INFO  c.crawljax.core.state.StateMachine - CLONE State detected: state407 and state119 are the same.
18:34:30.121 [pool-1-thread-2] INFO  c.c.core.UnfiredFragmentCandidates - There are 44 states with unfired actions: [86, 88, 33, 112, 115, 35, 121, 36, 37, 128, 130, 132, 134, 42, 139, 141, 146, 148, 154, 159, 44, 46, 211, 216, 51, 53, 268, 56, 9, 288, 61, 296, 0, 63, 314, 66, 68, 70, 376, 73, 31, 397, 81, 83]
18:34:30.122 [pool-1-thread-2] INFO  com.crawljax.core.Crawler - Resetting the crawler and Going to state state86
18:34:30.135 [pool-1-thread-2] INFO  com.crawljax.core.CrawlSession - Adding CrawlPath to session !!
18:34:30.136 [pool-1-thread-2] INFO  com.crawljax.core.Crawler - BT-state83:-1state9_54_state83state83_343_state70state70_344_state88state88_345_state68state68_346_state112state112_347_state63state63_348_state119
18:34:34.703 [pool-1-thread-2] INFO  com.crawljax.core.Crawler - Did not add reload edge from state119 to index
18:34:34.704 [pool-1-thread-2] INFO  c.c.core.UnfiredFragmentCandidates - input map size 348
18:34:34.705 [pool-1-thread-2] INFO  c.c.core.UnfiredFragmentCandidates - input map size 348
18:34:34.705 [pool-1-thread-2] INFO  com.crawljax.core.Crawler - Used a form input combination for backtracking 56
18:34:34.859 [pool-1-thread-2] INFO  com.crawljax.core.Crawler - Found an invisible link with href=/notebooks
18:34:37.850 [pool-1-thread-2] INFO  com.crawljax.core.Crawler - Crawl depth is now 1
18:34:37.850 [pool-1-thread-2] INFO  c.c.core.UnfiredFragmentCandidates - input map size 348
18:34:37.850 [pool-1-thread-2] INFO  c.c.core.UnfiredFragmentCandidates - input map size 348
18:34:37.850 [pool-1-thread-2] INFO  com.crawljax.core.Crawler - Used a form input combination for backtracking 57
18:34:41.655 [pool-1-thread-2] INFO  com.crawljax.core.Crawler - Crawl depth is now 2
18:34:41.656 [pool-1-thread-2] INFO  com.crawljax.core.Crawler - backtrack status: true, reached NearDuplicate : -1 
18:34:41.656 [pool-1-thread-2] INFO  com.crawljax.core.Crawler -  Event xpath /HTML[1]/BODY[1]/DIV[4]/DIV[1]/DIV[1]/DIV[2]/DIV[1]/UL[1]/LI[1]/A[1]
18:34:41.683 [pool-1-thread-2] INFO  com.crawljax.core.Crawler - Changing related inputs for 349 with 0  to 0 
18:34:41.823 [pool-1-thread-2] INFO  c.c.core.UnfiredFragmentCandidates - Changing related inputs to worked inputs 0 for 349
18:34:41.824 [pool-1-thread-2] INFO  c.c.core.UnfiredFragmentCandidates - event 349 - Before 0
18:34:41.824 [pool-1-thread-2] INFO  c.c.core.UnfiredFragmentCandidates - event 349 - After 0
18:34:41.824 [pool-1-thread-2] INFO  c.c.core.UnfiredFragmentCandidates - input for 349, 0
18:34:45.630 [pool-1-thread-2] INFO  c.c.c.state.InMemoryStateFlowGraph - Number of states in the graph is now 62
18:34:45.631 [pool-1-thread-2] INFO  c.crawljax.core.state.StateMachine - State state409 added to the StateMachine.
18:34:45.810 [pool-1-thread-2] INFO  com.crawljax.core.Crawler - New DOM is a new state! crawl depth is now 3
18:34:45.811 [pool-1-thread-2] INFO  com.crawljax.core.Crawler - Parsing DOM of state state409 for candidate elements
18:34:45.820 [pool-1-thread-2] INFO  c.c.core.UnfiredFragmentCandidates - There are 44 states with unfired actions: [88, 33, 112, 115, 35, 121, 36, 37, 128, 130, 132, 134, 42, 139, 141, 146, 148, 154, 159, 44, 46, 211, 216, 51, 53, 268, 56, 9, 288, 61, 296, 0, 63, 314, 66, 68, 70, 376, 73, 31, 397, 81, 83, 409]
18:34:45.834 [pool-1-thread-2] INFO  com.crawljax.core.Crawler -  Event xpath /HTML[1]/BODY[1]/DIV[4]/DIV[1]/DIV[1]/DIV[1]/A[1]
18:34:45.857 [pool-1-thread-2] INFO  com.crawljax.core.Crawler - Changing related inputs for 350 with 0  to 0 
18:34:45.996 [pool-1-thread-2] INFO  c.c.core.UnfiredFragmentCandidates - Changing related inputs to worked inputs 0 for 350
18:34:45.996 [pool-1-thread-2] INFO  c.c.core.UnfiredFragmentCandidates - event 350 - Before 0
18:34:45.996 [pool-1-thread-2] INFO  c.c.core.UnfiredFragmentCandidates - event 350 - After 0
18:34:45.996 [pool-1-thread-2] INFO  c.c.core.UnfiredFragmentCandidates - input for 350, 0
18:34:49.902 [pool-1-thread-2] INFO  c.crawljax.core.state.StateMachine - CLONE State detected: state410 and state9 are the same.
18:34:49.917 [pool-1-thread-2] INFO  com.crawljax.core.Crawler -  Event xpath /HTML[1]/BODY[1]/DIV[4]/DIV[1]/DIV[4]/DIV[1]/DIV[1]/DIV[2]/UL[1]/LI[1]/A[1]
18:34:49.949 [pool-1-thread-2] INFO  com.crawljax.core.Crawler - Changing related inputs for 351 with 0  to 0 
18:34:50.092 [pool-1-thread-2] INFO  c.c.core.UnfiredFragmentCandidates - Changing related inputs to worked inputs 0 for 351
18:34:50.092 [pool-1-thread-2] INFO  c.c.core.UnfiredFragmentCandidates - event 351 - Before 0
18:34:50.092 [pool-1-thread-2] INFO  c.c.core.UnfiredFragmentCandidates - event 351 - After 0
18:34:50.092 [pool-1-thread-2] INFO  c.c.core.UnfiredFragmentCandidates - input for 351, 0
18:34:53.913 [pool-1-thread-2] INFO  c.crawljax.core.state.StateMachine - CLONE State detected: state411 and state63 are the same.
18:34:53.928 [pool-1-thread-2] INFO  com.crawljax.core.Crawler -  Event xpath /HTML[1]/BODY[1]/DIV[4]/DIV[1]/DIV[2]/UL[2]/LI[3]/UL[1]/LI[2]/A[1]
18:34:53.957 [pool-1-thread-2] INFO  com.crawljax.core.Crawler - Changing related inputs for 352 with 0  to 0 
18:34:54.103 [pool-1-thread-2] INFO  c.c.core.UnfiredFragmentCandidates - Changing related inputs to worked inputs 0 for 352
18:34:54.103 [pool-1-thread-2] INFO  c.c.core.UnfiredFragmentCandidates - event 352 - Before 0
18:34:54.103 [pool-1-thread-2] INFO  c.c.core.UnfiredFragmentCandidates - event 352 - After 0
18:34:54.103 [pool-1-thread-2] INFO  c.c.core.UnfiredFragmentCandidates - input for 352, 0
18:34:54.166 [pool-1-thread-2] INFO  com.crawljax.core.Crawler - Found an invisible link with href=/cell-phones
18:34:57.170 [pool-1-thread-2] INFO  c.crawljax.core.state.StateMachine - CLONE State detected: state412 and state130 are the same.
18:34:57.183 [pool-1-thread-2] INFO  com.crawljax.core.Crawler -  Event xpath /HTML[1]/BODY[1]/DIV[4]/DIV[1]/DIV[2]/UL[1]/LI[3]/UL[1]/LI[2]/A[1]
18:34:57.211 [pool-1-thread-2] INFO  com.crawljax.core.Crawler - Changing related inputs for 353 with 0  to 0 
18:34:57.343 [pool-1-thread-2] INFO  c.c.core.UnfiredFragmentCandidates - Changing related inputs to worked inputs 0 for 353
18:34:57.343 [pool-1-thread-2] INFO  c.c.core.UnfiredFragmentCandidates - event 353 - Before 0
18:34:57.343 [pool-1-thread-2] INFO  c.c.core.UnfiredFragmentCandidates - event 353 - After 0
18:34:57.343 [pool-1-thread-2] INFO  c.c.core.UnfiredFragmentCandidates - input for 353, 0
18:34:57.413 [pool-1-thread-2] INFO  com.crawljax.core.Crawler - Found an invisible link with href=/cell-phones
18:35:00.375 [pool-1-thread-2] INFO  com.crawljax.core.Crawler -  Event xpath /HTML[1]/BODY[1]/DIV[4]/DIV[1]/DIV[2]/UL[1]/LI[4]/A[1]
18:35:00.401 [pool-1-thread-2] INFO  com.crawljax.core.Crawler - Changing related inputs for 354 with 0  to 0 
18:35:00.537 [pool-1-thread-2] INFO  c.c.core.UnfiredFragmentCandidates - Changing related inputs to worked inputs 0 for 354
18:35:00.537 [pool-1-thread-2] INFO  c.c.core.UnfiredFragmentCandidates - event 354 - Before 0
18:35:00.537 [pool-1-thread-2] INFO  c.c.core.UnfiredFragmentCandidates - event 354 - After 0
18:35:00.537 [pool-1-thread-2] INFO  c.c.core.UnfiredFragmentCandidates - input for 354, 0
18:35:04.435 [pool-1-thread-2] INFO  c.crawljax.core.state.StateMachine - CLONE State detected: state414 and state132 are the same.
18:35:04.451 [pool-1-thread-2] INFO  com.crawljax.core.Crawler -  Event xpath /HTML[1]/BODY[1]/DIV[4]/DIV[1]/DIV[2]/UL[1]/LI[3]/UL[1]/LI[2]/A[1]
18:35:04.486 [pool-1-thread-2] INFO  com.crawljax.core.Crawler - Changing related inputs for 355 with 0  to 0 
18:35:04.614 [pool-1-thread-2] INFO  c.c.core.UnfiredFragmentCandidates - Changing related inputs to worked inputs 0 for 355
18:35:04.614 [pool-1-thread-2] INFO  c.c.core.UnfiredFragmentCandidates - event 355 - Before 0
18:35:04.614 [pool-1-thread-2] INFO  c.c.core.UnfiredFragmentCandidates - event 355 - After 0
18:35:04.614 [pool-1-thread-2] INFO  c.c.core.UnfiredFragmentCandidates - input for 355, 0
18:35:04.689 [pool-1-thread-2] INFO  com.crawljax.core.Crawler - Found an invisible link with href=/cell-phones
18:35:09.261 [pool-1-thread-2] INFO  c.crawljax.core.state.StateMachine - CLONE State detected: state415 and state130 are the same.
18:35:09.287 [pool-1-thread-2] INFO  com.crawljax.core.Crawler -  Event xpath /HTML[1]/BODY[1]/DIV[4]/DIV[1]/DIV[2]/UL[1]/LI[5]/A[1]
18:35:09.326 [pool-1-thread-2] INFO  com.crawljax.core.Crawler - Changing related inputs for 356 with 0  to 0 
18:35:09.442 [pool-1-thread-2] INFO  c.c.core.UnfiredFragmentCandidates - Changing related inputs to worked inputs 0 for 356
18:35:09.442 [pool-1-thread-2] INFO  c.c.core.UnfiredFragmentCandidates - event 356 - Before 0
18:35:09.442 [pool-1-thread-2] INFO  c.c.core.UnfiredFragmentCandidates - event 356 - After 0
18:35:09.442 [pool-1-thread-2] INFO  c.c.core.UnfiredFragmentCandidates - input for 356, 0
18:35:13.199 [pool-1-thread-2] INFO  c.crawljax.core.state.StateMachine - CLONE State detected: state416 and state134 are the same.
18:35:13.214 [pool-1-thread-2] INFO  com.crawljax.core.Crawler -  Event xpath /HTML[1]/BODY[1]/DIV[4]/DIV[1]/DIV[2]/UL[1]/LI[3]/UL[1]/LI[2]/A[1]
18:35:13.239 [pool-1-thread-2] INFO  com.crawljax.core.Crawler - Changing related inputs for 357 with 0  to 0 
18:35:13.346 [pool-1-thread-2] INFO  c.c.core.UnfiredFragmentCandidates - Changing related inputs to worked inputs 0 for 357
18:35:13.347 [pool-1-thread-2] INFO  c.c.core.UnfiredFragmentCandidates - event 357 - Before 0
18:35:13.347 [pool-1-thread-2] INFO  c.c.core.UnfiredFragmentCandidates - event 357 - After 0
18:35:13.347 [pool-1-thread-2] INFO  c.c.core.UnfiredFragmentCandidates - input for 357, 0
18:35:13.399 [pool-1-thread-2] INFO  com.crawljax.core.Crawler - Found an invisible link with href=/cell-phones
18:35:16.340 [pool-1-thread-2] INFO  c.crawljax.core.state.StateMachine - CLONE State detected: state417 and state130 are the same.
18:35:16.351 [pool-1-thread-2] INFO  com.crawljax.core.Crawler -  Event xpath /HTML[1]/BODY[1]/DIV[4]/DIV[1]/DIV[2]/UL[1]/LI[6]/A[1]
18:35:16.376 [pool-1-thread-2] INFO  com.crawljax.core.Crawler - Changing related inputs for 358 with 0  to 0 
18:35:16.498 [pool-1-thread-2] INFO  c.c.core.UnfiredFragmentCandidates - Changing related inputs to worked inputs 0 for 358
18:35:16.498 [pool-1-thread-2] INFO  c.c.core.UnfiredFragmentCandidates - event 358 - Before 0
18:35:16.498 [pool-1-thread-2] INFO  c.c.core.UnfiredFragmentCandidates - event 358 - After 0
18:35:16.498 [pool-1-thread-2] INFO  c.c.core.UnfiredFragmentCandidates - input for 358, 0
18:35:20.318 [pool-1-thread-2] INFO  c.crawljax.core.state.StateMachine - CLONE State detected: state418 and state141 are the same.
18:35:20.330 [pool-1-thread-2] INFO  com.crawljax.core.Crawler -  Event xpath /HTML[1]/BODY[1]/DIV[4]/DIV[1]/DIV[2]/UL[1]/LI[3]/UL[1]/LI[2]/A[1]
18:35:20.353 [pool-1-thread-2] INFO  com.crawljax.core.Crawler - Changing related inputs for 359 with 0  to 0 
18:35:20.448 [pool-1-thread-2] INFO  c.c.core.UnfiredFragmentCandidates - Changing related inputs to worked inputs 0 for 359
18:35:20.448 [pool-1-thread-2] INFO  c.c.core.UnfiredFragmentCandidates - event 359 - Before 0
18:35:20.448 [pool-1-thread-2] INFO  c.c.core.UnfiredFragmentCandidates - event 359 - After 0
18:35:20.448 [pool-1-thread-2] INFO  c.c.core.UnfiredFragmentCandidates - input for 359, 0
18:35:20.516 [pool-1-thread-2] INFO  com.crawljax.core.Crawler - Found an invisible link with href=/cell-phones
18:35:23.446 [pool-1-thread-2] INFO  c.crawljax.core.state.StateMachine - CLONE State detected: state419 and state130 are the same.
18:35:23.462 [pool-1-thread-2] INFO  com.crawljax.core.Crawler -  Event xpath /HTML[1]/BODY[1]/DIV[4]/DIV[1]/DIV[2]/UL[1]/LI[7]/A[1]
18:35:23.488 [pool-1-thread-2] INFO  com.crawljax.core.Crawler - Changing related inputs for 360 with 0  to 0 
18:35:23.625 [pool-1-thread-2] INFO  c.c.core.UnfiredFragmentCandidates - Changing related inputs to worked inputs 0 for 360
18:35:23.625 [pool-1-thread-2] INFO  c.c.core.UnfiredFragmentCandidates - event 360 - Before 0
18:35:23.625 [pool-1-thread-2] INFO  c.c.core.UnfiredFragmentCandidates - event 360 - After 0
18:35:23.625 [pool-1-thread-2] INFO  c.c.core.UnfiredFragmentCandidates - input for 360, 0
18:35:27.505 [pool-1-thread-2] INFO  c.crawljax.core.state.StateMachine - CLONE State detected: state420 and state148 are the same.
18:35:27.528 [pool-1-thread-2] INFO  com.crawljax.core.Crawler -  Event xpath /HTML[1]/BODY[1]/DIV[4]/DIV[1]/DIV[2]/UL[1]/LI[3]/UL[1]/LI[2]/A[1]
18:35:27.557 [pool-1-thread-2] INFO  com.crawljax.core.Crawler - Changing related inputs for 361 with 0  to 0 
18:35:27.678 [pool-1-thread-2] INFO  c.c.core.UnfiredFragmentCandidates - Changing related inputs to worked inputs 0 for 361
18:35:27.678 [pool-1-thread-2] INFO  c.c.core.UnfiredFragmentCandidates - event 361 - Before 0
18:35:27.678 [pool-1-thread-2] INFO  c.c.core.UnfiredFragmentCandidates - event 361 - After 0
18:35:27.678 [pool-1-thread-2] INFO  c.c.core.UnfiredFragmentCandidates - input for 361, 0
18:35:27.741 [pool-1-thread-2] INFO  com.crawljax.core.Crawler - Found an invisible link with href=/cell-phones
18:35:30.754 [pool-1-thread-2] INFO  c.crawljax.core.state.StateMachine - CLONE State detected: state421 and state130 are the same.
18:35:30.772 [pool-1-thread-2] INFO  com.crawljax.core.Crawler -  Event xpath /HTML[1]/BODY[1]/DIV[4]/DIV[1]/DIV[2]/DIV[1]/A[1]
18:35:30.800 [pool-1-thread-2] INFO  com.crawljax.core.Crawler - Changing related inputs for 362 with 0  to 0 
18:35:30.934 [pool-1-thread-2] INFO  c.c.core.UnfiredFragmentCandidates - Changing related inputs to worked inputs 0 for 362
18:35:30.934 [pool-1-thread-2] INFO  c.c.core.UnfiredFragmentCandidates - event 362 - Before 0
18:35:30.934 [pool-1-thread-2] INFO  c.c.core.UnfiredFragmentCandidates - event 362 - After 0
18:35:30.934 [pool-1-thread-2] INFO  c.c.core.UnfiredFragmentCandidates - input for 362, 0
18:35:31.006 [pool-1-thread-2] INFO  com.crawljax.core.Crawler - Found an invisible link with href=
18:35:34.035 [pool-1-thread-2] INFO  c.crawljax.core.state.StateMachine - CLONE State detected: state422 and state9 are the same.
18:35:34.064 [pool-1-thread-2] INFO  com.crawljax.core.Crawler -  Event xpath /HTML[1]/BODY[1]/DIV[4]/DIV[1]/DIV[4]/DIV[1]/DIV[1]/DIV[2]/UL[1]/LI[2]/A[1]
18:35:34.095 [pool-1-thread-2] INFO  com.crawljax.core.Crawler - Changing related inputs for 363 with 0  to 0 
18:35:34.250 [pool-1-thread-2] INFO  c.c.core.UnfiredFragmentCandidates - Changing related inputs to worked inputs 0 for 363
18:35:34.250 [pool-1-thread-2] INFO  c.c.core.UnfiredFragmentCandidates - event 363 - Before 0
18:35:34.250 [pool-1-thread-2] INFO  c.c.core.UnfiredFragmentCandidates - event 363 - After 0
18:35:34.250 [pool-1-thread-2] INFO  c.c.core.UnfiredFragmentCandidates - input for 363, 0
18:35:38.116 [pool-1-thread-2] INFO  c.crawljax.core.state.StateMachine - CLONE State detected: state423 and state68 are the same.
18:35:38.131 [pool-1-thread-2] INFO  com.crawljax.core.Crawler -  Event xpath /HTML[1]/BODY[1]/DIV[4]/DIV[1]/DIV[2]/UL[2]/LI[3]/UL[1]/LI[1]/A[1]
18:35:38.161 [pool-1-thread-2] INFO  com.crawljax.core.Crawler - Changing related inputs for 364 with 0  to 0 
18:35:38.295 [pool-1-thread-2] INFO  c.c.core.UnfiredFragmentCandidates - Changing related inputs to worked inputs 0 for 364
18:35:38.295 [pool-1-thread-2] INFO  c.c.core.UnfiredFragmentCandidates - event 364 - Before 0
18:35:38.295 [pool-1-thread-2] INFO  c.c.core.UnfiredFragmentCandidates - event 364 - After 0
18:35:38.295 [pool-1-thread-2] INFO  c.c.core.UnfiredFragmentCandidates - input for 364, 0
18:35:38.359 [pool-1-thread-2] INFO  com.crawljax.core.Crawler - Found an invisible link with href=/camera-photo
18:35:43.033 [pool-1-thread-2] INFO  c.crawljax.core.state.StateMachine - CLONE State detected: state424 and state119 are the same.
18:35:43.061 [pool-1-thread-2] INFO  c.c.core.UnfiredFragmentCandidates - There are 45 states with unfired actions: [88, 33, 112, 115, 35, 121, 36, 37, 128, 130, 132, 134, 42, 139, 141, 146, 148, 154, 159, 44, 46, 211, 216, 51, 53, 268, 56, 9, 288, 61, 296, 0, 63, 314, 66, 68, 70, 376, 73, 31, 397, 81, 83, 409, 86]
18:35:43.062 [pool-1-thread-2] INFO  com.crawljax.core.Crawler - Resetting the crawler and Going to state state88
18:35:43.081 [pool-1-thread-2] INFO  com.crawljax.core.CrawlSession - Adding CrawlPath to session !!
18:35:43.081 [pool-1-thread-2] INFO  com.crawljax.core.Crawler - BT-state86:-1index_56_state83state83_57_state86state86_349_state409state409_350_state9state9_351_state63state63_352_state130state130_354_state132state132_355_state130state130_356_state134state134_357_state130state130_358_state141state141_359_state130state130_360_state148state148_361_state130state130_362_state9state9_363_state68state68_364_state119
18:35:46.104 [pool-1-thread-2] INFO  com.crawljax.core.Crawler - Did not add reload edge from state119 to index
18:35:46.105 [pool-1-thread-2] INFO  c.c.core.UnfiredFragmentCandidates - input map size 364
18:35:46.106 [pool-1-thread-2] INFO  c.c.core.UnfiredFragmentCandidates - input map size 364
18:35:46.106 [pool-1-thread-2] INFO  com.crawljax.core.Crawler - Used a form input combination for backtracking 61
18:35:46.256 [pool-1-thread-2] INFO  com.crawljax.core.Crawler - Found an invisible link with href=/accessories
18:35:49.239 [pool-1-thread-2] INFO  com.crawljax.core.Crawler - Crawl depth is now 1
18:35:49.240 [pool-1-thread-2] INFO  com.crawljax.core.Crawler - backtrack status: true, reached NearDuplicate : -1 
18:35:49.240 [pool-1-thread-2] INFO  com.crawljax.core.Crawler -  Event xpath /HTML[1]/BODY[1]/DIV[4]/DIV[1]/DIV[2]/UL[2]/LI[2]/UL[1]/LI[1]/A[1]
18:35:49.270 [pool-1-thread-2] INFO  com.crawljax.core.Crawler - Changing related inputs for 365 with 0  to 0 
18:35:49.410 [pool-1-thread-2] INFO  c.c.core.UnfiredFragmentCandidates - Changing related inputs to worked inputs 0 for 365
18:35:49.410 [pool-1-thread-2] INFO  c.c.core.UnfiredFragmentCandidates - event 365 - Before 0
18:35:49.410 [pool-1-thread-2] INFO  c.c.core.UnfiredFragmentCandidates - event 365 - After 0
18:35:49.410 [pool-1-thread-2] INFO  c.c.core.UnfiredFragmentCandidates - input for 365, 0
18:35:49.477 [pool-1-thread-2] INFO  com.crawljax.core.Crawler - Found an invisible link with href=/desktops
18:35:52.527 [pool-1-thread-2] INFO  c.crawljax.core.state.StateMachine - CLONE State detected: state426 and state70 are the same.
18:35:52.542 [pool-1-thread-2] INFO  com.crawljax.core.Crawler -  Event xpath /HTML[1]/BODY[1]/DIV[4]/DIV[1]/DIV[2]/UL[2]/LI[3]/A[1]
18:35:52.566 [pool-1-thread-2] INFO  com.crawljax.core.Crawler - Changing related inputs for 366 with 0  to 0 
18:35:52.704 [pool-1-thread-2] INFO  c.c.core.UnfiredFragmentCandidates - Changing related inputs to worked inputs 0 for 366
18:35:52.704 [pool-1-thread-2] INFO  c.c.core.UnfiredFragmentCandidates - event 366 - Before 0
18:35:52.704 [pool-1-thread-2] INFO  c.c.core.UnfiredFragmentCandidates - event 366 - After 0
18:35:52.704 [pool-1-thread-2] INFO  c.c.core.UnfiredFragmentCandidates - input for 366, 0
18:35:52.772 [pool-1-thread-2] INFO  com.crawljax.core.Crawler - Found an invisible link with href=/electronics
18:35:55.745 [pool-1-thread-2] INFO  c.crawljax.core.state.StateMachine - CLONE State detected: state427 and state112 are the same.
18:35:55.767 [pool-1-thread-2] INFO  com.crawljax.core.Crawler -  Event xpath /HTML[1]/BODY[1]/DIV[4]/DIV[1]/DIV[2]/UL[2]/LI[2]/A[1]
18:35:55.797 [pool-1-thread-2] INFO  com.crawljax.core.Crawler - Changing related inputs for 367 with 0  to 0 
18:35:55.929 [pool-1-thread-2] INFO  c.c.core.UnfiredFragmentCandidates - Changing related inputs to worked inputs 0 for 367
18:35:55.929 [pool-1-thread-2] INFO  c.c.core.UnfiredFragmentCandidates - event 367 - Before 0
18:35:55.929 [pool-1-thread-2] INFO  c.c.core.UnfiredFragmentCandidates - event 367 - After 0
18:35:55.929 [pool-1-thread-2] INFO  c.c.core.UnfiredFragmentCandidates - input for 367, 0
18:35:55.996 [pool-1-thread-2] INFO  com.crawljax.core.Crawler - Found an invisible link with href=/computers
18:35:58.967 [pool-1-thread-2] INFO  c.crawljax.core.state.StateMachine - CLONE State detected: state428 and state68 are the same.
18:35:58.981 [pool-1-thread-2] INFO  com.crawljax.core.Crawler -  Event xpath /HTML[1]/BODY[1]/DIV[4]/DIV[1]/DIV[2]/UL[2]/LI[3]/UL[1]/LI[2]/A[1]
18:35:59.006 [pool-1-thread-2] INFO  com.crawljax.core.Crawler - Changing related inputs for 368 with 0  to 0 
18:35:59.140 [pool-1-thread-2] INFO  c.c.core.UnfiredFragmentCandidates - Changing related inputs to worked inputs 0 for 368
18:35:59.141 [pool-1-thread-2] INFO  c.c.core.UnfiredFragmentCandidates - event 368 - Before 0
18:35:59.141 [pool-1-thread-2] INFO  c.c.core.UnfiredFragmentCandidates - event 368 - After 0
18:35:59.141 [pool-1-thread-2] INFO  c.c.core.UnfiredFragmentCandidates - input for 368, 0
18:35:59.216 [pool-1-thread-2] INFO  com.crawljax.core.Crawler - Found an invisible link with href=/cell-phones
18:36:02.197 [pool-1-thread-2] INFO  c.crawljax.core.state.StateMachine - CLONE State detected: state429 and state130 are the same.
18:36:02.212 [pool-1-thread-2] INFO  com.crawljax.core.Crawler -  Event xpath /HTML[1]/BODY[1]/DIV[4]/DIV[1]/DIV[2]/UL[2]/LI[1]/A[1]
18:36:02.240 [pool-1-thread-2] INFO  com.crawljax.core.Crawler - Changing related inputs for 369 with 0  to 0 
18:36:02.378 [pool-1-thread-2] INFO  c.c.core.UnfiredFragmentCandidates - Changing related inputs to worked inputs 0 for 369
18:36:02.378 [pool-1-thread-2] INFO  c.c.core.UnfiredFragmentCandidates - event 369 - Before 0
18:36:02.378 [pool-1-thread-2] INFO  c.c.core.UnfiredFragmentCandidates - event 369 - After 0
18:36:02.378 [pool-1-thread-2] INFO  c.c.core.UnfiredFragmentCandidates - input for 369, 0
18:36:02.442 [pool-1-thread-2] INFO  com.crawljax.core.Crawler - Found an invisible link with href=/books
18:36:05.412 [pool-1-thread-2] INFO  c.crawljax.core.state.StateMachine - CLONE State detected: state430 and state63 are the same.
18:36:05.435 [pool-1-thread-2] INFO  com.crawljax.core.Crawler -  Event xpath /HTML[1]/BODY[1]/DIV[4]/DIV[1]/DIV[2]/UL[2]/LI[4]/A[1]
18:36:05.469 [pool-1-thread-2] INFO  com.crawljax.core.Crawler - Changing related inputs for 370 with 0  to 0 
18:36:05.603 [pool-1-thread-2] INFO  c.c.core.UnfiredFragmentCandidates - Changing related inputs to worked inputs 0 for 370
18:36:05.603 [pool-1-thread-2] INFO  c.c.core.UnfiredFragmentCandidates - event 370 - Before 0
18:36:05.603 [pool-1-thread-2] INFO  c.c.core.UnfiredFragmentCandidates - event 370 - After 0
18:36:05.603 [pool-1-thread-2] INFO  c.c.core.UnfiredFragmentCandidates - input for 370, 0
18:36:05.668 [pool-1-thread-2] INFO  com.crawljax.core.Crawler - Found an invisible link with href=/apparel-shoes
18:36:08.654 [pool-1-thread-2] INFO  c.crawljax.core.state.StateMachine - CLONE State detected: state431 and state132 are the same.
18:36:08.664 [pool-1-thread-2] INFO  com.crawljax.core.Crawler -  Event xpath /HTML[1]/BODY[1]/DIV[4]/DIV[1]/DIV[2]/UL[1]/LI[4]/A[1]
18:36:08.688 [pool-1-thread-2] INFO  com.crawljax.core.Crawler - Changing related inputs for 371 with 0  to 0 
18:36:08.796 [pool-1-thread-2] INFO  c.c.core.UnfiredFragmentCandidates - Changing related inputs to worked inputs 0 for 371
18:36:08.796 [pool-1-thread-2] INFO  c.c.core.UnfiredFragmentCandidates - event 371 - Before 0
18:36:08.796 [pool-1-thread-2] INFO  c.c.core.UnfiredFragmentCandidates - event 371 - After 0
18:36:08.796 [pool-1-thread-2] INFO  c.c.core.UnfiredFragmentCandidates - input for 371, 0
18:36:12.602 [pool-1-thread-2] INFO  com.crawljax.core.Crawler -  Event xpath /HTML[1]/BODY[1]/DIV[4]/DIV[1]/DIV[2]/UL[1]/LI[5]/A[1]
18:36:12.628 [pool-1-thread-2] INFO  com.crawljax.core.Crawler - Changing related inputs for 372 with 0  to 0 
18:36:12.734 [pool-1-thread-2] INFO  c.c.core.UnfiredFragmentCandidates - Changing related inputs to worked inputs 0 for 372
18:36:12.734 [pool-1-thread-2] INFO  c.c.core.UnfiredFragmentCandidates - event 372 - Before 0
18:36:12.734 [pool-1-thread-2] INFO  c.c.core.UnfiredFragmentCandidates - event 372 - After 0
18:36:12.734 [pool-1-thread-2] INFO  c.c.core.UnfiredFragmentCandidates - input for 372, 0
18:36:18.144 [pool-1-thread-2] INFO  c.crawljax.core.state.StateMachine - CLONE State detected: state433 and state134 are the same.
18:36:18.161 [pool-1-thread-2] INFO  com.crawljax.core.Crawler -  Event xpath /HTML[1]/BODY[1]/DIV[4]/DIV[1]/DIV[2]/UL[1]/LI[4]/A[1]
18:36:18.188 [pool-1-thread-2] INFO  com.crawljax.core.Crawler - Changing related inputs for 373 with 0  to 0 
18:36:18.328 [pool-1-thread-2] INFO  c.c.core.UnfiredFragmentCandidates - Changing related inputs to worked inputs 0 for 373
18:36:18.328 [pool-1-thread-2] INFO  c.c.core.UnfiredFragmentCandidates - event 373 - Before 0
18:36:18.328 [pool-1-thread-2] INFO  c.c.core.UnfiredFragmentCandidates - event 373 - After 0
18:36:18.328 [pool-1-thread-2] INFO  c.c.core.UnfiredFragmentCandidates - input for 373, 0
18:36:22.245 [pool-1-thread-2] INFO  c.crawljax.core.state.StateMachine - CLONE State detected: state434 and state132 are the same.
18:36:22.262 [pool-1-thread-2] INFO  com.crawljax.core.Crawler -  Event xpath /HTML[1]/BODY[1]/DIV[4]/DIV[1]/DIV[2]/UL[1]/LI[6]/A[1]
18:36:22.290 [pool-1-thread-2] INFO  com.crawljax.core.Crawler - Changing related inputs for 374 with 0  to 0 
18:36:22.419 [pool-1-thread-2] INFO  c.c.core.UnfiredFragmentCandidates - Changing related inputs to worked inputs 0 for 374
18:36:22.419 [pool-1-thread-2] INFO  c.c.core.UnfiredFragmentCandidates - event 374 - Before 0
18:36:22.419 [pool-1-thread-2] INFO  c.c.core.UnfiredFragmentCandidates - event 374 - After 0
18:36:22.419 [pool-1-thread-2] INFO  c.c.core.UnfiredFragmentCandidates - input for 374, 0
18:36:26.306 [pool-1-thread-2] INFO  c.crawljax.core.state.StateMachine - CLONE State detected: state435 and state141 are the same.
18:36:26.321 [pool-1-thread-2] INFO  com.crawljax.core.Crawler -  Event xpath /HTML[1]/BODY[1]/DIV[4]/DIV[1]/DIV[2]/UL[1]/LI[4]/A[1]
18:36:26.352 [pool-1-thread-2] INFO  com.crawljax.core.Crawler - Changing related inputs for 375 with 0  to 0 
18:36:26.479 [pool-1-thread-2] INFO  c.c.core.UnfiredFragmentCandidates - Changing related inputs to worked inputs 0 for 375
18:36:26.480 [pool-1-thread-2] INFO  c.c.core.UnfiredFragmentCandidates - event 375 - Before 0
18:36:26.480 [pool-1-thread-2] INFO  c.c.core.UnfiredFragmentCandidates - event 375 - After 0
18:36:26.480 [pool-1-thread-2] INFO  c.c.core.UnfiredFragmentCandidates - input for 375, 0
18:36:30.308 [pool-1-thread-2] INFO  c.crawljax.core.state.StateMachine - CLONE State detected: state436 and state132 are the same.
18:36:30.324 [pool-1-thread-2] INFO  com.crawljax.core.Crawler -  Event xpath /HTML[1]/BODY[1]/DIV[4]/DIV[1]/DIV[2]/UL[1]/LI[7]/A[1]
18:36:30.351 [pool-1-thread-2] INFO  com.crawljax.core.Crawler - Changing related inputs for 376 with 0  to 0 
18:36:30.471 [pool-1-thread-2] INFO  c.c.core.UnfiredFragmentCandidates - Changing related inputs to worked inputs 0 for 376
18:36:30.471 [pool-1-thread-2] INFO  c.c.core.UnfiredFragmentCandidates - event 376 - Before 0
18:36:30.471 [pool-1-thread-2] INFO  c.c.core.UnfiredFragmentCandidates - event 376 - After 0
18:36:30.471 [pool-1-thread-2] INFO  c.c.core.UnfiredFragmentCandidates - input for 376, 0
18:36:34.365 [pool-1-thread-2] INFO  c.crawljax.core.state.StateMachine - CLONE State detected: state437 and state148 are the same.
18:36:34.382 [pool-1-thread-2] INFO  com.crawljax.core.Crawler -  Event xpath /HTML[1]/BODY[1]/DIV[4]/DIV[1]/DIV[2]/UL[1]/LI[4]/A[1]
18:36:34.410 [pool-1-thread-2] INFO  com.crawljax.core.Crawler - Changing related inputs for 377 with 0  to 0 
18:36:34.538 [pool-1-thread-2] INFO  c.c.core.UnfiredFragmentCandidates - Changing related inputs to worked inputs 0 for 377
18:36:34.538 [pool-1-thread-2] INFO  c.c.core.UnfiredFragmentCandidates - event 377 - Before 0
18:36:34.538 [pool-1-thread-2] INFO  c.c.core.UnfiredFragmentCandidates - event 377 - After 0
18:36:34.538 [pool-1-thread-2] INFO  c.c.core.UnfiredFragmentCandidates - input for 377, 0
18:36:38.453 [pool-1-thread-2] INFO  c.crawljax.core.state.StateMachine - CLONE State detected: state438 and state132 are the same.
18:36:38.468 [pool-1-thread-2] INFO  com.crawljax.core.Crawler -  Event xpath /HTML[1]/BODY[1]/DIV[4]/DIV[1]/DIV[2]/DIV[1]/A[1]
18:36:38.505 [pool-1-thread-2] INFO  com.crawljax.core.Crawler - Changing related inputs for 378 with 0  to 0 
18:36:38.638 [pool-1-thread-2] INFO  c.c.core.UnfiredFragmentCandidates - Changing related inputs to worked inputs 0 for 378
18:36:38.638 [pool-1-thread-2] INFO  c.c.core.UnfiredFragmentCandidates - event 378 - Before 0
18:36:38.638 [pool-1-thread-2] INFO  c.c.core.UnfiredFragmentCandidates - event 378 - After 0
18:36:38.638 [pool-1-thread-2] INFO  c.c.core.UnfiredFragmentCandidates - input for 378, 0
18:36:38.699 [pool-1-thread-2] INFO  com.crawljax.core.Crawler - Found an invisible link with href=
18:36:41.772 [pool-1-thread-2] INFO  c.crawljax.core.state.StateMachine - CLONE State detected: state439 and index are the same.
18:36:41.788 [pool-1-thread-2] INFO  com.crawljax.core.Crawler -  Event xpath /HTML[1]/BODY[1]/DIV[4]/DIV[1]/DIV[2]/UL[2]/LI[2]/UL[1]/LI[2]/A[1]
18:36:41.816 [pool-1-thread-2] INFO  com.crawljax.core.Crawler - Changing related inputs for 379 with 0  to 0 
18:36:41.965 [pool-1-thread-2] INFO  c.c.core.UnfiredFragmentCandidates - Changing related inputs to worked inputs 0 for 379
18:36:41.965 [pool-1-thread-2] INFO  c.c.core.UnfiredFragmentCandidates - event 379 - Before 0
18:36:41.965 [pool-1-thread-2] INFO  c.c.core.UnfiredFragmentCandidates - event 379 - After 0
18:36:41.965 [pool-1-thread-2] INFO  c.c.core.UnfiredFragmentCandidates - input for 379, 0
18:36:42.036 [pool-1-thread-2] INFO  com.crawljax.core.Crawler - Found an invisible link with href=/notebooks
18:36:45.163 [pool-1-thread-2] INFO  c.crawljax.core.state.StateMachine - CLONE State detected: state440 and state83 are the same.
18:36:45.181 [pool-1-thread-2] INFO  com.crawljax.core.Crawler -  Event xpath /HTML[1]/BODY[1]/DIV[4]/DIV[1]/DIV[2]/UL[2]/LI[2]/UL[1]/LI[2]/A[1]
18:36:45.229 [pool-1-thread-2] INFO  com.crawljax.core.Crawler - Changing related inputs for 380 with 0  to 0 
18:36:45.386 [pool-1-thread-2] INFO  c.c.core.UnfiredFragmentCandidates - Changing related inputs to worked inputs 0 for 380
18:36:45.387 [pool-1-thread-2] INFO  c.c.core.UnfiredFragmentCandidates - event 380 - Before 0
18:36:45.387 [pool-1-thread-2] INFO  c.c.core.UnfiredFragmentCandidates - event 380 - After 0
18:36:45.387 [pool-1-thread-2] INFO  c.c.core.UnfiredFragmentCandidates - input for 380, 0
18:36:45.456 [pool-1-thread-2] INFO  com.crawljax.core.Crawler - Found an invisible link with href=/notebooks
18:36:50.256 [pool-1-thread-2] INFO  com.crawljax.core.Crawler -  Event xpath /HTML[1]/BODY[1]/DIV[4]/DIV[1]/DIV[2]/UL[2]/LI[2]/UL[1]/LI[3]/A[1]
18:36:50.289 [pool-1-thread-2] INFO  com.crawljax.core.Crawler - Changing related inputs for 381 with 0  to 0 
18:36:50.439 [pool-1-thread-2] INFO  c.c.core.UnfiredFragmentCandidates - Changing related inputs to worked inputs 0 for 381
18:36:50.440 [pool-1-thread-2] INFO  c.c.core.UnfiredFragmentCandidates - event 381 - Before 0
18:36:50.440 [pool-1-thread-2] INFO  c.c.core.UnfiredFragmentCandidates - event 381 - After 0
18:36:50.440 [pool-1-thread-2] INFO  c.c.core.UnfiredFragmentCandidates - input for 381, 0
18:36:50.508 [pool-1-thread-2] INFO  com.crawljax.core.Crawler - Found an invisible link with href=/accessories
18:36:53.751 [pool-1-thread-2] INFO  c.crawljax.core.state.StateMachine - CLONE State detected: state442 and state88 are the same.
18:36:53.769 [pool-1-thread-2] INFO  com.crawljax.core.Crawler -  Event xpath /HTML[1]/BODY[1]/DIV[4]/DIV[1]/DIV[2]/UL[2]/LI[2]/UL[1]/LI[2]/A[1]
18:36:53.810 [pool-1-thread-2] INFO  com.crawljax.core.Crawler - Changing related inputs for 382 with 0  to 0 
18:36:53.992 [pool-1-thread-2] INFO  c.c.core.UnfiredFragmentCandidates - Changing related inputs to worked inputs 0 for 382
18:36:53.992 [pool-1-thread-2] INFO  c.c.core.UnfiredFragmentCandidates - event 382 - Before 0
18:36:53.992 [pool-1-thread-2] INFO  c.c.core.UnfiredFragmentCandidates - event 382 - After 0
18:36:53.992 [pool-1-thread-2] INFO  c.c.core.UnfiredFragmentCandidates - input for 382, 0
18:36:54.084 [pool-1-thread-2] INFO  com.crawljax.core.Crawler - Found an invisible link with href=/notebooks
18:36:57.171 [pool-1-thread-2] INFO  c.crawljax.core.state.StateMachine - CLONE State detected: state443 and state83 are the same.
18:36:57.189 [pool-1-thread-2] INFO  com.crawljax.core.Crawler -  Event xpath /HTML[1]/BODY[1]/DIV[4]/DIV[1]/DIV[2]/UL[2]/LI[3]/A[1]
18:36:57.230 [pool-1-thread-2] INFO  com.crawljax.core.Crawler - Changing related inputs for 383 with 0  to 0 
18:36:57.380 [pool-1-thread-2] INFO  c.c.core.UnfiredFragmentCandidates - Changing related inputs to worked inputs 0 for 383
18:36:57.380 [pool-1-thread-2] INFO  c.c.core.UnfiredFragmentCandidates - event 383 - Before 0
18:36:57.380 [pool-1-thread-2] INFO  c.c.core.UnfiredFragmentCandidates - event 383 - After 0
18:36:57.380 [pool-1-thread-2] INFO  c.c.core.UnfiredFragmentCandidates - input for 383, 0
18:36:57.445 [pool-1-thread-2] INFO  com.crawljax.core.Crawler - Found an invisible link with href=/electronics
18:37:00.498 [pool-1-thread-2] INFO  c.crawljax.core.state.StateMachine - CLONE State detected: state444 and state112 are the same.
18:37:00.514 [pool-1-thread-2] INFO  com.crawljax.core.Crawler -  Event xpath /HTML[1]/BODY[1]/DIV[4]/DIV[1]/DIV[2]/UL[2]/LI[2]/UL[1]/LI[1]/A[1]
18:37:00.540 [pool-1-thread-2] INFO  com.crawljax.core.Crawler - Changing related inputs for 384 with 0  to 0 
18:37:00.678 [pool-1-thread-2] INFO  c.c.core.UnfiredFragmentCandidates - Changing related inputs to worked inputs 0 for 384
18:37:00.678 [pool-1-thread-2] INFO  c.c.core.UnfiredFragmentCandidates - event 384 - Before 0
18:37:00.678 [pool-1-thread-2] INFO  c.c.core.UnfiredFragmentCandidates - event 384 - After 0
18:37:00.678 [pool-1-thread-2] INFO  c.c.core.UnfiredFragmentCandidates - input for 384, 0
18:37:00.748 [pool-1-thread-2] INFO  com.crawljax.core.Crawler - Found an invisible link with href=/desktops
18:37:03.795 [pool-1-thread-2] INFO  c.crawljax.core.state.StateMachine - CLONE State detected: state445 and state70 are the same.
18:37:03.813 [pool-1-thread-2] INFO  com.crawljax.core.Crawler -  Event xpath /HTML[1]/BODY[1]/DIV[4]/DIV[1]/DIV[2]/UL[2]/LI[3]/UL[1]/LI[1]/A[1]
18:37:03.842 [pool-1-thread-2] INFO  com.crawljax.core.Crawler - Changing related inputs for 385 with 0  to 0 
18:37:03.979 [pool-1-thread-2] INFO  c.c.core.UnfiredFragmentCandidates - Changing related inputs to worked inputs 0 for 385
18:37:03.979 [pool-1-thread-2] INFO  c.c.core.UnfiredFragmentCandidates - event 385 - Before 0
18:37:03.979 [pool-1-thread-2] INFO  c.c.core.UnfiredFragmentCandidates - event 385 - After 0
18:37:03.979 [pool-1-thread-2] INFO  c.c.core.UnfiredFragmentCandidates - input for 385, 0
18:37:04.032 [pool-1-thread-2] INFO  com.crawljax.core.Crawler - Found an invisible link with href=/camera-photo
18:37:06.981 [pool-1-thread-2] INFO  c.crawljax.core.state.StateMachine - CLONE State detected: state446 and state119 are the same.
18:37:06.993 [pool-1-thread-2] INFO  c.c.core.UnfiredFragmentCandidates - There are 45 states with unfired actions: [33, 112, 115, 35, 121, 36, 37, 128, 130, 132, 134, 42, 139, 141, 146, 148, 154, 159, 44, 46, 211, 216, 51, 53, 268, 56, 9, 288, 61, 296, 0, 63, 314, 66, 68, 70, 376, 73, 31, 397, 81, 83, 409, 86, 88]
18:37:06.993 [pool-1-thread-2] INFO  com.crawljax.core.Crawler - Resetting the crawler and Going to state state33
18:37:07.011 [pool-1-thread-2] INFO  com.crawljax.core.CrawlSession - Adding CrawlPath to session !!
18:37:07.012 [pool-1-thread-2] INFO  com.crawljax.core.Crawler - BT-state88:-1index_61_state88state88_365_state70state70_366_state112state112_367_state68state68_368_state130state130_369_state63state63_370_state132state132_372_state134state134_373_state132state132_374_state141state141_375_state132state132_376_state148state148_377_state132state132_378_indexindex_379_state83state83_381_state88state88_382_state83state83_383_state112state112_384_state70state70_385_state119
18:37:09.887 [pool-1-thread-2] INFO  com.crawljax.core.Crawler - index has changed to: state9
18:37:09.887 [pool-1-thread-2] INFO  com.crawljax.core.Crawler - Did not add reload edge from state119 to state9
18:37:09.887 [pool-1-thread-2] INFO  com.crawljax.core.Crawler - Initial state not the same as current state : Getting shortest path from current state
18:37:09.888 [pool-1-thread-2] INFO  c.c.core.UnfiredFragmentCandidates - input map size 385
18:37:09.888 [pool-1-thread-2] INFO  c.c.core.UnfiredFragmentCandidates - input map size 385
18:37:09.888 [pool-1-thread-2] INFO  com.crawljax.core.Crawler - Used a form input combination for backtracking 9
18:37:13.595 [pool-1-thread-2] INFO  com.crawljax.core.Crawler - Crawl depth is now 1
18:37:13.596 [pool-1-thread-2] INFO  c.c.core.UnfiredFragmentCandidates - input map size 385
18:37:13.596 [pool-1-thread-2] INFO  c.c.core.UnfiredFragmentCandidates - input map size 385
18:37:13.596 [pool-1-thread-2] INFO  com.crawljax.core.Crawler - Used a form input combination for backtracking 10
18:37:17.434 [pool-1-thread-2] INFO  com.crawljax.core.Crawler - Crawl depth is now 2
18:37:17.435 [pool-1-thread-2] INFO  c.c.core.UnfiredFragmentCandidates - input map size 385
18:37:17.435 [pool-1-thread-2] INFO  c.c.core.UnfiredFragmentCandidates - input map size 385
18:37:17.435 [pool-1-thread-2] INFO  com.crawljax.core.Crawler - Used a form input combination for backtracking 11
18:37:22.878 [pool-1-thread-2] INFO  com.crawljax.core.Crawler - Crawl depth is now 3
18:37:22.878 [pool-1-thread-2] INFO  com.crawljax.core.Crawler - backtrack status: true, reached NearDuplicate : -1 
18:37:22.879 [pool-1-thread-2] INFO  com.crawljax.core.Crawler -  Event xpath /HTML[1]/BODY[1]/DIV[4]/DIV[1]/DIV[1]/DIV[2]/DIV[1]/UL[1]/LI[2]/A[1]
18:37:22.911 [pool-1-thread-2] INFO  com.crawljax.core.Crawler - Changing related inputs for 386 with 0  to 0 
18:37:23.062 [pool-1-thread-2] INFO  c.c.core.UnfiredFragmentCandidates - Changing related inputs to worked inputs 0 for 386
18:37:23.062 [pool-1-thread-2] INFO  c.c.core.UnfiredFragmentCandidates - event 386 - Before 0
18:37:23.062 [pool-1-thread-2] INFO  c.c.core.UnfiredFragmentCandidates - event 386 - After 0
18:37:23.062 [pool-1-thread-2] INFO  c.c.core.UnfiredFragmentCandidates - input for 386, 0
18:37:26.893 [pool-1-thread-2] INFO  c.crawljax.core.state.StateMachine - CLONE State detected: state448 and state44 are the same.
18:37:26.908 [pool-1-thread-2] INFO  com.crawljax.core.Crawler -  Event xpath /HTML[1]/BODY[1]/DIV[4]/DIV[1]/DIV[2]/UL[2]/LI[2]/A[1]
18:37:26.933 [pool-1-thread-2] INFO  com.crawljax.core.Crawler - Changing related inputs for 387 with 0  to 0 
18:37:27.071 [pool-1-thread-2] INFO  c.c.core.UnfiredFragmentCandidates - Changing related inputs to worked inputs 0 for 387
18:37:27.071 [pool-1-thread-2] INFO  c.c.core.UnfiredFragmentCandidates - event 387 - Before 0
18:37:27.071 [pool-1-thread-2] INFO  c.c.core.UnfiredFragmentCandidates - event 387 - After 0
18:37:27.071 [pool-1-thread-2] INFO  c.c.core.UnfiredFragmentCandidates - input for 387, 0
18:37:27.137 [pool-1-thread-2] INFO  com.crawljax.core.Crawler - Found an invisible link with href=/computers
18:37:30.266 [pool-1-thread-2] INFO  c.crawljax.core.state.StateMachine - CLONE State detected: state449 and state68 are the same.
18:37:30.282 [pool-1-thread-2] INFO  com.crawljax.core.Crawler -  Event xpath /HTML[1]/BODY[1]/DIV[4]/DIV[1]/DIV[2]/UL[2]/LI[4]/A[1]
18:37:30.307 [pool-1-thread-2] INFO  com.crawljax.core.Crawler - Changing related inputs for 388 with 0  to 0 
18:37:30.441 [pool-1-thread-2] INFO  c.c.core.UnfiredFragmentCandidates - Changing related inputs to worked inputs 0 for 388
18:37:30.441 [pool-1-thread-2] INFO  c.c.core.UnfiredFragmentCandidates - event 388 - Before 0
18:37:30.441 [pool-1-thread-2] INFO  c.c.core.UnfiredFragmentCandidates - event 388 - After 0
18:37:30.441 [pool-1-thread-2] INFO  c.c.core.UnfiredFragmentCandidates - input for 388, 0
18:37:30.510 [pool-1-thread-2] INFO  com.crawljax.core.Crawler - Found an invisible link with href=/apparel-shoes
18:37:33.484 [pool-1-thread-2] INFO  c.crawljax.core.state.StateMachine - CLONE State detected: state450 and state132 are the same.
18:37:33.499 [pool-1-thread-2] INFO  com.crawljax.core.Crawler -  Event xpath /HTML[1]/BODY[1]/DIV[4]/DIV[1]/DIV[2]/UL[2]/LI[1]/A[1]
18:37:33.538 [pool-1-thread-2] INFO  com.crawljax.core.Crawler - Changing related inputs for 389 with 0  to 0 
18:37:33.694 [pool-1-thread-2] INFO  c.c.core.UnfiredFragmentCandidates - Changing related inputs to worked inputs 0 for 389
18:37:33.694 [pool-1-thread-2] INFO  c.c.core.UnfiredFragmentCandidates - event 389 - Before 0
18:37:33.694 [pool-1-thread-2] INFO  c.c.core.UnfiredFragmentCandidates - event 389 - After 0
18:37:33.694 [pool-1-thread-2] INFO  c.c.core.UnfiredFragmentCandidates - input for 389, 0
18:37:33.752 [pool-1-thread-2] INFO  com.crawljax.core.Crawler - Found an invisible link with href=/books
18:37:36.773 [pool-1-thread-2] INFO  c.crawljax.core.state.StateMachine - CLONE State detected: state451 and state63 are the same.
18:37:36.792 [pool-1-thread-2] INFO  com.crawljax.core.Crawler -  Event xpath /HTML[1]/BODY[1]/DIV[4]/DIV[1]/DIV[2]/UL[2]/LI[5]/A[1]
18:37:36.823 [pool-1-thread-2] INFO  com.crawljax.core.Crawler - Changing related inputs for 390 with 0  to 0 
18:37:36.970 [pool-1-thread-2] INFO  c.c.core.UnfiredFragmentCandidates - Changing related inputs to worked inputs 0 for 390
18:37:36.971 [pool-1-thread-2] INFO  c.c.core.UnfiredFragmentCandidates - event 390 - Before 0
18:37:36.971 [pool-1-thread-2] INFO  c.c.core.UnfiredFragmentCandidates - event 390 - After 0
18:37:36.971 [pool-1-thread-2] INFO  c.c.core.UnfiredFragmentCandidates - input for 390, 0
18:37:37.056 [pool-1-thread-2] INFO  com.crawljax.core.Crawler - Found an invisible link with href=/digital-downloads
18:37:40.009 [pool-1-thread-2] INFO  c.crawljax.core.state.StateMachine - CLONE State detected: state452 and state134 are the same.
18:37:40.025 [pool-1-thread-2] INFO  com.crawljax.core.Crawler -  Event xpath /HTML[1]/BODY[1]/DIV[4]/DIV[1]/DIV[2]/UL[1]/LI[5]/A[1]
18:37:40.054 [pool-1-thread-2] INFO  com.crawljax.core.Crawler - Changing related inputs for 391 with 0  to 0 
18:37:40.218 [pool-1-thread-2] INFO  c.c.core.UnfiredFragmentCandidates - Changing related inputs to worked inputs 0 for 391
18:37:40.218 [pool-1-thread-2] INFO  c.c.core.UnfiredFragmentCandidates - event 391 - Before 0
18:37:40.218 [pool-1-thread-2] INFO  c.c.core.UnfiredFragmentCandidates - event 391 - After 0
18:37:40.218 [pool-1-thread-2] INFO  c.c.core.UnfiredFragmentCandidates - input for 391, 0
18:37:44.114 [pool-1-thread-2] INFO  com.crawljax.core.Crawler -  Event xpath /HTML[1]/BODY[1]/DIV[4]/DIV[1]/DIV[2]/UL[1]/LI[6]/A[1]
18:37:44.144 [pool-1-thread-2] INFO  com.crawljax.core.Crawler - Changing related inputs for 392 with 0  to 0 
18:37:44.294 [pool-1-thread-2] INFO  c.c.core.UnfiredFragmentCandidates - Changing related inputs to worked inputs 0 for 392
18:37:44.294 [pool-1-thread-2] INFO  c.c.core.UnfiredFragmentCandidates - event 392 - Before 0
18:37:44.294 [pool-1-thread-2] INFO  c.c.core.UnfiredFragmentCandidates - event 392 - After 0
18:37:44.294 [pool-1-thread-2] INFO  c.c.core.UnfiredFragmentCandidates - input for 392, 0
18:37:48.151 [pool-1-thread-2] INFO  c.crawljax.core.state.StateMachine - CLONE State detected: state454 and state141 are the same.
18:37:48.169 [pool-1-thread-2] INFO  com.crawljax.core.Crawler -  Event xpath /HTML[1]/BODY[1]/DIV[4]/DIV[1]/DIV[2]/UL[1]/LI[5]/A[1]
18:37:48.196 [pool-1-thread-2] INFO  com.crawljax.core.Crawler - Changing related inputs for 393 with 0  to 0 
18:37:48.331 [pool-1-thread-2] INFO  c.c.core.UnfiredFragmentCandidates - Changing related inputs to worked inputs 0 for 393
18:37:48.332 [pool-1-thread-2] INFO  c.c.core.UnfiredFragmentCandidates - event 393 - Before 0
18:37:48.332 [pool-1-thread-2] INFO  c.c.core.UnfiredFragmentCandidates - event 393 - After 0
18:37:48.332 [pool-1-thread-2] INFO  c.c.core.UnfiredFragmentCandidates - input for 393, 0
18:37:52.151 [pool-1-thread-2] INFO  c.crawljax.core.state.StateMachine - CLONE State detected: state455 and state134 are the same.
18:37:52.176 [pool-1-thread-2] INFO  com.crawljax.core.Crawler -  Event xpath /HTML[1]/BODY[1]/DIV[4]/DIV[1]/DIV[2]/UL[1]/LI[7]/A[1]
18:37:52.207 [pool-1-thread-2] INFO  com.crawljax.core.Crawler - Changing related inputs for 394 with 0  to 0 
18:37:52.349 [pool-1-thread-2] INFO  c.c.core.UnfiredFragmentCandidates - Changing related inputs to worked inputs 0 for 394
18:37:52.349 [pool-1-thread-2] INFO  c.c.core.UnfiredFragmentCandidates - event 394 - Before 0
18:37:52.349 [pool-1-thread-2] INFO  c.c.core.UnfiredFragmentCandidates - event 394 - After 0
18:37:52.349 [pool-1-thread-2] INFO  c.c.core.UnfiredFragmentCandidates - input for 394, 0
18:37:57.793 [pool-1-thread-2] INFO  c.crawljax.core.state.StateMachine - CLONE State detected: state456 and state148 are the same.
18:37:57.803 [pool-1-thread-2] INFO  com.crawljax.core.Crawler -  Event xpath /HTML[1]/BODY[1]/DIV[4]/DIV[1]/DIV[2]/UL[1]/LI[5]/A[1]
18:37:57.823 [pool-1-thread-2] INFO  com.crawljax.core.Crawler - Changing related inputs for 395 with 0  to 0 
18:37:57.926 [pool-1-thread-2] INFO  c.c.core.UnfiredFragmentCandidates - Changing related inputs to worked inputs 0 for 395
18:37:57.926 [pool-1-thread-2] INFO  c.c.core.UnfiredFragmentCandidates - event 395 - Before 0
18:37:57.926 [pool-1-thread-2] INFO  c.c.core.UnfiredFragmentCandidates - event 395 - After 0
18:37:57.926 [pool-1-thread-2] INFO  c.c.core.UnfiredFragmentCandidates - input for 395, 0
18:38:01.667 [pool-1-thread-2] INFO  c.crawljax.core.state.StateMachine - CLONE State detected: state457 and state134 are the same.
18:38:01.680 [pool-1-thread-2] INFO  com.crawljax.core.Crawler -  Event xpath /HTML[1]/BODY[1]/DIV[4]/DIV[1]/DIV[2]/DIV[1]/A[1]
18:38:01.702 [pool-1-thread-2] INFO  com.crawljax.core.Crawler - Changing related inputs for 396 with 0  to 0 
18:38:01.806 [pool-1-thread-2] INFO  c.c.core.UnfiredFragmentCandidates - Changing related inputs to worked inputs 0 for 396
18:38:01.806 [pool-1-thread-2] INFO  c.c.core.UnfiredFragmentCandidates - event 396 - Before 0
18:38:01.806 [pool-1-thread-2] INFO  c.c.core.UnfiredFragmentCandidates - event 396 - After 0
18:38:01.806 [pool-1-thread-2] INFO  c.c.core.UnfiredFragmentCandidates - input for 396, 0
18:38:01.861 [pool-1-thread-2] INFO  com.crawljax.core.Crawler - Found an invisible link with href=
18:38:04.773 [pool-1-thread-2] INFO  c.crawljax.core.state.StateMachine - CLONE State detected: state458 and state9 are the same.
18:38:04.788 [pool-1-thread-2] INFO  com.crawljax.core.Crawler -  Event xpath /HTML[1]/BODY[1]/DIV[4]/DIV[1]/DIV[4]/DIV[1]/DIV[1]/DIV[2]/UL[1]/LI[3]/A[1]
18:38:04.825 [pool-1-thread-2] INFO  com.crawljax.core.Crawler - Changing related inputs for 397 with 0  to 0 
18:38:04.946 [pool-1-thread-2] INFO  c.c.core.UnfiredFragmentCandidates - Changing related inputs to worked inputs 0 for 397
18:38:04.946 [pool-1-thread-2] INFO  c.c.core.UnfiredFragmentCandidates - event 397 - Before 0
18:38:04.946 [pool-1-thread-2] INFO  c.c.core.UnfiredFragmentCandidates - event 397 - After 0
18:38:04.946 [pool-1-thread-2] INFO  c.c.core.UnfiredFragmentCandidates - input for 397, 0
18:38:08.673 [pool-1-thread-2] INFO  c.crawljax.core.state.StateMachine - CLONE State detected: state459 and state112 are the same.
18:38:08.689 [pool-1-thread-2] INFO  com.crawljax.core.Crawler -  Event xpath /HTML[1]/BODY[1]/DIV[4]/DIV[1]/DIV[2]/UL[2]/LI[2]/UL[1]/LI[2]/A[1]
18:38:08.718 [pool-1-thread-2] INFO  com.crawljax.core.Crawler - Changing related inputs for 398 with 0  to 0 
18:38:08.863 [pool-1-thread-2] INFO  c.c.core.UnfiredFragmentCandidates - Changing related inputs to worked inputs 0 for 398
18:38:08.863 [pool-1-thread-2] INFO  c.c.core.UnfiredFragmentCandidates - event 398 - Before 0
18:38:08.863 [pool-1-thread-2] INFO  c.c.core.UnfiredFragmentCandidates - event 398 - After 0
18:38:08.863 [pool-1-thread-2] INFO  c.c.core.UnfiredFragmentCandidates - input for 398, 0
18:38:08.914 [pool-1-thread-2] INFO  com.crawljax.core.Crawler - Found an invisible link with href=/notebooks
18:38:11.827 [pool-1-thread-2] INFO  c.crawljax.core.state.StateMachine - CLONE State detected: state460 and state83 are the same.
18:38:11.845 [pool-1-thread-2] INFO  com.crawljax.core.Crawler -  Event xpath /HTML[1]/BODY[1]/DIV[4]/DIV[1]/DIV[2]/UL[2]/LI[3]/UL[1]/LI[1]/A[1]
18:38:11.873 [pool-1-thread-2] INFO  com.crawljax.core.Crawler - Changing related inputs for 399 with 0  to 0 
18:38:12.001 [pool-1-thread-2] INFO  c.c.core.UnfiredFragmentCandidates - Changing related inputs to worked inputs 0 for 399
18:38:12.001 [pool-1-thread-2] INFO  c.c.core.UnfiredFragmentCandidates - event 399 - Before 0
18:38:12.001 [pool-1-thread-2] INFO  c.c.core.UnfiredFragmentCandidates - event 399 - After 0
18:38:12.001 [pool-1-thread-2] INFO  c.c.core.UnfiredFragmentCandidates - input for 399, 0
18:38:12.065 [pool-1-thread-2] INFO  com.crawljax.core.Crawler - Found an invisible link with href=/camera-photo
18:38:15.084 [pool-1-thread-2] INFO  c.crawljax.core.state.StateMachine - CLONE State detected: state461 and state119 are the same.
18:38:15.101 [pool-1-thread-2] INFO  c.c.core.UnfiredFragmentCandidates - There are 45 states with unfired actions: [112, 115, 35, 121, 36, 37, 128, 130, 132, 134, 42, 139, 141, 146, 148, 154, 159, 44, 46, 211, 216, 51, 53, 268, 56, 9, 288, 61, 296, 0, 63, 314, 66, 68, 70, 376, 73, 31, 397, 81, 83, 409, 86, 88, 33]
18:38:15.101 [pool-1-thread-2] INFO  com.crawljax.core.Crawler - Resetting the crawler and Going to state state112
18:38:15.118 [pool-1-thread-2] INFO  com.crawljax.core.CrawlSession - Adding CrawlPath to session !!
18:38:15.118 [pool-1-thread-2] INFO  com.crawljax.core.Crawler - BT-state33:-1state9_9_state31state31_10_state32state32_11_state33state33_386_state44state44_387_state68state68_388_state132state132_389_state63state63_390_state134state134_392_state141state141_393_state134state134_394_state148state148_395_state134state134_396_state9state9_397_state112state112_398_state83state83_399_state119
18:38:18.032 [pool-1-thread-2] INFO  com.crawljax.core.Crawler - index has changed to: state9
18:38:18.032 [pool-1-thread-2] INFO  com.crawljax.core.Crawler - Did not add reload edge from state119 to state9
18:38:18.032 [pool-1-thread-2] INFO  com.crawljax.core.Crawler - Initial state not the same as current state : Getting shortest path from current state
18:38:18.033 [pool-1-thread-2] INFO  c.c.core.UnfiredFragmentCandidates - input map size 399
18:38:18.033 [pool-1-thread-2] INFO  c.c.core.UnfiredFragmentCandidates - input map size 399
18:38:18.033 [pool-1-thread-2] INFO  com.crawljax.core.Crawler - Used a form input combination for backtracking 84
18:38:21.908 [pool-1-thread-2] INFO  com.crawljax.core.Crawler - Crawl depth is now 1
18:38:21.908 [pool-1-thread-2] INFO  com.crawljax.core.Crawler - backtrack status: true, reached NearDuplicate : -1 
18:38:21.908 [pool-1-thread-2] INFO  com.crawljax.core.Crawler -  Event xpath /HTML[1]/BODY[1]/DIV[4]/DIV[1]/DIV[2]/UL[2]/LI[2]/UL[1]/LI[3]/A[1]
18:38:21.936 [pool-1-thread-2] INFO  com.crawljax.core.Crawler - Changing related inputs for 400 with 0  to 0 
18:38:22.089 [pool-1-thread-2] INFO  c.c.core.UnfiredFragmentCandidates - Changing related inputs to worked inputs 0 for 400
18:38:22.089 [pool-1-thread-2] INFO  c.c.core.UnfiredFragmentCandidates - event 400 - Before 0
18:38:22.089 [pool-1-thread-2] INFO  c.c.core.UnfiredFragmentCandidates - event 400 - After 0
18:38:22.089 [pool-1-thread-2] INFO  c.c.core.UnfiredFragmentCandidates - input for 400, 0
18:38:22.153 [pool-1-thread-2] INFO  com.crawljax.core.Crawler - Found an invisible link with href=/accessories
18:38:25.409 [pool-1-thread-2] INFO  c.crawljax.core.state.StateMachine - CLONE State detected: state463 and state88 are the same.
18:38:25.423 [pool-1-thread-2] INFO  com.crawljax.core.Crawler -  Event xpath /HTML[1]/BODY[1]/DIV[4]/DIV[1]/DIV[2]/UL[2]/LI[2]/UL[1]/LI[3]/A[1]
18:38:25.451 [pool-1-thread-2] INFO  com.crawljax.core.Crawler - Changing related inputs for 401 with 0  to 0 
18:38:25.589 [pool-1-thread-2] INFO  c.c.core.UnfiredFragmentCandidates - Changing related inputs to worked inputs 0 for 401
18:38:25.590 [pool-1-thread-2] INFO  c.c.core.UnfiredFragmentCandidates - event 401 - Before 0
18:38:25.590 [pool-1-thread-2] INFO  c.c.core.UnfiredFragmentCandidates - event 401 - After 0
18:38:25.590 [pool-1-thread-2] INFO  c.c.core.UnfiredFragmentCandidates - input for 401, 0
18:38:25.670 [pool-1-thread-2] INFO  com.crawljax.core.Crawler - Found an invisible link with href=/accessories
18:38:30.229 [pool-1-thread-2] INFO  com.crawljax.core.Crawler -  Event xpath /HTML[1]/BODY[1]/DIV[4]/DIV[1]/DIV[2]/UL[2]/LI[3]/A[1]
18:38:30.261 [pool-1-thread-2] INFO  com.crawljax.core.Crawler - Changing related inputs for 402 with 0  to 0 
18:38:30.400 [pool-1-thread-2] INFO  c.c.core.UnfiredFragmentCandidates - Changing related inputs to worked inputs 0 for 402
18:38:30.400 [pool-1-thread-2] INFO  c.c.core.UnfiredFragmentCandidates - event 402 - Before 0
18:38:30.400 [pool-1-thread-2] INFO  c.c.core.UnfiredFragmentCandidates - event 402 - After 0
18:38:30.400 [pool-1-thread-2] INFO  c.c.core.UnfiredFragmentCandidates - input for 402, 0
18:38:30.468 [pool-1-thread-2] INFO  com.crawljax.core.Crawler - Found an invisible link with href=/electronics
18:38:33.481 [pool-1-thread-2] INFO  c.crawljax.core.state.StateMachine - CLONE State detected: state465 and state112 are the same.
18:38:33.498 [pool-1-thread-2] INFO  com.crawljax.core.Crawler -  Event xpath /HTML[1]/BODY[1]/DIV[4]/DIV[1]/DIV[2]/UL[2]/LI[3]/A[1]
18:38:33.527 [pool-1-thread-2] INFO  com.crawljax.core.Crawler - Changing related inputs for 403 with 0  to 0 
18:38:33.652 [pool-1-thread-2] INFO  c.c.core.UnfiredFragmentCandidates - Changing related inputs to worked inputs 0 for 403
18:38:33.653 [pool-1-thread-2] INFO  c.c.core.UnfiredFragmentCandidates - event 403 - Before 0
18:38:33.653 [pool-1-thread-2] INFO  c.c.core.UnfiredFragmentCandidates - event 403 - After 0
18:38:33.653 [pool-1-thread-2] INFO  c.c.core.UnfiredFragmentCandidates - input for 403, 0
18:38:33.723 [pool-1-thread-2] INFO  com.crawljax.core.Crawler - Found an invisible link with href=/electronics
18:38:36.661 [pool-1-thread-2] INFO  com.crawljax.core.Crawler -  Event xpath /HTML[1]/BODY[1]/DIV[4]/DIV[1]/DIV[2]/UL[2]/LI[3]/UL[1]/LI[1]/A[1]
18:38:36.686 [pool-1-thread-2] INFO  com.crawljax.core.Crawler - Changing related inputs for 404 with 0  to 0 
18:38:36.821 [pool-1-thread-2] INFO  c.c.core.UnfiredFragmentCandidates - Changing related inputs to worked inputs 0 for 404
18:38:36.821 [pool-1-thread-2] INFO  c.c.core.UnfiredFragmentCandidates - event 404 - Before 0
18:38:36.821 [pool-1-thread-2] INFO  c.c.core.UnfiredFragmentCandidates - event 404 - After 0
18:38:36.821 [pool-1-thread-2] INFO  c.c.core.UnfiredFragmentCandidates - input for 404, 0
18:38:36.882 [pool-1-thread-2] INFO  com.crawljax.core.Crawler - Found an invisible link with href=/camera-photo
18:38:39.849 [pool-1-thread-2] INFO  c.crawljax.core.state.StateMachine - CLONE State detected: state467 and state119 are the same.
18:38:39.866 [pool-1-thread-2] INFO  c.c.core.UnfiredFragmentCandidates - There are 45 states with unfired actions: [115, 35, 121, 36, 37, 128, 130, 132, 134, 42, 139, 141, 146, 148, 154, 159, 44, 46, 211, 216, 51, 53, 268, 56, 9, 288, 61, 296, 0, 63, 314, 66, 68, 70, 376, 73, 31, 397, 81, 83, 409, 86, 88, 33, 112]
18:38:39.866 [pool-1-thread-2] INFO  com.crawljax.core.Crawler - Resetting the crawler and Going to state state115
18:38:39.882 [pool-1-thread-2] INFO  com.crawljax.core.CrawlSession - Adding CrawlPath to session !!
18:38:39.882 [pool-1-thread-2] INFO  com.crawljax.core.Crawler - BT-state112:-1state9_84_state112state112_400_state88state88_402_state112state112_404_state119
18:38:42.777 [pool-1-thread-2] INFO  com.crawljax.core.Crawler - index has changed to: state9
18:38:42.778 [pool-1-thread-2] INFO  com.crawljax.core.Crawler - Did not add reload edge from state119 to state9
18:38:42.778 [pool-1-thread-2] INFO  com.crawljax.core.Crawler - Initial state not the same as current state : Getting shortest path from current state
18:38:42.779 [pool-1-thread-2] INFO  c.c.core.UnfiredFragmentCandidates - input map size 404
18:38:42.780 [pool-1-thread-2] INFO  c.c.core.UnfiredFragmentCandidates - input map size 404
18:38:42.780 [pool-1-thread-2] INFO  com.crawljax.core.Crawler - Used a form input combination for backtracking 84
18:38:46.597 [pool-1-thread-2] INFO  com.crawljax.core.Crawler - Crawl depth is now 1
18:38:46.597 [pool-1-thread-2] INFO  c.c.core.UnfiredFragmentCandidates - input map size 404
18:38:46.597 [pool-1-thread-2] INFO  c.c.core.UnfiredFragmentCandidates - input map size 404
18:38:46.597 [pool-1-thread-2] INFO  com.crawljax.core.Crawler - Used a form input combination for backtracking 82
18:38:50.204 [pool-1-thread-2] INFO  com.crawljax.core.Crawler - Crawl depth is now 2
18:38:50.204 [pool-1-thread-2] INFO  com.crawljax.core.Crawler - backtrack status: true, reached NearDuplicate : -1 
18:38:50.204 [pool-1-thread-2] INFO  com.crawljax.core.Crawler -  Event xpath /HTML[1]/BODY[1]/DIV[4]/DIV[1]/DIV[1]/DIV[2]/DIV[1]/UL[1]/LI[1]/A[1]
18:38:50.230 [pool-1-thread-2] INFO  com.crawljax.core.Crawler - Changing related inputs for 405 with 0  to 0 
18:38:50.335 [pool-1-thread-2] INFO  c.c.core.UnfiredFragmentCandidates - Changing related inputs to worked inputs 0 for 405
18:38:50.335 [pool-1-thread-2] INFO  c.c.core.UnfiredFragmentCandidates - event 405 - Before 0
18:38:50.335 [pool-1-thread-2] INFO  c.c.core.UnfiredFragmentCandidates - event 405 - After 0
18:38:50.335 [pool-1-thread-2] INFO  c.c.core.UnfiredFragmentCandidates - input for 405, 0
18:38:53.979 [pool-1-thread-2] INFO  c.c.c.state.InMemoryStateFlowGraph - Number of states in the graph is now 63
18:38:53.980 [pool-1-thread-2] INFO  c.crawljax.core.state.StateMachine - State state469 added to the StateMachine.
18:38:54.139 [pool-1-thread-2] INFO  com.crawljax.core.Crawler - New DOM is a new state! crawl depth is now 3
18:38:54.139 [pool-1-thread-2] INFO  com.crawljax.core.Crawler - Parsing DOM of state state469 for candidate elements
18:38:54.147 [pool-1-thread-2] INFO  c.c.core.UnfiredFragmentCandidates - There are 45 states with unfired actions: [35, 121, 36, 37, 128, 130, 132, 134, 42, 139, 141, 146, 148, 154, 159, 44, 46, 211, 216, 51, 53, 268, 56, 9, 288, 61, 296, 0, 63, 314, 66, 68, 70, 376, 73, 31, 397, 81, 83, 409, 86, 88, 33, 112, 469]
18:38:54.158 [pool-1-thread-2] INFO  com.crawljax.core.Crawler -  Event xpath /HTML[1]/BODY[1]/DIV[4]/DIV[1]/DIV[1]/DIV[1]/A[1]
18:38:54.200 [pool-1-thread-2] INFO  com.crawljax.core.Crawler - Changing related inputs for 406 with 0  to 0 
18:38:54.331 [pool-1-thread-2] INFO  c.c.core.UnfiredFragmentCandidates - Changing related inputs to worked inputs 0 for 406
18:38:54.331 [pool-1-thread-2] INFO  c.c.core.UnfiredFragmentCandidates - event 406 - Before 0
18:38:54.331 [pool-1-thread-2] INFO  c.c.core.UnfiredFragmentCandidates - event 406 - After 0
18:38:54.331 [pool-1-thread-2] INFO  c.c.core.UnfiredFragmentCandidates - input for 406, 0
18:38:58.089 [pool-1-thread-2] INFO  c.crawljax.core.state.StateMachine - CLONE State detected: state470 and state9 are the same.
18:38:58.114 [pool-1-thread-2] INFO  com.crawljax.core.Crawler -  Event xpath /HTML[1]/BODY[1]/DIV[4]/DIV[1]/DIV[4]/DIV[1]/DIV[1]/DIV[2]/UL[1]/LI[4]/A[1]
18:38:58.146 [pool-1-thread-2] INFO  com.crawljax.core.Crawler - Changing related inputs for 407 with 0  to 0 
18:38:58.277 [pool-1-thread-2] INFO  c.c.core.UnfiredFragmentCandidates - Changing related inputs to worked inputs 0 for 407
18:38:58.277 [pool-1-thread-2] INFO  c.c.core.UnfiredFragmentCandidates - event 407 - Before 0
18:38:58.277 [pool-1-thread-2] INFO  c.c.core.UnfiredFragmentCandidates - event 407 - After 0
18:38:58.277 [pool-1-thread-2] INFO  c.c.core.UnfiredFragmentCandidates - input for 407, 0
18:39:02.164 [pool-1-thread-2] INFO  c.crawljax.core.state.StateMachine - CLONE State detected: state471 and state132 are the same.
18:39:02.183 [pool-1-thread-2] INFO  com.crawljax.core.Crawler -  Event xpath /HTML[1]/BODY[1]/DIV[4]/DIV[1]/DIV[2]/UL[2]/LI[2]/A[1]
18:39:02.216 [pool-1-thread-2] INFO  com.crawljax.core.Crawler - Changing related inputs for 408 with 0  to 0 
18:39:04.019 [pool-1-thread-2] INFO  c.c.core.UnfiredFragmentCandidates - Changing related inputs to worked inputs 0 for 408
18:39:04.019 [pool-1-thread-2] INFO  c.c.core.UnfiredFragmentCandidates - event 408 - Before 0
18:39:04.019 [pool-1-thread-2] INFO  c.c.core.UnfiredFragmentCandidates - event 408 - After 0
18:39:04.019 [pool-1-thread-2] INFO  c.c.core.UnfiredFragmentCandidates - input for 408, 0
18:39:04.088 [pool-1-thread-2] INFO  com.crawljax.core.Crawler - Found an invisible link with href=/computers
18:39:07.107 [pool-1-thread-2] INFO  c.crawljax.core.state.StateMachine - CLONE State detected: state472 and state68 are the same.
18:39:07.121 [pool-1-thread-2] INFO  com.crawljax.core.Crawler -  Event xpath /HTML[1]/BODY[1]/DIV[4]/DIV[1]/DIV[2]/UL[2]/LI[5]/A[1]
18:39:07.149 [pool-1-thread-2] INFO  com.crawljax.core.Crawler - Changing related inputs for 409 with 0  to 0 
18:39:07.279 [pool-1-thread-2] INFO  c.c.core.UnfiredFragmentCandidates - Changing related inputs to worked inputs 0 for 409
18:39:07.279 [pool-1-thread-2] INFO  c.c.core.UnfiredFragmentCandidates - event 409 - Before 0
18:39:07.279 [pool-1-thread-2] INFO  c.c.core.UnfiredFragmentCandidates - event 409 - After 0
18:39:07.279 [pool-1-thread-2] INFO  c.c.core.UnfiredFragmentCandidates - input for 409, 0
18:39:07.354 [pool-1-thread-2] INFO  com.crawljax.core.Crawler - Found an invisible link with href=/digital-downloads
18:39:10.312 [pool-1-thread-2] INFO  c.crawljax.core.state.StateMachine - CLONE State detected: state473 and state134 are the same.
18:39:10.323 [pool-1-thread-2] INFO  com.crawljax.core.Crawler -  Event xpath /HTML[1]/BODY[1]/DIV[4]/DIV[1]/DIV[2]/UL[2]/LI[1]/A[1]
18:39:10.348 [pool-1-thread-2] INFO  com.crawljax.core.Crawler - Changing related inputs for 410 with 0  to 0 
18:39:10.488 [pool-1-thread-2] INFO  c.c.core.UnfiredFragmentCandidates - Changing related inputs to worked inputs 0 for 410
18:39:10.488 [pool-1-thread-2] INFO  c.c.core.UnfiredFragmentCandidates - event 410 - Before 0
18:39:10.488 [pool-1-thread-2] INFO  c.c.core.UnfiredFragmentCandidates - event 410 - After 0
18:39:10.488 [pool-1-thread-2] INFO  c.c.core.UnfiredFragmentCandidates - input for 410, 0
18:39:10.552 [pool-1-thread-2] INFO  com.crawljax.core.Crawler - Found an invisible link with href=/books
18:39:13.512 [pool-1-thread-2] INFO  c.crawljax.core.state.StateMachine - CLONE State detected: state474 and state63 are the same.
18:39:13.528 [pool-1-thread-2] INFO  com.crawljax.core.Crawler -  Event xpath /HTML[1]/BODY[1]/DIV[4]/DIV[1]/DIV[2]/UL[2]/LI[6]/A[1]
18:39:13.556 [pool-1-thread-2] INFO  com.crawljax.core.Crawler - Changing related inputs for 411 with 0  to 0 
18:39:13.700 [pool-1-thread-2] INFO  c.c.core.UnfiredFragmentCandidates - Changing related inputs to worked inputs 0 for 411
18:39:13.700 [pool-1-thread-2] INFO  c.c.core.UnfiredFragmentCandidates - event 411 - Before 0
18:39:13.700 [pool-1-thread-2] INFO  c.c.core.UnfiredFragmentCandidates - event 411 - After 0
18:39:13.700 [pool-1-thread-2] INFO  c.c.core.UnfiredFragmentCandidates - input for 411, 0
18:39:13.763 [pool-1-thread-2] INFO  com.crawljax.core.Crawler - Found an invisible link with href=/jewelry
18:39:16.755 [pool-1-thread-2] INFO  c.crawljax.core.state.StateMachine - CLONE State detected: state475 and state141 are the same.
18:39:16.770 [pool-1-thread-2] INFO  com.crawljax.core.Crawler -  Event xpath /HTML[1]/BODY[1]/DIV[4]/DIV[1]/DIV[2]/UL[1]/LI[6]/A[1]
18:39:16.796 [pool-1-thread-2] INFO  com.crawljax.core.Crawler - Changing related inputs for 412 with 0  to 0 
18:39:16.928 [pool-1-thread-2] INFO  c.c.core.UnfiredFragmentCandidates - Changing related inputs to worked inputs 0 for 412
18:39:16.928 [pool-1-thread-2] INFO  c.c.core.UnfiredFragmentCandidates - event 412 - Before 0
18:39:16.928 [pool-1-thread-2] INFO  c.c.core.UnfiredFragmentCandidates - event 412 - After 0
18:39:16.928 [pool-1-thread-2] INFO  c.c.core.UnfiredFragmentCandidates - input for 412, 0
18:39:20.704 [pool-1-thread-2] INFO  com.crawljax.core.Crawler -  Event xpath /HTML[1]/BODY[1]/DIV[4]/DIV[1]/DIV[2]/UL[1]/LI[7]/A[1]
18:39:20.729 [pool-1-thread-2] INFO  com.crawljax.core.Crawler - Changing related inputs for 413 with 0  to 0 
18:39:20.869 [pool-1-thread-2] INFO  c.c.core.UnfiredFragmentCandidates - Changing related inputs to worked inputs 0 for 413
18:39:20.869 [pool-1-thread-2] INFO  c.c.core.UnfiredFragmentCandidates - event 413 - Before 0
18:39:20.869 [pool-1-thread-2] INFO  c.c.core.UnfiredFragmentCandidates - event 413 - After 0
18:39:20.869 [pool-1-thread-2] INFO  c.c.core.UnfiredFragmentCandidates - input for 413, 0
18:39:24.674 [pool-1-thread-2] INFO  c.crawljax.core.state.StateMachine - CLONE State detected: state477 and state148 are the same.
18:39:24.690 [pool-1-thread-2] INFO  com.crawljax.core.Crawler -  Event xpath /HTML[1]/BODY[1]/DIV[4]/DIV[1]/DIV[2]/UL[1]/LI[6]/A[1]
18:39:24.720 [pool-1-thread-2] INFO  com.crawljax.core.Crawler - Changing related inputs for 414 with 0  to 0 
18:39:24.867 [pool-1-thread-2] INFO  c.c.core.UnfiredFragmentCandidates - Changing related inputs to worked inputs 0 for 414
18:39:24.868 [pool-1-thread-2] INFO  c.c.core.UnfiredFragmentCandidates - event 414 - Before 0
18:39:24.868 [pool-1-thread-2] INFO  c.c.core.UnfiredFragmentCandidates - event 414 - After 0
18:39:24.868 [pool-1-thread-2] INFO  c.c.core.UnfiredFragmentCandidates - input for 414, 0
18:39:28.699 [pool-1-thread-2] INFO  c.crawljax.core.state.StateMachine - CLONE State detected: state478 and state141 are the same.
18:39:28.714 [pool-1-thread-2] INFO  com.crawljax.core.Crawler -  Event xpath /HTML[1]/BODY[1]/DIV[4]/DIV[1]/DIV[2]/DIV[1]/A[1]
18:39:28.753 [pool-1-thread-2] INFO  com.crawljax.core.Crawler - Changing related inputs for 415 with 0  to 0 
18:39:28.894 [pool-1-thread-2] INFO  c.c.core.UnfiredFragmentCandidates - Changing related inputs to worked inputs 0 for 415
18:39:28.894 [pool-1-thread-2] INFO  c.c.core.UnfiredFragmentCandidates - event 415 - Before 0
18:39:28.894 [pool-1-thread-2] INFO  c.c.core.UnfiredFragmentCandidates - event 415 - After 0
18:39:28.894 [pool-1-thread-2] INFO  c.c.core.UnfiredFragmentCandidates - input for 415, 0
18:39:28.975 [pool-1-thread-2] INFO  com.crawljax.core.Crawler - Found an invisible link with href=
18:39:31.874 [pool-1-thread-2] INFO  c.crawljax.core.state.StateMachine - CLONE State detected: state479 and state9 are the same.
18:39:31.886 [pool-1-thread-2] INFO  com.crawljax.core.Crawler -  Event xpath /HTML[1]/BODY[1]/DIV[4]/DIV[1]/DIV[4]/DIV[1]/DIV[1]/DIV[2]/UL[1]/LI[5]/A[1]
18:39:31.909 [pool-1-thread-2] INFO  com.crawljax.core.Crawler - Changing related inputs for 416 with 0  to 0 
18:39:32.014 [pool-1-thread-2] INFO  c.c.core.UnfiredFragmentCandidates - Changing related inputs to worked inputs 0 for 416
18:39:32.014 [pool-1-thread-2] INFO  c.c.core.UnfiredFragmentCandidates - event 416 - Before 0
18:39:32.014 [pool-1-thread-2] INFO  c.c.core.UnfiredFragmentCandidates - event 416 - After 0
18:39:32.014 [pool-1-thread-2] INFO  c.c.core.UnfiredFragmentCandidates - input for 416, 0
18:39:35.734 [pool-1-thread-2] INFO  c.crawljax.core.state.StateMachine - CLONE State detected: state480 and state134 are the same.
18:39:35.745 [pool-1-thread-2] INFO  com.crawljax.core.Crawler -  Event xpath /HTML[1]/BODY[1]/DIV[4]/DIV[1]/DIV[2]/UL[2]/LI[2]/A[1]
18:39:35.766 [pool-1-thread-2] INFO  com.crawljax.core.Crawler - Changing related inputs for 417 with 0  to 0 
18:39:35.859 [pool-1-thread-2] INFO  c.c.core.UnfiredFragmentCandidates - Changing related inputs to worked inputs 0 for 417
18:39:35.859 [pool-1-thread-2] INFO  c.c.core.UnfiredFragmentCandidates - event 417 - Before 0
18:39:35.859 [pool-1-thread-2] INFO  c.c.core.UnfiredFragmentCandidates - event 417 - After 0
18:39:35.859 [pool-1-thread-2] INFO  c.c.core.UnfiredFragmentCandidates - input for 417, 0
18:39:35.913 [pool-1-thread-2] INFO  com.crawljax.core.Crawler - Found an invisible link with href=/computers
18:39:40.438 [pool-1-thread-2] INFO  c.crawljax.core.state.StateMachine - CLONE State detected: state481 and state68 are the same.
18:39:40.453 [pool-1-thread-2] INFO  com.crawljax.core.Crawler -  Event xpath /HTML[1]/BODY[1]/DIV[4]/DIV[1]/DIV[2]/UL[2]/LI[6]/A[1]
18:39:40.478 [pool-1-thread-2] INFO  com.crawljax.core.Crawler - Changing related inputs for 418 with 0  to 0 
18:39:40.585 [pool-1-thread-2] INFO  c.c.core.UnfiredFragmentCandidates - Changing related inputs to worked inputs 0 for 418
18:39:40.585 [pool-1-thread-2] INFO  c.c.core.UnfiredFragmentCandidates - event 418 - Before 0
18:39:40.585 [pool-1-thread-2] INFO  c.c.core.UnfiredFragmentCandidates - event 418 - After 0
18:39:40.585 [pool-1-thread-2] INFO  c.c.core.UnfiredFragmentCandidates - input for 418, 0
18:39:40.636 [pool-1-thread-2] INFO  com.crawljax.core.Crawler - Found an invisible link with href=/jewelry
18:39:43.510 [pool-1-thread-2] INFO  c.crawljax.core.state.StateMachine - CLONE State detected: state482 and state141 are the same.
18:39:43.523 [pool-1-thread-2] INFO  com.crawljax.core.Crawler -  Event xpath /HTML[1]/BODY[1]/DIV[4]/DIV[1]/DIV[2]/UL[2]/LI[1]/A[1]
18:39:43.546 [pool-1-thread-2] INFO  com.crawljax.core.Crawler - Changing related inputs for 419 with 0  to 0 
18:39:43.643 [pool-1-thread-2] INFO  c.c.core.UnfiredFragmentCandidates - Changing related inputs to worked inputs 0 for 419
18:39:43.643 [pool-1-thread-2] INFO  c.c.core.UnfiredFragmentCandidates - event 419 - Before 0
18:39:43.643 [pool-1-thread-2] INFO  c.c.core.UnfiredFragmentCandidates - event 419 - After 0
18:39:43.643 [pool-1-thread-2] INFO  c.c.core.UnfiredFragmentCandidates - input for 419, 0
18:39:43.699 [pool-1-thread-2] INFO  com.crawljax.core.Crawler - Found an invisible link with href=/books
18:39:46.685 [pool-1-thread-2] INFO  c.crawljax.core.state.StateMachine - CLONE State detected: state483 and state63 are the same.
18:39:46.699 [pool-1-thread-2] INFO  com.crawljax.core.Crawler -  Event xpath /HTML[1]/BODY[1]/DIV[4]/DIV[1]/DIV[2]/UL[2]/LI[7]/A[1]
18:39:46.724 [pool-1-thread-2] INFO  com.crawljax.core.Crawler - Changing related inputs for 420 with 0  to 0 
18:39:46.848 [pool-1-thread-2] INFO  c.c.core.UnfiredFragmentCandidates - Changing related inputs to worked inputs 0 for 420
18:39:46.848 [pool-1-thread-2] INFO  c.c.core.UnfiredFragmentCandidates - event 420 - Before 0
18:39:46.848 [pool-1-thread-2] INFO  c.c.core.UnfiredFragmentCandidates - event 420 - After 0
18:39:46.848 [pool-1-thread-2] INFO  c.c.core.UnfiredFragmentCandidates - input for 420, 0
18:39:46.918 [pool-1-thread-2] INFO  com.crawljax.core.Crawler - Found an invisible link with href=/gift-cards
18:39:49.810 [pool-1-thread-2] INFO  c.crawljax.core.state.StateMachine - CLONE State detected: state484 and state148 are the same.
18:39:49.825 [pool-1-thread-2] INFO  com.crawljax.core.Crawler -  Event xpath /HTML[1]/BODY[1]/DIV[4]/DIV[1]/DIV[2]/UL[1]/LI[7]/A[1]
18:39:49.849 [pool-1-thread-2] INFO  com.crawljax.core.Crawler - Changing related inputs for 421 with 0  to 0 
18:39:49.980 [pool-1-thread-2] INFO  c.c.core.UnfiredFragmentCandidates - Changing related inputs to worked inputs 0 for 421
18:39:49.980 [pool-1-thread-2] INFO  c.c.core.UnfiredFragmentCandidates - event 421 - Before 0
18:39:49.980 [pool-1-thread-2] INFO  c.c.core.UnfiredFragmentCandidates - event 421 - After 0
18:39:49.980 [pool-1-thread-2] INFO  c.c.core.UnfiredFragmentCandidates - input for 421, 0
18:39:53.733 [pool-1-thread-2] INFO  com.crawljax.core.Crawler -  Event xpath /HTML[1]/BODY[1]/DIV[4]/DIV[1]/DIV[2]/DIV[1]/A[1]
18:39:53.762 [pool-1-thread-2] INFO  com.crawljax.core.Crawler - Changing related inputs for 422 with 0  to 0 
18:39:53.905 [pool-1-thread-2] INFO  c.c.core.UnfiredFragmentCandidates - Changing related inputs to worked inputs 0 for 422
18:39:53.905 [pool-1-thread-2] INFO  c.c.core.UnfiredFragmentCandidates - event 422 - Before 0
18:39:53.905 [pool-1-thread-2] INFO  c.c.core.UnfiredFragmentCandidates - event 422 - After 0
18:39:53.905 [pool-1-thread-2] INFO  c.c.core.UnfiredFragmentCandidates - input for 422, 0
18:39:53.976 [pool-1-thread-2] INFO  com.crawljax.core.Crawler - Found an invisible link with href=
18:39:56.993 [pool-1-thread-2] INFO  c.crawljax.core.state.StateMachine - CLONE State detected: state486 and state9 are the same.
18:39:57.008 [pool-1-thread-2] INFO  com.crawljax.core.Crawler -  Event xpath /HTML[1]/BODY[1]/DIV[4]/DIV[1]/DIV[4]/DIV[1]/DIV[1]/DIV[2]/UL[1]/LI[6]/A[1]
18:39:57.037 [pool-1-thread-2] INFO  com.crawljax.core.Crawler - Changing related inputs for 423 with 0  to 0 
18:39:57.178 [pool-1-thread-2] INFO  c.c.core.UnfiredFragmentCandidates - Changing related inputs to worked inputs 0 for 423
18:39:57.178 [pool-1-thread-2] INFO  c.c.core.UnfiredFragmentCandidates - event 423 - Before 0
18:39:57.178 [pool-1-thread-2] INFO  c.c.core.UnfiredFragmentCandidates - event 423 - After 0
18:39:57.178 [pool-1-thread-2] INFO  c.c.core.UnfiredFragmentCandidates - input for 423, 0
18:40:01.074 [pool-1-thread-2] INFO  c.crawljax.core.state.StateMachine - CLONE State detected: state487 and state141 are the same.
18:40:01.087 [pool-1-thread-2] INFO  com.crawljax.core.Crawler -  Event xpath /HTML[1]/BODY[1]/DIV[4]/DIV[1]/DIV[2]/UL[2]/LI[2]/A[1]
18:40:01.113 [pool-1-thread-2] INFO  com.crawljax.core.Crawler - Changing related inputs for 424 with 0  to 0 
18:40:01.234 [pool-1-thread-2] INFO  c.c.core.UnfiredFragmentCandidates - Changing related inputs to worked inputs 0 for 424
18:40:01.235 [pool-1-thread-2] INFO  c.c.core.UnfiredFragmentCandidates - event 424 - Before 0
18:40:01.235 [pool-1-thread-2] INFO  c.c.core.UnfiredFragmentCandidates - event 424 - After 0
18:40:01.235 [pool-1-thread-2] INFO  c.c.core.UnfiredFragmentCandidates - input for 424, 0
18:40:01.299 [pool-1-thread-2] INFO  com.crawljax.core.Crawler - Found an invisible link with href=/computers
18:40:04.240 [pool-1-thread-2] INFO  c.crawljax.core.state.StateMachine - CLONE State detected: state488 and state68 are the same.
18:40:04.257 [pool-1-thread-2] INFO  com.crawljax.core.Crawler -  Event xpath /HTML[1]/BODY[1]/DIV[4]/DIV[1]/DIV[2]/UL[2]/LI[7]/A[1]
18:40:04.284 [pool-1-thread-2] INFO  com.crawljax.core.Crawler - Changing related inputs for 425 with 0  to 0 
18:40:04.414 [pool-1-thread-2] INFO  c.c.core.UnfiredFragmentCandidates - Changing related inputs to worked inputs 0 for 425
18:40:04.414 [pool-1-thread-2] INFO  c.c.core.UnfiredFragmentCandidates - event 425 - Before 0
18:40:04.414 [pool-1-thread-2] INFO  c.c.core.UnfiredFragmentCandidates - event 425 - After 0
18:40:04.414 [pool-1-thread-2] INFO  c.c.core.UnfiredFragmentCandidates - input for 425, 0
18:40:04.480 [pool-1-thread-2] INFO  com.crawljax.core.Crawler - Found an invisible link with href=/gift-cards
18:40:07.411 [pool-1-thread-2] INFO  c.crawljax.core.state.StateMachine - CLONE State detected: state489 and state148 are the same.
18:40:07.435 [pool-1-thread-2] INFO  com.crawljax.core.Crawler -  Event xpath /HTML[1]/BODY[1]/DIV[4]/DIV[1]/DIV[2]/UL[2]/LI[1]/A[1]
18:40:07.472 [pool-1-thread-2] INFO  com.crawljax.core.Crawler - Changing related inputs for 426 with 0  to 0 
18:40:07.596 [pool-1-thread-2] INFO  c.c.core.UnfiredFragmentCandidates - Changing related inputs to worked inputs 0 for 426
18:40:07.596 [pool-1-thread-2] INFO  c.c.core.UnfiredFragmentCandidates - event 426 - Before 0
18:40:07.596 [pool-1-thread-2] INFO  c.c.core.UnfiredFragmentCandidates - event 426 - After 0
18:40:07.596 [pool-1-thread-2] INFO  c.c.core.UnfiredFragmentCandidates - input for 426, 0
18:40:07.660 [pool-1-thread-2] INFO  com.crawljax.core.Crawler - Found an invisible link with href=/books
18:40:12.207 [pool-1-thread-2] INFO  c.crawljax.core.state.StateMachine - CLONE State detected: state490 and state63 are the same.
18:40:12.223 [pool-1-thread-2] INFO  com.crawljax.core.Crawler -  Event xpath /HTML[1]/BODY[1]/DIV[4]/DIV[1]/DIV[4]/DIV[1]/DIV[1]/DIV[2]/UL[1]/LI[1]/A[1]
18:40:12.255 [pool-1-thread-2] INFO  com.crawljax.core.Crawler - Changing related inputs for 427 with 0  to 0 
18:40:12.411 [pool-1-thread-2] INFO  c.c.core.UnfiredFragmentCandidates - Changing related inputs to worked inputs 0 for 427
18:40:12.411 [pool-1-thread-2] INFO  c.c.core.UnfiredFragmentCandidates - event 427 - Before 0
18:40:12.411 [pool-1-thread-2] INFO  c.c.core.UnfiredFragmentCandidates - event 427 - After 0
18:40:12.411 [pool-1-thread-2] INFO  c.c.core.UnfiredFragmentCandidates - input for 427, 0
18:40:16.298 [pool-1-thread-2] INFO  com.crawljax.core.Crawler -  Event xpath /HTML[1]/BODY[1]/DIV[4]/DIV[1]/DIV[4]/DIV[1]/DIV[1]/DIV[2]/UL[1]/LI[2]/A[1]
18:40:16.322 [pool-1-thread-2] INFO  com.crawljax.core.Crawler - Changing related inputs for 428 with 0  to 0 
18:40:16.450 [pool-1-thread-2] INFO  c.c.core.UnfiredFragmentCandidates - Changing related inputs to worked inputs 0 for 428
18:40:16.450 [pool-1-thread-2] INFO  c.c.core.UnfiredFragmentCandidates - event 428 - Before 0
18:40:16.450 [pool-1-thread-2] INFO  c.c.core.UnfiredFragmentCandidates - event 428 - After 0
18:40:16.450 [pool-1-thread-2] INFO  c.c.core.UnfiredFragmentCandidates - input for 428, 0
18:40:20.204 [pool-1-thread-2] INFO  c.crawljax.core.state.StateMachine - CLONE State detected: state492 and state68 are the same.
18:40:20.214 [pool-1-thread-2] INFO  com.crawljax.core.Crawler -  Event xpath /HTML[1]/BODY[1]/DIV[4]/DIV[1]/DIV[4]/DIV[1]/DIV[1]/DIV[2]/UL[1]/LI[1]/A[1]
18:40:20.232 [pool-1-thread-2] INFO  com.crawljax.core.Crawler - Changing related inputs for 429 with 0  to 0 
18:40:20.327 [pool-1-thread-2] INFO  c.c.core.UnfiredFragmentCandidates - Changing related inputs to worked inputs 0 for 429
18:40:20.327 [pool-1-thread-2] INFO  c.c.core.UnfiredFragmentCandidates - event 429 - Before 0
18:40:20.327 [pool-1-thread-2] INFO  c.c.core.UnfiredFragmentCandidates - event 429 - After 0
18:40:20.327 [pool-1-thread-2] INFO  c.c.core.UnfiredFragmentCandidates - input for 429, 0
18:40:24.026 [pool-1-thread-2] INFO  c.crawljax.core.state.StateMachine - CLONE State detected: state493 and state63 are the same.
18:40:24.038 [pool-1-thread-2] INFO  com.crawljax.core.Crawler -  Event xpath /HTML[1]/BODY[1]/DIV[4]/DIV[1]/DIV[4]/DIV[1]/DIV[1]/DIV[2]/UL[1]/LI[3]/A[1]
18:40:24.058 [pool-1-thread-2] INFO  com.crawljax.core.Crawler - Changing related inputs for 430 with 0  to 0 
18:40:24.196 [pool-1-thread-2] INFO  c.c.core.UnfiredFragmentCandidates - Changing related inputs to worked inputs 0 for 430
18:40:24.196 [pool-1-thread-2] INFO  c.c.core.UnfiredFragmentCandidates - event 430 - Before 0
18:40:24.196 [pool-1-thread-2] INFO  c.c.core.UnfiredFragmentCandidates - event 430 - After 0
18:40:24.196 [pool-1-thread-2] INFO  c.c.core.UnfiredFragmentCandidates - input for 430, 0
18:40:27.893 [pool-1-thread-2] INFO  c.crawljax.core.state.StateMachine - CLONE State detected: state494 and state112 are the same.
18:40:27.903 [pool-1-thread-2] INFO  com.crawljax.core.Crawler -  Event xpath /HTML[1]/BODY[1]/DIV[4]/DIV[1]/DIV[2]/UL[2]/LI[3]/UL[1]/LI[2]/A[1]
18:40:27.923 [pool-1-thread-2] INFO  com.crawljax.core.Crawler - Changing related inputs for 431 with 0  to 0 
18:40:28.029 [pool-1-thread-2] INFO  c.c.core.UnfiredFragmentCandidates - Changing related inputs to worked inputs 0 for 431
18:40:28.030 [pool-1-thread-2] INFO  c.c.core.UnfiredFragmentCandidates - event 431 - Before 0
18:40:28.030 [pool-1-thread-2] INFO  c.c.core.UnfiredFragmentCandidates - event 431 - After 0
18:40:28.030 [pool-1-thread-2] INFO  c.c.core.UnfiredFragmentCandidates - input for 431, 0
18:40:28.094 [pool-1-thread-2] INFO  com.crawljax.core.Crawler - Found an invisible link with href=/cell-phones
18:40:31.021 [pool-1-thread-2] INFO  c.crawljax.core.state.StateMachine - CLONE State detected: state495 and state130 are the same.
18:40:31.035 [pool-1-thread-2] INFO  com.crawljax.core.Crawler -  Event xpath /HTML[1]/BODY[1]/DIV[4]/DIV[1]/DIV[2]/UL[2]/LI[2]/A[1]
18:40:31.065 [pool-1-thread-2] INFO  com.crawljax.core.Crawler - Changing related inputs for 432 with 0  to 0 
18:40:31.188 [pool-1-thread-2] INFO  c.c.core.UnfiredFragmentCandidates - Changing related inputs to worked inputs 0 for 432
18:40:31.189 [pool-1-thread-2] INFO  c.c.core.UnfiredFragmentCandidates - event 432 - Before 0
18:40:31.189 [pool-1-thread-2] INFO  c.c.core.UnfiredFragmentCandidates - event 432 - After 0
18:40:31.189 [pool-1-thread-2] INFO  c.c.core.UnfiredFragmentCandidates - input for 432, 0
18:40:31.252 [pool-1-thread-2] INFO  com.crawljax.core.Crawler - Found an invisible link with href=/computers
18:40:34.180 [pool-1-thread-2] INFO  c.crawljax.core.state.StateMachine - CLONE State detected: state496 and state68 are the same.
18:40:34.196 [pool-1-thread-2] INFO  com.crawljax.core.Crawler -  Event xpath /HTML[1]/BODY[1]/DIV[4]/DIV[1]/DIV[4]/DIV[1]/DIV[1]/DIV[2]/UL[1]/LI[2]/A[1]
18:40:34.223 [pool-1-thread-2] INFO  com.crawljax.core.Crawler - Changing related inputs for 433 with 0  to 0 
18:40:34.356 [pool-1-thread-2] INFO  c.c.core.UnfiredFragmentCandidates - Changing related inputs to worked inputs 0 for 433
18:40:34.356 [pool-1-thread-2] INFO  c.c.core.UnfiredFragmentCandidates - event 433 - Before 0
18:40:34.356 [pool-1-thread-2] INFO  c.c.core.UnfiredFragmentCandidates - event 433 - After 0
18:40:34.356 [pool-1-thread-2] INFO  c.c.core.UnfiredFragmentCandidates - input for 433, 0
18:40:38.169 [pool-1-thread-2] INFO  com.crawljax.core.Crawler -  Event xpath /HTML[1]/BODY[1]/DIV[4]/DIV[1]/DIV[4]/DIV[1]/DIV[1]/DIV[2]/UL[1]/LI[2]/UL[1]/LI[1]/A[1]
18:40:38.197 [pool-1-thread-2] INFO  com.crawljax.core.Crawler - Changing related inputs for 434 with 0  to 0 
18:40:38.342 [pool-1-thread-2] INFO  c.c.core.UnfiredFragmentCandidates - Changing related inputs to worked inputs 0 for 434
18:40:38.342 [pool-1-thread-2] INFO  c.c.core.UnfiredFragmentCandidates - event 434 - Before 0
18:40:38.342 [pool-1-thread-2] INFO  c.c.core.UnfiredFragmentCandidates - event 434 - After 0
18:40:38.342 [pool-1-thread-2] INFO  c.c.core.UnfiredFragmentCandidates - input for 434, 0
18:40:42.148 [pool-1-thread-2] INFO  c.crawljax.core.state.StateMachine - CLONE State detected: state498 and state70 are the same.
18:40:42.166 [pool-1-thread-2] INFO  com.crawljax.core.Crawler -  Event xpath /HTML[1]/BODY[1]/DIV[4]/DIV[1]/DIV[2]/UL[2]/LI[3]/UL[1]/LI[2]/A[1]
18:40:42.193 [pool-1-thread-2] INFO  com.crawljax.core.Crawler - Changing related inputs for 435 with 0  to 0 
18:40:42.329 [pool-1-thread-2] INFO  c.c.core.UnfiredFragmentCandidates - Changing related inputs to worked inputs 0 for 435
18:40:42.329 [pool-1-thread-2] INFO  c.c.core.UnfiredFragmentCandidates - event 435 - Before 0
18:40:42.329 [pool-1-thread-2] INFO  c.c.core.UnfiredFragmentCandidates - event 435 - After 0
18:40:42.329 [pool-1-thread-2] INFO  c.c.core.UnfiredFragmentCandidates - input for 435, 0
18:40:42.393 [pool-1-thread-2] INFO  com.crawljax.core.Crawler - Found an invisible link with href=/cell-phones
18:40:47.120 [pool-1-thread-2] INFO  c.crawljax.core.state.StateMachine - CLONE State detected: state499 and state130 are the same.
18:40:47.136 [pool-1-thread-2] INFO  com.crawljax.core.Crawler -  Event xpath /HTML[1]/BODY[1]/DIV[4]/DIV[1]/DIV[2]/UL[2]/LI[2]/UL[1]/LI[1]/A[1]
18:40:47.173 [pool-1-thread-2] INFO  com.crawljax.core.Crawler - Changing related inputs for 436 with 0  to 0 
18:40:47.305 [pool-1-thread-2] INFO  c.c.core.UnfiredFragmentCandidates - Changing related inputs to worked inputs 0 for 436
18:40:47.305 [pool-1-thread-2] INFO  c.c.core.UnfiredFragmentCandidates - event 436 - Before 0
18:40:47.305 [pool-1-thread-2] INFO  c.c.core.UnfiredFragmentCandidates - event 436 - After 0
18:40:47.305 [pool-1-thread-2] INFO  c.c.core.UnfiredFragmentCandidates - input for 436, 0
18:40:47.381 [pool-1-thread-2] INFO  com.crawljax.core.Crawler - Found an invisible link with href=/desktops
18:40:50.344 [pool-1-thread-2] INFO  c.crawljax.core.state.StateMachine - CLONE State detected: state500 and state70 are the same.
18:40:50.360 [pool-1-thread-2] INFO  com.crawljax.core.Crawler -  Event xpath /HTML[1]/BODY[1]/DIV[4]/DIV[1]/DIV[2]/UL[2]/LI[4]/A[1]
18:40:50.390 [pool-1-thread-2] INFO  com.crawljax.core.Crawler - Changing related inputs for 437 with 0  to 0 
18:40:50.524 [pool-1-thread-2] INFO  c.c.core.UnfiredFragmentCandidates - Changing related inputs to worked inputs 0 for 437
18:40:50.524 [pool-1-thread-2] INFO  c.c.core.UnfiredFragmentCandidates - event 437 - Before 0
18:40:50.524 [pool-1-thread-2] INFO  c.c.core.UnfiredFragmentCandidates - event 437 - After 0
18:40:50.524 [pool-1-thread-2] INFO  c.c.core.UnfiredFragmentCandidates - input for 437, 0
18:40:50.592 [pool-1-thread-2] INFO  com.crawljax.core.Crawler - Found an invisible link with href=/apparel-shoes
18:40:53.579 [pool-1-thread-2] INFO  c.crawljax.core.state.StateMachine - CLONE State detected: state501 and state132 are the same.
18:40:53.594 [pool-1-thread-2] INFO  com.crawljax.core.Crawler -  Event xpath /HTML[1]/BODY[1]/DIV[4]/DIV[1]/DIV[2]/UL[2]/LI[2]/UL[1]/LI[1]/A[1]
18:40:53.624 [pool-1-thread-2] INFO  com.crawljax.core.Crawler - Changing related inputs for 438 with 0  to 0 
18:40:53.755 [pool-1-thread-2] INFO  c.c.core.UnfiredFragmentCandidates - Changing related inputs to worked inputs 0 for 438
18:40:53.756 [pool-1-thread-2] INFO  c.c.core.UnfiredFragmentCandidates - event 438 - Before 0
18:40:53.756 [pool-1-thread-2] INFO  c.c.core.UnfiredFragmentCandidates - event 438 - After 0
18:40:53.756 [pool-1-thread-2] INFO  c.c.core.UnfiredFragmentCandidates - input for 438, 0
18:40:53.823 [pool-1-thread-2] INFO  com.crawljax.core.Crawler - Found an invisible link with href=/desktops
18:40:56.811 [pool-1-thread-2] INFO  c.crawljax.core.state.StateMachine - CLONE State detected: state502 and state70 are the same.
18:40:56.826 [pool-1-thread-2] INFO  com.crawljax.core.Crawler -  Event xpath /HTML[1]/BODY[1]/DIV[4]/DIV[1]/DIV[2]/UL[2]/LI[5]/A[1]
18:40:56.853 [pool-1-thread-2] INFO  com.crawljax.core.Crawler - Changing related inputs for 439 with 0  to 0 
18:40:56.988 [pool-1-thread-2] INFO  c.c.core.UnfiredFragmentCandidates - Changing related inputs to worked inputs 0 for 439
18:40:56.989 [pool-1-thread-2] INFO  c.c.core.UnfiredFragmentCandidates - event 439 - Before 0
18:40:56.989 [pool-1-thread-2] INFO  c.c.core.UnfiredFragmentCandidates - event 439 - After 0
18:40:56.989 [pool-1-thread-2] INFO  c.c.core.UnfiredFragmentCandidates - input for 439, 0
18:40:57.051 [pool-1-thread-2] INFO  com.crawljax.core.Crawler - Found an invisible link with href=/digital-downloads
18:40:59.996 [pool-1-thread-2] INFO  c.crawljax.core.state.StateMachine - CLONE State detected: state503 and state134 are the same.
18:41:00.011 [pool-1-thread-2] INFO  com.crawljax.core.Crawler -  Event xpath /HTML[1]/BODY[1]/DIV[4]/DIV[1]/DIV[2]/UL[2]/LI[2]/UL[1]/LI[1]/A[1]
18:41:00.041 [pool-1-thread-2] INFO  com.crawljax.core.Crawler - Changing related inputs for 440 with 0  to 0 
18:41:00.167 [pool-1-thread-2] INFO  c.c.core.UnfiredFragmentCandidates - Changing related inputs to worked inputs 0 for 440
18:41:00.167 [pool-1-thread-2] INFO  c.c.core.UnfiredFragmentCandidates - event 440 - Before 0
18:41:00.167 [pool-1-thread-2] INFO  c.c.core.UnfiredFragmentCandidates - event 440 - After 0
18:41:00.167 [pool-1-thread-2] INFO  c.c.core.UnfiredFragmentCandidates - input for 440, 0
18:41:00.240 [pool-1-thread-2] INFO  com.crawljax.core.Crawler - Found an invisible link with href=/desktops
18:41:03.194 [pool-1-thread-2] INFO  c.crawljax.core.state.StateMachine - CLONE State detected: state504 and state70 are the same.
18:41:03.211 [pool-1-thread-2] INFO  com.crawljax.core.Crawler -  Event xpath /HTML[1]/BODY[1]/DIV[4]/DIV[1]/DIV[2]/UL[2]/LI[6]/A[1]
18:41:03.240 [pool-1-thread-2] INFO  com.crawljax.core.Crawler - Changing related inputs for 441 with 0  to 0 
18:41:03.390 [pool-1-thread-2] INFO  c.c.core.UnfiredFragmentCandidates - Changing related inputs to worked inputs 0 for 441
18:41:03.390 [pool-1-thread-2] INFO  c.c.core.UnfiredFragmentCandidates - event 441 - Before 0
18:41:03.390 [pool-1-thread-2] INFO  c.c.core.UnfiredFragmentCandidates - event 441 - After 0
18:41:03.390 [pool-1-thread-2] INFO  c.c.core.UnfiredFragmentCandidates - input for 441, 0
18:41:03.454 [pool-1-thread-2] INFO  com.crawljax.core.Crawler - Found an invisible link with href=/jewelry
18:41:06.466 [pool-1-thread-2] INFO  c.crawljax.core.state.StateMachine - CLONE State detected: state505 and state141 are the same.
18:41:06.482 [pool-1-thread-2] INFO  com.crawljax.core.Crawler -  Event xpath /HTML[1]/BODY[1]/DIV[4]/DIV[1]/DIV[2]/UL[2]/LI[2]/UL[1]/LI[1]/A[1]
18:41:06.509 [pool-1-thread-2] INFO  com.crawljax.core.Crawler - Changing related inputs for 442 with 0  to 0 
18:41:06.629 [pool-1-thread-2] INFO  c.c.core.UnfiredFragmentCandidates - Changing related inputs to worked inputs 0 for 442
18:41:06.629 [pool-1-thread-2] INFO  c.c.core.UnfiredFragmentCandidates - event 442 - Before 0
18:41:06.629 [pool-1-thread-2] INFO  c.c.core.UnfiredFragmentCandidates - event 442 - After 0
18:41:06.629 [pool-1-thread-2] INFO  c.c.core.UnfiredFragmentCandidates - input for 442, 0
18:41:06.697 [pool-1-thread-2] INFO  com.crawljax.core.Crawler - Found an invisible link with href=/desktops
18:41:09.641 [pool-1-thread-2] INFO  c.crawljax.core.state.StateMachine - CLONE State detected: state506 and state70 are the same.
18:41:09.658 [pool-1-thread-2] INFO  com.crawljax.core.Crawler -  Event xpath /HTML[1]/BODY[1]/DIV[4]/DIV[1]/DIV[2]/UL[2]/LI[7]/A[1]
18:41:09.698 [pool-1-thread-2] INFO  com.crawljax.core.Crawler - Changing related inputs for 443 with 0  to 0 
18:41:09.811 [pool-1-thread-2] INFO  c.c.core.UnfiredFragmentCandidates - Changing related inputs to worked inputs 0 for 443
18:41:09.811 [pool-1-thread-2] INFO  c.c.core.UnfiredFragmentCandidates - event 443 - Before 0
18:41:09.811 [pool-1-thread-2] INFO  c.c.core.UnfiredFragmentCandidates - event 443 - After 0
18:41:09.811 [pool-1-thread-2] INFO  c.c.core.UnfiredFragmentCandidates - input for 443, 0
18:41:09.888 [pool-1-thread-2] INFO  com.crawljax.core.Crawler - Found an invisible link with href=/gift-cards
18:41:12.867 [pool-1-thread-2] INFO  c.crawljax.core.state.StateMachine - CLONE State detected: state507 and state148 are the same.
18:41:12.881 [pool-1-thread-2] INFO  com.crawljax.core.Crawler -  Event xpath /HTML[1]/BODY[1]/DIV[4]/DIV[1]/DIV[2]/UL[2]/LI[2]/A[1]
18:41:12.903 [pool-1-thread-2] INFO  com.crawljax.core.Crawler - Changing related inputs for 444 with 0  to 0 
18:41:13.025 [pool-1-thread-2] INFO  c.c.core.UnfiredFragmentCandidates - Changing related inputs to worked inputs 0 for 444
18:41:13.026 [pool-1-thread-2] INFO  c.c.core.UnfiredFragmentCandidates - event 444 - Before 0
18:41:13.026 [pool-1-thread-2] INFO  c.c.core.UnfiredFragmentCandidates - event 444 - After 0
18:41:13.026 [pool-1-thread-2] INFO  c.c.core.UnfiredFragmentCandidates - input for 444, 0
18:41:13.083 [pool-1-thread-2] INFO  com.crawljax.core.Crawler - Found an invisible link with href=/computers
18:41:15.948 [pool-1-thread-2] INFO  c.crawljax.core.state.StateMachine - CLONE State detected: state508 and state68 are the same.
18:41:15.959 [pool-1-thread-2] INFO  com.crawljax.core.Crawler -  Event xpath /HTML[1]/BODY[1]/DIV[4]/DIV[1]/DIV[4]/DIV[1]/DIV[1]/DIV[2]/UL[1]/LI[2]/UL[1]/LI[2]/A[1]
18:41:15.980 [pool-1-thread-2] INFO  com.crawljax.core.Crawler - Changing related inputs for 445 with 0  to 0 
18:41:16.077 [pool-1-thread-2] INFO  c.c.core.UnfiredFragmentCandidates - Changing related inputs to worked inputs 0 for 445
18:41:16.077 [pool-1-thread-2] INFO  c.c.core.UnfiredFragmentCandidates - event 445 - Before 0
18:41:16.077 [pool-1-thread-2] INFO  c.c.core.UnfiredFragmentCandidates - event 445 - After 0
18:41:16.077 [pool-1-thread-2] INFO  c.c.core.UnfiredFragmentCandidates - input for 445, 0
18:41:21.446 [pool-1-thread-2] INFO  c.crawljax.core.state.StateMachine - CLONE State detected: state509 and state83 are the same.
18:41:21.457 [pool-1-thread-2] INFO  com.crawljax.core.Crawler -  Event xpath /HTML[1]/BODY[1]/DIV[4]/DIV[1]/DIV[2]/UL[2]/LI[3]/UL[1]/LI[2]/A[1]
18:41:21.477 [pool-1-thread-2] INFO  com.crawljax.core.Crawler - Changing related inputs for 446 with 0  to 0 
18:41:21.607 [pool-1-thread-2] INFO  c.c.core.UnfiredFragmentCandidates - Changing related inputs to worked inputs 0 for 446
18:41:21.607 [pool-1-thread-2] INFO  c.c.core.UnfiredFragmentCandidates - event 446 - Before 0
18:41:21.607 [pool-1-thread-2] INFO  c.c.core.UnfiredFragmentCandidates - event 446 - After 0
18:41:21.607 [pool-1-thread-2] INFO  c.c.core.UnfiredFragmentCandidates - input for 446, 0
18:41:21.664 [pool-1-thread-2] INFO  com.crawljax.core.Crawler - Found an invisible link with href=/cell-phones
18:41:24.549 [pool-1-thread-2] INFO  c.crawljax.core.state.StateMachine - CLONE State detected: state510 and state130 are the same.
18:41:24.566 [pool-1-thread-2] INFO  com.crawljax.core.Crawler -  Event xpath /HTML[1]/BODY[1]/DIV[4]/DIV[1]/DIV[2]/UL[2]/LI[2]/UL[1]/LI[2]/A[1]
18:41:24.595 [pool-1-thread-2] INFO  com.crawljax.core.Crawler - Changing related inputs for 447 with 0  to 0 
18:41:24.728 [pool-1-thread-2] INFO  c.c.core.UnfiredFragmentCandidates - Changing related inputs to worked inputs 0 for 447
18:41:24.728 [pool-1-thread-2] INFO  c.c.core.UnfiredFragmentCandidates - event 447 - Before 0
18:41:24.728 [pool-1-thread-2] INFO  c.c.core.UnfiredFragmentCandidates - event 447 - After 0
18:41:24.728 [pool-1-thread-2] INFO  c.c.core.UnfiredFragmentCandidates - input for 447, 0
18:41:24.782 [pool-1-thread-2] INFO  com.crawljax.core.Crawler - Found an invisible link with href=/notebooks
18:41:27.682 [pool-1-thread-2] INFO  c.crawljax.core.state.StateMachine - CLONE State detected: state511 and state83 are the same.
18:41:27.696 [pool-1-thread-2] INFO  com.crawljax.core.Crawler -  Event xpath /HTML[1]/BODY[1]/DIV[4]/DIV[1]/DIV[2]/UL[2]/LI[4]/A[1]
18:41:27.728 [pool-1-thread-2] INFO  com.crawljax.core.Crawler - Changing related inputs for 448 with 0  to 0 
18:41:27.863 [pool-1-thread-2] INFO  c.c.core.UnfiredFragmentCandidates - Changing related inputs to worked inputs 0 for 448
18:41:27.863 [pool-1-thread-2] INFO  c.c.core.UnfiredFragmentCandidates - event 448 - Before 0
18:41:27.863 [pool-1-thread-2] INFO  c.c.core.UnfiredFragmentCandidates - event 448 - After 0
18:41:27.863 [pool-1-thread-2] INFO  c.c.core.UnfiredFragmentCandidates - input for 448, 0
18:41:27.926 [pool-1-thread-2] INFO  com.crawljax.core.Crawler - Found an invisible link with href=/apparel-shoes
18:41:30.867 [pool-1-thread-2] INFO  c.crawljax.core.state.StateMachine - CLONE State detected: state512 and state132 are the same.
18:41:30.883 [pool-1-thread-2] INFO  com.crawljax.core.Crawler -  Event xpath /HTML[1]/BODY[1]/DIV[4]/DIV[1]/DIV[2]/UL[2]/LI[2]/UL[1]/LI[2]/A[1]
18:41:30.913 [pool-1-thread-2] INFO  com.crawljax.core.Crawler - Changing related inputs for 449 with 0  to 0 
18:41:31.034 [pool-1-thread-2] INFO  c.c.core.UnfiredFragmentCandidates - Changing related inputs to worked inputs 0 for 449
18:41:31.034 [pool-1-thread-2] INFO  c.c.core.UnfiredFragmentCandidates - event 449 - Before 0
18:41:31.034 [pool-1-thread-2] INFO  c.c.core.UnfiredFragmentCandidates - event 449 - After 0
18:41:31.034 [pool-1-thread-2] INFO  c.c.core.UnfiredFragmentCandidates - input for 449, 0
18:41:31.094 [pool-1-thread-2] INFO  com.crawljax.core.Crawler - Found an invisible link with href=/notebooks
18:41:34.008 [pool-1-thread-2] INFO  c.crawljax.core.state.StateMachine - CLONE State detected: state513 and state83 are the same.
18:41:34.023 [pool-1-thread-2] INFO  com.crawljax.core.Crawler -  Event xpath /HTML[1]/BODY[1]/DIV[4]/DIV[1]/DIV[2]/UL[2]/LI[5]/A[1]
18:41:34.052 [pool-1-thread-2] INFO  com.crawljax.core.Crawler - Changing related inputs for 450 with 0  to 0 
18:41:34.201 [pool-1-thread-2] INFO  c.c.core.UnfiredFragmentCandidates - Changing related inputs to worked inputs 0 for 450
18:41:34.201 [pool-1-thread-2] INFO  c.c.core.UnfiredFragmentCandidates - event 450 - Before 0
18:41:34.201 [pool-1-thread-2] INFO  c.c.core.UnfiredFragmentCandidates - event 450 - After 0
18:41:34.201 [pool-1-thread-2] INFO  c.c.core.UnfiredFragmentCandidates - input for 450, 0
18:41:34.268 [pool-1-thread-2] INFO  com.crawljax.core.Crawler - Found an invisible link with href=/digital-downloads
18:41:37.303 [pool-1-thread-2] INFO  c.crawljax.core.state.StateMachine - CLONE State detected: state514 and state134 are the same.
18:41:37.327 [pool-1-thread-2] INFO  com.crawljax.core.Crawler -  Event xpath /HTML[1]/BODY[1]/DIV[4]/DIV[1]/DIV[2]/UL[2]/LI[2]/UL[1]/LI[2]/A[1]
18:41:37.361 [pool-1-thread-2] INFO  com.crawljax.core.Crawler - Changing related inputs for 451 with 0  to 0 
18:41:37.490 [pool-1-thread-2] INFO  c.c.core.UnfiredFragmentCandidates - Changing related inputs to worked inputs 0 for 451
18:41:37.490 [pool-1-thread-2] INFO  c.c.core.UnfiredFragmentCandidates - event 451 - Before 0
18:41:37.490 [pool-1-thread-2] INFO  c.c.core.UnfiredFragmentCandidates - event 451 - After 0
18:41:37.490 [pool-1-thread-2] INFO  c.c.core.UnfiredFragmentCandidates - input for 451, 0
18:41:37.557 [pool-1-thread-2] INFO  com.crawljax.core.Crawler - Found an invisible link with href=/notebooks
18:41:40.582 [pool-1-thread-2] INFO  c.crawljax.core.state.StateMachine - CLONE State detected: state515 and state83 are the same.
18:41:40.603 [pool-1-thread-2] INFO  com.crawljax.core.Crawler -  Event xpath /HTML[1]/BODY[1]/DIV[4]/DIV[1]/DIV[2]/UL[2]/LI[6]/A[1]
18:41:40.626 [pool-1-thread-2] INFO  com.crawljax.core.Crawler - Changing related inputs for 452 with 0  to 0 
18:41:40.749 [pool-1-thread-2] INFO  c.c.core.UnfiredFragmentCandidates - Changing related inputs to worked inputs 0 for 452
18:41:40.749 [pool-1-thread-2] INFO  c.c.core.UnfiredFragmentCandidates - event 452 - Before 0
18:41:40.749 [pool-1-thread-2] INFO  c.c.core.UnfiredFragmentCandidates - event 452 - After 0
18:41:40.749 [pool-1-thread-2] INFO  c.c.core.UnfiredFragmentCandidates - input for 452, 0
18:41:40.812 [pool-1-thread-2] INFO  com.crawljax.core.Crawler - Found an invisible link with href=/jewelry
18:41:43.879 [pool-1-thread-2] INFO  c.crawljax.core.state.StateMachine - CLONE State detected: state516 and state141 are the same.
18:41:43.895 [pool-1-thread-2] INFO  com.crawljax.core.Crawler -  Event xpath /HTML[1]/BODY[1]/DIV[4]/DIV[1]/DIV[2]/UL[2]/LI[2]/UL[1]/LI[2]/A[1]
18:41:43.925 [pool-1-thread-2] INFO  com.crawljax.core.Crawler - Changing related inputs for 453 with 0  to 0 
18:41:44.053 [pool-1-thread-2] INFO  c.c.core.UnfiredFragmentCandidates - Changing related inputs to worked inputs 0 for 453
18:41:44.053 [pool-1-thread-2] INFO  c.c.core.UnfiredFragmentCandidates - event 453 - Before 0
18:41:44.053 [pool-1-thread-2] INFO  c.c.core.UnfiredFragmentCandidates - event 453 - After 0
18:41:44.053 [pool-1-thread-2] INFO  c.c.core.UnfiredFragmentCandidates - input for 453, 0
18:41:44.121 [pool-1-thread-2] INFO  com.crawljax.core.Crawler - Found an invisible link with href=/notebooks
18:41:47.057 [pool-1-thread-2] INFO  c.crawljax.core.state.StateMachine - CLONE State detected: state517 and state83 are the same.
18:41:47.071 [pool-1-thread-2] INFO  com.crawljax.core.Crawler -  Event xpath /HTML[1]/BODY[1]/DIV[4]/DIV[1]/DIV[2]/UL[2]/LI[7]/A[1]
18:41:47.117 [pool-1-thread-2] INFO  com.crawljax.core.Crawler - Changing related inputs for 454 with 0  to 0 
18:41:47.261 [pool-1-thread-2] INFO  c.c.core.UnfiredFragmentCandidates - Changing related inputs to worked inputs 0 for 454
18:41:47.261 [pool-1-thread-2] INFO  c.c.core.UnfiredFragmentCandidates - event 454 - Before 0
18:41:47.261 [pool-1-thread-2] INFO  c.c.core.UnfiredFragmentCandidates - event 454 - After 0
18:41:47.261 [pool-1-thread-2] INFO  c.c.core.UnfiredFragmentCandidates - input for 454, 0
18:41:47.326 [pool-1-thread-2] INFO  com.crawljax.core.Crawler - Found an invisible link with href=/gift-cards
18:41:50.312 [pool-1-thread-2] INFO  c.crawljax.core.state.StateMachine - CLONE State detected: state518 and state148 are the same.
18:41:50.329 [pool-1-thread-2] INFO  com.crawljax.core.Crawler -  Event xpath /HTML[1]/BODY[1]/DIV[4]/DIV[1]/DIV[2]/UL[2]/LI[2]/UL[1]/LI[1]/A[1]
18:41:50.355 [pool-1-thread-2] INFO  com.crawljax.core.Crawler - Changing related inputs for 455 with 0  to 0 
18:41:50.487 [pool-1-thread-2] INFO  c.c.core.UnfiredFragmentCandidates - Changing related inputs to worked inputs 0 for 455
18:41:50.487 [pool-1-thread-2] INFO  c.c.core.UnfiredFragmentCandidates - event 455 - Before 0
18:41:50.487 [pool-1-thread-2] INFO  c.c.core.UnfiredFragmentCandidates - event 455 - After 0
18:41:50.487 [pool-1-thread-2] INFO  c.c.core.UnfiredFragmentCandidates - input for 455, 0
18:41:50.552 [pool-1-thread-2] INFO  com.crawljax.core.Crawler - Found an invisible link with href=/desktops
18:41:55.465 [pool-1-thread-2] INFO  c.crawljax.core.state.StateMachine - CLONE State detected: state519 and state70 are the same.
18:41:55.482 [pool-1-thread-2] INFO  com.crawljax.core.Crawler -  Event xpath /HTML[1]/BODY[1]/DIV[4]/DIV[1]/DIV[4]/DIV[1]/DIV[1]/DIV[2]/UL[1]/LI[1]/A[1]
18:41:55.514 [pool-1-thread-2] INFO  com.crawljax.core.Crawler - Changing related inputs for 456 with 0  to 0 
18:41:55.660 [pool-1-thread-2] INFO  c.c.core.UnfiredFragmentCandidates - Changing related inputs to worked inputs 0 for 456
18:41:55.660 [pool-1-thread-2] INFO  c.c.core.UnfiredFragmentCandidates - event 456 - Before 0
18:41:55.660 [pool-1-thread-2] INFO  c.c.core.UnfiredFragmentCandidates - event 456 - After 0
18:41:55.660 [pool-1-thread-2] INFO  c.c.core.UnfiredFragmentCandidates - input for 456, 0
18:41:59.516 [pool-1-thread-2] INFO  c.crawljax.core.state.StateMachine - CLONE State detected: state520 and state63 are the same.
18:41:59.531 [pool-1-thread-2] INFO  com.crawljax.core.Crawler -  Event xpath /HTML[1]/BODY[1]/DIV[4]/DIV[1]/DIV[4]/DIV[1]/DIV[1]/DIV[2]/UL[1]/LI[4]/A[1]
18:41:59.562 [pool-1-thread-2] INFO  com.crawljax.core.Crawler - Changing related inputs for 457 with 0  to 0 
18:41:59.712 [pool-1-thread-2] INFO  c.c.core.UnfiredFragmentCandidates - Changing related inputs to worked inputs 0 for 457
18:41:59.712 [pool-1-thread-2] INFO  c.c.core.UnfiredFragmentCandidates - event 457 - Before 0
18:41:59.712 [pool-1-thread-2] INFO  c.c.core.UnfiredFragmentCandidates - event 457 - After 0
18:41:59.712 [pool-1-thread-2] INFO  c.c.core.UnfiredFragmentCandidates - input for 457, 0
18:42:03.540 [pool-1-thread-2] INFO  c.crawljax.core.state.StateMachine - CLONE State detected: state521 and state132 are the same.
18:42:03.556 [pool-1-thread-2] INFO  com.crawljax.core.Crawler -  Event xpath /HTML[1]/BODY[1]/DIV[4]/DIV[1]/DIV[2]/UL[2]/LI[2]/UL[1]/LI[3]/A[1]
18:42:03.583 [pool-1-thread-2] INFO  com.crawljax.core.Crawler - Changing related inputs for 458 with 0  to 0 
18:42:03.724 [pool-1-thread-2] INFO  c.c.core.UnfiredFragmentCandidates - Changing related inputs to worked inputs 0 for 458
18:42:03.724 [pool-1-thread-2] INFO  c.c.core.UnfiredFragmentCandidates - event 458 - Before 0
18:42:03.724 [pool-1-thread-2] INFO  c.c.core.UnfiredFragmentCandidates - event 458 - After 0
18:42:03.724 [pool-1-thread-2] INFO  c.c.core.UnfiredFragmentCandidates - input for 458, 0
18:42:03.787 [pool-1-thread-2] INFO  com.crawljax.core.Crawler - Found an invisible link with href=/accessories
18:42:06.728 [pool-1-thread-2] INFO  c.crawljax.core.state.StateMachine - CLONE State detected: state522 and state88 are the same.
18:42:06.743 [pool-1-thread-2] INFO  com.crawljax.core.Crawler -  Event xpath /HTML[1]/BODY[1]/DIV[4]/DIV[1]/DIV[2]/UL[2]/LI[3]/UL[1]/LI[1]/A[1]
18:42:06.768 [pool-1-thread-2] INFO  com.crawljax.core.Crawler - Changing related inputs for 459 with 0  to 0 
18:42:06.904 [pool-1-thread-2] INFO  c.c.core.UnfiredFragmentCandidates - Changing related inputs to worked inputs 0 for 459
18:42:06.904 [pool-1-thread-2] INFO  c.c.core.UnfiredFragmentCandidates - event 459 - Before 0
18:42:06.904 [pool-1-thread-2] INFO  c.c.core.UnfiredFragmentCandidates - event 459 - After 0
18:42:06.904 [pool-1-thread-2] INFO  c.c.core.UnfiredFragmentCandidates - input for 459, 0
18:42:06.972 [pool-1-thread-2] INFO  com.crawljax.core.Crawler - Found an invisible link with href=/camera-photo
18:42:09.918 [pool-1-thread-2] INFO  c.crawljax.core.state.StateMachine - CLONE State detected: state523 and state119 are the same.
18:42:09.934 [pool-1-thread-2] INFO  c.c.core.UnfiredFragmentCandidates - There are 46 states with unfired actions: [35, 121, 36, 37, 128, 130, 132, 134, 42, 139, 141, 146, 148, 154, 159, 44, 46, 211, 216, 51, 53, 268, 56, 9, 288, 61, 296, 0, 63, 314, 66, 68, 70, 376, 73, 31, 397, 81, 83, 409, 86, 88, 33, 112, 469, 115]
18:42:09.935 [pool-1-thread-2] INFO  com.crawljax.core.Crawler - Resetting the crawler and Going to state state35
18:42:09.950 [pool-1-thread-2] INFO  com.crawljax.core.CrawlSession - Adding CrawlPath to session !!
18:42:09.950 [pool-1-thread-2] INFO  com.crawljax.core.Crawler - BT-state115:-1state9_84_state112state112_82_state115state115_405_state469state469_406_state9state9_407_state132state132_408_state68state68_409_state134state134_410_state63state63_411_state141state141_413_state148state148_414_state141state141_415_state9state9_416_state134state134_417_state68state68_418_state141state141_419_state63state63_420_state148state148_422_state9state9_423_state141state141_424_state68state68_425_state148state148_426_state63state63_428_state68state68_429_state63state63_430_state112state112_431_state130state130_432_state68state68_434_state70state70_435_state130state130_436_state70state70_437_state132state132_438_state70state70_439_state134state134_440_state70state70_441_state141state141_442_state70state70_443_state148state148_444_state68state68_445_state83state83_446_state130state130_447_state83state83_448_state132state132_449_state83state83_450_state134state134_451_state83state83_452_state141state141_453_state83state83_454_state148state148_455_state70state70_456_state63state63_457_state132state132_458_state88state88_459_state119
18:42:12.906 [pool-1-thread-2] INFO  com.crawljax.core.Crawler - index has changed to: state9
18:42:12.906 [pool-1-thread-2] INFO  com.crawljax.core.Crawler - Did not add reload edge from state119 to state9
18:42:12.906 [pool-1-thread-2] INFO  com.crawljax.core.Crawler - Initial state not the same as current state : Getting shortest path from current state
18:42:12.907 [pool-1-thread-2] INFO  c.c.core.UnfiredFragmentCandidates - input map size 459
18:42:12.908 [pool-1-thread-2] INFO  c.c.core.UnfiredFragmentCandidates - input map size 459
18:42:12.908 [pool-1-thread-2] INFO  com.crawljax.core.Crawler - Used a form input combination for backtracking 9
18:42:16.793 [pool-1-thread-2] INFO  com.crawljax.core.Crawler - Crawl depth is now 1
18:42:16.794 [pool-1-thread-2] INFO  c.c.core.UnfiredFragmentCandidates - input map size 459
18:42:16.794 [pool-1-thread-2] INFO  c.c.core.UnfiredFragmentCandidates - input map size 459
18:42:16.794 [pool-1-thread-2] INFO  com.crawljax.core.Crawler - Used a form input combination for backtracking 10
18:42:20.778 [pool-1-thread-2] INFO  com.crawljax.core.Crawler - Crawl depth is now 2
18:42:20.778 [pool-1-thread-2] INFO  c.c.core.UnfiredFragmentCandidates - input map size 459
18:42:20.778 [pool-1-thread-2] INFO  c.c.core.UnfiredFragmentCandidates - input map size 459
18:42:20.778 [pool-1-thread-2] INFO  com.crawljax.core.Crawler - Used a form input combination for backtracking 11
18:42:24.609 [pool-1-thread-2] INFO  com.crawljax.core.Crawler - Crawl depth is now 3
18:42:24.610 [pool-1-thread-2] INFO  c.c.core.UnfiredFragmentCandidates - input map size 459
18:42:24.610 [pool-1-thread-2] INFO  c.c.core.UnfiredFragmentCandidates - input map size 459
18:42:24.610 [pool-1-thread-2] INFO  com.crawljax.core.Crawler - Used a form input combination for backtracking 12
18:42:30.143 [pool-1-thread-2] INFO  com.crawljax.core.Crawler - Crawl depth is now 4
18:42:30.144 [pool-1-thread-2] INFO  c.c.core.UnfiredFragmentCandidates - input map size 459
18:42:30.144 [pool-1-thread-2] INFO  c.c.core.UnfiredFragmentCandidates - input map size 459
18:42:30.144 [pool-1-thread-2] INFO  com.crawljax.core.Crawler - Used a form input combination for backtracking 13
18:42:33.954 [pool-1-thread-2] INFO  com.crawljax.core.Crawler - Crawl depth is now 5
18:42:33.954 [pool-1-thread-2] INFO  com.crawljax.core.Crawler - backtrack status: true, reached NearDuplicate : -1 
18:42:33.955 [pool-1-thread-2] INFO  com.crawljax.core.Crawler -  Event xpath /HTML[1]/BODY[1]/DIV[4]/DIV[1]/DIV[1]/DIV[2]/DIV[1]/UL[1]/LI[3]/A[1]
18:42:34.007 [pool-1-thread-2] INFO  com.crawljax.core.Crawler - Changing related inputs for 460 with 0  to 0 
18:42:34.134 [pool-1-thread-2] INFO  c.c.core.UnfiredFragmentCandidates - Changing related inputs to worked inputs 0 for 460
18:42:34.134 [pool-1-thread-2] INFO  c.c.core.UnfiredFragmentCandidates - event 460 - Before 0
18:42:34.134 [pool-1-thread-2] INFO  c.c.core.UnfiredFragmentCandidates - event 460 - After 0
18:42:34.134 [pool-1-thread-2] INFO  c.c.core.UnfiredFragmentCandidates - input for 460, 0
18:42:37.798 [pool-1-thread-2] INFO  c.crawljax.core.state.StateMachine - CLONE State detected: state525 and state46 are the same.
18:42:37.813 [pool-1-thread-2] INFO  com.crawljax.core.Crawler -  Event xpath /HTML[1]/BODY[1]/DIV[4]/DIV[1]/DIV[2]/DIV[1]/A[1]
18:42:37.846 [pool-1-thread-2] INFO  com.crawljax.core.Crawler - Changing related inputs for 461 with 0  to 0 
18:42:37.983 [pool-1-thread-2] INFO  c.c.core.UnfiredFragmentCandidates - Changing related inputs to worked inputs 0 for 461
18:42:37.983 [pool-1-thread-2] INFO  c.c.core.UnfiredFragmentCandidates - event 461 - Before 0
18:42:37.983 [pool-1-thread-2] INFO  c.c.core.UnfiredFragmentCandidates - event 461 - After 0
18:42:37.983 [pool-1-thread-2] INFO  c.c.core.UnfiredFragmentCandidates - input for 461, 0
18:42:38.047 [pool-1-thread-2] INFO  com.crawljax.core.Crawler - Found an invisible link with href=
18:42:41.058 [pool-1-thread-2] INFO  c.crawljax.core.state.StateMachine - CLONE State detected: state526 and state9 are the same.
18:42:41.073 [pool-1-thread-2] INFO  com.crawljax.core.Crawler -  Event xpath /HTML[1]/BODY[1]/DIV[4]/DIV[1]/DIV[4]/DIV[1]/DIV[1]/DIV[2]/UL[1]/LI[7]/A[1]
18:42:41.111 [pool-1-thread-2] INFO  com.crawljax.core.Crawler - Changing related inputs for 462 with 0  to 0 
18:42:41.242 [pool-1-thread-2] INFO  c.c.core.UnfiredFragmentCandidates - Changing related inputs to worked inputs 0 for 462
18:42:41.242 [pool-1-thread-2] INFO  c.c.core.UnfiredFragmentCandidates - event 462 - Before 0
18:42:41.242 [pool-1-thread-2] INFO  c.c.core.UnfiredFragmentCandidates - event 462 - After 0
18:42:41.242 [pool-1-thread-2] INFO  c.c.core.UnfiredFragmentCandidates - input for 462, 0
18:42:45.033 [pool-1-thread-2] INFO  c.crawljax.core.state.StateMachine - CLONE State detected: state527 and state148 are the same.
18:42:45.048 [pool-1-thread-2] INFO  com.crawljax.core.Crawler -  Event xpath /HTML[1]/BODY[1]/DIV[4]/DIV[1]/DIV[2]/UL[2]/LI[2]/UL[1]/LI[2]/A[1]
18:42:45.075 [pool-1-thread-2] INFO  com.crawljax.core.Crawler - Changing related inputs for 463 with 0  to 0 
18:42:45.214 [pool-1-thread-2] INFO  c.c.core.UnfiredFragmentCandidates - Changing related inputs to worked inputs 0 for 463
18:42:45.214 [pool-1-thread-2] INFO  c.c.core.UnfiredFragmentCandidates - event 463 - Before 0
18:42:45.214 [pool-1-thread-2] INFO  c.c.core.UnfiredFragmentCandidates - event 463 - After 0
18:42:45.214 [pool-1-thread-2] INFO  c.c.core.UnfiredFragmentCandidates - input for 463, 0
18:42:45.286 [pool-1-thread-2] INFO  com.crawljax.core.Crawler - Found an invisible link with href=/notebooks
18:42:48.240 [pool-1-thread-2] INFO  c.crawljax.core.state.StateMachine - CLONE State detected: state528 and state83 are the same.
18:42:48.257 [pool-1-thread-2] INFO  com.crawljax.core.Crawler -  Event xpath /HTML[1]/BODY[1]/DIV[4]/DIV[1]/DIV[4]/DIV[1]/DIV[1]/DIV[2]/UL[1]/LI[1]/A[1]
18:42:48.288 [pool-1-thread-2] INFO  com.crawljax.core.Crawler - Changing related inputs for 464 with 0  to 0 
18:42:48.436 [pool-1-thread-2] INFO  c.c.core.UnfiredFragmentCandidates - Changing related inputs to worked inputs 0 for 464
18:42:48.436 [pool-1-thread-2] INFO  c.c.core.UnfiredFragmentCandidates - event 464 - Before 0
18:42:48.436 [pool-1-thread-2] INFO  c.c.core.UnfiredFragmentCandidates - event 464 - After 0
18:42:48.436 [pool-1-thread-2] INFO  c.c.core.UnfiredFragmentCandidates - input for 464, 0
18:42:52.295 [pool-1-thread-2] INFO  c.crawljax.core.state.StateMachine - CLONE State detected: state529 and state63 are the same.
18:42:52.319 [pool-1-thread-2] INFO  com.crawljax.core.Crawler -  Event xpath /HTML[1]/BODY[1]/DIV[4]/DIV[1]/DIV[4]/DIV[1]/DIV[1]/DIV[2]/UL[1]/LI[5]/A[1]
18:42:52.347 [pool-1-thread-2] INFO  com.crawljax.core.Crawler - Changing related inputs for 465 with 0  to 0 
18:42:52.498 [pool-1-thread-2] INFO  c.c.core.UnfiredFragmentCandidates - Changing related inputs to worked inputs 0 for 465
18:42:52.498 [pool-1-thread-2] INFO  c.c.core.UnfiredFragmentCandidates - event 465 - Before 0
18:42:52.498 [pool-1-thread-2] INFO  c.c.core.UnfiredFragmentCandidates - event 465 - After 0
18:42:52.498 [pool-1-thread-2] INFO  c.c.core.UnfiredFragmentCandidates - input for 465, 0
18:42:56.309 [pool-1-thread-2] INFO  c.crawljax.core.state.StateMachine - CLONE State detected: state530 and state134 are the same.
18:42:56.325 [pool-1-thread-2] INFO  com.crawljax.core.Crawler -  Event xpath /HTML[1]/BODY[1]/DIV[4]/DIV[1]/DIV[2]/UL[2]/LI[2]/UL[1]/LI[3]/A[1]
18:42:56.351 [pool-1-thread-2] INFO  com.crawljax.core.Crawler - Changing related inputs for 466 with 0  to 0 
18:42:56.481 [pool-1-thread-2] INFO  c.c.core.UnfiredFragmentCandidates - Changing related inputs to worked inputs 0 for 466
18:42:56.482 [pool-1-thread-2] INFO  c.c.core.UnfiredFragmentCandidates - event 466 - Before 0
18:42:56.482 [pool-1-thread-2] INFO  c.c.core.UnfiredFragmentCandidates - event 466 - After 0
18:42:56.482 [pool-1-thread-2] INFO  c.c.core.UnfiredFragmentCandidates - input for 466, 0
18:42:56.533 [pool-1-thread-2] INFO  com.crawljax.core.Crawler - Found an invisible link with href=/accessories
18:42:59.507 [pool-1-thread-2] INFO  c.crawljax.core.state.StateMachine - CLONE State detected: state531 and state88 are the same.
18:42:59.520 [pool-1-thread-2] INFO  com.crawljax.core.Crawler -  Event xpath /HTML[1]/BODY[1]/DIV[4]/DIV[1]/DIV[2]/UL[2]/LI[3]/UL[1]/LI[2]/A[1]
18:42:59.548 [pool-1-thread-2] INFO  com.crawljax.core.Crawler - Changing related inputs for 467 with 0  to 0 
18:42:59.660 [pool-1-thread-2] INFO  c.c.core.UnfiredFragmentCandidates - Changing related inputs to worked inputs 0 for 467
18:42:59.660 [pool-1-thread-2] INFO  c.c.core.UnfiredFragmentCandidates - event 467 - Before 0
18:42:59.660 [pool-1-thread-2] INFO  c.c.core.UnfiredFragmentCandidates - event 467 - After 0
18:42:59.660 [pool-1-thread-2] INFO  c.c.core.UnfiredFragmentCandidates - input for 467, 0
18:42:59.718 [pool-1-thread-2] INFO  com.crawljax.core.Crawler - Found an invisible link with href=/cell-phones
18:43:04.449 [pool-1-thread-2] INFO  c.crawljax.core.state.StateMachine - CLONE State detected: state532 and state130 are the same.
18:43:04.459 [pool-1-thread-2] INFO  com.crawljax.core.Crawler -  Event xpath /HTML[1]/BODY[1]/DIV[4]/DIV[1]/DIV[2]/UL[2]/LI[2]/UL[1]/LI[3]/A[1]
18:43:04.481 [pool-1-thread-2] INFO  com.crawljax.core.Crawler - Changing related inputs for 468 with 0  to 0 
18:43:04.604 [pool-1-thread-2] INFO  c.c.core.UnfiredFragmentCandidates - Changing related inputs to worked inputs 0 for 468
18:43:04.604 [pool-1-thread-2] INFO  c.c.core.UnfiredFragmentCandidates - event 468 - Before 0
18:43:04.604 [pool-1-thread-2] INFO  c.c.core.UnfiredFragmentCandidates - event 468 - After 0
18:43:04.604 [pool-1-thread-2] INFO  c.c.core.UnfiredFragmentCandidates - input for 468, 0
18:43:04.664 [pool-1-thread-2] INFO  com.crawljax.core.Crawler - Found an invisible link with href=/accessories
18:43:07.622 [pool-1-thread-2] INFO  c.crawljax.core.state.StateMachine - CLONE State detected: state533 and state88 are the same.
18:43:07.634 [pool-1-thread-2] INFO  com.crawljax.core.Crawler -  Event xpath /HTML[1]/BODY[1]/DIV[4]/DIV[1]/DIV[2]/UL[2]/LI[4]/A[1]
18:43:07.663 [pool-1-thread-2] INFO  com.crawljax.core.Crawler - Changing related inputs for 469 with 0  to 0 
18:43:07.776 [pool-1-thread-2] INFO  c.c.core.UnfiredFragmentCandidates - Changing related inputs to worked inputs 0 for 469
18:43:07.777 [pool-1-thread-2] INFO  c.c.core.UnfiredFragmentCandidates - event 469 - Before 0
18:43:07.777 [pool-1-thread-2] INFO  c.c.core.UnfiredFragmentCandidates - event 469 - After 0
18:43:07.777 [pool-1-thread-2] INFO  c.c.core.UnfiredFragmentCandidates - input for 469, 0
18:43:07.830 [pool-1-thread-2] INFO  com.crawljax.core.Crawler - Found an invisible link with href=/apparel-shoes
18:43:10.842 [pool-1-thread-2] INFO  c.crawljax.core.state.StateMachine - CLONE State detected: state534 and state132 are the same.
18:43:10.859 [pool-1-thread-2] INFO  com.crawljax.core.Crawler -  Event xpath /HTML[1]/BODY[1]/DIV[4]/DIV[1]/DIV[2]/UL[2]/LI[3]/A[1]
18:43:10.902 [pool-1-thread-2] INFO  com.crawljax.core.Crawler - Changing related inputs for 470 with 0  to 0 
18:43:11.026 [pool-1-thread-2] INFO  c.c.core.UnfiredFragmentCandidates - Changing related inputs to worked inputs 0 for 470
18:43:11.026 [pool-1-thread-2] INFO  c.c.core.UnfiredFragmentCandidates - event 470 - Before 0
18:43:11.026 [pool-1-thread-2] INFO  c.c.core.UnfiredFragmentCandidates - event 470 - After 0
18:43:11.026 [pool-1-thread-2] INFO  c.c.core.UnfiredFragmentCandidates - input for 470, 0
18:43:11.098 [pool-1-thread-2] INFO  com.crawljax.core.Crawler - Found an invisible link with href=/electronics
18:43:14.036 [pool-1-thread-2] INFO  c.crawljax.core.state.StateMachine - CLONE State detected: state535 and state112 are the same.
18:43:14.051 [pool-1-thread-2] INFO  com.crawljax.core.Crawler -  Event xpath /HTML[1]/BODY[1]/DIV[4]/DIV[1]/DIV[2]/UL[2]/LI[4]/A[1]
18:43:14.080 [pool-1-thread-2] INFO  com.crawljax.core.Crawler - Changing related inputs for 471 with 0  to 0 
18:43:14.216 [pool-1-thread-2] INFO  c.c.core.UnfiredFragmentCandidates - Changing related inputs to worked inputs 0 for 471
18:43:14.217 [pool-1-thread-2] INFO  c.c.core.UnfiredFragmentCandidates - event 471 - Before 0
18:43:14.217 [pool-1-thread-2] INFO  c.c.core.UnfiredFragmentCandidates - event 471 - After 0
18:43:14.217 [pool-1-thread-2] INFO  c.c.core.UnfiredFragmentCandidates - input for 471, 0
18:43:14.281 [pool-1-thread-2] INFO  com.crawljax.core.Crawler - Found an invisible link with href=/apparel-shoes
18:43:17.244 [pool-1-thread-2] INFO  c.crawljax.core.state.StateMachine - CLONE State detected: state536 and state132 are the same.
18:43:17.272 [pool-1-thread-2] INFO  com.crawljax.core.Crawler -  Event xpath /HTML[1]/BODY[1]/DIV[4]/DIV[1]/DIV[2]/UL[2]/LI[3]/UL[1]/LI[1]/A[1]
18:43:17.301 [pool-1-thread-2] INFO  com.crawljax.core.Crawler - Changing related inputs for 472 with 0  to 0 
18:43:17.429 [pool-1-thread-2] INFO  c.c.core.UnfiredFragmentCandidates - Changing related inputs to worked inputs 0 for 472
18:43:17.429 [pool-1-thread-2] INFO  c.c.core.UnfiredFragmentCandidates - event 472 - Before 0
18:43:17.429 [pool-1-thread-2] INFO  c.c.core.UnfiredFragmentCandidates - event 472 - After 0
18:43:17.429 [pool-1-thread-2] INFO  c.c.core.UnfiredFragmentCandidates - input for 472, 0
18:43:17.495 [pool-1-thread-2] INFO  com.crawljax.core.Crawler - Found an invisible link with href=/camera-photo
18:43:20.488 [pool-1-thread-2] INFO  c.crawljax.core.state.StateMachine - CLONE State detected: state537 and state119 are the same.
18:43:20.504 [pool-1-thread-2] INFO  c.c.core.UnfiredFragmentCandidates - There are 46 states with unfired actions: [121, 36, 37, 128, 130, 132, 134, 42, 139, 141, 146, 148, 154, 159, 44, 46, 211, 216, 51, 53, 268, 56, 9, 288, 61, 296, 0, 63, 314, 66, 68, 70, 376, 73, 31, 397, 81, 83, 409, 86, 88, 33, 112, 469, 115, 35]
18:43:20.504 [pool-1-thread-2] INFO  com.crawljax.core.Crawler - Resetting the crawler and Going to state state121
18:43:20.517 [pool-1-thread-2] INFO  com.crawljax.core.CrawlSession - Adding CrawlPath to session !!
18:43:20.517 [pool-1-thread-2] INFO  com.crawljax.core.Crawler - BT-state35:-1state9_9_state31state31_10_state32state32_11_state33state33_12_state34state34_13_state35state35_460_state46state46_461_state9state9_462_state148state148_463_state83state83_464_state63state63_465_state134state134_466_state88state88_467_state130state130_468_state88state88_469_state132state132_470_state112state112_471_state132state132_472_state119
18:43:23.520 [pool-1-thread-2] INFO  com.crawljax.core.Crawler - index has changed to: state9
18:43:23.521 [pool-1-thread-2] INFO  com.crawljax.core.Crawler - Did not add reload edge from state119 to state9
18:43:23.521 [pool-1-thread-2] INFO  com.crawljax.core.Crawler - Initial state not the same as current state : Getting shortest path from current state
18:43:23.523 [pool-1-thread-2] INFO  c.c.core.UnfiredFragmentCandidates - input map size 472
18:43:23.523 [pool-1-thread-2] INFO  c.c.core.UnfiredFragmentCandidates - input map size 472
18:43:23.523 [pool-1-thread-2] INFO  com.crawljax.core.Crawler - Used a form input combination for backtracking 9
18:43:27.278 [pool-1-thread-2] INFO  com.crawljax.core.Crawler - Crawl depth is now 1
18:43:27.279 [pool-1-thread-2] INFO  c.c.core.UnfiredFragmentCandidates - input map size 472
18:43:27.279 [pool-1-thread-2] INFO  c.c.core.UnfiredFragmentCandidates - input map size 472
18:43:27.279 [pool-1-thread-2] INFO  com.crawljax.core.Crawler - Used a form input combination for backtracking 10
18:43:31.089 [pool-1-thread-2] INFO  com.crawljax.core.Crawler - Crawl depth is now 2
18:43:31.090 [pool-1-thread-2] INFO  c.c.core.UnfiredFragmentCandidates - input map size 472
18:43:31.090 [pool-1-thread-2] INFO  c.c.core.UnfiredFragmentCandidates - input map size 472
18:43:31.090 [pool-1-thread-2] INFO  com.crawljax.core.Crawler - Used a form input combination for backtracking 11
18:43:36.606 [pool-1-thread-2] INFO  com.crawljax.core.Crawler - Crawl depth is now 3
18:43:36.606 [pool-1-thread-2] INFO  c.c.core.UnfiredFragmentCandidates - input map size 472
18:43:36.606 [pool-1-thread-2] INFO  c.c.core.UnfiredFragmentCandidates - input map size 472
18:43:36.606 [pool-1-thread-2] INFO  com.crawljax.core.Crawler - Used a form input combination for backtracking 12
18:43:40.461 [pool-1-thread-2] INFO  com.crawljax.core.Crawler - Crawl depth is now 4
18:43:40.462 [pool-1-thread-2] INFO  c.c.core.UnfiredFragmentCandidates - input map size 472
18:43:40.462 [pool-1-thread-2] INFO  c.c.core.UnfiredFragmentCandidates - input map size 472
18:43:40.462 [pool-1-thread-2] INFO  com.crawljax.core.Crawler - Used a form input combination for backtracking 13
18:43:44.227 [pool-1-thread-2] INFO  com.crawljax.core.Crawler - Crawl depth is now 5
18:43:44.227 [pool-1-thread-2] INFO  c.c.core.UnfiredFragmentCandidates - input map size 472
18:43:44.227 [pool-1-thread-2] INFO  c.c.core.UnfiredFragmentCandidates - input map size 472
18:43:44.227 [pool-1-thread-2] INFO  com.crawljax.core.Crawler - Used a form input combination for backtracking 14
18:43:47.969 [pool-1-thread-2] INFO  com.crawljax.core.Crawler - Crawl depth is now 6
18:43:47.969 [pool-1-thread-2] INFO  c.c.core.UnfiredFragmentCandidates - input map size 472
18:43:47.969 [pool-1-thread-2] INFO  c.c.core.UnfiredFragmentCandidates - input map size 472
18:43:47.969 [pool-1-thread-2] INFO  com.crawljax.core.Crawler - Used a form input combination for backtracking 87
18:43:51.780 [pool-1-thread-2] INFO  com.crawljax.core.Crawler - Crawl depth is now 7
18:43:51.780 [pool-1-thread-2] INFO  com.crawljax.core.Crawler - backtrack status: true, reached NearDuplicate : -1 
18:43:51.780 [pool-1-thread-2] INFO  com.crawljax.core.Crawler -  Event xpath /HTML[1]/BODY[1]/DIV[4]/DIV[1]/DIV[1]/DIV[2]/DIV[1]/UL[1]/LI[1]/A[1]
18:43:51.809 [pool-1-thread-2] INFO  com.crawljax.core.Crawler - Changing related inputs for 473 with 0  to 0 
18:43:51.943 [pool-1-thread-2] INFO  c.c.core.UnfiredFragmentCandidates - Changing related inputs to worked inputs 0 for 473
18:43:51.944 [pool-1-thread-2] INFO  c.c.core.UnfiredFragmentCandidates - event 473 - Before 0
18:43:51.944 [pool-1-thread-2] INFO  c.c.core.UnfiredFragmentCandidates - event 473 - After 0
18:43:51.944 [pool-1-thread-2] INFO  c.c.core.UnfiredFragmentCandidates - input for 473, 0
18:43:55.653 [pool-1-thread-2] INFO  c.c.c.state.InMemoryStateFlowGraph - Number of states in the graph is now 64
18:43:55.654 [pool-1-thread-2] INFO  c.crawljax.core.state.StateMachine - State state539 added to the StateMachine.
18:43:55.819 [pool-1-thread-2] INFO  com.crawljax.core.Crawler - New DOM is a new state! crawl depth is now 8
18:43:55.833 [pool-1-thread-2] INFO  c.c.core.UnfiredFragmentCandidates - There are 46 states with unfired actions: [36, 37, 128, 130, 132, 134, 42, 139, 141, 146, 148, 154, 159, 44, 46, 211, 216, 51, 53, 268, 56, 9, 288, 61, 296, 0, 63, 314, 66, 68, 70, 376, 73, 31, 397, 81, 83, 409, 86, 88, 33, 112, 469, 115, 35, 121]
18:43:55.834 [pool-1-thread-2] INFO  com.crawljax.core.Crawler - Resetting the crawler and Going to state state36
18:43:55.848 [pool-1-thread-2] INFO  com.crawljax.core.CrawlSession - Adding CrawlPath to session !!
18:43:55.849 [pool-1-thread-2] INFO  com.crawljax.core.Crawler - BT-state121:-1state9_9_state31state31_10_state32state32_11_state33state33_12_state34state34_13_state35state35_14_state36state36_87_state121state121_473_state539
18:43:58.731 [pool-1-thread-2] INFO  com.crawljax.core.Crawler - index has changed to: state9
18:43:58.732 [pool-1-thread-2] INFO  com.crawljax.core.Crawler - Added a reload edge from state539 to state9
18:43:58.732 [pool-1-thread-2] INFO  com.crawljax.core.Crawler - Initial state not the same as current state : Getting shortest path from current state
18:43:58.734 [pool-1-thread-2] INFO  c.c.core.UnfiredFragmentCandidates - input map size 473
18:43:58.734 [pool-1-thread-2] INFO  c.c.core.UnfiredFragmentCandidates - input map size 473
18:43:58.734 [pool-1-thread-2] INFO  com.crawljax.core.Crawler - Used a form input combination for backtracking 9
18:44:02.558 [pool-1-thread-2] INFO  com.crawljax.core.Crawler - Crawl depth is now 1
18:44:02.558 [pool-1-thread-2] INFO  c.c.core.UnfiredFragmentCandidates - input map size 473
18:44:02.558 [pool-1-thread-2] INFO  c.c.core.UnfiredFragmentCandidates - input map size 473
18:44:02.558 [pool-1-thread-2] INFO  com.crawljax.core.Crawler - Used a form input combination for backtracking 10
18:44:06.401 [pool-1-thread-2] INFO  com.crawljax.core.Crawler - Crawl depth is now 2
18:44:06.401 [pool-1-thread-2] INFO  c.c.core.UnfiredFragmentCandidates - input map size 473
18:44:06.401 [pool-1-thread-2] INFO  c.c.core.UnfiredFragmentCandidates - input map size 473
18:44:06.401 [pool-1-thread-2] INFO  com.crawljax.core.Crawler - Used a form input combination for backtracking 11
18:44:11.923 [pool-1-thread-2] INFO  com.crawljax.core.Crawler - Crawl depth is now 3
18:44:11.923 [pool-1-thread-2] INFO  c.c.core.UnfiredFragmentCandidates - input map size 473
18:44:11.923 [pool-1-thread-2] INFO  c.c.core.UnfiredFragmentCandidates - input map size 473
18:44:11.923 [pool-1-thread-2] INFO  com.crawljax.core.Crawler - Used a form input combination for backtracking 12
18:44:15.724 [pool-1-thread-2] INFO  com.crawljax.core.Crawler - Crawl depth is now 4
18:44:15.724 [pool-1-thread-2] INFO  c.c.core.UnfiredFragmentCandidates - input map size 473
18:44:15.724 [pool-1-thread-2] INFO  c.c.core.UnfiredFragmentCandidates - input map size 473
18:44:15.724 [pool-1-thread-2] INFO  com.crawljax.core.Crawler - Used a form input combination for backtracking 13
18:44:19.532 [pool-1-thread-2] INFO  com.crawljax.core.Crawler - Crawl depth is now 5
18:44:19.532 [pool-1-thread-2] INFO  c.c.core.UnfiredFragmentCandidates - input map size 473
18:44:19.532 [pool-1-thread-2] INFO  c.c.core.UnfiredFragmentCandidates - input map size 473
18:44:19.532 [pool-1-thread-2] INFO  com.crawljax.core.Crawler - Used a form input combination for backtracking 14
18:44:23.251 [pool-1-thread-2] INFO  com.crawljax.core.Crawler - Crawl depth is now 6
18:44:23.251 [pool-1-thread-2] INFO  com.crawljax.core.Crawler - backtrack status: true, reached NearDuplicate : -1 
18:44:23.252 [pool-1-thread-2] INFO  com.crawljax.core.Crawler -  Event xpath /HTML[1]/BODY[1]/DIV[4]/DIV[1]/DIV[1]/DIV[2]/DIV[1]/UL[1]/LI[2]/A[1]
18:44:23.283 [pool-1-thread-2] INFO  com.crawljax.core.Crawler - Changing related inputs for 474 with 0  to 0 
18:44:23.399 [pool-1-thread-2] INFO  c.c.core.UnfiredFragmentCandidates - Changing related inputs to worked inputs 0 for 474
18:44:23.399 [pool-1-thread-2] INFO  c.c.core.UnfiredFragmentCandidates - event 474 - Before 0
18:44:23.400 [pool-1-thread-2] INFO  c.c.core.UnfiredFragmentCandidates - event 474 - After 0
18:44:23.400 [pool-1-thread-2] INFO  c.c.core.UnfiredFragmentCandidates - input for 474, 0
18:44:27.185 [pool-1-thread-2] INFO  c.crawljax.core.state.StateMachine - CLONE State detected: state541 and state44 are the same.
18:44:27.198 [pool-1-thread-2] INFO  com.crawljax.core.Crawler -  Event xpath /HTML[1]/BODY[1]/DIV[4]/DIV[1]/DIV[2]/UL[2]/LI[2]/UL[1]/LI[1]/A[1]
18:44:27.222 [pool-1-thread-2] INFO  com.crawljax.core.Crawler - Changing related inputs for 475 with 0  to 0 
18:44:27.327 [pool-1-thread-2] INFO  c.c.core.UnfiredFragmentCandidates - Changing related inputs to worked inputs 0 for 475
18:44:27.327 [pool-1-thread-2] INFO  c.c.core.UnfiredFragmentCandidates - event 475 - Before 0
18:44:27.327 [pool-1-thread-2] INFO  c.c.core.UnfiredFragmentCandidates - event 475 - After 0
18:44:27.327 [pool-1-thread-2] INFO  c.c.core.UnfiredFragmentCandidates - input for 475, 0
18:44:27.394 [pool-1-thread-2] INFO  com.crawljax.core.Crawler - Found an invisible link with href=/desktops
18:44:30.366 [pool-1-thread-2] INFO  c.crawljax.core.state.StateMachine - CLONE State detected: state542 and state70 are the same.
18:44:30.382 [pool-1-thread-2] INFO  com.crawljax.core.Crawler -  Event xpath /HTML[1]/BODY[1]/DIV[4]/DIV[1]/DIV[4]/DIV[1]/DIV[1]/DIV[2]/UL[1]/LI[2]/A[1]
18:44:30.414 [pool-1-thread-2] INFO  com.crawljax.core.Crawler - Changing related inputs for 476 with 0  to 0 
18:44:30.565 [pool-1-thread-2] INFO  c.c.core.UnfiredFragmentCandidates - Changing related inputs to worked inputs 0 for 476
18:44:30.565 [pool-1-thread-2] INFO  c.c.core.UnfiredFragmentCandidates - event 476 - Before 0
18:44:30.565 [pool-1-thread-2] INFO  c.c.core.UnfiredFragmentCandidates - event 476 - After 0
18:44:30.565 [pool-1-thread-2] INFO  c.c.core.UnfiredFragmentCandidates - input for 476, 0
18:44:34.358 [pool-1-thread-2] INFO  c.crawljax.core.state.StateMachine - CLONE State detected: state543 and state68 are the same.
18:44:34.375 [pool-1-thread-2] INFO  com.crawljax.core.Crawler -  Event xpath /HTML[1]/BODY[1]/DIV[4]/DIV[1]/DIV[4]/DIV[1]/DIV[1]/DIV[2]/UL[1]/LI[2]/UL[1]/LI[3]/A[1]
18:44:34.404 [pool-1-thread-2] INFO  com.crawljax.core.Crawler - Changing related inputs for 477 with 0  to 0 
18:44:34.553 [pool-1-thread-2] INFO  c.c.core.UnfiredFragmentCandidates - Changing related inputs to worked inputs 0 for 477
18:44:34.553 [pool-1-thread-2] INFO  c.c.core.UnfiredFragmentCandidates - event 477 - Before 0
18:44:34.553 [pool-1-thread-2] INFO  c.c.core.UnfiredFragmentCandidates - event 477 - After 0
18:44:34.553 [pool-1-thread-2] INFO  c.c.core.UnfiredFragmentCandidates - input for 477, 0
18:44:38.512 [pool-1-thread-2] INFO  c.crawljax.core.state.StateMachine - CLONE State detected: state544 and state88 are the same.
18:44:38.529 [pool-1-thread-2] INFO  com.crawljax.core.Crawler -  Event xpath /HTML[1]/BODY[1]/DIV[4]/DIV[1]/DIV[2]/UL[2]/LI[5]/A[1]
18:44:38.565 [pool-1-thread-2] INFO  com.crawljax.core.Crawler - Changing related inputs for 478 with 0  to 0 
18:44:38.705 [pool-1-thread-2] INFO  c.c.core.UnfiredFragmentCandidates - Changing related inputs to worked inputs 0 for 478
18:44:38.705 [pool-1-thread-2] INFO  c.c.core.UnfiredFragmentCandidates - event 478 - Before 0
18:44:38.705 [pool-1-thread-2] INFO  c.c.core.UnfiredFragmentCandidates - event 478 - After 0
18:44:38.705 [pool-1-thread-2] INFO  c.c.core.UnfiredFragmentCandidates - input for 478, 0
18:44:38.782 [pool-1-thread-2] INFO  com.crawljax.core.Crawler - Found an invisible link with href=/digital-downloads
18:44:43.394 [pool-1-thread-2] INFO  c.crawljax.core.state.StateMachine - CLONE State detected: state545 and state134 are the same.
18:44:43.409 [pool-1-thread-2] INFO  com.crawljax.core.Crawler -  Event xpath /HTML[1]/BODY[1]/DIV[4]/DIV[1]/DIV[2]/UL[2]/LI[3]/A[1]
18:44:43.436 [pool-1-thread-2] INFO  com.crawljax.core.Crawler - Changing related inputs for 479 with 0  to 0 
18:44:43.570 [pool-1-thread-2] INFO  c.c.core.UnfiredFragmentCandidates - Changing related inputs to worked inputs 0 for 479
18:44:43.571 [pool-1-thread-2] INFO  c.c.core.UnfiredFragmentCandidates - event 479 - Before 0
18:44:43.571 [pool-1-thread-2] INFO  c.c.core.UnfiredFragmentCandidates - event 479 - After 0
18:44:43.571 [pool-1-thread-2] INFO  c.c.core.UnfiredFragmentCandidates - input for 479, 0
18:44:43.634 [pool-1-thread-2] INFO  com.crawljax.core.Crawler - Found an invisible link with href=/electronics
18:44:46.573 [pool-1-thread-2] INFO  c.crawljax.core.state.StateMachine - CLONE State detected: state546 and state112 are the same.
18:44:46.589 [pool-1-thread-2] INFO  com.crawljax.core.Crawler -  Event xpath /HTML[1]/BODY[1]/DIV[4]/DIV[1]/DIV[2]/UL[2]/LI[5]/A[1]
18:44:46.615 [pool-1-thread-2] INFO  com.crawljax.core.Crawler - Changing related inputs for 480 with 0  to 0 
18:44:46.757 [pool-1-thread-2] INFO  c.c.core.UnfiredFragmentCandidates - Changing related inputs to worked inputs 0 for 480
18:44:46.757 [pool-1-thread-2] INFO  c.c.core.UnfiredFragmentCandidates - event 480 - Before 0
18:44:46.757 [pool-1-thread-2] INFO  c.c.core.UnfiredFragmentCandidates - event 480 - After 0
18:44:46.757 [pool-1-thread-2] INFO  c.c.core.UnfiredFragmentCandidates - input for 480, 0
18:44:46.826 [pool-1-thread-2] INFO  com.crawljax.core.Crawler - Found an invisible link with href=/digital-downloads
18:44:49.801 [pool-1-thread-2] INFO  c.crawljax.core.state.StateMachine - CLONE State detected: state547 and state134 are the same.
18:44:49.827 [pool-1-thread-2] INFO  com.crawljax.core.Crawler -  Event xpath /HTML[1]/BODY[1]/DIV[4]/DIV[1]/DIV[2]/UL[2]/LI[3]/UL[1]/LI[1]/A[1]
18:44:49.855 [pool-1-thread-2] INFO  com.crawljax.core.Crawler - Changing related inputs for 481 with 0  to 0 
18:44:49.991 [pool-1-thread-2] INFO  c.c.core.UnfiredFragmentCandidates - Changing related inputs to worked inputs 0 for 481
18:44:49.991 [pool-1-thread-2] INFO  c.c.core.UnfiredFragmentCandidates - event 481 - Before 0
18:44:49.991 [pool-1-thread-2] INFO  c.c.core.UnfiredFragmentCandidates - event 481 - After 0
18:44:49.991 [pool-1-thread-2] INFO  c.c.core.UnfiredFragmentCandidates - input for 481, 0
18:44:50.054 [pool-1-thread-2] INFO  com.crawljax.core.Crawler - Found an invisible link with href=/camera-photo
18:44:53.031 [pool-1-thread-2] INFO  c.crawljax.core.state.StateMachine - CLONE State detected: state548 and state119 are the same.
18:44:53.046 [pool-1-thread-2] INFO  c.c.core.UnfiredFragmentCandidates - There are 46 states with unfired actions: [37, 128, 130, 132, 134, 42, 139, 141, 146, 148, 154, 159, 44, 46, 211, 216, 51, 53, 268, 56, 9, 288, 61, 296, 0, 63, 314, 66, 68, 70, 376, 73, 31, 397, 81, 83, 409, 86, 88, 33, 112, 469, 115, 35, 121, 36]
18:44:53.046 [pool-1-thread-2] INFO  com.crawljax.core.Crawler - Resetting the crawler and Going to state state37
18:44:53.062 [pool-1-thread-2] INFO  com.crawljax.core.CrawlSession - Adding CrawlPath to session !!
18:44:53.062 [pool-1-thread-2] INFO  com.crawljax.core.Crawler - BT-state36:-1state9_9_state31state31_10_state32state32_11_state33state33_12_state34state34_13_state35state35_14_state36state36_474_state44state44_475_state70state70_476_state68state68_477_state88state88_478_state134state134_479_state112state112_480_state134state134_481_state119
18:44:55.949 [pool-1-thread-2] INFO  com.crawljax.core.Crawler - index has changed to: state9
18:44:55.949 [pool-1-thread-2] INFO  com.crawljax.core.Crawler - Did not add reload edge from state119 to state9
18:44:55.949 [pool-1-thread-2] INFO  com.crawljax.core.Crawler - Initial state not the same as current state : Getting shortest path from current state
18:44:55.951 [pool-1-thread-2] INFO  c.c.core.UnfiredFragmentCandidates - input map size 481
18:44:55.951 [pool-1-thread-2] INFO  c.c.core.UnfiredFragmentCandidates - input map size 481
18:44:55.951 [pool-1-thread-2] INFO  com.crawljax.core.Crawler - Used a form input combination for backtracking 9
18:44:59.771 [pool-1-thread-2] INFO  com.crawljax.core.Crawler - Crawl depth is now 1
18:44:59.771 [pool-1-thread-2] INFO  c.c.core.UnfiredFragmentCandidates - input map size 481
18:44:59.771 [pool-1-thread-2] INFO  c.c.core.UnfiredFragmentCandidates - input map size 481
18:44:59.771 [pool-1-thread-2] INFO  com.crawljax.core.Crawler - Used a form input combination for backtracking 10
18:45:03.627 [pool-1-thread-2] INFO  com.crawljax.core.Crawler - Crawl depth is now 2
18:45:03.628 [pool-1-thread-2] INFO  c.c.core.UnfiredFragmentCandidates - input map size 481
18:45:03.628 [pool-1-thread-2] INFO  c.c.core.UnfiredFragmentCandidates - input map size 481
18:45:03.628 [pool-1-thread-2] INFO  com.crawljax.core.Crawler - Used a form input combination for backtracking 11
18:45:07.428 [pool-1-thread-2] INFO  com.crawljax.core.Crawler - Crawl depth is now 3
18:45:07.429 [pool-1-thread-2] INFO  c.c.core.UnfiredFragmentCandidates - input map size 481
18:45:07.429 [pool-1-thread-2] INFO  c.c.core.UnfiredFragmentCandidates - input map size 481
18:45:07.429 [pool-1-thread-2] INFO  com.crawljax.core.Crawler - Used a form input combination for backtracking 12
18:45:11.209 [pool-1-thread-2] INFO  com.crawljax.core.Crawler - Crawl depth is now 4
18:45:11.209 [pool-1-thread-2] INFO  c.c.core.UnfiredFragmentCandidates - input map size 481
18:45:11.209 [pool-1-thread-2] INFO  c.c.core.UnfiredFragmentCandidates - input map size 481
18:45:11.209 [pool-1-thread-2] INFO  com.crawljax.core.Crawler - Used a form input combination for backtracking 13
18:45:14.994 [pool-1-thread-2] INFO  com.crawljax.core.Crawler - Crawl depth is now 5
18:45:14.994 [pool-1-thread-2] INFO  c.c.core.UnfiredFragmentCandidates - input map size 481
18:45:14.994 [pool-1-thread-2] INFO  c.c.core.UnfiredFragmentCandidates - input map size 481
18:45:14.994 [pool-1-thread-2] INFO  com.crawljax.core.Crawler - Used a form input combination for backtracking 14
18:45:20.388 [pool-1-thread-2] INFO  com.crawljax.core.Crawler - Crawl depth is now 6
18:45:20.388 [pool-1-thread-2] INFO  c.c.core.UnfiredFragmentCandidates - input map size 481
18:45:20.388 [pool-1-thread-2] INFO  c.c.core.UnfiredFragmentCandidates - input map size 481
18:45:20.388 [pool-1-thread-2] INFO  com.crawljax.core.Crawler - Used a form input combination for backtracking 15
18:45:24.104 [pool-1-thread-2] INFO  com.crawljax.core.Crawler - Crawl depth is now 7
18:45:24.104 [pool-1-thread-2] INFO  com.crawljax.core.Crawler - backtrack status: true, reached NearDuplicate : -1 
18:45:24.105 [pool-1-thread-2] INFO  com.crawljax.core.Crawler -  Event xpath /HTML[1]/BODY[1]/DIV[4]/DIV[1]/DIV[1]/DIV[2]/DIV[1]/UL[1]/LI[2]/A[1]
18:45:24.139 [pool-1-thread-2] INFO  com.crawljax.core.Crawler - Changing related inputs for 482 with 0  to 0 
18:45:24.246 [pool-1-thread-2] INFO  c.c.core.UnfiredFragmentCandidates - Changing related inputs to worked inputs 0 for 482
18:45:24.246 [pool-1-thread-2] INFO  c.c.core.UnfiredFragmentCandidates - event 482 - Before 0
18:45:24.246 [pool-1-thread-2] INFO  c.c.core.UnfiredFragmentCandidates - event 482 - After 0
18:45:24.246 [pool-1-thread-2] INFO  c.c.core.UnfiredFragmentCandidates - input for 482, 0
18:45:27.899 [pool-1-thread-2] INFO  c.crawljax.core.state.StateMachine - CLONE State detected: state550 and state44 are the same.
18:45:27.910 [pool-1-thread-2] INFO  com.crawljax.core.Crawler -  Event xpath /HTML[1]/BODY[1]/DIV[4]/DIV[1]/DIV[2]/UL[2]/LI[2]/UL[1]/LI[2]/A[1]
18:45:27.930 [pool-1-thread-2] INFO  com.crawljax.core.Crawler - Changing related inputs for 483 with 0  to 0 
18:45:28.034 [pool-1-thread-2] INFO  c.c.core.UnfiredFragmentCandidates - Changing related inputs to worked inputs 0 for 483
18:45:28.034 [pool-1-thread-2] INFO  c.c.core.UnfiredFragmentCandidates - event 483 - Before 0
18:45:28.034 [pool-1-thread-2] INFO  c.c.core.UnfiredFragmentCandidates - event 483 - After 0
18:45:28.034 [pool-1-thread-2] INFO  c.c.core.UnfiredFragmentCandidates - input for 483, 0
18:45:28.093 [pool-1-thread-2] INFO  com.crawljax.core.Crawler - Found an invisible link with href=/notebooks
18:45:31.021 [pool-1-thread-2] INFO  c.crawljax.core.state.StateMachine - CLONE State detected: state551 and state83 are the same.
18:45:31.034 [pool-1-thread-2] INFO  com.crawljax.core.Crawler -  Event xpath /HTML[1]/BODY[1]/DIV[4]/DIV[1]/DIV[4]/DIV[1]/DIV[1]/DIV[2]/UL[1]/LI[2]/A[1]
18:45:31.055 [pool-1-thread-2] INFO  com.crawljax.core.Crawler - Changing related inputs for 484 with 0  to 0 
18:45:31.163 [pool-1-thread-2] INFO  c.c.core.UnfiredFragmentCandidates - Changing related inputs to worked inputs 0 for 484
18:45:31.163 [pool-1-thread-2] INFO  c.c.core.UnfiredFragmentCandidates - event 484 - Before 0
18:45:31.163 [pool-1-thread-2] INFO  c.c.core.UnfiredFragmentCandidates - event 484 - After 0
18:45:31.163 [pool-1-thread-2] INFO  c.c.core.UnfiredFragmentCandidates - input for 484, 0
18:45:34.929 [pool-1-thread-2] INFO  c.crawljax.core.state.StateMachine - CLONE State detected: state552 and state68 are the same.
18:45:34.944 [pool-1-thread-2] INFO  com.crawljax.core.Crawler -  Event xpath /HTML[1]/BODY[1]/DIV[4]/DIV[1]/DIV[4]/DIV[1]/DIV[1]/DIV[2]/UL[1]/LI[3]/A[1]
18:45:34.975 [pool-1-thread-2] INFO  com.crawljax.core.Crawler - Changing related inputs for 485 with 0  to 0 
18:45:35.110 [pool-1-thread-2] INFO  c.c.core.UnfiredFragmentCandidates - Changing related inputs to worked inputs 0 for 485
18:45:35.111 [pool-1-thread-2] INFO  c.c.core.UnfiredFragmentCandidates - event 485 - Before 0
18:45:35.111 [pool-1-thread-2] INFO  c.c.core.UnfiredFragmentCandidates - event 485 - After 0
18:45:35.111 [pool-1-thread-2] INFO  c.c.core.UnfiredFragmentCandidates - input for 485, 0
18:45:38.912 [pool-1-thread-2] INFO  c.crawljax.core.state.StateMachine - CLONE State detected: state553 and state112 are the same.
18:45:38.927 [pool-1-thread-2] INFO  com.crawljax.core.Crawler -  Event xpath /HTML[1]/BODY[1]/DIV[4]/DIV[1]/DIV[2]/UL[2]/LI[6]/A[1]
18:45:38.953 [pool-1-thread-2] INFO  com.crawljax.core.Crawler - Changing related inputs for 486 with 0  to 0 
18:45:39.091 [pool-1-thread-2] INFO  c.c.core.UnfiredFragmentCandidates - Changing related inputs to worked inputs 0 for 486
18:45:39.091 [pool-1-thread-2] INFO  c.c.core.UnfiredFragmentCandidates - event 486 - Before 0
18:45:39.091 [pool-1-thread-2] INFO  c.c.core.UnfiredFragmentCandidates - event 486 - After 0
18:45:39.091 [pool-1-thread-2] INFO  c.c.core.UnfiredFragmentCandidates - input for 486, 0
18:45:39.160 [pool-1-thread-2] INFO  com.crawljax.core.Crawler - Found an invisible link with href=/jewelry
18:45:42.147 [pool-1-thread-2] INFO  c.crawljax.core.state.StateMachine - CLONE State detected: state554 and state141 are the same.
18:45:42.170 [pool-1-thread-2] INFO  com.crawljax.core.Crawler -  Event xpath /HTML[1]/BODY[1]/DIV[4]/DIV[1]/DIV[2]/UL[2]/LI[2]/UL[1]/LI[3]/A[1]
18:45:42.200 [pool-1-thread-2] INFO  com.crawljax.core.Crawler - Changing related inputs for 487 with 0  to 0 
18:45:42.327 [pool-1-thread-2] INFO  c.c.core.UnfiredFragmentCandidates - Changing related inputs to worked inputs 0 for 487
18:45:42.327 [pool-1-thread-2] INFO  c.c.core.UnfiredFragmentCandidates - event 487 - Before 0
18:45:42.327 [pool-1-thread-2] INFO  c.c.core.UnfiredFragmentCandidates - event 487 - After 0
18:45:42.327 [pool-1-thread-2] INFO  c.c.core.UnfiredFragmentCandidates - input for 487, 0
18:45:42.389 [pool-1-thread-2] INFO  com.crawljax.core.Crawler - Found an invisible link with href=/accessories
18:45:45.338 [pool-1-thread-2] INFO  c.crawljax.core.state.StateMachine - CLONE State detected: state555 and state88 are the same.
18:45:45.354 [pool-1-thread-2] INFO  com.crawljax.core.Crawler -  Event xpath /HTML[1]/BODY[1]/DIV[4]/DIV[1]/DIV[2]/UL[2]/LI[6]/A[1]
18:45:45.389 [pool-1-thread-2] INFO  com.crawljax.core.Crawler - Changing related inputs for 488 with 0  to 0 
18:45:45.520 [pool-1-thread-2] INFO  c.c.core.UnfiredFragmentCandidates - Changing related inputs to worked inputs 0 for 488
18:45:45.520 [pool-1-thread-2] INFO  c.c.core.UnfiredFragmentCandidates - event 488 - Before 0
18:45:45.520 [pool-1-thread-2] INFO  c.c.core.UnfiredFragmentCandidates - event 488 - After 0
18:45:45.520 [pool-1-thread-2] INFO  c.c.core.UnfiredFragmentCandidates - input for 488, 0
18:45:45.599 [pool-1-thread-2] INFO  com.crawljax.core.Crawler - Found an invisible link with href=/jewelry
18:45:48.572 [pool-1-thread-2] INFO  c.crawljax.core.state.StateMachine - CLONE State detected: state556 and state141 are the same.
18:45:48.589 [pool-1-thread-2] INFO  com.crawljax.core.Crawler -  Event xpath /HTML[1]/BODY[1]/DIV[4]/DIV[1]/DIV[2]/UL[2]/LI[3]/A[1]
18:45:48.619 [pool-1-thread-2] INFO  com.crawljax.core.Crawler - Changing related inputs for 489 with 0  to 0 
18:45:48.761 [pool-1-thread-2] INFO  c.c.core.UnfiredFragmentCandidates - Changing related inputs to worked inputs 0 for 489
18:45:48.762 [pool-1-thread-2] INFO  c.c.core.UnfiredFragmentCandidates - event 489 - Before 0
18:45:48.762 [pool-1-thread-2] INFO  c.c.core.UnfiredFragmentCandidates - event 489 - After 0
18:45:48.762 [pool-1-thread-2] INFO  c.c.core.UnfiredFragmentCandidates - input for 489, 0
18:45:48.828 [pool-1-thread-2] INFO  com.crawljax.core.Crawler - Found an invisible link with href=/electronics
18:45:53.511 [pool-1-thread-2] INFO  c.crawljax.core.state.StateMachine - CLONE State detected: state557 and state112 are the same.
18:45:53.530 [pool-1-thread-2] INFO  com.crawljax.core.Crawler -  Event xpath /HTML[1]/BODY[1]/DIV[4]/DIV[1]/DIV[2]/UL[2]/LI[7]/A[1]
18:45:53.556 [pool-1-thread-2] INFO  com.crawljax.core.Crawler - Changing related inputs for 490 with 0  to 0 
18:45:53.704 [pool-1-thread-2] INFO  c.c.core.UnfiredFragmentCandidates - Changing related inputs to worked inputs 0 for 490
18:45:53.704 [pool-1-thread-2] INFO  c.c.core.UnfiredFragmentCandidates - event 490 - Before 0
18:45:53.704 [pool-1-thread-2] INFO  c.c.core.UnfiredFragmentCandidates - event 490 - After 0
18:45:53.704 [pool-1-thread-2] INFO  c.c.core.UnfiredFragmentCandidates - input for 490, 0
18:45:53.773 [pool-1-thread-2] INFO  com.crawljax.core.Crawler - Found an invisible link with href=/gift-cards
18:45:56.794 [pool-1-thread-2] INFO  c.crawljax.core.state.StateMachine - CLONE State detected: state558 and state148 are the same.
18:45:56.807 [pool-1-thread-2] INFO  com.crawljax.core.Crawler -  Event xpath /HTML[1]/BODY[1]/DIV[4]/DIV[1]/DIV[2]/UL[2]/LI[2]/UL[1]/LI[3]/A[1]
18:45:56.845 [pool-1-thread-2] INFO  com.crawljax.core.Crawler - Changing related inputs for 491 with 0  to 0 
18:45:56.966 [pool-1-thread-2] INFO  c.c.core.UnfiredFragmentCandidates - Changing related inputs to worked inputs 0 for 491
18:45:56.966 [pool-1-thread-2] INFO  c.c.core.UnfiredFragmentCandidates - event 491 - Before 0
18:45:56.966 [pool-1-thread-2] INFO  c.c.core.UnfiredFragmentCandidates - event 491 - After 0
18:45:56.966 [pool-1-thread-2] INFO  c.c.core.UnfiredFragmentCandidates - input for 491, 0
18:45:57.024 [pool-1-thread-2] INFO  com.crawljax.core.Crawler - Found an invisible link with href=/accessories
18:46:00.031 [pool-1-thread-2] INFO  c.crawljax.core.state.StateMachine - CLONE State detected: state559 and state88 are the same.
18:46:00.048 [pool-1-thread-2] INFO  com.crawljax.core.Crawler -  Event xpath /HTML[1]/BODY[1]/DIV[4]/DIV[1]/DIV[2]/UL[2]/LI[7]/A[1]
18:46:00.081 [pool-1-thread-2] INFO  com.crawljax.core.Crawler - Changing related inputs for 492 with 0  to 0 
18:46:00.225 [pool-1-thread-2] INFO  c.c.core.UnfiredFragmentCandidates - Changing related inputs to worked inputs 0 for 492
18:46:00.225 [pool-1-thread-2] INFO  c.c.core.UnfiredFragmentCandidates - event 492 - Before 0
18:46:00.225 [pool-1-thread-2] INFO  c.c.core.UnfiredFragmentCandidates - event 492 - After 0
18:46:00.225 [pool-1-thread-2] INFO  c.c.core.UnfiredFragmentCandidates - input for 492, 0
18:46:00.295 [pool-1-thread-2] INFO  com.crawljax.core.Crawler - Found an invisible link with href=/gift-cards
18:46:03.283 [pool-1-thread-2] INFO  c.crawljax.core.state.StateMachine - CLONE State detected: state560 and state148 are the same.
18:46:03.299 [pool-1-thread-2] INFO  com.crawljax.core.Crawler -  Event xpath /HTML[1]/BODY[1]/DIV[4]/DIV[1]/DIV[2]/UL[2]/LI[3]/A[1]
18:46:03.330 [pool-1-thread-2] INFO  com.crawljax.core.Crawler - Changing related inputs for 493 with 0  to 0 
18:46:03.461 [pool-1-thread-2] INFO  c.c.core.UnfiredFragmentCandidates - Changing related inputs to worked inputs 0 for 493
18:46:03.461 [pool-1-thread-2] INFO  c.c.core.UnfiredFragmentCandidates - event 493 - Before 0
18:46:03.461 [pool-1-thread-2] INFO  c.c.core.UnfiredFragmentCandidates - event 493 - After 0
18:46:03.461 [pool-1-thread-2] INFO  c.c.core.UnfiredFragmentCandidates - input for 493, 0
18:46:03.524 [pool-1-thread-2] INFO  com.crawljax.core.Crawler - Found an invisible link with href=/electronics
18:46:06.488 [pool-1-thread-2] INFO  c.crawljax.core.state.StateMachine - CLONE State detected: state561 and state112 are the same.
18:46:06.503 [pool-1-thread-2] INFO  com.crawljax.core.Crawler -  Event xpath /HTML[1]/BODY[1]/DIV[4]/DIV[1]/DIV[4]/DIV[1]/DIV[1]/DIV[2]/UL[1]/LI[1]/A[1]
18:46:06.532 [pool-1-thread-2] INFO  com.crawljax.core.Crawler - Changing related inputs for 494 with 0  to 0 
18:46:06.663 [pool-1-thread-2] INFO  c.c.core.UnfiredFragmentCandidates - Changing related inputs to worked inputs 0 for 494
18:46:06.663 [pool-1-thread-2] INFO  c.c.core.UnfiredFragmentCandidates - event 494 - Before 0
18:46:06.663 [pool-1-thread-2] INFO  c.c.core.UnfiredFragmentCandidates - event 494 - After 0
18:46:06.663 [pool-1-thread-2] INFO  c.c.core.UnfiredFragmentCandidates - input for 494, 0
18:46:10.537 [pool-1-thread-2] INFO  c.crawljax.core.state.StateMachine - CLONE State detected: state562 and state63 are the same.
18:46:10.554 [pool-1-thread-2] INFO  com.crawljax.core.Crawler -  Event xpath /HTML[1]/BODY[1]/DIV[4]/DIV[1]/DIV[4]/DIV[1]/DIV[1]/DIV[2]/UL[1]/LI[6]/A[1]
18:46:10.583 [pool-1-thread-2] INFO  com.crawljax.core.Crawler - Changing related inputs for 495 with 0  to 0 
18:46:10.724 [pool-1-thread-2] INFO  c.c.core.UnfiredFragmentCandidates - Changing related inputs to worked inputs 0 for 495
18:46:10.725 [pool-1-thread-2] INFO  c.c.core.UnfiredFragmentCandidates - event 495 - Before 0
18:46:10.725 [pool-1-thread-2] INFO  c.c.core.UnfiredFragmentCandidates - event 495 - After 0
18:46:10.725 [pool-1-thread-2] INFO  c.c.core.UnfiredFragmentCandidates - input for 495, 0
18:46:14.576 [pool-1-thread-2] INFO  c.crawljax.core.state.StateMachine - CLONE State detected: state563 and state141 are the same.
18:46:14.592 [pool-1-thread-2] INFO  com.crawljax.core.Crawler -  Event xpath /HTML[1]/BODY[1]/DIV[4]/DIV[1]/DIV[2]/UL[2]/LI[3]/UL[1]/LI[1]/A[1]
18:46:14.620 [pool-1-thread-2] INFO  com.crawljax.core.Crawler - Changing related inputs for 496 with 0  to 0 
18:46:14.768 [pool-1-thread-2] INFO  c.c.core.UnfiredFragmentCandidates - Changing related inputs to worked inputs 0 for 496
18:46:14.768 [pool-1-thread-2] INFO  c.c.core.UnfiredFragmentCandidates - event 496 - Before 0
18:46:14.768 [pool-1-thread-2] INFO  c.c.core.UnfiredFragmentCandidates - event 496 - After 0
18:46:14.768 [pool-1-thread-2] INFO  c.c.core.UnfiredFragmentCandidates - input for 496, 0
18:46:14.832 [pool-1-thread-2] INFO  com.crawljax.core.Crawler - Found an invisible link with href=/camera-photo
18:46:17.786 [pool-1-thread-2] INFO  c.crawljax.core.state.StateMachine - CLONE State detected: state564 and state119 are the same.
18:46:17.807 [pool-1-thread-2] INFO  c.c.core.UnfiredFragmentCandidates - There are 46 states with unfired actions: [128, 130, 132, 134, 42, 139, 141, 146, 148, 154, 159, 44, 46, 211, 216, 51, 53, 268, 56, 9, 288, 61, 296, 0, 63, 314, 66, 68, 70, 376, 73, 31, 397, 81, 83, 409, 86, 88, 33, 112, 469, 115, 35, 121, 36, 37]
18:46:17.807 [pool-1-thread-2] INFO  com.crawljax.core.Crawler - Resetting the crawler and Going to state state128
18:46:17.831 [pool-1-thread-2] INFO  com.crawljax.core.CrawlSession - Adding CrawlPath to session !!
18:46:17.831 [pool-1-thread-2] INFO  com.crawljax.core.Crawler - BT-state37:-1state9_9_state31state31_10_state32state32_11_state33state33_12_state34state34_13_state35state35_14_state36state36_15_state37state37_482_state44state44_483_state83state83_484_state68state68_485_state112state112_486_state141state141_487_state88state88_488_state141state141_489_state112state112_490_state148state148_491_state88state88_492_state148state148_493_state112state112_494_state63state63_495_state141state141_496_state119
18:46:20.757 [pool-1-thread-2] INFO  com.crawljax.core.Crawler - index has changed to: state9
18:46:20.757 [pool-1-thread-2] INFO  com.crawljax.core.Crawler - Did not add reload edge from state119 to state9
18:46:20.757 [pool-1-thread-2] INFO  com.crawljax.core.Crawler - Initial state not the same as current state : Getting shortest path from current state
18:46:20.758 [pool-1-thread-2] INFO  c.c.core.UnfiredFragmentCandidates - input map size 496
18:46:20.758 [pool-1-thread-2] INFO  c.c.core.UnfiredFragmentCandidates - input map size 496
18:46:20.758 [pool-1-thread-2] INFO  com.crawljax.core.Crawler - Used a form input combination for backtracking 18
18:46:26.171 [pool-1-thread-2] INFO  com.crawljax.core.Crawler - Crawl depth is now 1
18:46:26.171 [pool-1-thread-2] INFO  c.c.core.UnfiredFragmentCandidates - input map size 496
18:46:26.171 [pool-1-thread-2] INFO  c.c.core.UnfiredFragmentCandidates - input map size 496
18:46:26.171 [pool-1-thread-2] INFO  com.crawljax.core.Crawler - Used a form input combination for backtracking 91
18:46:29.854 [pool-1-thread-2] INFO  com.crawljax.core.Crawler - Crawl depth is now 2
18:46:29.855 [pool-1-thread-2] INFO  com.crawljax.core.Crawler - backtrack status: true, reached NearDuplicate : -1 
18:46:29.855 [pool-1-thread-2] INFO  com.crawljax.core.Crawler -  Event xpath /HTML[1]/BODY[1]/DIV[4]/DIV[1]/DIV[1]/DIV[2]/DIV[1]/UL[1]/LI[1]/A[1]
18:46:29.877 [pool-1-thread-2] INFO  com.crawljax.core.Crawler - Changing related inputs for 497 with 0  to 0 
18:46:29.982 [pool-1-thread-2] INFO  c.c.core.UnfiredFragmentCandidates - Changing related inputs to worked inputs 0 for 497
18:46:29.982 [pool-1-thread-2] INFO  c.c.core.UnfiredFragmentCandidates - event 497 - Before 0
18:46:29.982 [pool-1-thread-2] INFO  c.c.core.UnfiredFragmentCandidates - event 497 - After 0
18:46:29.982 [pool-1-thread-2] INFO  c.c.core.UnfiredFragmentCandidates - input for 497, 0
18:46:30.703 [pool-1-thread-1] INFO  com.crawljax.core.CrawlController - Time is up! Shutting down...
18:46:30.705 [main] INFO  com.crawljax.core.CrawlController - Received shutdown notice. Reason is Maximum time passed
18:46:30.706 [pool-1-thread-2] INFO  com.crawljax.core.Crawler - Crawler thread interrupted. Flushing crawlpaths
18:46:30.706 [pool-1-thread-2] INFO  com.crawljax.core.Crawler - BT-state128:-1state9_18_state42state42_91_state128
18:46:30.706 [pool-1-thread-2] INFO  com.crawljax.core.Crawler - Adding current crawlpath
18:46:30.706 [pool-1-thread-2] INFO  com.crawljax.core.CrawlSession - Adding CrawlPath to session !!
18:46:30.706 [pool-1-thread-2] INFO  com.crawljax.core.Crawler - BT-state128:-1state9_18_state42state42_91_state128
18:46:30.800 [pool-1-thread-2] ERROR c.c.f.FragmentationPlugin - Error exporting Crawlpaths
18:46:30.800 [pool-1-thread-2] INFO  com.crawljax.core.Crawler - Interrupted while firing actions. Putting back the actions on the todo list
18:46:30.800 [pool-1-thread-2] INFO  c.c.core.UnfiredFragmentCandidates - There are 46 states with unfired actions: [130, 132, 134, 42, 139, 141, 146, 148, 154, 159, 44, 46, 211, 216, 51, 53, 268, 56, 9, 288, 61, 296, 0, 63, 314, 66, 68, 70, 376, 73, 31, 397, 81, 83, 409, 86, 88, 33, 112, 469, 115, 35, 121, 36, 37, 128]
18:46:30.801 [pool-1-thread-2] INFO  com.crawljax.core.Crawler - Crawler thread interrupted. Flushing crawlpaths
18:46:30.801 [pool-1-thread-2] INFO  com.crawljax.core.Crawler - BT-state128:-1state9_18_state42state42_91_state128
18:46:30.801 [pool-1-thread-2] INFO  com.crawljax.core.Crawler - Adding current crawlpath
18:46:30.801 [pool-1-thread-2] INFO  com.crawljax.core.CrawlSession - Adding CrawlPath to session !!
18:46:30.801 [pool-1-thread-2] INFO  com.crawljax.core.Crawler - BT-state128:-1state9_18_state42state42_91_state128
18:46:30.801 [pool-1-thread-2] ERROR c.c.f.FragmentationPlugin - Error exporting Crawlpaths
18:46:30.801 [pool-1-thread-2] INFO  c.c.core.UnfiredFragmentCandidates - There are 47 states with unfired actions: [130, 132, 134, 42, 139, 141, 146, 148, 154, 159, 44, 46, 211, 216, 51, 53, 268, 56, 9, 288, 61, 296, 0, 63, 314, 66, 68, 70, 376, 73, 31, 397, 81, 83, 409, 86, 88, 33, 112, 469, 115, 35, 121, 36, 37, 128, 128]
18:46:30.801 [pool-1-thread-2] INFO  com.crawljax.core.Crawler - Crawler thread interrupted. Flushing crawlpaths
18:46:30.801 [pool-1-thread-2] INFO  com.crawljax.core.Crawler - BT-state128:-1state9_18_state42state42_91_state128
18:46:30.801 [pool-1-thread-2] INFO  com.crawljax.core.Crawler - Adding current crawlpath
18:46:30.801 [pool-1-thread-2] INFO  com.crawljax.core.CrawlSession - Adding CrawlPath to session !!
18:46:30.801 [pool-1-thread-2] INFO  com.crawljax.core.Crawler - BT-state128:-1state9_18_state42state42_91_state128
18:46:30.801 [pool-1-thread-2] ERROR c.c.f.FragmentationPlugin - Error exporting Crawlpaths
18:46:30.801 [pool-1-thread-2] INFO  com.crawljax.core.Crawler - Closing browser
18:46:30.801 [pool-1-thread-2] INFO  c.c.b.WebDriverBackedEmbeddedBrowser - Closing the browser...
Exploração finalizada. Motivo: Maximum time passed
Iniciando persistência dos estados e transições no Neo4j...
18:46:30.852 [ForkJoinPool.commonPool-worker-2] WARN  i.g.bonigarcia.wdm.WebDriverManager - WebDriver object(s) not available
✓ Nós consolidados: 17 URLs únicas de 64 estados
Persistência concluída no Neo4j. Nós: 17 | Arestas: 487
18:46:37.472 [main] INFO  com.crawljax.core.CrawlController - Shutdown process complete
