$ docker compose run --rm crawljax_java

 Container 1620f46a737b_neo4j_graph  Running
 Container 5cb3393c0e26_selenium_chrome  Running
Iniciando exploração no alvo: https://demowebshop.tricentis.com/
Aguardando Selenium ficar pronto em: http://selenium_chrome:4444/wd/hub/status | http://selenium_chrome:4444/status
Selenium pronto para receber sessões WebDriver.
Perfil de exploracao -> depth=8, states=400, runtime(min)=45, waitReload(ms)=3000, waitEvent(ms)=2200, clickOnce=false, randomOrder=true
18:13:52.115 [main] INFO  com.crawljax.core.plugin.Plugins - Loaded br.ufrn.mestrado.plugin.SemanticExportPlugin@246f8b8b as a OnNewStatePlugin
18:13:52.119 [main] INFO  com.crawljax.core.plugin.Plugins - Loaded br.ufrn.mestrado.plugin.SemanticExportPlugin@246f8b8b as a PreStateCrawlingPlugin
18:13:52.120 [main] INFO  com.crawljax.core.plugin.Plugins - Loaded br.ufrn.mestrado.plugin.SemanticExportPlugin@246f8b8b as a PostCrawlingPlugin
18:14:01.403 [main] INFO  c.c.core.UnfiredFragmentCandidates - There are 1 states with unfired actions: [0]
18:14:01.406 [main] INFO  c.c.c.state.InMemoryStateFlowGraph - Number of states in the graph is now 1
18:14:01.434 [pool-1-thread-2] INFO  com.crawljax.core.Crawler - backtrack status: true, reached NearDuplicate : -1 
18:14:01.440 [pool-1-thread-2] INFO  com.crawljax.core.Crawler -  Event xpath /HTML[1]/BODY[1]/DIV[4]/DIV[1]/DIV[4]/DIV[3]/DIV[1]/DIV[1]/DIV[3]/DIV[4]/DIV[1]/DIV[1]/A[1]/IMG[1]
18:14:01.510 [pool-1-thread-2] INFO  com.crawljax.core.Crawler - Changing related inputs for 1 with 0  to 0 
18:14:01.730 [pool-1-thread-2] INFO  c.c.core.UnfiredFragmentCandidates - Changing related inputs to worked inputs 0 for 1
18:14:01.731 [pool-1-thread-2] INFO  c.c.core.UnfiredFragmentCandidates - event 1 - Before 0
18:14:01.731 [pool-1-thread-2] INFO  c.c.core.UnfiredFragmentCandidates - event 1 - After 0
18:14:01.731 [pool-1-thread-2] INFO  c.c.core.UnfiredFragmentCandidates - input for 1, 0
18:14:06.580 [pool-1-thread-2] INFO  c.c.c.state.InMemoryStateFlowGraph - Number of states in the graph is now 2
18:14:06.585 [pool-1-thread-2] INFO  c.crawljax.core.state.StateMachine - State state1 added to the StateMachine.
18:14:06.787 [pool-1-thread-2] INFO  com.crawljax.core.Crawler - New DOM is a new state! crawl depth is now 1
18:14:06.787 [pool-1-thread-2] INFO  com.crawljax.core.Crawler - Parsing DOM of state state1 for candidate elements
18:14:06.834 [pool-1-thread-2] INFO  c.c.core.UnfiredFragmentCandidates - There are 1 states with unfired actions: [1]
18:14:06.861 [pool-1-thread-2] INFO  com.crawljax.core.Crawler -  Event xpath /HTML[1]/BODY[1]/DIV[4]/DIV[1]/DIV[4]/DIV[2]/DIV[2]/DIV[1]/FORM[1]/DIV[1]/DIV[1]/DIV[2]/DIV[6]/DL[1]/DD[4]/UL[1]/LI[3]/INPUT[1]
18:14:06.937 [pool-1-thread-2] INFO  com.crawljax.core.Crawler - Changing related inputs for 2 with 0  to 0 
18:14:07.103 [pool-1-thread-2] INFO  c.c.core.UnfiredFragmentCandidates - Changing related inputs to worked inputs 0 for 2
18:14:07.104 [pool-1-thread-2] INFO  c.c.core.UnfiredFragmentCandidates - event 2 - Before 0
18:14:07.104 [pool-1-thread-2] INFO  c.c.core.UnfiredFragmentCandidates - event 2 - After 0
18:14:07.104 [pool-1-thread-2] INFO  c.c.core.UnfiredFragmentCandidates - input for 2, 0
18:14:10.372 [pool-1-thread-2] INFO  com.crawljax.core.Crawler -  Event xpath /HTML[1]/BODY[1]/DIV[4]/DIV[1]/DIV[2]/UL[2]/LI[3]/UL[1]/LI[2]
18:14:10.416 [pool-1-thread-2] INFO  com.crawljax.core.Crawler - Changing related inputs for 3 with 0  to 0 
18:14:10.582 [pool-1-thread-2] INFO  c.c.core.UnfiredFragmentCandidates - Changing related inputs to worked inputs 0 for 3
18:14:10.582 [pool-1-thread-2] INFO  c.c.core.UnfiredFragmentCandidates - event 3 - Before 0
18:14:10.582 [pool-1-thread-2] INFO  c.c.core.UnfiredFragmentCandidates - event 3 - After 0
18:14:10.582 [pool-1-thread-2] INFO  c.c.core.UnfiredFragmentCandidates - input for 3, 0
18:14:10.653 [pool-1-thread-2] INFO  com.crawljax.core.Crawler -  Event xpath /HTML[1]/BODY[1]/DIV[4]/DIV[1]/DIV[4]/DIV[1]/DIV[1]/DIV[2]/UL[1]/LI[4]/A[1]
18:14:10.686 [pool-1-thread-2] INFO  com.crawljax.core.Crawler - Changing related inputs for 4 with 0  to 0 
18:14:10.796 [pool-1-thread-2] INFO  c.c.core.UnfiredFragmentCandidates - Changing related inputs to worked inputs 0 for 4
18:14:10.797 [pool-1-thread-2] INFO  c.c.core.UnfiredFragmentCandidates - event 4 - Before 0
18:14:10.797 [pool-1-thread-2] INFO  c.c.core.UnfiredFragmentCandidates - event 4 - After 0
18:14:10.797 [pool-1-thread-2] INFO  c.c.core.UnfiredFragmentCandidates - input for 4, 0
18:14:14.905 [pool-1-thread-2] INFO  c.c.c.state.InMemoryStateFlowGraph - Number of states in the graph is now 3
18:14:14.905 [pool-1-thread-2] INFO  c.crawljax.core.state.StateMachine - State state3 added to the StateMachine.
18:14:15.085 [pool-1-thread-2] INFO  com.crawljax.core.Crawler - New DOM is a new state! crawl depth is now 2
18:14:15.085 [pool-1-thread-2] INFO  com.crawljax.core.Crawler - Parsing DOM of state state3 for candidate elements
18:14:15.117 [pool-1-thread-2] INFO  c.c.core.UnfiredFragmentCandidates - There are 2 states with unfired actions: [1, 3]
18:14:15.135 [pool-1-thread-2] INFO  com.crawljax.core.Crawler -  Event xpath /HTML[1]/BODY[1]/DIV[4]/DIV[1]/DIV[2]/UL[1]/LI[1]
18:14:15.167 [pool-1-thread-2] INFO  com.crawljax.core.Crawler - Changing related inputs for 5 with 0  to 0 
18:14:15.290 [pool-1-thread-2] INFO  c.c.core.UnfiredFragmentCandidates - Changing related inputs to worked inputs 0 for 5
18:14:15.291 [pool-1-thread-2] INFO  c.c.core.UnfiredFragmentCandidates - event 5 - Before 0
18:14:15.291 [pool-1-thread-2] INFO  c.c.core.UnfiredFragmentCandidates - event 5 - After 0
18:14:15.291 [pool-1-thread-2] INFO  c.c.core.UnfiredFragmentCandidates - input for 5, 0
18:14:19.378 [pool-1-thread-2] INFO  c.c.c.state.InMemoryStateFlowGraph - Number of states in the graph is now 4
18:14:19.378 [pool-1-thread-2] INFO  c.crawljax.core.state.StateMachine - State state4 added to the StateMachine.
18:14:19.535 [pool-1-thread-2] INFO  com.crawljax.core.Crawler - New DOM is a new state! crawl depth is now 3
18:14:19.535 [pool-1-thread-2] INFO  com.crawljax.core.Crawler - Parsing DOM of state state4 for candidate elements
18:14:19.552 [pool-1-thread-2] INFO  c.c.core.UnfiredFragmentCandidates - There are 3 states with unfired actions: [1, 3, 4]
18:14:19.569 [pool-1-thread-2] INFO  com.crawljax.core.Crawler -  Event xpath /HTML[1]/BODY[1]/DIV[4]/DIV[2]/DIV[1]/DIV[2]/UL[1]/LI[5]/A[1]
18:14:19.598 [pool-1-thread-2] INFO  com.crawljax.core.Crawler - Changing related inputs for 6 with 0  to 0 
18:14:19.714 [pool-1-thread-2] INFO  c.c.core.UnfiredFragmentCandidates - Changing related inputs to worked inputs 0 for 6
18:14:19.714 [pool-1-thread-2] INFO  c.c.core.UnfiredFragmentCandidates - event 6 - Before 0
18:14:19.714 [pool-1-thread-2] INFO  c.c.core.UnfiredFragmentCandidates - event 6 - After 0
18:14:19.714 [pool-1-thread-2] INFO  c.c.core.UnfiredFragmentCandidates - input for 6, 0
18:14:23.344 [pool-1-thread-2] INFO  c.c.c.state.InMemoryStateFlowGraph - Number of states in the graph is now 5
18:14:23.344 [pool-1-thread-2] INFO  c.crawljax.core.state.StateMachine - State state5 added to the StateMachine.
18:14:23.473 [pool-1-thread-2] INFO  com.crawljax.core.Crawler - New DOM is a new state! crawl depth is now 4
18:14:23.473 [pool-1-thread-2] INFO  com.crawljax.core.Crawler - Parsing DOM of state state5 for candidate elements
18:14:23.483 [pool-1-thread-2] INFO  c.c.core.UnfiredFragmentCandidates - There are 4 states with unfired actions: [1, 3, 4, 5]
18:14:23.495 [pool-1-thread-2] INFO  com.crawljax.core.Crawler -  Event xpath /HTML[1]/BODY[1]/DIV[4]/DIV[1]/DIV[2]/UL[1]/LI[1]
18:14:23.513 [pool-1-thread-2] INFO  com.crawljax.core.Crawler - Changing related inputs for 7 with 0  to 0 
18:14:23.602 [pool-1-thread-2] INFO  c.c.core.UnfiredFragmentCandidates - Changing related inputs to worked inputs 0 for 7
18:14:23.603 [pool-1-thread-2] INFO  c.c.core.UnfiredFragmentCandidates - event 7 - Before 0
18:14:23.603 [pool-1-thread-2] INFO  c.c.core.UnfiredFragmentCandidates - event 7 - After 0
18:14:23.603 [pool-1-thread-2] INFO  c.c.core.UnfiredFragmentCandidates - input for 7, 0
18:14:27.341 [pool-1-thread-2] INFO  c.crawljax.core.state.StateMachine - CLONE State detected: state6 and state4 are the same.
18:14:27.355 [pool-1-thread-2] INFO  com.crawljax.core.Crawler -  Event xpath /HTML[1]/BODY[1]/DIV[4]/DIV[1]/DIV[4]/DIV[2]/DIV[2]/DIV[2]/DIV[3]/DIV[4]/DIV[1]/DIV[2]
18:14:27.388 [pool-1-thread-2] INFO  com.crawljax.core.Crawler - Changing related inputs for 8 with 0  to 0 
18:14:27.492 [pool-1-thread-2] INFO  c.c.core.UnfiredFragmentCandidates - Changing related inputs to worked inputs 0 for 8
18:14:27.492 [pool-1-thread-2] INFO  c.c.core.UnfiredFragmentCandidates - event 8 - Before 0
18:14:27.492 [pool-1-thread-2] INFO  c.c.core.UnfiredFragmentCandidates - event 8 - After 0
18:14:27.492 [pool-1-thread-2] INFO  c.c.core.UnfiredFragmentCandidates - input for 8, 0
18:14:30.663 [pool-1-thread-2] INFO  com.crawljax.core.Crawler -  Event xpath /HTML[1]/BODY[1]/DIV[4]/DIV[1]/DIV[4]/DIV[2]/DIV[2]/DIV[2]/DIV[4]
18:14:30.686 [pool-1-thread-2] INFO  com.crawljax.core.Crawler - Changing related inputs for 9 with 0  to 0 
18:14:30.781 [pool-1-thread-2] INFO  c.c.core.UnfiredFragmentCandidates - Changing related inputs to worked inputs 0 for 9
18:14:30.781 [pool-1-thread-2] INFO  c.c.core.UnfiredFragmentCandidates - event 9 - Before 0
18:14:30.781 [pool-1-thread-2] INFO  c.c.core.UnfiredFragmentCandidates - event 9 - After 0
18:14:30.781 [pool-1-thread-2] INFO  c.c.core.UnfiredFragmentCandidates - input for 9, 0
18:14:30.851 [pool-1-thread-2] INFO  com.crawljax.core.Crawler -  Event xpath /HTML[1]/BODY[1]/DIV[4]/DIV[1]/DIV[4]/DIV[2]/DIV[2]/DIV[2]/DIV[3]/DIV[3]/DIV[1]/DIV[1]/A[1]
18:14:30.876 [pool-1-thread-2] INFO  com.crawljax.core.Crawler - Changing related inputs for 10 with 0  to 0 
18:14:30.968 [pool-1-thread-2] INFO  c.c.core.UnfiredFragmentCandidates - Changing related inputs to worked inputs 0 for 10
18:14:30.969 [pool-1-thread-2] INFO  c.c.core.UnfiredFragmentCandidates - event 10 - Before 0
18:14:30.969 [pool-1-thread-2] INFO  c.c.core.UnfiredFragmentCandidates - event 10 - After 0
18:14:30.969 [pool-1-thread-2] INFO  c.c.core.UnfiredFragmentCandidates - input for 10, 0
18:14:35.600 [pool-1-thread-2] INFO  c.c.c.state.InMemoryStateFlowGraph - Number of states in the graph is now 6
18:14:35.600 [pool-1-thread-2] INFO  c.crawljax.core.state.StateMachine - State state8 added to the StateMachine.
18:14:35.767 [pool-1-thread-2] INFO  com.crawljax.core.Crawler - New DOM is a new state! crawl depth is now 5
18:14:35.768 [pool-1-thread-2] INFO  com.crawljax.core.Crawler - Parsing DOM of state state8 for candidate elements
18:14:35.790 [pool-1-thread-2] INFO  c.c.core.UnfiredFragmentCandidates - There are 5 states with unfired actions: [1, 3, 4, 5, 8]
18:14:35.820 [pool-1-thread-2] INFO  com.crawljax.core.Crawler -  Event xpath /HTML[1]/BODY[1]/DIV[4]/DIV[1]/DIV[4]/DIV[2]/DIV[2]/DIV[1]/FORM[1]/DIV[1]/DIV[2]/DIV[3]/DIV[2]/DIV[1]/DIV[2]/DIV[1]/DIV[1]
18:14:35.854 [pool-1-thread-2] INFO  com.crawljax.core.Crawler - Changing related inputs for 11 with 0  to 0 
18:14:35.953 [pool-1-thread-2] INFO  c.c.core.UnfiredFragmentCandidates - Changing related inputs to worked inputs 0 for 11
18:14:35.953 [pool-1-thread-2] INFO  c.c.core.UnfiredFragmentCandidates - event 11 - Before 0
18:14:35.953 [pool-1-thread-2] INFO  c.c.core.UnfiredFragmentCandidates - event 11 - After 0
18:14:35.953 [pool-1-thread-2] INFO  c.c.core.UnfiredFragmentCandidates - input for 11, 0
18:14:39.122 [pool-1-thread-2] INFO  com.crawljax.core.Crawler -  Event xpath /HTML[1]/BODY[1]/DIV[4]/DIV[1]/DIV[2]/UL[1]/LI[6]/DIV[1]
18:14:39.148 [pool-1-thread-2] INFO  com.crawljax.core.Crawler - Changing related inputs for 12 with 0  to 0 
18:14:39.260 [pool-1-thread-2] INFO  c.c.core.UnfiredFragmentCandidates - Changing related inputs to worked inputs 0 for 12
18:14:39.260 [pool-1-thread-2] INFO  c.c.core.UnfiredFragmentCandidates - event 12 - Before 0
18:14:39.260 [pool-1-thread-2] INFO  c.c.core.UnfiredFragmentCandidates - event 12 - After 0
18:14:39.260 [pool-1-thread-2] INFO  c.c.core.UnfiredFragmentCandidates - input for 12, 0
18:14:39.319 [pool-1-thread-2] INFO  com.crawljax.core.Crawler -  Event xpath /HTML[1]/BODY[1]/DIV[4]/DIV[1]/DIV[2]/UL[1]/LI[3]/DIV[1]
18:14:39.343 [pool-1-thread-2] INFO  com.crawljax.core.Crawler - Changing related inputs for 13 with 0  to 0 
18:14:39.434 [pool-1-thread-2] INFO  c.c.core.UnfiredFragmentCandidates - Changing related inputs to worked inputs 0 for 13
18:14:39.434 [pool-1-thread-2] INFO  c.c.core.UnfiredFragmentCandidates - event 13 - Before 0
18:14:39.434 [pool-1-thread-2] INFO  c.c.core.UnfiredFragmentCandidates - event 13 - After 0
18:14:39.434 [pool-1-thread-2] INFO  c.c.core.UnfiredFragmentCandidates - input for 13, 0
18:14:39.487 [pool-1-thread-2] INFO  com.crawljax.core.Crawler -  Event xpath /HTML[1]/BODY[1]/DIV[4]/DIV[1]/DIV[4]/DIV[1]/DIV[3]/DIV[1]
18:14:39.509 [pool-1-thread-2] INFO  com.crawljax.core.Crawler - Changing related inputs for 14 with 0  to 0 
18:14:39.598 [pool-1-thread-2] INFO  c.c.core.UnfiredFragmentCandidates - Changing related inputs to worked inputs 0 for 14
18:14:39.598 [pool-1-thread-2] INFO  c.c.core.UnfiredFragmentCandidates - event 14 - Before 0
18:14:39.598 [pool-1-thread-2] INFO  c.c.core.UnfiredFragmentCandidates - event 14 - After 0
18:14:39.598 [pool-1-thread-2] INFO  c.c.core.UnfiredFragmentCandidates - input for 14, 0
18:14:42.769 [pool-1-thread-2] INFO  com.crawljax.core.Crawler -  Event xpath /HTML[1]/BODY[1]/DIV[4]/DIV[2]/DIV[1]/DIV[4]/UL[1]/LI[3]/A[1]
18:14:42.792 [pool-1-thread-2] INFO  com.crawljax.core.Crawler - Changing related inputs for 15 with 0  to 0 
18:14:42.878 [pool-1-thread-2] INFO  c.c.core.UnfiredFragmentCandidates - Changing related inputs to worked inputs 0 for 15
18:14:42.878 [pool-1-thread-2] INFO  c.c.core.UnfiredFragmentCandidates - event 15 - Before 0
18:14:42.878 [pool-1-thread-2] INFO  c.c.core.UnfiredFragmentCandidates - event 15 - After 0
18:14:42.878 [pool-1-thread-2] INFO  c.c.core.UnfiredFragmentCandidates - input for 15, 0
18:14:46.324 [pool-1-thread-2] INFO  c.c.c.state.InMemoryStateFlowGraph - Number of states in the graph is now 7
18:14:46.324 [pool-1-thread-2] INFO  c.crawljax.core.state.StateMachine - State state11 added to the StateMachine.
18:14:46.450 [pool-1-thread-2] INFO  com.crawljax.core.Crawler - New DOM is a new state! crawl depth is now 6
18:14:46.450 [pool-1-thread-2] INFO  com.crawljax.core.Crawler - Parsing DOM of state state11 for candidate elements
18:14:46.463 [pool-1-thread-2] INFO  com.crawljax.core.Crawler - Resetting the crawler and Going to state index
18:14:46.475 [pool-1-thread-2] INFO  com.crawljax.core.CrawlSession - Adding CrawlPath to session !!
18:14:46.476 [pool-1-thread-2] INFO  com.crawljax.core.Crawler - BT-state0:-1index_1_state1state1_4_state3state3_5_state4state4_6_state5state5_7_state4state4_10_state8state8_15_state11
18:14:49.413 [pool-1-thread-2] INFO  c.c.c.state.InMemoryStateFlowGraph - Number of states in the graph is now 8
18:14:49.552 [pool-1-thread-2] INFO  com.crawljax.core.Crawler - Parsing DOM of state state12 for candidate elements
18:14:49.567 [pool-1-thread-2] INFO  c.c.core.UnfiredFragmentCandidates - There are 6 states with unfired actions: [1, 3, 4, 5, 8, 12]
18:14:49.568 [pool-1-thread-2] INFO  com.crawljax.core.Crawler - Added a reload edge from state11 to state12
18:14:49.568 [pool-1-thread-2] INFO  com.crawljax.core.Crawler - Initial state not the same as current state : Getting shortest path from current state
18:14:49.578 [pool-1-thread-2] INFO  com.crawljax.core.Crawler - index no path from state12
18:14:49.579 [pool-1-thread-2] INFO  com.crawljax.core.Crawler - Not a valid path anymore index: index
18:14:49.579 [pool-1-thread-2] INFO  com.crawljax.core.Crawler - Tried to follow 
18:14:49.579 [pool-1-thread-2] INFO  com.crawljax.core.Crawler - 
18:14:49.579 [pool-1-thread-2] INFO  com.crawljax.core.Crawler - Saving failed backtracking path to 0
18:14:49.579 [pool-1-thread-2] INFO  com.crawljax.core.Crawler - backtrack status: false, reached NearDuplicate : -1 
18:14:52.434 [pool-1-thread-2] INFO  c.c.c.state.InMemoryStateFlowGraph - Number of states in the graph is now 9
18:14:52.583 [pool-1-thread-2] INFO  com.crawljax.core.Crawler - Parsing DOM of state state13 for candidate elements
18:14:52.594 [pool-1-thread-2] INFO  c.c.core.UnfiredFragmentCandidates - There are 7 states with unfired actions: [1, 3, 4, 5, 8, 12, 13]
18:14:52.594 [pool-1-thread-2] INFO  com.crawljax.core.Crawler - Added a reload edge from state12 to state13
18:14:52.596 [pool-1-thread-2] INFO  com.crawljax.core.Crawler - index no path from state12
18:14:52.596 [pool-1-thread-2] INFO  com.crawljax.core.Crawler - state unreachable: Removing from candidate actions index
18:14:52.596 [pool-1-thread-2] INFO  c.c.core.UnfiredFragmentCandidates - Placing purged actions in unreachable cache for index
18:14:52.596 [pool-1-thread-2] INFO  com.crawljax.core.Crawler - Resetting the crawler and Going to state state1
18:14:55.431 [pool-1-thread-2] INFO  com.crawljax.core.Crawler - index has changed to: state13
18:14:55.431 [pool-1-thread-2] INFO  com.crawljax.core.Crawler - Added a reload edge from state13 to state13
18:14:55.431 [pool-1-thread-2] INFO  com.crawljax.core.Crawler - Initial state not the same as current state : Getting shortest path from current state
18:14:55.431 [pool-1-thread-2] INFO  com.crawljax.core.Crawler - state1 no path from state13
18:14:55.431 [pool-1-thread-2] INFO  c.crawljax.core.state.StateMachine - Cannot go to state: 'state1' from: 'state13'
18:14:55.432 [pool-1-thread-2] INFO  com.crawljax.core.Crawler - Not a valid path anymore index: state1
18:14:55.432 [pool-1-thread-2] INFO  com.crawljax.core.Crawler - Tried to follow 
18:14:55.432 [pool-1-thread-2] INFO  com.crawljax.core.Crawler - index_1_state1
18:14:55.432 [pool-1-thread-2] INFO  com.crawljax.core.Crawler - Saving failed backtracking path to 1
18:14:55.432 [pool-1-thread-2] INFO  com.crawljax.core.Crawler - backtrack status: false, reached NearDuplicate : -1 
18:14:58.269 [pool-1-thread-2] INFO  com.crawljax.core.Crawler - index has changed to: state13
18:14:58.272 [pool-1-thread-2] INFO  com.crawljax.core.Crawler - Did not add reload edge from state13 to state13
18:14:58.272 [pool-1-thread-2] INFO  com.crawljax.core.Crawler - state1 no path from state12
18:14:58.272 [pool-1-thread-2] INFO  com.crawljax.core.Crawler - state1 no path from state13
18:14:58.272 [pool-1-thread-2] INFO  com.crawljax.core.Crawler - state unreachable: Removing from candidate actions state1
18:14:58.272 [pool-1-thread-2] INFO  c.c.core.UnfiredFragmentCandidates - Placing purged actions in unreachable cache for state1
18:14:58.273 [pool-1-thread-2] INFO  com.crawljax.core.Crawler - Resetting the crawler and Going to state state3
18:15:01.114 [pool-1-thread-2] INFO  com.crawljax.core.Crawler - index has changed to: state13
18:15:01.114 [pool-1-thread-2] INFO  com.crawljax.core.Crawler - Did not add reload edge from state13 to state13
18:15:01.115 [pool-1-thread-2] INFO  com.crawljax.core.Crawler - Initial state not the same as current state : Getting shortest path from current state
18:15:01.115 [pool-1-thread-2] INFO  com.crawljax.core.Crawler - state3 no path from state13
18:15:01.115 [pool-1-thread-2] INFO  c.crawljax.core.state.StateMachine - Cannot go to state: 'state1' from: 'state13'
18:15:01.115 [pool-1-thread-2] INFO  com.crawljax.core.Crawler - Not a valid path anymore index: state3
18:15:01.115 [pool-1-thread-2] INFO  com.crawljax.core.Crawler - Tried to follow 
18:15:01.115 [pool-1-thread-2] INFO  com.crawljax.core.Crawler - index_1_state1state1_4_state3
18:15:01.115 [pool-1-thread-2] INFO  com.crawljax.core.Crawler - Saving failed backtracking path to 3
18:15:01.115 [pool-1-thread-2] INFO  com.crawljax.core.Crawler - backtrack status: false, reached NearDuplicate : -1 
18:15:03.951 [pool-1-thread-2] INFO  com.crawljax.core.Crawler - index has changed to: state13
18:15:03.951 [pool-1-thread-2] INFO  com.crawljax.core.Crawler - Did not add reload edge from state13 to state13
18:15:03.952 [pool-1-thread-2] INFO  com.crawljax.core.Crawler - state3 no path from state12
18:15:03.952 [pool-1-thread-2] INFO  com.crawljax.core.Crawler - state3 no path from state13
18:15:03.952 [pool-1-thread-2] INFO  com.crawljax.core.Crawler - state unreachable: Removing from candidate actions state3
18:15:03.952 [pool-1-thread-2] INFO  c.c.core.UnfiredFragmentCandidates - Placing purged actions in unreachable cache for state3
18:15:03.952 [pool-1-thread-2] INFO  com.crawljax.core.Crawler - Resetting the crawler and Going to state state4
18:15:06.766 [pool-1-thread-2] INFO  com.crawljax.core.Crawler - index has changed to: state13
18:15:06.767 [pool-1-thread-2] INFO  com.crawljax.core.Crawler - Did not add reload edge from state13 to state13
18:15:06.767 [pool-1-thread-2] INFO  com.crawljax.core.Crawler - Initial state not the same as current state : Getting shortest path from current state
18:15:06.767 [pool-1-thread-2] INFO  com.crawljax.core.Crawler - state4 no path from state13
18:15:06.767 [pool-1-thread-2] INFO  c.crawljax.core.state.StateMachine - Cannot go to state: 'state1' from: 'state13'
18:15:06.767 [pool-1-thread-2] INFO  com.crawljax.core.Crawler - Not a valid path anymore index: state4
18:15:06.767 [pool-1-thread-2] INFO  com.crawljax.core.Crawler - Tried to follow 
18:15:06.767 [pool-1-thread-2] INFO  com.crawljax.core.Crawler - index_1_state1state1_4_state3state3_5_state4
18:15:06.767 [pool-1-thread-2] INFO  com.crawljax.core.Crawler - Saving failed backtracking path to 4
18:15:06.767 [pool-1-thread-2] INFO  com.crawljax.core.Crawler - backtrack status: false, reached NearDuplicate : -1 
18:15:09.599 [pool-1-thread-2] INFO  com.crawljax.core.Crawler - index has changed to: state13
18:15:09.600 [pool-1-thread-2] INFO  com.crawljax.core.Crawler - Did not add reload edge from state13 to state13
18:15:09.600 [pool-1-thread-2] INFO  com.crawljax.core.Crawler - state4 no path from state12
18:15:09.600 [pool-1-thread-2] INFO  com.crawljax.core.Crawler - state4 no path from state13
18:15:09.600 [pool-1-thread-2] INFO  com.crawljax.core.Crawler - state unreachable: Removing from candidate actions state4
18:15:09.600 [pool-1-thread-2] INFO  c.c.core.UnfiredFragmentCandidates - Placing purged actions in unreachable cache for state4
18:15:09.600 [pool-1-thread-2] INFO  com.crawljax.core.Crawler - Resetting the crawler and Going to state state5
18:15:12.451 [pool-1-thread-2] INFO  com.crawljax.core.Crawler - index has changed to: state13
18:15:12.451 [pool-1-thread-2] INFO  com.crawljax.core.Crawler - Did not add reload edge from state13 to state13
18:15:12.451 [pool-1-thread-2] INFO  com.crawljax.core.Crawler - Initial state not the same as current state : Getting shortest path from current state
18:15:12.451 [pool-1-thread-2] INFO  com.crawljax.core.Crawler - state5 no path from state13
18:15:12.452 [pool-1-thread-2] INFO  c.crawljax.core.state.StateMachine - Cannot go to state: 'state1' from: 'state13'
18:15:12.452 [pool-1-thread-2] INFO  com.crawljax.core.Crawler - Not a valid path anymore index: state5
18:15:12.452 [pool-1-thread-2] INFO  com.crawljax.core.Crawler - Tried to follow 
18:15:12.452 [pool-1-thread-2] INFO  com.crawljax.core.Crawler - index_1_state1state1_4_state3state3_5_state4state4_6_state5
18:15:12.452 [pool-1-thread-2] INFO  com.crawljax.core.Crawler - Saving failed backtracking path to 5
18:15:12.452 [pool-1-thread-2] INFO  com.crawljax.core.Crawler - backtrack status: false, reached NearDuplicate : -1 
18:15:15.312 [pool-1-thread-2] INFO  com.crawljax.core.Crawler - index has changed to: state13
18:15:15.313 [pool-1-thread-2] INFO  com.crawljax.core.Crawler - Did not add reload edge from state13 to state13
18:15:15.313 [pool-1-thread-2] INFO  com.crawljax.core.Crawler - state5 no path from state12
18:15:15.313 [pool-1-thread-2] INFO  com.crawljax.core.Crawler - state5 no path from state13
18:15:15.313 [pool-1-thread-2] INFO  com.crawljax.core.Crawler - state unreachable: Removing from candidate actions state5
18:15:15.313 [pool-1-thread-2] INFO  c.c.core.UnfiredFragmentCandidates - Placing purged actions in unreachable cache for state5
18:15:15.313 [pool-1-thread-2] INFO  com.crawljax.core.Crawler - Resetting the crawler and Going to state state8
18:15:18.132 [pool-1-thread-2] INFO  com.crawljax.core.Crawler - index has changed to: state13
18:15:18.133 [pool-1-thread-2] INFO  com.crawljax.core.Crawler - Did not add reload edge from state13 to state13
18:15:18.133 [pool-1-thread-2] INFO  com.crawljax.core.Crawler - Initial state not the same as current state : Getting shortest path from current state
18:15:18.133 [pool-1-thread-2] INFO  com.crawljax.core.Crawler - state8 no path from state13
18:15:18.133 [pool-1-thread-2] INFO  c.crawljax.core.state.StateMachine - Cannot go to state: 'state1' from: 'state13'
18:15:18.133 [pool-1-thread-2] INFO  com.crawljax.core.Crawler - Not a valid path anymore index: state8
18:15:18.133 [pool-1-thread-2] INFO  com.crawljax.core.Crawler - Tried to follow 
18:15:18.133 [pool-1-thread-2] INFO  com.crawljax.core.Crawler - index_1_state1state1_4_state3state3_5_state4state4_10_state8
18:15:18.133 [pool-1-thread-2] INFO  com.crawljax.core.Crawler - Saving failed backtracking path to 8
18:15:18.133 [pool-1-thread-2] INFO  com.crawljax.core.Crawler - backtrack status: false, reached NearDuplicate : -1 
18:15:20.983 [pool-1-thread-2] INFO  com.crawljax.core.Crawler - index has changed to: state13
18:15:20.983 [pool-1-thread-2] INFO  com.crawljax.core.Crawler - Did not add reload edge from state13 to state13
18:15:20.984 [pool-1-thread-2] INFO  com.crawljax.core.Crawler - state8 no path from state12
18:15:20.984 [pool-1-thread-2] INFO  com.crawljax.core.Crawler - state8 no path from state13
18:15:20.984 [pool-1-thread-2] INFO  com.crawljax.core.Crawler - state unreachable: Removing from candidate actions state8
18:15:20.984 [pool-1-thread-2] INFO  c.c.core.UnfiredFragmentCandidates - Placing purged actions in unreachable cache for state8
18:15:20.984 [pool-1-thread-2] INFO  com.crawljax.core.Crawler - Resetting the crawler and Going to state state12
18:15:23.797 [pool-1-thread-2] INFO  com.crawljax.core.Crawler - index has changed to: state13
18:15:23.797 [pool-1-thread-2] INFO  com.crawljax.core.Crawler - Did not add reload edge from state13 to state13
18:15:23.797 [pool-1-thread-2] INFO  com.crawljax.core.Crawler - Initial state not the same as current state : Getting shortest path from current state
18:15:23.798 [pool-1-thread-2] INFO  com.crawljax.core.Crawler - state12 no path from state13
18:15:23.798 [pool-1-thread-2] INFO  c.crawljax.core.state.StateMachine - Cannot go to state: 'state1' from: 'state13'
18:15:23.798 [pool-1-thread-2] INFO  com.crawljax.core.Crawler - Not a valid path anymore index: state12
18:15:23.798 [pool-1-thread-2] INFO  com.crawljax.core.Crawler - Tried to follow 
18:15:23.798 [pool-1-thread-2] INFO  com.crawljax.core.Crawler - index_1_state1state1_4_state3state3_5_state4state4_10_state8state8_15_state11state11_0_state12
18:15:23.798 [pool-1-thread-2] INFO  com.crawljax.core.Crawler - Saving failed backtracking path to 12
18:15:23.799 [pool-1-thread-2] INFO  com.crawljax.core.Crawler - backtrack status: false, reached NearDuplicate : -1 
18:15:26.621 [pool-1-thread-2] INFO  com.crawljax.core.Crawler - index has changed to: state13
18:15:26.621 [pool-1-thread-2] INFO  com.crawljax.core.Crawler - Did not add reload edge from state13 to state13
18:15:26.621 [pool-1-thread-2] INFO  com.crawljax.core.Crawler - Not a valid path anymore state12: state12
18:15:26.621 [pool-1-thread-2] INFO  com.crawljax.core.Crawler - Tried to follow 
18:15:26.621 [pool-1-thread-2] INFO  com.crawljax.core.Crawler - 
18:15:26.621 [pool-1-thread-2] INFO  com.crawljax.core.Crawler - Saving failed backtracking path to 12
18:15:26.622 [pool-1-thread-2] INFO  com.crawljax.core.Crawler - backtrack status: false, reached NearDuplicate : -1 
18:15:29.455 [pool-1-thread-2] INFO  com.crawljax.core.Crawler - index has changed to: state13
18:15:29.455 [pool-1-thread-2] INFO  com.crawljax.core.Crawler - Did not add reload edge from state13 to state13
18:15:29.455 [pool-1-thread-2] INFO  com.crawljax.core.Crawler - state12 no path from state13
18:15:29.455 [pool-1-thread-2] INFO  com.crawljax.core.Crawler - state unreachable: Removing from candidate actions state12
18:15:29.455 [pool-1-thread-2] INFO  c.c.core.UnfiredFragmentCandidates - Placing purged actions in unreachable cache for state12
18:15:29.456 [pool-1-thread-2] INFO  com.crawljax.core.Crawler - backtrack status: true, reached NearDuplicate : -1 
18:15:29.456 [pool-1-thread-2] INFO  com.crawljax.core.Crawler -  Event xpath /HTML[1]/BODY[1]/DIV[4]/DIV[1]/DIV[1]/DIV[4]/DIV[3]
18:15:29.477 [pool-1-thread-2] INFO  com.crawljax.core.Crawler - Changing related inputs for 16 with 0  to 0 
18:15:29.580 [pool-1-thread-2] INFO  c.c.core.UnfiredFragmentCandidates - Changing related inputs to worked inputs 0 for 16
18:15:29.580 [pool-1-thread-2] INFO  c.c.core.UnfiredFragmentCandidates - event 16 - Before 0
18:15:29.580 [pool-1-thread-2] INFO  c.c.core.UnfiredFragmentCandidates - event 16 - After 0
18:15:29.580 [pool-1-thread-2] INFO  c.c.core.UnfiredFragmentCandidates - input for 16, 0
18:15:29.634 [pool-1-thread-2] INFO  com.crawljax.core.Crawler -  Event xpath /HTML[1]/BODY[1]/DIV[4]/DIV[2]/DIV[1]/DIV[3]/UL[1]/LI[1]
18:15:29.654 [pool-1-thread-2] INFO  com.crawljax.core.Crawler - Changing related inputs for 17 with 0  to 0 
18:15:29.738 [pool-1-thread-2] INFO  c.c.core.UnfiredFragmentCandidates - Changing related inputs to worked inputs 0 for 17
18:15:29.738 [pool-1-thread-2] INFO  c.c.core.UnfiredFragmentCandidates - event 17 - Before 0
18:15:29.738 [pool-1-thread-2] INFO  c.c.core.UnfiredFragmentCandidates - event 17 - After 0
18:15:29.738 [pool-1-thread-2] INFO  c.c.core.UnfiredFragmentCandidates - input for 17, 0
18:15:32.902 [pool-1-thread-2] INFO  c.c.c.state.InMemoryStateFlowGraph - Number of states in the graph is now 10
18:15:32.903 [pool-1-thread-2] INFO  c.crawljax.core.state.StateMachine - State state27 added to the StateMachine.
18:15:33.025 [pool-1-thread-2] INFO  com.crawljax.core.Crawler - New DOM is a new state! crawl depth is now 1
18:15:33.025 [pool-1-thread-2] INFO  com.crawljax.core.Crawler - Parsing DOM of state state27 for candidate elements
18:15:33.036 [pool-1-thread-2] INFO  c.c.core.UnfiredFragmentCandidates - There are 1 states with unfired actions: [27]
18:15:33.047 [pool-1-thread-2] INFO  com.crawljax.core.Crawler -  Event xpath /HTML[1]/BODY[1]/DIV[4]/DIV[1]/DIV[4]/DIV[3]/DIV[1]/DIV[1]/DIV[1]/DIV[2]/A[2]
18:15:33.069 [pool-1-thread-2] INFO  com.crawljax.core.Crawler - Changing related inputs for 18 with 0  to 0 
18:15:33.158 [pool-1-thread-2] INFO  c.c.core.UnfiredFragmentCandidates - Changing related inputs to worked inputs 0 for 18
18:15:33.158 [pool-1-thread-2] INFO  c.c.core.UnfiredFragmentCandidates - event 18 - Before 0
18:15:33.158 [pool-1-thread-2] INFO  c.c.core.UnfiredFragmentCandidates - event 18 - After 0
18:15:33.158 [pool-1-thread-2] INFO  c.c.core.UnfiredFragmentCandidates - input for 18, 0
18:15:36.318 [pool-1-thread-2] INFO  c.c.c.state.InMemoryStateFlowGraph - Number of states in the graph is now 11
18:15:36.318 [pool-1-thread-2] INFO  c.crawljax.core.state.StateMachine - State state28 added to the StateMachine.
18:15:36.467 [pool-1-thread-2] INFO  com.crawljax.core.Crawler - New DOM is a new state! crawl depth is now 2
18:15:36.467 [pool-1-thread-2] INFO  com.crawljax.core.Crawler - Parsing DOM of state state28 for candidate elements
18:15:36.478 [pool-1-thread-2] INFO  c.c.core.UnfiredFragmentCandidates - There are 2 states with unfired actions: [27, 28]
18:15:36.493 [pool-1-thread-2] INFO  com.crawljax.core.Crawler -  Event xpath /HTML[1]/BODY[1]/DIV[4]/DIV[1]/DIV[4]/DIV[3]/DIV[1]/DIV[1]/DIV[3]/DIV[6]/DIV[1]/DIV[1]/A[1]/IMG[1]
18:15:36.521 [pool-1-thread-2] INFO  com.crawljax.core.Crawler - Changing related inputs for 19 with 0  to 0 
18:15:36.609 [pool-1-thread-2] INFO  c.c.core.UnfiredFragmentCandidates - Changing related inputs to worked inputs 0 for 19
18:15:36.609 [pool-1-thread-2] INFO  c.c.core.UnfiredFragmentCandidates - event 19 - Before 0
18:15:36.609 [pool-1-thread-2] INFO  c.c.core.UnfiredFragmentCandidates - event 19 - After 0
18:15:36.609 [pool-1-thread-2] INFO  c.c.core.UnfiredFragmentCandidates - input for 19, 0
18:15:41.905 [pool-1-thread-2] INFO  c.c.c.state.InMemoryStateFlowGraph - Number of states in the graph is now 12
18:15:41.906 [pool-1-thread-2] INFO  c.crawljax.core.state.StateMachine - State state29 added to the StateMachine.
18:15:42.067 [pool-1-thread-2] INFO  com.crawljax.core.Crawler - New DOM is a new state! crawl depth is now 3
18:15:42.067 [pool-1-thread-2] INFO  com.crawljax.core.Crawler - Parsing DOM of state state29 for candidate elements
18:15:42.086 [pool-1-thread-2] INFO  c.c.core.UnfiredFragmentCandidates - There are 3 states with unfired actions: [27, 28, 29]
18:15:42.097 [pool-1-thread-2] INFO  com.crawljax.core.Crawler -  Event xpath /HTML[1]/BODY[1]/DIV[4]/DIV[1]/DIV[4]/DIV[2]/DIV[2]/DIV[1]/FORM[1]/DIV[1]/DIV[1]/DIV[2]/DIV[6]/DL[1]/DD[3]/UL[1]/LI[2]/INPUT[1]
18:15:42.125 [pool-1-thread-2] INFO  com.crawljax.core.Crawler - Changing related inputs for 20 with 0  to 0 
18:15:42.219 [pool-1-thread-2] INFO  c.c.core.UnfiredFragmentCandidates - Changing related inputs to worked inputs 0 for 20
18:15:42.219 [pool-1-thread-2] INFO  c.c.core.UnfiredFragmentCandidates - event 20 - Before 0
18:15:42.219 [pool-1-thread-2] INFO  c.c.core.UnfiredFragmentCandidates - event 20 - After 0
18:15:42.219 [pool-1-thread-2] INFO  c.c.core.UnfiredFragmentCandidates - input for 20, 0
18:15:45.388 [pool-1-thread-2] INFO  com.crawljax.core.Crawler -  Event xpath /HTML[1]/BODY[1]/DIV[4]/DIV[1]/DIV[2]/UL[1]/LI[1]/A[1]
18:15:45.413 [pool-1-thread-2] INFO  com.crawljax.core.Crawler - Changing related inputs for 21 with 0  to 0 
18:15:45.506 [pool-1-thread-2] INFO  c.c.core.UnfiredFragmentCandidates - Changing related inputs to worked inputs 0 for 21
18:15:45.506 [pool-1-thread-2] INFO  c.c.core.UnfiredFragmentCandidates - event 21 - Before 0
18:15:45.506 [pool-1-thread-2] INFO  c.c.core.UnfiredFragmentCandidates - event 21 - After 0
18:15:45.506 [pool-1-thread-2] INFO  c.c.core.UnfiredFragmentCandidates - input for 21, 0
18:15:49.317 [pool-1-thread-2] INFO  c.crawljax.core.state.StateMachine - CLONE State detected: state31 and state4 are the same.
18:15:49.317 [pool-1-thread-2] INFO  c.c.core.UnfiredFragmentCandidates - Placing state4 back in queue as it is rediscovered
18:15:49.317 [pool-1-thread-2] INFO  c.c.core.UnfiredFragmentCandidates - There are 4 states with unfired actions: [27, 28, 29, 4]
18:15:49.318 [pool-1-thread-2] INFO  c.c.core.UnfiredFragmentCandidates - Rediscovered state4 has unexplored actions
18:15:49.327 [pool-1-thread-2] INFO  com.crawljax.core.Crawler -  Event xpath /HTML[1]/BODY[1]/DIV[4]/DIV[1]/DIV[2]/UL[2]/LI[7]/DIV[1]
18:15:49.351 [pool-1-thread-2] INFO  com.crawljax.core.Crawler - Changing related inputs for 22 with 0  to 0 
18:15:49.435 [pool-1-thread-2] INFO  c.c.core.UnfiredFragmentCandidates - Changing related inputs to worked inputs 0 for 22
18:15:49.435 [pool-1-thread-2] INFO  c.c.core.UnfiredFragmentCandidates - event 22 - Before 0
18:15:49.435 [pool-1-thread-2] INFO  c.c.core.UnfiredFragmentCandidates - event 22 - After 0
18:15:49.435 [pool-1-thread-2] INFO  c.c.core.UnfiredFragmentCandidates - input for 22, 0
18:15:49.485 [pool-1-thread-2] INFO  com.crawljax.core.Crawler -  Event xpath /HTML[1]/BODY[1]/DIV[4]/DIV[1]/DIV[2]/UL[1]/LI[2]/UL[1]/LI[1]/A[1]
18:15:49.508 [pool-1-thread-2] INFO  com.crawljax.core.Crawler - Changing related inputs for 23 with 0  to 0 
18:15:49.595 [pool-1-thread-2] INFO  c.c.core.UnfiredFragmentCandidates - Changing related inputs to worked inputs 0 for 23
18:15:49.595 [pool-1-thread-2] INFO  c.c.core.UnfiredFragmentCandidates - event 23 - Before 0
18:15:49.595 [pool-1-thread-2] INFO  c.c.core.UnfiredFragmentCandidates - event 23 - After 0
18:15:49.595 [pool-1-thread-2] INFO  c.c.core.UnfiredFragmentCandidates - input for 23, 0
18:15:49.639 [pool-1-thread-2] INFO  com.crawljax.core.Crawler - Found an invisible link with href=/desktops
18:15:52.757 [pool-1-thread-2] INFO  c.c.c.state.InMemoryStateFlowGraph - Number of states in the graph is now 13
18:15:52.757 [pool-1-thread-2] INFO  c.crawljax.core.state.StateMachine - State state32 added to the StateMachine.
18:15:52.896 [pool-1-thread-2] INFO  com.crawljax.core.Crawler - New DOM is a new state! crawl depth is now 4
18:15:52.896 [pool-1-thread-2] INFO  com.crawljax.core.Crawler - Parsing DOM of state state32 for candidate elements
18:15:52.906 [pool-1-thread-2] INFO  c.c.core.UnfiredFragmentCandidates - There are 5 states with unfired actions: [27, 28, 29, 4, 32]
18:15:52.916 [pool-1-thread-2] INFO  com.crawljax.core.Crawler -  Event xpath /HTML[1]/BODY[1]/DIV[4]/DIV[1]/DIV[2]/UL[2]/LI[6]
18:15:52.939 [pool-1-thread-2] INFO  com.crawljax.core.Crawler - Changing related inputs for 24 with 0  to 0 
18:15:53.031 [pool-1-thread-2] INFO  c.c.core.UnfiredFragmentCandidates - Changing related inputs to worked inputs 0 for 24
18:15:53.031 [pool-1-thread-2] INFO  c.c.core.UnfiredFragmentCandidates - event 24 - Before 0
18:15:53.031 [pool-1-thread-2] INFO  c.c.core.UnfiredFragmentCandidates - event 24 - After 0
18:15:53.031 [pool-1-thread-2] INFO  c.c.core.UnfiredFragmentCandidates - input for 24, 0
18:15:53.085 [pool-1-thread-2] INFO  com.crawljax.core.Crawler -  Event xpath /HTML[1]/BODY[1]/DIV[4]/DIV[1]/DIV[3]
18:15:53.106 [pool-1-thread-2] INFO  com.crawljax.core.Crawler - Changing related inputs for 25 with 0  to 0 
18:15:53.196 [pool-1-thread-2] INFO  c.c.core.UnfiredFragmentCandidates - Changing related inputs to worked inputs 0 for 25
18:15:53.196 [pool-1-thread-2] INFO  c.c.core.UnfiredFragmentCandidates - event 25 - Before 0
18:15:53.197 [pool-1-thread-2] INFO  c.c.core.UnfiredFragmentCandidates - event 25 - After 0
18:15:53.197 [pool-1-thread-2] INFO  c.c.core.UnfiredFragmentCandidates - input for 25, 0
18:15:53.249 [pool-1-thread-2] INFO  com.crawljax.core.Crawler -  Event xpath /HTML[1]/BODY[1]/DIV[4]/DIV[1]/DIV[4]/DIV[1]/DIV[3]/DIV[2]/DIV[1]/DIV[1]
18:15:53.267 [pool-1-thread-2] INFO  com.crawljax.core.Crawler - Changing related inputs for 26 with 0  to 0 
18:15:53.355 [pool-1-thread-2] INFO  c.c.core.UnfiredFragmentCandidates - Changing related inputs to worked inputs 0 for 26
18:15:53.355 [pool-1-thread-2] INFO  c.c.core.UnfiredFragmentCandidates - event 26 - Before 0
18:15:53.355 [pool-1-thread-2] INFO  c.c.core.UnfiredFragmentCandidates - event 26 - After 0
18:15:53.355 [pool-1-thread-2] INFO  c.c.core.UnfiredFragmentCandidates - input for 26, 0
18:15:56.503 [pool-1-thread-2] INFO  com.crawljax.core.Crawler -  Event xpath /HTML[1]/BODY[1]/DIV[4]/DIV[1]/DIV[4]/DIV[1]/DIV[1]/DIV[2]/UL[1]/LI[2]/UL[1]/LI[1]/A[1]
18:15:56.520 [pool-1-thread-2] INFO  com.crawljax.core.Crawler - Changing related inputs for 27 with 0  to 0 
18:15:56.602 [pool-1-thread-2] INFO  c.c.core.UnfiredFragmentCandidates - Changing related inputs to worked inputs 0 for 27
18:15:56.602 [pool-1-thread-2] INFO  c.c.core.UnfiredFragmentCandidates - event 27 - Before 0
18:15:56.602 [pool-1-thread-2] INFO  c.c.core.UnfiredFragmentCandidates - event 27 - After 0
18:15:56.602 [pool-1-thread-2] INFO  c.c.core.UnfiredFragmentCandidates - input for 27, 0
18:16:00.391 [pool-1-thread-2] INFO  com.crawljax.core.Crawler -  Event xpath /HTML[1]/BODY[1]/DIV[4]/DIV[1]/DIV[1]/DIV[3]/FORM[1]/INPUT[2]
18:16:00.410 [pool-1-thread-2] INFO  com.crawljax.core.Crawler - Changing related inputs for 28 with 0  to 0 
18:16:00.496 [pool-1-thread-2] INFO  c.c.core.UnfiredFragmentCandidates - Changing related inputs to worked inputs 0 for 28
18:16:00.497 [pool-1-thread-2] INFO  c.c.core.UnfiredFragmentCandidates - event 28 - Before 0
18:16:00.497 [pool-1-thread-2] INFO  c.c.core.UnfiredFragmentCandidates - event 28 - After 0
18:16:00.497 [pool-1-thread-2] INFO  c.c.core.UnfiredFragmentCandidates - input for 28, 0
18:16:03.641 [pool-1-thread-2] INFO  c.c.b.WebDriverBackedEmbeddedBrowser - Alert accepted
18:16:03.715 [pool-1-thread-2] INFO  com.crawljax.core.Crawler -  Event xpath /HTML[1]/BODY[1]/DIV[4]/DIV[1]/DIV[4]/DIV[2]/DIV[2]/DIV[2]/DIV[3]/DIV[1]/DIV[1]/DIV[2]/DIV[1]/DIV[1]
18:16:03.735 [pool-1-thread-2] INFO  com.crawljax.core.Crawler - Changing related inputs for 29 with 0  to 0 
18:16:03.824 [pool-1-thread-2] INFO  c.c.core.UnfiredFragmentCandidates - Changing related inputs to worked inputs 0 for 29
18:16:03.824 [pool-1-thread-2] INFO  c.c.core.UnfiredFragmentCandidates - event 29 - Before 0
18:16:03.824 [pool-1-thread-2] INFO  c.c.core.UnfiredFragmentCandidates - event 29 - After 0
18:16:03.824 [pool-1-thread-2] INFO  c.c.core.UnfiredFragmentCandidates - input for 29, 0
18:16:06.983 [pool-1-thread-2] INFO  com.crawljax.core.Crawler -  Event xpath /HTML[1]/BODY[1]/DIV[4]/DIV[1]/DIV[4]/DIV[2]/DIV[2]/DIV[2]/DIV[1]/DIV[2]/SELECT[1]/OPTION[5]
18:16:07.006 [pool-1-thread-2] INFO  com.crawljax.core.Crawler - Changing related inputs for 30 with 0  to 0 
18:16:07.087 [pool-1-thread-2] INFO  c.c.core.UnfiredFragmentCandidates - Changing related inputs to worked inputs 0 for 30
18:16:07.087 [pool-1-thread-2] INFO  c.c.core.UnfiredFragmentCandidates - event 30 - Before 0
18:16:07.087 [pool-1-thread-2] INFO  c.c.core.UnfiredFragmentCandidates - event 30 - After 0
18:16:07.087 [pool-1-thread-2] INFO  c.c.core.UnfiredFragmentCandidates - input for 30, 0
18:16:10.855 [pool-1-thread-2] INFO  c.c.c.state.InMemoryStateFlowGraph - Number of states in the graph is now 14
18:16:10.855 [pool-1-thread-2] INFO  c.crawljax.core.state.StateMachine - State state37 added to the StateMachine.
18:16:10.971 [pool-1-thread-2] INFO  com.crawljax.core.Crawler - New DOM is a new state! crawl depth is now 5
18:16:10.971 [pool-1-thread-2] INFO  com.crawljax.core.Crawler - Parsing DOM of state state37 for candidate elements
18:16:10.978 [pool-1-thread-2] INFO  c.c.core.UnfiredFragmentCandidates - There are 6 states with unfired actions: [27, 28, 29, 4, 32, 37]
18:16:10.988 [pool-1-thread-2] INFO  com.crawljax.core.Crawler -  Event xpath /HTML[1]/BODY[1]/DIV[4]/DIV[1]/DIV[2]/UL[1]/LI[2]
18:16:11.006 [pool-1-thread-2] INFO  com.crawljax.core.Crawler - Changing related inputs for 31 with 0  to 0 
18:16:11.088 [pool-1-thread-2] INFO  c.c.core.UnfiredFragmentCandidates - Changing related inputs to worked inputs 0 for 31
18:16:11.088 [pool-1-thread-2] INFO  c.c.core.UnfiredFragmentCandidates - event 31 - Before 0
18:16:11.088 [pool-1-thread-2] INFO  c.c.core.UnfiredFragmentCandidates - event 31 - After 0
18:16:11.088 [pool-1-thread-2] INFO  c.c.core.UnfiredFragmentCandidates - input for 31, 0
18:16:14.897 [pool-1-thread-2] INFO  c.c.c.state.InMemoryStateFlowGraph - Number of states in the graph is now 15
18:16:14.897 [pool-1-thread-2] INFO  c.crawljax.core.state.StateMachine - State state38 added to the StateMachine.
18:16:15.016 [pool-1-thread-2] INFO  com.crawljax.core.Crawler - New DOM is a new state! crawl depth is now 6
18:16:15.016 [pool-1-thread-2] INFO  com.crawljax.core.Crawler - Parsing DOM of state state38 for candidate elements
18:16:15.023 [pool-1-thread-2] INFO  c.c.core.UnfiredFragmentCandidates - There are 7 states with unfired actions: [27, 28, 29, 4, 32, 37, 38]
18:16:15.034 [pool-1-thread-2] INFO  com.crawljax.core.Crawler -  Event xpath /HTML[1]/BODY[1]/DIV[4]/DIV[2]/DIV[1]/DIV[3]/UL[1]/LI[3]/A[1]
18:16:15.051 [pool-1-thread-2] INFO  com.crawljax.core.Crawler - Changing related inputs for 32 with 0  to 0 
18:16:15.134 [pool-1-thread-2] INFO  c.c.core.UnfiredFragmentCandidates - Changing related inputs to worked inputs 0 for 32
18:16:15.134 [pool-1-thread-2] INFO  c.c.core.UnfiredFragmentCandidates - event 32 - Before 0
18:16:15.134 [pool-1-thread-2] INFO  c.c.core.UnfiredFragmentCandidates - event 32 - After 0
18:16:15.134 [pool-1-thread-2] INFO  c.c.core.UnfiredFragmentCandidates - input for 32, 0
18:16:18.975 [pool-1-thread-2] INFO  c.c.c.state.InMemoryStateFlowGraph - Number of states in the graph is now 16
18:16:18.975 [pool-1-thread-2] INFO  c.crawljax.core.state.StateMachine - State state39 added to the StateMachine.
18:16:19.096 [pool-1-thread-2] INFO  com.crawljax.core.Crawler - New DOM is a new state! crawl depth is now 7
18:16:19.096 [pool-1-thread-2] INFO  com.crawljax.core.Crawler - Parsing DOM of state state39 for candidate elements
18:16:19.103 [pool-1-thread-2] INFO  c.c.core.UnfiredFragmentCandidates - There are 8 states with unfired actions: [27, 28, 29, 4, 32, 37, 38, 39]
18:16:19.112 [pool-1-thread-2] INFO  com.crawljax.core.Crawler -  Event xpath /HTML[1]/BODY[1]/DIV[4]/DIV[1]/DIV[4]/DIV[2]/DIV[1]/DIV[2]/DIV[3]/DIV[2]
18:16:19.127 [pool-1-thread-2] INFO  com.crawljax.core.Crawler - Changing related inputs for 33 with 0  to 0 
18:16:19.205 [pool-1-thread-2] INFO  c.c.core.UnfiredFragmentCandidates - Changing related inputs to worked inputs 0 for 33
18:16:19.205 [pool-1-thread-2] INFO  c.c.core.UnfiredFragmentCandidates - event 33 - Before 0
18:16:19.205 [pool-1-thread-2] INFO  c.c.core.UnfiredFragmentCandidates - event 33 - After 0
18:16:19.205 [pool-1-thread-2] INFO  c.c.core.UnfiredFragmentCandidates - input for 33, 0
18:16:22.347 [pool-1-thread-2] INFO  com.crawljax.core.Crawler -  Event xpath /HTML[1]/BODY[1]/DIV[4]/DIV[2]/DIV[1]/DIV[3]/UL[1]/LI[4]
18:16:22.362 [pool-1-thread-2] INFO  com.crawljax.core.Crawler - Changing related inputs for 34 with 0  to 0 
18:16:22.448 [pool-1-thread-2] INFO  c.c.core.UnfiredFragmentCandidates - Changing related inputs to worked inputs 0 for 34
18:16:22.449 [pool-1-thread-2] INFO  c.c.core.UnfiredFragmentCandidates - event 34 - Before 0
18:16:22.449 [pool-1-thread-2] INFO  c.c.core.UnfiredFragmentCandidates - event 34 - After 0
18:16:22.449 [pool-1-thread-2] INFO  c.c.core.UnfiredFragmentCandidates - input for 34, 0
18:16:25.596 [pool-1-thread-2] INFO  com.crawljax.core.Crawler -  Event xpath /HTML[1]/BODY[1]/DIV[4]/DIV[1]/DIV[1]/DIV[1]/A[1]
18:16:25.611 [pool-1-thread-2] INFO  com.crawljax.core.Crawler - Changing related inputs for 35 with 0  to 0 
18:16:25.688 [pool-1-thread-2] INFO  c.c.core.UnfiredFragmentCandidates - Changing related inputs to worked inputs 0 for 35
18:16:25.688 [pool-1-thread-2] INFO  c.c.core.UnfiredFragmentCandidates - event 35 - Before 0
18:16:25.688 [pool-1-thread-2] INFO  c.c.core.UnfiredFragmentCandidates - event 35 - After 0
18:16:25.688 [pool-1-thread-2] INFO  c.c.core.UnfiredFragmentCandidates - input for 35, 0
18:16:29.497 [pool-1-thread-2] INFO  c.c.c.state.InMemoryStateFlowGraph - Number of states in the graph is now 17
18:16:29.497 [pool-1-thread-2] INFO  c.crawljax.core.state.StateMachine - State state42 added to the StateMachine.
18:16:29.645 [pool-1-thread-2] INFO  com.crawljax.core.Crawler - New DOM is a new state! crawl depth is now 8
18:16:29.654 [pool-1-thread-2] INFO  com.crawljax.core.Crawler - Resetting the crawler and Going to state state13
18:16:29.665 [pool-1-thread-2] INFO  com.crawljax.core.CrawlSession - Adding CrawlPath to session !!
18:16:29.665 [pool-1-thread-2] INFO  com.crawljax.core.Crawler - BT-state12:-1state13_17_state27state27_18_state28state28_19_state29state29_21_state4state4_23_state32state32_30_state37state37_31_state38state38_32_state39state39_35_state42
18:16:32.481 [pool-1-thread-2] INFO  c.c.c.state.InMemoryStateFlowGraph - Number of states in the graph is now 18
18:16:32.636 [pool-1-thread-2] INFO  com.crawljax.core.Crawler - Parsing DOM of state state43 for candidate elements
18:16:32.645 [pool-1-thread-2] INFO  c.c.core.UnfiredFragmentCandidates - There are 9 states with unfired actions: [27, 28, 29, 4, 32, 37, 38, 39, 43]
18:16:32.645 [pool-1-thread-2] INFO  com.crawljax.core.Crawler - Added a reload edge from state42 to state43
18:16:32.645 [pool-1-thread-2] INFO  com.crawljax.core.Crawler - Initial state not the same as current state : Getting shortest path from current state
18:16:32.645 [pool-1-thread-2] INFO  com.crawljax.core.Crawler - state13 no path from state43
18:16:32.646 [pool-1-thread-2] INFO  c.crawljax.core.state.StateMachine - Cannot go to state: 'state1' from: 'state43'
18:16:32.646 [pool-1-thread-2] INFO  com.crawljax.core.Crawler - Not a valid path anymore index: state13
18:16:32.646 [pool-1-thread-2] INFO  com.crawljax.core.Crawler - Tried to follow 
18:16:32.646 [pool-1-thread-2] INFO  com.crawljax.core.Crawler - index_1_state1state1_4_state3state3_5_state4state4_10_state8state8_15_state11state11_0_state12state12_0_state13
18:16:32.646 [pool-1-thread-2] INFO  com.crawljax.core.Crawler - Saving failed backtracking path to 13
18:16:32.646 [pool-1-thread-2] INFO  com.crawljax.core.Crawler - backtrack status: false, reached NearDuplicate : -1 
18:16:35.484 [pool-1-thread-2] INFO  com.crawljax.core.Crawler - index has changed to: state43
18:16:35.485 [pool-1-thread-2] INFO  com.crawljax.core.Crawler - Added a reload edge from state43 to state43
18:16:35.485 [pool-1-thread-2] INFO  c.crawljax.core.state.StateMachine - Cannot go to state: 'state13' from: 'state43'
18:16:35.485 [pool-1-thread-2] INFO  com.crawljax.core.Crawler - Not a valid path anymore state12: state13
18:16:35.485 [pool-1-thread-2] INFO  com.crawljax.core.Crawler - Tried to follow 
18:16:35.485 [pool-1-thread-2] INFO  com.crawljax.core.Crawler - state12_0_state13
18:16:35.485 [pool-1-thread-2] INFO  com.crawljax.core.Crawler - Saving failed backtracking path to 13
18:16:35.485 [pool-1-thread-2] INFO  com.crawljax.core.Crawler - backtrack status: false, reached NearDuplicate : -1 
18:16:38.308 [pool-1-thread-2] INFO  com.crawljax.core.Crawler - index has changed to: state43
18:16:38.308 [pool-1-thread-2] INFO  com.crawljax.core.Crawler - Did not add reload edge from state43 to state43
18:16:38.308 [pool-1-thread-2] INFO  com.crawljax.core.Crawler - Not a valid path anymore state13: state13
18:16:38.308 [pool-1-thread-2] INFO  com.crawljax.core.Crawler - Tried to follow 
18:16:38.309 [pool-1-thread-2] INFO  com.crawljax.core.Crawler - 
18:16:38.309 [pool-1-thread-2] INFO  com.crawljax.core.Crawler - Saving failed backtracking path to 13
18:16:38.309 [pool-1-thread-2] INFO  com.crawljax.core.Crawler - backtrack status: false, reached NearDuplicate : -1 
18:16:41.141 [pool-1-thread-2] INFO  com.crawljax.core.Crawler - index has changed to: state43
18:16:41.142 [pool-1-thread-2] INFO  com.crawljax.core.Crawler - Did not add reload edge from state43 to state43
18:16:41.142 [pool-1-thread-2] INFO  com.crawljax.core.Crawler - state13 no path from state43
18:16:41.142 [pool-1-thread-2] INFO  com.crawljax.core.Crawler - state unreachable: Removing from candidate actions state13
18:16:41.142 [pool-1-thread-2] INFO  c.c.core.UnfiredFragmentCandidates - Placing purged actions in unreachable cache for state13
18:16:41.142 [pool-1-thread-2] INFO  com.crawljax.core.Crawler - Resetting the crawler and Going to state state27
18:16:43.947 [pool-1-thread-2] INFO  com.crawljax.core.Crawler - index has changed to: state43
18:16:43.948 [pool-1-thread-2] INFO  com.crawljax.core.Crawler - Did not add reload edge from state43 to state43
18:16:43.948 [pool-1-thread-2] INFO  com.crawljax.core.Crawler - Initial state not the same as current state : Getting shortest path from current state
18:16:43.948 [pool-1-thread-2] INFO  com.crawljax.core.Crawler - state27 no path from state43
18:16:43.948 [pool-1-thread-2] INFO  c.crawljax.core.state.StateMachine - Cannot go to state: 'state1' from: 'state43'
18:16:43.949 [pool-1-thread-2] INFO  com.crawljax.core.Crawler - Not a valid path anymore index: state27
18:16:43.949 [pool-1-thread-2] INFO  com.crawljax.core.Crawler - Tried to follow 
18:16:43.949 [pool-1-thread-2] INFO  com.crawljax.core.Crawler - index_1_state1state1_4_state3state3_5_state4state4_10_state8state8_15_state11state11_0_state12state12_0_state13state13_17_state27
18:16:43.949 [pool-1-thread-2] INFO  com.crawljax.core.Crawler - Saving failed backtracking path to 27
18:16:43.949 [pool-1-thread-2] INFO  com.crawljax.core.Crawler - backtrack status: false, reached NearDuplicate : -1 
18:16:46.776 [pool-1-thread-2] INFO  com.crawljax.core.Crawler - index has changed to: state43
18:16:46.776 [pool-1-thread-2] INFO  com.crawljax.core.Crawler - Did not add reload edge from state43 to state43
18:16:46.776 [pool-1-thread-2] INFO  c.crawljax.core.state.StateMachine - Cannot go to state: 'state13' from: 'state43'
18:16:46.777 [pool-1-thread-2] INFO  com.crawljax.core.Crawler - Not a valid path anymore state12: state27
18:16:46.777 [pool-1-thread-2] INFO  com.crawljax.core.Crawler - Tried to follow 
18:16:46.777 [pool-1-thread-2] INFO  com.crawljax.core.Crawler - state12_0_state13state13_17_state27
18:16:46.777 [pool-1-thread-2] INFO  com.crawljax.core.Crawler - Saving failed backtracking path to 27
18:16:46.777 [pool-1-thread-2] INFO  com.crawljax.core.Crawler - backtrack status: false, reached NearDuplicate : -1 
18:16:49.583 [pool-1-thread-2] INFO  com.crawljax.core.Crawler - index has changed to: state43
18:16:49.583 [pool-1-thread-2] INFO  com.crawljax.core.Crawler - Did not add reload edge from state43 to state43
18:16:49.583 [pool-1-thread-2] INFO  c.crawljax.core.state.StateMachine - Cannot go to state: 'state27' from: 'state43'
18:16:49.584 [pool-1-thread-2] INFO  com.crawljax.core.Crawler - Not a valid path anymore state13: state27
18:16:49.584 [pool-1-thread-2] INFO  com.crawljax.core.Crawler - Tried to follow 
18:16:49.584 [pool-1-thread-2] INFO  com.crawljax.core.Crawler - state13_17_state27
18:16:49.584 [pool-1-thread-2] INFO  com.crawljax.core.Crawler - Saving failed backtracking path to 27
18:16:49.584 [pool-1-thread-2] INFO  com.crawljax.core.Crawler - backtrack status: false, reached NearDuplicate : -1 
18:16:52.406 [pool-1-thread-2] INFO  com.crawljax.core.Crawler - index has changed to: state43
18:16:52.407 [pool-1-thread-2] INFO  com.crawljax.core.Crawler - Did not add reload edge from state43 to state43
18:16:52.407 [pool-1-thread-2] INFO  com.crawljax.core.Crawler - state27 no path from state43
18:16:52.407 [pool-1-thread-2] INFO  com.crawljax.core.Crawler - state unreachable: Removing from candidate actions state27
18:16:52.407 [pool-1-thread-2] INFO  c.c.core.UnfiredFragmentCandidates - Placing purged actions in unreachable cache for state27
18:16:52.407 [pool-1-thread-2] INFO  com.crawljax.core.Crawler - Resetting the crawler and Going to state state28
18:16:55.237 [pool-1-thread-2] INFO  com.crawljax.core.Crawler - index has changed to: state43
18:16:55.238 [pool-1-thread-2] INFO  com.crawljax.core.Crawler - Did not add reload edge from state43 to state43
18:16:55.238 [pool-1-thread-2] INFO  com.crawljax.core.Crawler - Initial state not the same as current state : Getting shortest path from current state
18:16:55.238 [pool-1-thread-2] INFO  com.crawljax.core.Crawler - state28 no path from state43
18:16:55.238 [pool-1-thread-2] INFO  c.crawljax.core.state.StateMachine - Cannot go to state: 'state1' from: 'state43'
18:16:55.238 [pool-1-thread-2] INFO  com.crawljax.core.Crawler - Not a valid path anymore index: state28
18:16:55.238 [pool-1-thread-2] INFO  com.crawljax.core.Crawler - Tried to follow 
18:16:55.238 [pool-1-thread-2] INFO  com.crawljax.core.Crawler - index_1_state1state1_4_state3state3_5_state4state4_10_state8state8_15_state11state11_0_state12state12_0_state13state13_17_state27state27_18_state28
18:16:55.238 [pool-1-thread-2] INFO  com.crawljax.core.Crawler - Saving failed backtracking path to 28
18:16:55.238 [pool-1-thread-2] INFO  com.crawljax.core.Crawler - backtrack status: false, reached NearDuplicate : -1 
18:16:58.059 [pool-1-thread-2] INFO  com.crawljax.core.Crawler - index has changed to: state43
18:16:58.060 [pool-1-thread-2] INFO  com.crawljax.core.Crawler - Did not add reload edge from state43 to state43
18:16:58.060 [pool-1-thread-2] INFO  c.crawljax.core.state.StateMachine - Cannot go to state: 'state13' from: 'state43'
18:16:58.060 [pool-1-thread-2] INFO  com.crawljax.core.Crawler - Not a valid path anymore state12: state28
18:16:58.060 [pool-1-thread-2] INFO  com.crawljax.core.Crawler - Tried to follow 
18:16:58.060 [pool-1-thread-2] INFO  com.crawljax.core.Crawler - state12_0_state13state13_17_state27state27_18_state28
18:16:58.060 [pool-1-thread-2] INFO  com.crawljax.core.Crawler - Saving failed backtracking path to 28
18:16:58.060 [pool-1-thread-2] INFO  com.crawljax.core.Crawler - backtrack status: false, reached NearDuplicate : -1 
18:17:00.896 [pool-1-thread-2] INFO  com.crawljax.core.Crawler - index has changed to: state43
18:17:00.897 [pool-1-thread-2] INFO  com.crawljax.core.Crawler - Did not add reload edge from state43 to state43
18:17:00.897 [pool-1-thread-2] INFO  c.crawljax.core.state.StateMachine - Cannot go to state: 'state27' from: 'state43'
18:17:00.897 [pool-1-thread-2] INFO  com.crawljax.core.Crawler - Not a valid path anymore state13: state28
18:17:00.897 [pool-1-thread-2] INFO  com.crawljax.core.Crawler - Tried to follow 
18:17:00.897 [pool-1-thread-2] INFO  com.crawljax.core.Crawler - state13_17_state27state27_18_state28
18:17:00.898 [pool-1-thread-2] INFO  com.crawljax.core.Crawler - Saving failed backtracking path to 28
18:17:00.898 [pool-1-thread-2] INFO  com.crawljax.core.Crawler - backtrack status: false, reached NearDuplicate : -1 
18:17:03.742 [pool-1-thread-2] INFO  com.crawljax.core.Crawler - index has changed to: state43
18:17:03.743 [pool-1-thread-2] INFO  com.crawljax.core.Crawler - Did not add reload edge from state43 to state43
18:17:03.743 [pool-1-thread-2] INFO  com.crawljax.core.Crawler - state28 no path from state43
18:17:03.743 [pool-1-thread-2] INFO  com.crawljax.core.Crawler - state unreachable: Removing from candidate actions state28
18:17:03.743 [pool-1-thread-2] INFO  c.c.core.UnfiredFragmentCandidates - Placing purged actions in unreachable cache for state28
18:17:03.743 [pool-1-thread-2] INFO  com.crawljax.core.Crawler - Resetting the crawler and Going to state state29
18:17:06.536 [pool-1-thread-2] INFO  com.crawljax.core.Crawler - index has changed to: state43
18:17:06.536 [pool-1-thread-2] INFO  com.crawljax.core.Crawler - Did not add reload edge from state43 to state43
18:17:06.537 [pool-1-thread-2] INFO  com.crawljax.core.Crawler - Initial state not the same as current state : Getting shortest path from current state
18:17:06.537 [pool-1-thread-2] INFO  com.crawljax.core.Crawler - state29 no path from state43
18:17:06.537 [pool-1-thread-2] INFO  c.crawljax.core.state.StateMachine - Cannot go to state: 'state1' from: 'state43'
18:17:06.537 [pool-1-thread-2] INFO  com.crawljax.core.Crawler - Not a valid path anymore index: state29
18:17:06.537 [pool-1-thread-2] INFO  com.crawljax.core.Crawler - Tried to follow 
18:17:06.537 [pool-1-thread-2] INFO  com.crawljax.core.Crawler - index_1_state1state1_4_state3state3_5_state4state4_10_state8state8_15_state11state11_0_state12state12_0_state13state13_17_state27state27_18_state28state28_19_state29
18:17:06.537 [pool-1-thread-2] INFO  com.crawljax.core.Crawler - Saving failed backtracking path to 29
18:17:06.537 [pool-1-thread-2] INFO  com.crawljax.core.Crawler - backtrack status: false, reached NearDuplicate : -1 
18:17:09.362 [pool-1-thread-2] INFO  com.crawljax.core.Crawler - index has changed to: state43
18:17:09.362 [pool-1-thread-2] INFO  com.crawljax.core.Crawler - Did not add reload edge from state43 to state43
18:17:09.362 [pool-1-thread-2] INFO  c.crawljax.core.state.StateMachine - Cannot go to state: 'state13' from: 'state43'
18:17:09.362 [pool-1-thread-2] INFO  com.crawljax.core.Crawler - Not a valid path anymore state12: state29
18:17:09.362 [pool-1-thread-2] INFO  com.crawljax.core.Crawler - Tried to follow 
18:17:09.362 [pool-1-thread-2] INFO  com.crawljax.core.Crawler - state12_0_state13state13_17_state27state27_18_state28state28_19_state29
18:17:09.362 [pool-1-thread-2] INFO  com.crawljax.core.Crawler - Saving failed backtracking path to 29
18:17:09.362 [pool-1-thread-2] INFO  com.crawljax.core.Crawler - backtrack status: false, reached NearDuplicate : -1 
18:17:12.205 [pool-1-thread-2] INFO  com.crawljax.core.Crawler - index has changed to: state43
18:17:12.205 [pool-1-thread-2] INFO  com.crawljax.core.Crawler - Did not add reload edge from state43 to state43
18:17:12.205 [pool-1-thread-2] INFO  c.crawljax.core.state.StateMachine - Cannot go to state: 'state27' from: 'state43'
18:17:12.205 [pool-1-thread-2] INFO  com.crawljax.core.Crawler - Not a valid path anymore state13: state29
18:17:12.205 [pool-1-thread-2] INFO  com.crawljax.core.Crawler - Tried to follow 
18:17:12.205 [pool-1-thread-2] INFO  com.crawljax.core.Crawler - state13_17_state27state27_18_state28state28_19_state29
18:17:12.205 [pool-1-thread-2] INFO  com.crawljax.core.Crawler - Saving failed backtracking path to 29
18:17:12.205 [pool-1-thread-2] INFO  com.crawljax.core.Crawler - backtrack status: false, reached NearDuplicate : -1 
18:17:15.014 [pool-1-thread-2] INFO  com.crawljax.core.Crawler - index has changed to: state43
18:17:15.014 [pool-1-thread-2] INFO  com.crawljax.core.Crawler - Did not add reload edge from state43 to state43
18:17:15.014 [pool-1-thread-2] INFO  com.crawljax.core.Crawler - state29 no path from state43
18:17:15.015 [pool-1-thread-2] INFO  com.crawljax.core.Crawler - state unreachable: Removing from candidate actions state29
18:17:15.015 [pool-1-thread-2] INFO  c.c.core.UnfiredFragmentCandidates - Placing purged actions in unreachable cache for state29
18:17:15.015 [pool-1-thread-2] INFO  com.crawljax.core.Crawler - Resetting the crawler and Going to state state4
18:17:17.826 [pool-1-thread-2] INFO  com.crawljax.core.Crawler - index has changed to: state43
18:17:17.827 [pool-1-thread-2] INFO  com.crawljax.core.Crawler - Did not add reload edge from state43 to state43
18:17:17.827 [pool-1-thread-2] INFO  com.crawljax.core.Crawler - Initial state not the same as current state : Getting shortest path from current state
18:17:17.827 [pool-1-thread-2] INFO  com.crawljax.core.Crawler - state4 no path from state43
18:17:17.827 [pool-1-thread-2] INFO  c.crawljax.core.state.StateMachine - Cannot go to state: 'state1' from: 'state43'
18:17:17.827 [pool-1-thread-2] INFO  com.crawljax.core.Crawler - Not a valid path anymore index: state4
18:17:17.827 [pool-1-thread-2] INFO  com.crawljax.core.Crawler - Tried to follow 
18:17:17.827 [pool-1-thread-2] INFO  com.crawljax.core.Crawler - index_1_state1state1_4_state3state3_5_state4
18:17:17.827 [pool-1-thread-2] INFO  com.crawljax.core.Crawler - Saving failed backtracking path to 4
18:17:17.827 [pool-1-thread-2] INFO  com.crawljax.core.Crawler - backtrack status: false, reached NearDuplicate : -1 
18:17:20.638 [pool-1-thread-2] INFO  com.crawljax.core.Crawler - index has changed to: state43
18:17:20.638 [pool-1-thread-2] INFO  com.crawljax.core.Crawler - Did not add reload edge from state43 to state43
18:17:20.639 [pool-1-thread-2] INFO  c.crawljax.core.state.StateMachine - Cannot go to state: 'state13' from: 'state43'
18:17:20.639 [pool-1-thread-2] INFO  com.crawljax.core.Crawler - Not a valid path anymore state12: state4
18:17:20.639 [pool-1-thread-2] INFO  com.crawljax.core.Crawler - Tried to follow 
18:17:20.639 [pool-1-thread-2] INFO  com.crawljax.core.Crawler - state12_0_state13state13_17_state27state27_18_state28state28_19_state29state29_21_state4
18:17:20.639 [pool-1-thread-2] INFO  com.crawljax.core.Crawler - Saving failed backtracking path to 4
18:17:20.639 [pool-1-thread-2] INFO  com.crawljax.core.Crawler - backtrack status: false, reached NearDuplicate : -1 
18:17:23.472 [pool-1-thread-2] INFO  com.crawljax.core.Crawler - index has changed to: state43
18:17:23.472 [pool-1-thread-2] INFO  com.crawljax.core.Crawler - Did not add reload edge from state43 to state43
18:17:23.473 [pool-1-thread-2] INFO  c.crawljax.core.state.StateMachine - Cannot go to state: 'state27' from: 'state43'
18:17:23.473 [pool-1-thread-2] INFO  com.crawljax.core.Crawler - Not a valid path anymore state13: state4
18:17:23.473 [pool-1-thread-2] INFO  com.crawljax.core.Crawler - Tried to follow 
18:17:23.473 [pool-1-thread-2] INFO  com.crawljax.core.Crawler - state13_17_state27state27_18_state28state28_19_state29state29_21_state4
18:17:23.473 [pool-1-thread-2] INFO  com.crawljax.core.Crawler - Saving failed backtracking path to 4
18:17:23.473 [pool-1-thread-2] INFO  com.crawljax.core.Crawler - backtrack status: false, reached NearDuplicate : -1 
18:17:26.301 [pool-1-thread-2] INFO  com.crawljax.core.Crawler - index has changed to: state43
18:17:26.302 [pool-1-thread-2] INFO  com.crawljax.core.Crawler - Did not add reload edge from state43 to state43
18:17:26.302 [pool-1-thread-2] INFO  com.crawljax.core.Crawler - state4 no path from state43
18:17:26.302 [pool-1-thread-2] INFO  com.crawljax.core.Crawler - state unreachable: Removing from candidate actions state4
18:17:26.302 [pool-1-thread-2] INFO  c.c.core.UnfiredFragmentCandidates - Placing purged actions in unreachable cache for state4
18:17:26.302 [pool-1-thread-2] INFO  com.crawljax.core.Crawler - Resetting the crawler and Going to state state32
18:17:29.135 [pool-1-thread-2] INFO  com.crawljax.core.Crawler - index has changed to: state43
18:17:29.136 [pool-1-thread-2] INFO  com.crawljax.core.Crawler - Did not add reload edge from state43 to state43
18:17:29.136 [pool-1-thread-2] INFO  com.crawljax.core.Crawler - Initial state not the same as current state : Getting shortest path from current state
18:17:29.136 [pool-1-thread-2] INFO  com.crawljax.core.Crawler - state32 no path from state43
18:17:29.136 [pool-1-thread-2] INFO  c.crawljax.core.state.StateMachine - Cannot go to state: 'state1' from: 'state43'
18:17:29.136 [pool-1-thread-2] INFO  com.crawljax.core.Crawler - Not a valid path anymore index: state32
18:17:29.136 [pool-1-thread-2] INFO  com.crawljax.core.Crawler - Tried to follow 
18:17:29.136 [pool-1-thread-2] INFO  com.crawljax.core.Crawler - index_1_state1state1_4_state3state3_5_state4state4_23_state32
18:17:29.136 [pool-1-thread-2] INFO  com.crawljax.core.Crawler - Saving failed backtracking path to 32
18:17:29.136 [pool-1-thread-2] INFO  com.crawljax.core.Crawler - backtrack status: false, reached NearDuplicate : -1 
18:17:31.972 [pool-1-thread-2] INFO  com.crawljax.core.Crawler - index has changed to: state43
18:17:31.972 [pool-1-thread-2] INFO  com.crawljax.core.Crawler - Did not add reload edge from state43 to state43
18:17:31.972 [pool-1-thread-2] INFO  c.crawljax.core.state.StateMachine - Cannot go to state: 'state13' from: 'state43'
18:17:31.972 [pool-1-thread-2] INFO  com.crawljax.core.Crawler - Not a valid path anymore state12: state32
18:17:31.972 [pool-1-thread-2] INFO  com.crawljax.core.Crawler - Tried to follow 
18:17:31.972 [pool-1-thread-2] INFO  com.crawljax.core.Crawler - state12_0_state13state13_17_state27state27_18_state28state28_19_state29state29_21_state4state4_23_state32
18:17:31.972 [pool-1-thread-2] INFO  com.crawljax.core.Crawler - Saving failed backtracking path to 32
18:17:31.972 [pool-1-thread-2] INFO  com.crawljax.core.Crawler - backtrack status: false, reached NearDuplicate : -1 
18:17:34.816 [pool-1-thread-2] INFO  com.crawljax.core.Crawler - index has changed to: state43
18:17:34.817 [pool-1-thread-2] INFO  com.crawljax.core.Crawler - Did not add reload edge from state43 to state43
18:17:34.817 [pool-1-thread-2] INFO  c.crawljax.core.state.StateMachine - Cannot go to state: 'state27' from: 'state43'
18:17:34.817 [pool-1-thread-2] INFO  com.crawljax.core.Crawler - Not a valid path anymore state13: state32
18:17:34.817 [pool-1-thread-2] INFO  com.crawljax.core.Crawler - Tried to follow 
18:17:34.817 [pool-1-thread-2] INFO  com.crawljax.core.Crawler - state13_17_state27state27_18_state28state28_19_state29state29_21_state4state4_23_state32
18:17:34.817 [pool-1-thread-2] INFO  com.crawljax.core.Crawler - Saving failed backtracking path to 32
18:17:34.817 [pool-1-thread-2] INFO  com.crawljax.core.Crawler - backtrack status: false, reached NearDuplicate : -1 
18:17:37.630 [pool-1-thread-2] INFO  com.crawljax.core.Crawler - index has changed to: state43
18:17:37.630 [pool-1-thread-2] INFO  com.crawljax.core.Crawler - Did not add reload edge from state43 to state43
18:17:37.630 [pool-1-thread-2] INFO  com.crawljax.core.Crawler - state32 no path from state43
18:17:37.630 [pool-1-thread-2] INFO  com.crawljax.core.Crawler - state unreachable: Removing from candidate actions state32
18:17:37.630 [pool-1-thread-2] INFO  c.c.core.UnfiredFragmentCandidates - Placing purged actions in unreachable cache for state32
18:17:37.630 [pool-1-thread-2] INFO  com.crawljax.core.Crawler - Resetting the crawler and Going to state state37
18:17:40.459 [pool-1-thread-2] INFO  com.crawljax.core.Crawler - index has changed to: state43
18:17:40.459 [pool-1-thread-2] INFO  com.crawljax.core.Crawler - Did not add reload edge from state43 to state43
18:17:40.459 [pool-1-thread-2] INFO  com.crawljax.core.Crawler - Initial state not the same as current state : Getting shortest path from current state
18:17:40.460 [pool-1-thread-2] INFO  com.crawljax.core.Crawler - state37 no path from state43
18:17:40.460 [pool-1-thread-2] INFO  c.crawljax.core.state.StateMachine - Cannot go to state: 'state1' from: 'state43'
18:17:40.460 [pool-1-thread-2] INFO  com.crawljax.core.Crawler - Not a valid path anymore index: state37
18:17:40.460 [pool-1-thread-2] INFO  com.crawljax.core.Crawler - Tried to follow 
18:17:40.460 [pool-1-thread-2] INFO  com.crawljax.core.Crawler - index_1_state1state1_4_state3state3_5_state4state4_23_state32state32_30_state37
18:17:40.460 [pool-1-thread-2] INFO  com.crawljax.core.Crawler - Saving failed backtracking path to 37
18:17:40.460 [pool-1-thread-2] INFO  com.crawljax.core.Crawler - backtrack status: false, reached NearDuplicate : -1 
18:17:43.274 [pool-1-thread-2] INFO  com.crawljax.core.Crawler - index has changed to: state43
18:17:43.275 [pool-1-thread-2] INFO  com.crawljax.core.Crawler - Did not add reload edge from state43 to state43
18:17:43.275 [pool-1-thread-2] INFO  c.crawljax.core.state.StateMachine - Cannot go to state: 'state13' from: 'state43'
18:17:43.275 [pool-1-thread-2] INFO  com.crawljax.core.Crawler - Not a valid path anymore state12: state37
18:17:43.275 [pool-1-thread-2] INFO  com.crawljax.core.Crawler - Tried to follow 
18:17:43.275 [pool-1-thread-2] INFO  com.crawljax.core.Crawler - state12_0_state13state13_17_state27state27_18_state28state28_19_state29state29_21_state4state4_23_state32state32_30_state37
18:17:43.275 [pool-1-thread-2] INFO  com.crawljax.core.Crawler - Saving failed backtracking path to 37
18:17:43.275 [pool-1-thread-2] INFO  com.crawljax.core.Crawler - backtrack status: false, reached NearDuplicate : -1 
18:17:46.099 [pool-1-thread-2] INFO  com.crawljax.core.Crawler - index has changed to: state43
18:17:46.099 [pool-1-thread-2] INFO  com.crawljax.core.Crawler - Did not add reload edge from state43 to state43
18:17:46.099 [pool-1-thread-2] INFO  c.crawljax.core.state.StateMachine - Cannot go to state: 'state27' from: 'state43'
18:17:46.100 [pool-1-thread-2] INFO  com.crawljax.core.Crawler - Not a valid path anymore state13: state37
18:17:46.100 [pool-1-thread-2] INFO  com.crawljax.core.Crawler - Tried to follow 
18:17:46.100 [pool-1-thread-2] INFO  com.crawljax.core.Crawler - state13_17_state27state27_18_state28state28_19_state29state29_21_state4state4_23_state32state32_30_state37
18:17:46.100 [pool-1-thread-2] INFO  com.crawljax.core.Crawler - Saving failed backtracking path to 37
18:17:46.100 [pool-1-thread-2] INFO  com.crawljax.core.Crawler - backtrack status: false, reached NearDuplicate : -1 
18:17:48.907 [pool-1-thread-2] INFO  com.crawljax.core.Crawler - index has changed to: state43
18:17:48.907 [pool-1-thread-2] INFO  com.crawljax.core.Crawler - Did not add reload edge from state43 to state43
18:17:48.907 [pool-1-thread-2] INFO  com.crawljax.core.Crawler - state37 no path from state43
18:17:48.907 [pool-1-thread-2] INFO  com.crawljax.core.Crawler - state unreachable: Removing from candidate actions state37
18:17:48.907 [pool-1-thread-2] INFO  c.c.core.UnfiredFragmentCandidates - Placing purged actions in unreachable cache for state37
18:17:48.907 [pool-1-thread-2] INFO  com.crawljax.core.Crawler - Resetting the crawler and Going to state state38
18:17:51.719 [pool-1-thread-2] INFO  com.crawljax.core.Crawler - index has changed to: state43
18:17:51.720 [pool-1-thread-2] INFO  com.crawljax.core.Crawler - Did not add reload edge from state43 to state43
18:17:51.720 [pool-1-thread-2] INFO  com.crawljax.core.Crawler - Initial state not the same as current state : Getting shortest path from current state
18:17:51.720 [pool-1-thread-2] INFO  com.crawljax.core.Crawler - state38 no path from state43
18:17:51.720 [pool-1-thread-2] INFO  c.crawljax.core.state.StateMachine - Cannot go to state: 'state1' from: 'state43'
18:17:51.720 [pool-1-thread-2] INFO  com.crawljax.core.Crawler - Not a valid path anymore index: state38
18:17:51.720 [pool-1-thread-2] INFO  com.crawljax.core.Crawler - Tried to follow 
18:17:51.720 [pool-1-thread-2] INFO  com.crawljax.core.Crawler - index_1_state1state1_4_state3state3_5_state4state4_23_state32state32_30_state37state37_31_state38
18:17:51.720 [pool-1-thread-2] INFO  com.crawljax.core.Crawler - Saving failed backtracking path to 38
18:17:51.720 [pool-1-thread-2] INFO  com.crawljax.core.Crawler - backtrack status: false, reached NearDuplicate : -1 
18:17:54.546 [pool-1-thread-2] INFO  com.crawljax.core.Crawler - index has changed to: state43
18:17:54.546 [pool-1-thread-2] INFO  com.crawljax.core.Crawler - Did not add reload edge from state43 to state43
18:17:54.546 [pool-1-thread-2] INFO  c.crawljax.core.state.StateMachine - Cannot go to state: 'state13' from: 'state43'
18:17:54.546 [pool-1-thread-2] INFO  com.crawljax.core.Crawler - Not a valid path anymore state12: state38
18:17:54.546 [pool-1-thread-2] INFO  com.crawljax.core.Crawler - Tried to follow 
18:17:54.546 [pool-1-thread-2] INFO  com.crawljax.core.Crawler - state12_0_state13state13_17_state27state27_18_state28state28_19_state29state29_21_state4state4_23_state32state32_30_state37state37_31_state38
18:17:54.546 [pool-1-thread-2] INFO  com.crawljax.core.Crawler - Saving failed backtracking path to 38
18:17:54.546 [pool-1-thread-2] INFO  com.crawljax.core.Crawler - backtrack status: false, reached NearDuplicate : -1 
18:17:57.392 [pool-1-thread-2] INFO  com.crawljax.core.Crawler - index has changed to: state43
18:17:57.393 [pool-1-thread-2] INFO  com.crawljax.core.Crawler - Did not add reload edge from state43 to state43
18:17:57.393 [pool-1-thread-2] INFO  c.crawljax.core.state.StateMachine - Cannot go to state: 'state27' from: 'state43'
18:17:57.393 [pool-1-thread-2] INFO  com.crawljax.core.Crawler - Not a valid path anymore state13: state38
18:17:57.393 [pool-1-thread-2] INFO  com.crawljax.core.Crawler - Tried to follow 
18:17:57.393 [pool-1-thread-2] INFO  com.crawljax.core.Crawler - state13_17_state27state27_18_state28state28_19_state29state29_21_state4state4_23_state32state32_30_state37state37_31_state38
18:17:57.393 [pool-1-thread-2] INFO  com.crawljax.core.Crawler - Saving failed backtracking path to 38
18:17:57.393 [pool-1-thread-2] INFO  com.crawljax.core.Crawler - backtrack status: false, reached NearDuplicate : -1 
18:18:00.219 [pool-1-thread-2] INFO  com.crawljax.core.Crawler - index has changed to: state43
18:18:00.219 [pool-1-thread-2] INFO  com.crawljax.core.Crawler - Did not add reload edge from state43 to state43
18:18:00.219 [pool-1-thread-2] INFO  com.crawljax.core.Crawler - state38 no path from state43
18:18:00.219 [pool-1-thread-2] INFO  com.crawljax.core.Crawler - state unreachable: Removing from candidate actions state38
18:18:00.219 [pool-1-thread-2] INFO  c.c.core.UnfiredFragmentCandidates - Placing purged actions in unreachable cache for state38
18:18:00.219 [pool-1-thread-2] INFO  com.crawljax.core.Crawler - Resetting the crawler and Going to state state39
18:18:03.040 [pool-1-thread-2] INFO  com.crawljax.core.Crawler - index has changed to: state43
18:18:03.040 [pool-1-thread-2] INFO  com.crawljax.core.Crawler - Did not add reload edge from state43 to state43
18:18:03.040 [pool-1-thread-2] INFO  com.crawljax.core.Crawler - Initial state not the same as current state : Getting shortest path from current state
18:18:03.040 [pool-1-thread-2] INFO  com.crawljax.core.Crawler - state39 no path from state43
18:18:03.041 [pool-1-thread-2] INFO  c.crawljax.core.state.StateMachine - Cannot go to state: 'state1' from: 'state43'
18:18:03.041 [pool-1-thread-2] INFO  com.crawljax.core.Crawler - Not a valid path anymore index: state39
18:18:03.041 [pool-1-thread-2] INFO  com.crawljax.core.Crawler - Tried to follow 
18:18:03.041 [pool-1-thread-2] INFO  com.crawljax.core.Crawler - index_1_state1state1_4_state3state3_5_state4state4_23_state32state32_30_state37state37_31_state38state38_32_state39
18:18:03.041 [pool-1-thread-2] INFO  com.crawljax.core.Crawler - Saving failed backtracking path to 39
18:18:03.041 [pool-1-thread-2] INFO  com.crawljax.core.Crawler - backtrack status: false, reached NearDuplicate : -1 
18:18:05.882 [pool-1-thread-2] INFO  com.crawljax.core.Crawler - index has changed to: state43
18:18:05.883 [pool-1-thread-2] INFO  com.crawljax.core.Crawler - Did not add reload edge from state43 to state43
18:18:05.883 [pool-1-thread-2] INFO  c.crawljax.core.state.StateMachine - Cannot go to state: 'state13' from: 'state43'
18:18:05.883 [pool-1-thread-2] INFO  com.crawljax.core.Crawler - Not a valid path anymore state12: state39
18:18:05.883 [pool-1-thread-2] INFO  com.crawljax.core.Crawler - Tried to follow 
18:18:05.883 [pool-1-thread-2] INFO  com.crawljax.core.Crawler - state12_0_state13state13_17_state27state27_18_state28state28_19_state29state29_21_state4state4_23_state32state32_30_state37state37_31_state38state38_32_state39
18:18:05.883 [pool-1-thread-2] INFO  com.crawljax.core.Crawler - Saving failed backtracking path to 39
18:18:05.883 [pool-1-thread-2] INFO  com.crawljax.core.Crawler - backtrack status: false, reached NearDuplicate : -1 
18:18:08.721 [pool-1-thread-2] INFO  com.crawljax.core.Crawler - index has changed to: state43
18:18:08.721 [pool-1-thread-2] INFO  com.crawljax.core.Crawler - Did not add reload edge from state43 to state43
18:18:08.721 [pool-1-thread-2] INFO  c.crawljax.core.state.StateMachine - Cannot go to state: 'state27' from: 'state43'
18:18:08.721 [pool-1-thread-2] INFO  com.crawljax.core.Crawler - Not a valid path anymore state13: state39
18:18:08.721 [pool-1-thread-2] INFO  com.crawljax.core.Crawler - Tried to follow 
18:18:08.721 [pool-1-thread-2] INFO  com.crawljax.core.Crawler - state13_17_state27state27_18_state28state28_19_state29state29_21_state4state4_23_state32state32_30_state37state37_31_state38state38_32_state39
18:18:08.721 [pool-1-thread-2] INFO  com.crawljax.core.Crawler - Saving failed backtracking path to 39
18:18:08.721 [pool-1-thread-2] INFO  com.crawljax.core.Crawler - backtrack status: false, reached NearDuplicate : -1 
18:18:11.552 [pool-1-thread-2] INFO  com.crawljax.core.Crawler - index has changed to: state43
18:18:11.552 [pool-1-thread-2] INFO  com.crawljax.core.Crawler - Did not add reload edge from state43 to state43
18:18:11.552 [pool-1-thread-2] INFO  com.crawljax.core.Crawler - state39 no path from state43
18:18:11.552 [pool-1-thread-2] INFO  com.crawljax.core.Crawler - state unreachable: Removing from candidate actions state39
18:18:11.552 [pool-1-thread-2] INFO  c.c.core.UnfiredFragmentCandidates - Placing purged actions in unreachable cache for state39
18:18:11.552 [pool-1-thread-2] INFO  com.crawljax.core.Crawler - backtrack status: true, reached NearDuplicate : -1 
18:18:11.552 [pool-1-thread-2] INFO  com.crawljax.core.Crawler -  Event xpath /HTML[1]/BODY[1]/DIV[4]/DIV[1]/DIV[2]/UL[1]/LI[2]/UL[1]/LI[1]
18:18:11.571 [pool-1-thread-2] INFO  com.crawljax.core.Crawler - Changing related inputs for 36 with 0  to 0 
18:18:11.655 [pool-1-thread-2] INFO  c.c.core.UnfiredFragmentCandidates - Changing related inputs to worked inputs 0 for 36
18:18:11.655 [pool-1-thread-2] INFO  c.c.core.UnfiredFragmentCandidates - event 36 - Before 0
18:18:11.655 [pool-1-thread-2] INFO  c.c.core.UnfiredFragmentCandidates - event 36 - After 0
18:18:11.655 [pool-1-thread-2] INFO  c.c.core.UnfiredFragmentCandidates - input for 36, 0
18:18:11.706 [pool-1-thread-2] INFO  com.crawljax.core.Crawler -  Event xpath /HTML[1]/BODY[1]/DIV[4]/DIV[2]/DIV[1]/DIV[2]/UL[1]/LI[5]
18:18:11.724 [pool-1-thread-2] INFO  com.crawljax.core.Crawler - Changing related inputs for 37 with 0  to 0 
18:18:11.802 [pool-1-thread-2] INFO  c.c.core.UnfiredFragmentCandidates - Changing related inputs to worked inputs 0 for 37
18:18:11.802 [pool-1-thread-2] INFO  c.c.core.UnfiredFragmentCandidates - event 37 - Before 0
18:18:11.802 [pool-1-thread-2] INFO  c.c.core.UnfiredFragmentCandidates - event 37 - After 0
18:18:11.802 [pool-1-thread-2] INFO  c.c.core.UnfiredFragmentCandidates - input for 37, 0
18:18:15.392 [pool-1-thread-2] INFO  c.crawljax.core.state.StateMachine - CLONE State detected: state79 and state5 are the same.
18:18:15.392 [pool-1-thread-2] INFO  c.c.core.UnfiredFragmentCandidates - Placing state5 back in queue as it is rediscovered
18:18:15.392 [pool-1-thread-2] INFO  c.c.core.UnfiredFragmentCandidates - There are 1 states with unfired actions: [5]
18:18:15.392 [pool-1-thread-2] INFO  c.c.core.UnfiredFragmentCandidates - Rediscovered state5 has unexplored actions
18:18:15.405 [pool-1-thread-2] INFO  com.crawljax.core.Crawler -  Event xpath /HTML[1]/BODY[1]/DIV[4]/DIV[2]/DIV[1]/DIV[1]/UL[1]/LI[1]/A[1]
18:18:15.423 [pool-1-thread-2] INFO  com.crawljax.core.Crawler - Changing related inputs for 38 with 0  to 0 
18:18:15.503 [pool-1-thread-2] INFO  c.c.core.UnfiredFragmentCandidates - Changing related inputs to worked inputs 0 for 38
18:18:15.504 [pool-1-thread-2] INFO  c.c.core.UnfiredFragmentCandidates - event 38 - Before 0
18:18:15.504 [pool-1-thread-2] INFO  c.c.core.UnfiredFragmentCandidates - event 38 - After 0
18:18:15.504 [pool-1-thread-2] INFO  c.c.core.UnfiredFragmentCandidates - input for 38, 0
18:18:19.423 [pool-1-thread-2] INFO  c.c.c.state.InMemoryStateFlowGraph - Number of states in the graph is now 19
18:18:19.424 [pool-1-thread-2] INFO  c.crawljax.core.state.StateMachine - State state80 added to the StateMachine.
18:18:19.533 [pool-1-thread-2] INFO  com.crawljax.core.Crawler - New DOM is a new state! crawl depth is now 1
18:18:19.533 [pool-1-thread-2] INFO  com.crawljax.core.Crawler - Parsing DOM of state state80 for candidate elements
18:18:19.539 [pool-1-thread-2] INFO  c.c.core.UnfiredFragmentCandidates - There are 2 states with unfired actions: [5, 80]
18:18:19.551 [pool-1-thread-2] INFO  com.crawljax.core.Crawler -  Event xpath /HTML[1]/BODY[1]/DIV[4]/DIV[1]/DIV[4]/DIV[1]/DIV[1]/DIV[2]/DIV[2]/DIV[2]/UL[1]/LI[4]/A[1]
18:18:19.567 [pool-1-thread-2] INFO  com.crawljax.core.Crawler - Changing related inputs for 39 with 0  to 0 
18:18:19.644 [pool-1-thread-2] INFO  c.c.core.UnfiredFragmentCandidates - Changing related inputs to worked inputs 0 for 39
18:18:19.644 [pool-1-thread-2] INFO  c.c.core.UnfiredFragmentCandidates - event 39 - Before 0
18:18:19.644 [pool-1-thread-2] INFO  c.c.core.UnfiredFragmentCandidates - event 39 - After 0
18:18:19.644 [pool-1-thread-2] INFO  c.c.core.UnfiredFragmentCandidates - input for 39, 0
18:18:23.323 [pool-1-thread-2] INFO  c.c.c.state.InMemoryStateFlowGraph - Number of states in the graph is now 20
18:18:23.323 [pool-1-thread-2] INFO  c.crawljax.core.state.StateMachine - State state81 added to the StateMachine.
18:18:23.435 [pool-1-thread-2] INFO  com.crawljax.core.Crawler - New DOM is a new state! crawl depth is now 2
18:18:23.435 [pool-1-thread-2] INFO  com.crawljax.core.Crawler - Parsing DOM of state state81 for candidate elements
18:18:23.449 [pool-1-thread-2] INFO  c.c.core.UnfiredFragmentCandidates - There are 3 states with unfired actions: [5, 80, 81]
18:18:23.461 [pool-1-thread-2] INFO  com.crawljax.core.Crawler -  Event xpath /HTML[1]/BODY[1]/DIV[4]/DIV[2]/DIV[1]/DIV[3]
18:18:23.482 [pool-1-thread-2] INFO  com.crawljax.core.Crawler - Changing related inputs for 40 with 0  to 0 
18:18:23.561 [pool-1-thread-2] INFO  c.c.core.UnfiredFragmentCandidates - Changing related inputs to worked inputs 0 for 40
18:18:23.561 [pool-1-thread-2] INFO  c.c.core.UnfiredFragmentCandidates - event 40 - Before 0
18:18:23.561 [pool-1-thread-2] INFO  c.c.core.UnfiredFragmentCandidates - event 40 - After 0
18:18:23.561 [pool-1-thread-2] INFO  c.c.core.UnfiredFragmentCandidates - input for 40, 0
18:18:26.695 [pool-1-thread-2] INFO  com.crawljax.core.Crawler -  Event xpath /HTML[1]/BODY[1]/DIV[4]/DIV[2]/DIV[1]/DIV[1]
18:18:26.714 [pool-1-thread-2] INFO  com.crawljax.core.Crawler - Changing related inputs for 41 with 0  to 0 
18:18:26.798 [pool-1-thread-2] INFO  c.c.core.UnfiredFragmentCandidates - Changing related inputs to worked inputs 0 for 41
18:18:26.798 [pool-1-thread-2] INFO  c.c.core.UnfiredFragmentCandidates - event 41 - Before 0
18:18:26.798 [pool-1-thread-2] INFO  c.c.core.UnfiredFragmentCandidates - event 41 - After 0
18:18:26.799 [pool-1-thread-2] INFO  c.c.core.UnfiredFragmentCandidates - input for 41, 0
18:18:29.934 [pool-1-thread-2] INFO  com.crawljax.core.Crawler -  Event xpath /HTML[1]/BODY[1]/DIV[4]/DIV[1]/DIV[2]/UL[2]/LI[1]/DIV[1]
18:18:29.956 [pool-1-thread-2] INFO  com.crawljax.core.Crawler - Changing related inputs for 42 with 0  to 0 
18:18:30.052 [pool-1-thread-2] INFO  c.c.core.UnfiredFragmentCandidates - Changing related inputs to worked inputs 0 for 42
18:18:30.052 [pool-1-thread-2] INFO  c.c.core.UnfiredFragmentCandidates - event 42 - Before 0
18:18:30.052 [pool-1-thread-2] INFO  c.c.core.UnfiredFragmentCandidates - event 42 - After 0
18:18:30.052 [pool-1-thread-2] INFO  c.c.core.UnfiredFragmentCandidates - input for 42, 0
18:18:30.101 [pool-1-thread-2] INFO  com.crawljax.core.Crawler -  Event xpath /HTML[1]/BODY[1]/DIV[4]/DIV[1]/DIV[2]/UL[1]/LI[2]/UL[1]/LI[3]/A[1]
18:18:30.121 [pool-1-thread-2] INFO  com.crawljax.core.Crawler - Changing related inputs for 43 with 0  to 0 
18:18:30.218 [pool-1-thread-2] INFO  c.c.core.UnfiredFragmentCandidates - Changing related inputs to worked inputs 0 for 43
18:18:30.218 [pool-1-thread-2] INFO  c.c.core.UnfiredFragmentCandidates - event 43 - Before 0
18:18:30.218 [pool-1-thread-2] INFO  c.c.core.UnfiredFragmentCandidates - event 43 - After 0
18:18:30.218 [pool-1-thread-2] INFO  c.c.core.UnfiredFragmentCandidates - input for 43, 0
18:18:30.258 [pool-1-thread-2] INFO  com.crawljax.core.Crawler - Found an invisible link with href=/accessories
18:18:33.276 [pool-1-thread-2] INFO  c.c.c.state.InMemoryStateFlowGraph - Number of states in the graph is now 21
18:18:33.276 [pool-1-thread-2] INFO  c.crawljax.core.state.StateMachine - State state84 added to the StateMachine.
18:18:33.391 [pool-1-thread-2] INFO  com.crawljax.core.Crawler - New DOM is a new state! crawl depth is now 3
18:18:33.391 [pool-1-thread-2] INFO  com.crawljax.core.Crawler - Parsing DOM of state state84 for candidate elements
18:18:33.404 [pool-1-thread-2] INFO  c.c.core.UnfiredFragmentCandidates - There are 4 states with unfired actions: [5, 80, 81, 84]
18:18:33.414 [pool-1-thread-2] INFO  com.crawljax.core.Crawler -  Event xpath /HTML[1]/BODY[1]/DIV[4]/DIV[1]/DIV[4]/DIV[2]/DIV[2]/DIV[2]/DIV[3]/DIV[4]/DIV[1]/DIV[1]/A[1]/IMG[1]
18:18:33.438 [pool-1-thread-2] INFO  com.crawljax.core.Crawler - Changing related inputs for 44 with 0  to 0 
18:18:33.525 [pool-1-thread-2] INFO  c.c.core.UnfiredFragmentCandidates - Changing related inputs to worked inputs 0 for 44
18:18:33.525 [pool-1-thread-2] INFO  c.c.core.UnfiredFragmentCandidates - event 44 - Before 0
18:18:33.525 [pool-1-thread-2] INFO  c.c.core.UnfiredFragmentCandidates - event 44 - After 0
18:18:33.525 [pool-1-thread-2] INFO  c.c.core.UnfiredFragmentCandidates - input for 44, 0
18:18:38.014 [pool-1-thread-2] INFO  c.c.c.state.InMemoryStateFlowGraph - Number of states in the graph is now 22
18:18:38.015 [pool-1-thread-2] INFO  c.crawljax.core.state.StateMachine - State state85 added to the StateMachine.
18:18:38.138 [pool-1-thread-2] INFO  com.crawljax.core.Crawler - New DOM is a new state! crawl depth is now 4
18:18:38.138 [pool-1-thread-2] INFO  com.crawljax.core.Crawler - Parsing DOM of state state85 for candidate elements
18:18:38.152 [pool-1-thread-2] INFO  c.c.core.UnfiredFragmentCandidates - There are 5 states with unfired actions: [5, 80, 81, 84, 85]
18:18:38.163 [pool-1-thread-2] INFO  com.crawljax.core.Crawler -  Event xpath /HTML[1]/BODY[1]/DIV[4]/DIV[1]/DIV[4]/DIV[2]/DIV[2]/DIV[1]/FORM[1]/DIV[1]/DIV[2]/DIV[2]/DIV[3]/DIV[1]/DIV[1]/A[1]
18:18:38.188 [pool-1-thread-2] INFO  com.crawljax.core.Crawler - Changing related inputs for 45 with 0  to 0 
18:18:38.273 [pool-1-thread-2] INFO  c.c.core.UnfiredFragmentCandidates - Changing related inputs to worked inputs 0 for 45
18:18:38.273 [pool-1-thread-2] INFO  c.c.core.UnfiredFragmentCandidates - event 45 - Before 0
18:18:38.273 [pool-1-thread-2] INFO  c.c.core.UnfiredFragmentCandidates - event 45 - After 0
18:18:38.273 [pool-1-thread-2] INFO  c.c.core.UnfiredFragmentCandidates - input for 45, 0
18:18:43.292 [pool-1-thread-2] INFO  c.c.c.state.InMemoryStateFlowGraph - Number of states in the graph is now 23
18:18:43.293 [pool-1-thread-2] INFO  c.crawljax.core.state.StateMachine - State state86 added to the StateMachine.
18:18:43.446 [pool-1-thread-2] INFO  com.crawljax.core.Crawler - New DOM is a new state! crawl depth is now 5
18:18:43.446 [pool-1-thread-2] INFO  com.crawljax.core.Crawler - Parsing DOM of state state86 for candidate elements
18:18:43.459 [pool-1-thread-2] INFO  c.c.core.UnfiredFragmentCandidates - There are 6 states with unfired actions: [5, 80, 81, 84, 85, 86]
18:18:43.468 [pool-1-thread-2] INFO  com.crawljax.core.Crawler -  Event xpath /HTML[1]/BODY[1]/DIV[4]/DIV[2]/DIV[1]/DIV[4]/UL[1]/LI[2]
18:18:43.494 [pool-1-thread-2] INFO  com.crawljax.core.Crawler - Changing related inputs for 46 with 0  to 0 
18:18:43.582 [pool-1-thread-2] INFO  c.c.core.UnfiredFragmentCandidates - Changing related inputs to worked inputs 0 for 46
18:18:43.582 [pool-1-thread-2] INFO  c.c.core.UnfiredFragmentCandidates - event 46 - Before 0
18:18:43.582 [pool-1-thread-2] INFO  c.c.core.UnfiredFragmentCandidates - event 46 - After 0
18:18:43.582 [pool-1-thread-2] INFO  c.c.core.UnfiredFragmentCandidates - input for 46, 0
18:18:46.734 [pool-1-thread-2] INFO  com.crawljax.core.Crawler -  Event xpath /HTML[1]/BODY[1]/DIV[4]/DIV[2]/DIV[1]/DIV[3]/UL[1]/LI[1]/A[1]
18:18:46.753 [pool-1-thread-2] INFO  com.crawljax.core.Crawler - Changing related inputs for 47 with 0  to 0 
18:18:46.835 [pool-1-thread-2] INFO  c.c.core.UnfiredFragmentCandidates - Changing related inputs to worked inputs 0 for 47
18:18:46.835 [pool-1-thread-2] INFO  c.c.core.UnfiredFragmentCandidates - event 47 - Before 0
18:18:46.835 [pool-1-thread-2] INFO  c.c.core.UnfiredFragmentCandidates - event 47 - After 0
18:18:46.835 [pool-1-thread-2] INFO  c.c.core.UnfiredFragmentCandidates - input for 47, 0
18:18:50.685 [pool-1-thread-2] INFO  c.c.c.state.InMemoryStateFlowGraph - Number of states in the graph is now 24
18:18:50.685 [pool-1-thread-2] INFO  c.crawljax.core.state.StateMachine - State state88 added to the StateMachine.
18:18:50.812 [pool-1-thread-2] INFO  com.crawljax.core.Crawler - New DOM is a new state! crawl depth is now 6
18:18:50.812 [pool-1-thread-2] INFO  com.crawljax.core.Crawler - Parsing DOM of state state88 for candidate elements
18:18:50.817 [pool-1-thread-2] INFO  c.c.core.UnfiredFragmentCandidates - There are 7 states with unfired actions: [5, 80, 81, 84, 85, 86, 88]
18:18:50.827 [pool-1-thread-2] INFO  com.crawljax.core.Crawler -  Event xpath /HTML[1]/BODY[1]/DIV[4]/DIV[2]/DIV[1]/DIV[3]
18:18:50.842 [pool-1-thread-2] INFO  com.crawljax.core.Crawler - Changing related inputs for 48 with 0  to 0 
18:18:50.914 [pool-1-thread-2] INFO  c.c.core.UnfiredFragmentCandidates - Changing related inputs to worked inputs 0 for 48
18:18:50.914 [pool-1-thread-2] INFO  c.c.core.UnfiredFragmentCandidates - event 48 - Before 0
18:18:50.914 [pool-1-thread-2] INFO  c.c.core.UnfiredFragmentCandidates - event 48 - After 0
18:18:50.914 [pool-1-thread-2] INFO  c.c.core.UnfiredFragmentCandidates - input for 48, 0
18:18:54.057 [pool-1-thread-2] INFO  com.crawljax.core.Crawler -  Event xpath /HTML[1]/BODY[1]/DIV[4]/DIV[1]/DIV[4]/DIV[2]/DIV[1]/DIV[2]/DIV[3]/DIV[2]
18:18:54.073 [pool-1-thread-2] INFO  com.crawljax.core.Crawler - Changing related inputs for 49 with 0  to 0 
18:18:54.149 [pool-1-thread-2] INFO  c.c.core.UnfiredFragmentCandidates - Changing related inputs to worked inputs 0 for 49
18:18:54.149 [pool-1-thread-2] INFO  c.c.core.UnfiredFragmentCandidates - event 49 - Before 0
18:18:54.149 [pool-1-thread-2] INFO  c.c.core.UnfiredFragmentCandidates - event 49 - After 0
18:18:54.149 [pool-1-thread-2] INFO  c.c.core.UnfiredFragmentCandidates - input for 49, 0
18:18:57.285 [pool-1-thread-2] INFO  com.crawljax.core.Crawler -  Event xpath /HTML[1]/BODY[1]/DIV[4]/DIV[1]/DIV[2]/UL[2]/LI[6]/DIV[1]
18:18:57.301 [pool-1-thread-2] INFO  com.crawljax.core.Crawler - Changing related inputs for 50 with 0  to 0 
18:18:57.375 [pool-1-thread-2] INFO  c.c.core.UnfiredFragmentCandidates - Changing related inputs to worked inputs 0 for 50
18:18:57.376 [pool-1-thread-2] INFO  c.c.core.UnfiredFragmentCandidates - event 50 - Before 0
18:18:57.376 [pool-1-thread-2] INFO  c.c.core.UnfiredFragmentCandidates - event 50 - After 0
18:18:57.376 [pool-1-thread-2] INFO  c.c.core.UnfiredFragmentCandidates - input for 50, 0
18:18:57.422 [pool-1-thread-2] INFO  com.crawljax.core.Crawler -  Event xpath /HTML[1]/BODY[1]/DIV[4]/DIV[2]/DIV[1]/DIV[1]/UL[1]/LI[2]/A[1]
18:18:57.437 [pool-1-thread-2] INFO  com.crawljax.core.Crawler - Changing related inputs for 51 with 0  to 0 
18:18:57.513 [pool-1-thread-2] INFO  c.c.core.UnfiredFragmentCandidates - Changing related inputs to worked inputs 0 for 51
18:18:57.513 [pool-1-thread-2] INFO  c.c.core.UnfiredFragmentCandidates - event 51 - Before 0
18:18:57.513 [pool-1-thread-2] INFO  c.c.core.UnfiredFragmentCandidates - event 51 - After 0
18:18:57.513 [pool-1-thread-2] INFO  c.c.core.UnfiredFragmentCandidates - input for 51, 0
18:19:01.300 [pool-1-thread-2] INFO  c.c.c.state.InMemoryStateFlowGraph - Number of states in the graph is now 25
18:19:01.300 [pool-1-thread-2] INFO  c.crawljax.core.state.StateMachine - State state91 added to the StateMachine.
18:19:01.423 [pool-1-thread-2] INFO  com.crawljax.core.Crawler - New DOM is a new state! crawl depth is now 7
18:19:01.423 [pool-1-thread-2] INFO  com.crawljax.core.Crawler - Parsing DOM of state state91 for candidate elements
18:19:01.428 [pool-1-thread-2] INFO  c.c.core.UnfiredFragmentCandidates - There are 8 states with unfired actions: [5, 80, 81, 84, 85, 86, 88, 91]
18:19:01.438 [pool-1-thread-2] INFO  com.crawljax.core.Crawler -  Event xpath /HTML[1]/BODY[1]/DIV[4]/DIV[1]/DIV[4]/DIV[1]/DIV[1]
18:19:01.455 [pool-1-thread-2] INFO  com.crawljax.core.Crawler - Changing related inputs for 52 with 0  to 0 
18:19:01.533 [pool-1-thread-2] INFO  c.c.core.UnfiredFragmentCandidates - Changing related inputs to worked inputs 0 for 52
18:19:01.533 [pool-1-thread-2] INFO  c.c.core.UnfiredFragmentCandidates - event 52 - Before 0
18:19:01.533 [pool-1-thread-2] INFO  c.c.core.UnfiredFragmentCandidates - event 52 - After 0
18:19:01.533 [pool-1-thread-2] INFO  c.c.core.UnfiredFragmentCandidates - input for 52, 0
18:19:04.669 [pool-1-thread-2] INFO  com.crawljax.core.Crawler -  Event xpath /HTML[1]/BODY[1]/DIV[4]/DIV[1]/DIV[2]/UL[1]/LI[2]/UL[1]/LI[1]
18:19:04.685 [pool-1-thread-2] INFO  com.crawljax.core.Crawler - Changing related inputs for 53 with 0  to 0 
18:19:04.764 [pool-1-thread-2] INFO  c.c.core.UnfiredFragmentCandidates - Changing related inputs to worked inputs 0 for 53
18:19:04.764 [pool-1-thread-2] INFO  c.c.core.UnfiredFragmentCandidates - event 53 - Before 0
18:19:04.764 [pool-1-thread-2] INFO  c.c.core.UnfiredFragmentCandidates - event 53 - After 0
18:19:04.764 [pool-1-thread-2] INFO  c.c.core.UnfiredFragmentCandidates - input for 53, 0
18:19:04.813 [pool-1-thread-2] INFO  com.crawljax.core.Crawler -  Event xpath /HTML[1]/BODY[1]/DIV[4]/DIV[1]/DIV[2]/DIV[1]
18:19:04.835 [pool-1-thread-2] INFO  com.crawljax.core.Crawler - Changing related inputs for 54 with 0  to 0 
18:19:04.920 [pool-1-thread-2] INFO  c.c.core.UnfiredFragmentCandidates - Changing related inputs to worked inputs 0 for 54
18:19:04.920 [pool-1-thread-2] INFO  c.c.core.UnfiredFragmentCandidates - event 54 - Before 0
18:19:04.920 [pool-1-thread-2] INFO  c.c.core.UnfiredFragmentCandidates - event 54 - After 0
18:19:04.920 [pool-1-thread-2] INFO  c.c.core.UnfiredFragmentCandidates - input for 54, 0
18:19:04.967 [pool-1-thread-2] INFO  com.crawljax.core.Crawler -  Event xpath /HTML[1]/BODY[1]/DIV[4]/DIV[1]/DIV[4]/DIV[1]/DIV[3]/DIV[2]/DIV[1]/UL[1]/LI[2]
18:19:04.984 [pool-1-thread-2] INFO  com.crawljax.core.Crawler - Changing related inputs for 55 with 0  to 0 
18:19:05.059 [pool-1-thread-2] INFO  c.c.core.UnfiredFragmentCandidates - Changing related inputs to worked inputs 0 for 55
18:19:05.059 [pool-1-thread-2] INFO  c.c.core.UnfiredFragmentCandidates - event 55 - Before 0
18:19:05.059 [pool-1-thread-2] INFO  c.c.core.UnfiredFragmentCandidates - event 55 - After 0
18:19:05.059 [pool-1-thread-2] INFO  c.c.core.UnfiredFragmentCandidates - input for 55, 0
18:19:09.049 [pool-1-thread-2] INFO  c.c.c.state.InMemoryStateFlowGraph - Number of states in the graph is now 26
18:19:09.049 [pool-1-thread-2] INFO  c.crawljax.core.state.StateMachine - State state93 added to the StateMachine.
18:19:09.201 [pool-1-thread-2] INFO  com.crawljax.core.Crawler - New DOM is a new state! crawl depth is now 8
18:19:09.210 [pool-1-thread-2] INFO  com.crawljax.core.Crawler - Resetting the crawler and Going to state state43
18:19:09.220 [pool-1-thread-2] INFO  com.crawljax.core.CrawlSession - Adding CrawlPath to session !!
18:19:09.220 [pool-1-thread-2] INFO  com.crawljax.core.Crawler - BT-state39:-1state43_37_state5state5_38_state80state80_39_state81state81_43_state84state84_44_state85state85_45_state86state86_47_state88state88_51_state91state91_55_state93
18:19:12.043 [pool-1-thread-2] INFO  c.c.c.state.InMemoryStateFlowGraph - Number of states in the graph is now 27
18:19:12.174 [pool-1-thread-2] INFO  com.crawljax.core.Crawler - Parsing DOM of state state94 for candidate elements
18:19:12.182 [pool-1-thread-2] INFO  c.c.core.UnfiredFragmentCandidates - There are 9 states with unfired actions: [5, 80, 81, 84, 85, 86, 88, 91, 94]
18:19:12.182 [pool-1-thread-2] INFO  com.crawljax.core.Crawler - Added a reload edge from state93 to state94
18:19:12.183 [pool-1-thread-2] INFO  com.crawljax.core.Crawler - Initial state not the same as current state : Getting shortest path from current state
18:19:12.183 [pool-1-thread-2] INFO  com.crawljax.core.Crawler - state43 no path from state94
18:19:12.183 [pool-1-thread-2] INFO  c.crawljax.core.state.StateMachine - Cannot go to state: 'state1' from: 'state94'
18:19:12.183 [pool-1-thread-2] INFO  com.crawljax.core.Crawler - Not a valid path anymore index: state43
18:19:12.183 [pool-1-thread-2] INFO  com.crawljax.core.Crawler - Tried to follow 
18:19:12.183 [pool-1-thread-2] INFO  com.crawljax.core.Crawler - index_1_state1state1_4_state3state3_5_state4state4_23_state32state32_30_state37state37_31_state38state38_32_state39state39_35_state42state42_0_state43
18:19:12.183 [pool-1-thread-2] INFO  com.crawljax.core.Crawler - Saving failed backtracking path to 43
18:19:12.183 [pool-1-thread-2] INFO  com.crawljax.core.Crawler - backtrack status: false, reached NearDuplicate : -1 
18:19:15.100 [pool-1-thread-2] INFO  com.crawljax.core.Crawler - index has changed to: state94
18:19:15.100 [pool-1-thread-2] INFO  com.crawljax.core.Crawler - Added a reload edge from state94 to state94
18:19:15.101 [pool-1-thread-2] INFO  c.crawljax.core.state.StateMachine - Cannot go to state: 'state13' from: 'state94'
18:19:15.101 [pool-1-thread-2] INFO  com.crawljax.core.Crawler - Not a valid path anymore state12: state43
18:19:15.101 [pool-1-thread-2] INFO  com.crawljax.core.Crawler - Tried to follow 
18:19:15.101 [pool-1-thread-2] INFO  com.crawljax.core.Crawler - state12_0_state13state13_17_state27state27_18_state28state28_19_state29state29_21_state4state4_23_state32state32_30_state37state37_31_state38state38_32_state39state39_35_state42state42_0_state43
18:19:15.101 [pool-1-thread-2] INFO  com.crawljax.core.Crawler - Saving failed backtracking path to 43
18:19:15.101 [pool-1-thread-2] INFO  com.crawljax.core.Crawler - backtrack status: false, reached NearDuplicate : -1 
18:19:17.981 [pool-1-thread-2] INFO  com.crawljax.core.Crawler - index has changed to: state94
18:19:17.981 [pool-1-thread-2] INFO  com.crawljax.core.Crawler - Did not add reload edge from state94 to state94
18:19:17.981 [pool-1-thread-2] INFO  c.crawljax.core.state.StateMachine - Cannot go to state: 'state27' from: 'state94'
18:19:17.981 [pool-1-thread-2] INFO  com.crawljax.core.Crawler - Not a valid path anymore state13: state43
18:19:17.981 [pool-1-thread-2] INFO  com.crawljax.core.Crawler - Tried to follow 
18:19:17.982 [pool-1-thread-2] INFO  com.crawljax.core.Crawler - state13_17_state27state27_18_state28state28_19_state29state29_21_state4state4_23_state32state32_30_state37state37_31_state38state38_32_state39state39_35_state42state42_0_state43
18:19:17.982 [pool-1-thread-2] INFO  com.crawljax.core.Crawler - Saving failed backtracking path to 43
18:19:17.982 [pool-1-thread-2] INFO  com.crawljax.core.Crawler - backtrack status: false, reached NearDuplicate : -1 
18:19:20.863 [pool-1-thread-2] INFO  com.crawljax.core.Crawler - index has changed to: state94
18:19:20.863 [pool-1-thread-2] INFO  com.crawljax.core.Crawler - Did not add reload edge from state94 to state94
18:19:20.863 [pool-1-thread-2] INFO  com.crawljax.core.Crawler - Not a valid path anymore state43: state43
18:19:20.863 [pool-1-thread-2] INFO  com.crawljax.core.Crawler - Tried to follow 
18:19:20.863 [pool-1-thread-2] INFO  com.crawljax.core.Crawler - 
18:19:20.863 [pool-1-thread-2] INFO  com.crawljax.core.Crawler - Saving failed backtracking path to 43
18:19:20.863 [pool-1-thread-2] INFO  com.crawljax.core.Crawler - backtrack status: false, reached NearDuplicate : -1 
18:19:23.714 [pool-1-thread-2] INFO  com.crawljax.core.Crawler - index has changed to: state94
18:19:23.714 [pool-1-thread-2] INFO  com.crawljax.core.Crawler - Did not add reload edge from state94 to state94
18:19:23.715 [pool-1-thread-2] INFO  com.crawljax.core.Crawler - state43 no path from state94
18:19:23.715 [pool-1-thread-2] INFO  com.crawljax.core.Crawler - state unreachable: Removing from candidate actions state43
18:19:23.715 [pool-1-thread-2] INFO  c.c.core.UnfiredFragmentCandidates - Placing purged actions in unreachable cache for state43
18:19:23.715 [pool-1-thread-2] INFO  com.crawljax.core.Crawler - Resetting the crawler and Going to state state5
18:19:26.550 [pool-1-thread-2] INFO  com.crawljax.core.Crawler - index has changed to: state94
18:19:26.550 [pool-1-thread-2] INFO  com.crawljax.core.Crawler - Did not add reload edge from state94 to state94
18:19:26.551 [pool-1-thread-2] INFO  com.crawljax.core.Crawler - Initial state not the same as current state : Getting shortest path from current state
18:19:26.551 [pool-1-thread-2] INFO  com.crawljax.core.Crawler - state5 no path from state94
18:19:26.551 [pool-1-thread-2] INFO  c.crawljax.core.state.StateMachine - Cannot go to state: 'state1' from: 'state94'
18:19:26.551 [pool-1-thread-2] INFO  com.crawljax.core.Crawler - Not a valid path anymore index: state5
18:19:26.551 [pool-1-thread-2] INFO  com.crawljax.core.Crawler - Tried to follow 
18:19:26.551 [pool-1-thread-2] INFO  com.crawljax.core.Crawler - index_1_state1state1_4_state3state3_5_state4state4_6_state5
18:19:26.551 [pool-1-thread-2] INFO  com.crawljax.core.Crawler - Saving failed backtracking path to 5
18:19:26.551 [pool-1-thread-2] INFO  com.crawljax.core.Crawler - backtrack status: false, reached NearDuplicate : -1 
18:19:29.364 [pool-1-thread-2] INFO  com.crawljax.core.Crawler - index has changed to: state94
18:19:29.365 [pool-1-thread-2] INFO  com.crawljax.core.Crawler - Did not add reload edge from state94 to state94
18:19:29.365 [pool-1-thread-2] INFO  c.crawljax.core.state.StateMachine - Cannot go to state: 'state13' from: 'state94'
18:19:29.365 [pool-1-thread-2] INFO  com.crawljax.core.Crawler - Not a valid path anymore state12: state5
18:19:29.365 [pool-1-thread-2] INFO  com.crawljax.core.Crawler - Tried to follow 
18:19:29.365 [pool-1-thread-2] INFO  com.crawljax.core.Crawler - state12_0_state13state13_17_state27state27_18_state28state28_19_state29state29_21_state4state4_6_state5
18:19:29.365 [pool-1-thread-2] INFO  com.crawljax.core.Crawler - Saving failed backtracking path to 5
18:19:29.365 [pool-1-thread-2] INFO  com.crawljax.core.Crawler - backtrack status: false, reached NearDuplicate : -1 
18:19:32.212 [pool-1-thread-2] INFO  com.crawljax.core.Crawler - index has changed to: state94
18:19:32.213 [pool-1-thread-2] INFO  com.crawljax.core.Crawler - Did not add reload edge from state94 to state94
18:19:32.213 [pool-1-thread-2] INFO  c.crawljax.core.state.StateMachine - Cannot go to state: 'state27' from: 'state94'
18:19:32.213 [pool-1-thread-2] INFO  com.crawljax.core.Crawler - Not a valid path anymore state13: state5
18:19:32.213 [pool-1-thread-2] INFO  com.crawljax.core.Crawler - Tried to follow 
18:19:32.213 [pool-1-thread-2] INFO  com.crawljax.core.Crawler - state13_17_state27state27_18_state28state28_19_state29state29_21_state4state4_6_state5
18:19:32.213 [pool-1-thread-2] INFO  com.crawljax.core.Crawler - Saving failed backtracking path to 5
18:19:32.213 [pool-1-thread-2] INFO  com.crawljax.core.Crawler - backtrack status: false, reached NearDuplicate : -1 
18:19:35.058 [pool-1-thread-2] INFO  com.crawljax.core.Crawler - index has changed to: state94
18:19:35.058 [pool-1-thread-2] INFO  com.crawljax.core.Crawler - Did not add reload edge from state94 to state94
18:19:35.058 [pool-1-thread-2] INFO  c.crawljax.core.state.StateMachine - Cannot go to state: 'state5' from: 'state94'
18:19:35.058 [pool-1-thread-2] INFO  com.crawljax.core.Crawler - Not a valid path anymore state43: state5
18:19:35.058 [pool-1-thread-2] INFO  com.crawljax.core.Crawler - Tried to follow 
18:19:35.058 [pool-1-thread-2] INFO  com.crawljax.core.Crawler - state43_37_state5
18:19:35.058 [pool-1-thread-2] INFO  com.crawljax.core.Crawler - Saving failed backtracking path to 5
18:19:35.058 [pool-1-thread-2] INFO  com.crawljax.core.Crawler - backtrack status: false, reached NearDuplicate : -1 
18:19:37.865 [pool-1-thread-2] INFO  com.crawljax.core.Crawler - index has changed to: state94
18:19:37.866 [pool-1-thread-2] INFO  com.crawljax.core.Crawler - Did not add reload edge from state94 to state94
18:19:37.866 [pool-1-thread-2] INFO  com.crawljax.core.Crawler - state5 no path from state94
18:19:37.866 [pool-1-thread-2] INFO  com.crawljax.core.Crawler - state unreachable: Removing from candidate actions state5
18:19:37.866 [pool-1-thread-2] INFO  c.c.core.UnfiredFragmentCandidates - Placing purged actions in unreachable cache for state5
18:19:37.866 [pool-1-thread-2] INFO  com.crawljax.core.Crawler - Resetting the crawler and Going to state state80
18:19:40.681 [pool-1-thread-2] INFO  com.crawljax.core.Crawler - index has changed to: state94
18:19:40.681 [pool-1-thread-2] INFO  com.crawljax.core.Crawler - Did not add reload edge from state94 to state94
18:19:40.681 [pool-1-thread-2] INFO  com.crawljax.core.Crawler - Initial state not the same as current state : Getting shortest path from current state
18:19:40.681 [pool-1-thread-2] INFO  com.crawljax.core.Crawler - state80 no path from state94
18:19:40.682 [pool-1-thread-2] INFO  c.crawljax.core.state.StateMachine - Cannot go to state: 'state1' from: 'state94'
18:19:40.682 [pool-1-thread-2] INFO  com.crawljax.core.Crawler - Not a valid path anymore index: state80
18:19:40.682 [pool-1-thread-2] INFO  com.crawljax.core.Crawler - Tried to follow 
18:19:40.682 [pool-1-thread-2] INFO  com.crawljax.core.Crawler - index_1_state1state1_4_state3state3_5_state4state4_6_state5state5_38_state80
18:19:40.682 [pool-1-thread-2] INFO  com.crawljax.core.Crawler - Saving failed backtracking path to 80
18:19:40.682 [pool-1-thread-2] INFO  com.crawljax.core.Crawler - backtrack status: false, reached NearDuplicate : -1 
18:19:43.507 [pool-1-thread-2] INFO  com.crawljax.core.Crawler - index has changed to: state94
18:19:43.507 [pool-1-thread-2] INFO  com.crawljax.core.Crawler - Did not add reload edge from state94 to state94
18:19:43.507 [pool-1-thread-2] INFO  c.crawljax.core.state.StateMachine - Cannot go to state: 'state13' from: 'state94'
18:19:43.508 [pool-1-thread-2] INFO  com.crawljax.core.Crawler - Not a valid path anymore state12: state80
18:19:43.508 [pool-1-thread-2] INFO  com.crawljax.core.Crawler - Tried to follow 
18:19:43.508 [pool-1-thread-2] INFO  com.crawljax.core.Crawler - state12_0_state13state13_17_state27state27_18_state28state28_19_state29state29_21_state4state4_6_state5state5_38_state80
18:19:43.508 [pool-1-thread-2] INFO  com.crawljax.core.Crawler - Saving failed backtracking path to 80
18:19:43.508 [pool-1-thread-2] INFO  com.crawljax.core.Crawler - backtrack status: false, reached NearDuplicate : -1 
18:19:46.341 [pool-1-thread-2] INFO  com.crawljax.core.Crawler - index has changed to: state94
18:19:46.341 [pool-1-thread-2] INFO  com.crawljax.core.Crawler - Did not add reload edge from state94 to state94
18:19:46.342 [pool-1-thread-2] INFO  c.crawljax.core.state.StateMachine - Cannot go to state: 'state27' from: 'state94'
18:19:46.342 [pool-1-thread-2] INFO  com.crawljax.core.Crawler - Not a valid path anymore state13: state80
18:19:46.342 [pool-1-thread-2] INFO  com.crawljax.core.Crawler - Tried to follow 
18:19:46.342 [pool-1-thread-2] INFO  com.crawljax.core.Crawler - state13_17_state27state27_18_state28state28_19_state29state29_21_state4state4_6_state5state5_38_state80
18:19:46.342 [pool-1-thread-2] INFO  com.crawljax.core.Crawler - Saving failed backtracking path to 80
18:19:46.342 [pool-1-thread-2] INFO  com.crawljax.core.Crawler - backtrack status: false, reached NearDuplicate : -1 
18:19:49.164 [pool-1-thread-2] INFO  com.crawljax.core.Crawler - index has changed to: state94
18:19:49.164 [pool-1-thread-2] INFO  com.crawljax.core.Crawler - Did not add reload edge from state94 to state94
18:19:49.164 [pool-1-thread-2] INFO  c.crawljax.core.state.StateMachine - Cannot go to state: 'state5' from: 'state94'
18:19:49.164 [pool-1-thread-2] INFO  com.crawljax.core.Crawler - Not a valid path anymore state43: state80
18:19:49.164 [pool-1-thread-2] INFO  com.crawljax.core.Crawler - Tried to follow 
18:19:49.164 [pool-1-thread-2] INFO  com.crawljax.core.Crawler - state43_37_state5state5_38_state80
18:19:49.164 [pool-1-thread-2] INFO  com.crawljax.core.Crawler - Saving failed backtracking path to 80
18:19:49.164 [pool-1-thread-2] INFO  com.crawljax.core.Crawler - backtrack status: false, reached NearDuplicate : -1 
18:19:51.999 [pool-1-thread-2] INFO  com.crawljax.core.Crawler - index has changed to: state94
18:19:51.999 [pool-1-thread-2] INFO  com.crawljax.core.Crawler - Did not add reload edge from state94 to state94
18:19:51.999 [pool-1-thread-2] INFO  com.crawljax.core.Crawler - state80 no path from state94
18:19:52.000 [pool-1-thread-2] INFO  com.crawljax.core.Crawler - state unreachable: Removing from candidate actions state80
18:19:52.000 [pool-1-thread-2] INFO  c.c.core.UnfiredFragmentCandidates - Placing purged actions in unreachable cache for state80
18:19:52.000 [pool-1-thread-2] INFO  com.crawljax.core.Crawler - Resetting the crawler and Going to state state81
18:19:54.853 [pool-1-thread-2] INFO  com.crawljax.core.Crawler - index has changed to: state94
18:19:54.853 [pool-1-thread-2] INFO  com.crawljax.core.Crawler - Did not add reload edge from state94 to state94
18:19:54.853 [pool-1-thread-2] INFO  com.crawljax.core.Crawler - Initial state not the same as current state : Getting shortest path from current state
18:19:54.853 [pool-1-thread-2] INFO  com.crawljax.core.Crawler - state81 no path from state94
18:19:54.853 [pool-1-thread-2] INFO  c.crawljax.core.state.StateMachine - Cannot go to state: 'state1' from: 'state94'
18:19:54.853 [pool-1-thread-2] INFO  com.crawljax.core.Crawler - Not a valid path anymore index: state81
18:19:54.853 [pool-1-thread-2] INFO  com.crawljax.core.Crawler - Tried to follow 
18:19:54.853 [pool-1-thread-2] INFO  com.crawljax.core.Crawler - index_1_state1state1_4_state3state3_5_state4state4_6_state5state5_38_state80state80_39_state81
18:19:54.853 [pool-1-thread-2] INFO  com.crawljax.core.Crawler - Saving failed backtracking path to 81
18:19:54.853 [pool-1-thread-2] INFO  com.crawljax.core.Crawler - backtrack status: false, reached NearDuplicate : -1 
18:19:57.683 [pool-1-thread-2] INFO  com.crawljax.core.Crawler - index has changed to: state94
18:19:57.683 [pool-1-thread-2] INFO  com.crawljax.core.Crawler - Did not add reload edge from state94 to state94
18:19:57.683 [pool-1-thread-2] INFO  c.crawljax.core.state.StateMachine - Cannot go to state: 'state13' from: 'state94'
18:19:57.683 [pool-1-thread-2] INFO  com.crawljax.core.Crawler - Not a valid path anymore state12: state81
18:19:57.683 [pool-1-thread-2] INFO  com.crawljax.core.Crawler - Tried to follow 
18:19:57.683 [pool-1-thread-2] INFO  com.crawljax.core.Crawler - state12_0_state13state13_17_state27state27_18_state28state28_19_state29state29_21_state4state4_6_state5state5_38_state80state80_39_state81
18:19:57.683 [pool-1-thread-2] INFO  com.crawljax.core.Crawler - Saving failed backtracking path to 81
18:19:57.683 [pool-1-thread-2] INFO  com.crawljax.core.Crawler - backtrack status: false, reached NearDuplicate : -1 
18:20:00.505 [pool-1-thread-2] INFO  com.crawljax.core.Crawler - index has changed to: state94
18:20:00.505 [pool-1-thread-2] INFO  com.crawljax.core.Crawler - Did not add reload edge from state94 to state94
18:20:00.505 [pool-1-thread-2] INFO  c.crawljax.core.state.StateMachine - Cannot go to state: 'state27' from: 'state94'
18:20:00.505 [pool-1-thread-2] INFO  com.crawljax.core.Crawler - Not a valid path anymore state13: state81
18:20:00.505 [pool-1-thread-2] INFO  com.crawljax.core.Crawler - Tried to follow 
18:20:00.505 [pool-1-thread-2] INFO  com.crawljax.core.Crawler - state13_17_state27state27_18_state28state28_19_state29state29_21_state4state4_6_state5state5_38_state80state80_39_state81
18:20:00.505 [pool-1-thread-2] INFO  com.crawljax.core.Crawler - Saving failed backtracking path to 81
18:20:00.505 [pool-1-thread-2] INFO  com.crawljax.core.Crawler - backtrack status: false, reached NearDuplicate : -1 
18:20:03.357 [pool-1-thread-2] INFO  com.crawljax.core.Crawler - index has changed to: state94
18:20:03.357 [pool-1-thread-2] INFO  com.crawljax.core.Crawler - Did not add reload edge from state94 to state94
18:20:03.358 [pool-1-thread-2] INFO  c.crawljax.core.state.StateMachine - Cannot go to state: 'state5' from: 'state94'
18:20:03.358 [pool-1-thread-2] INFO  com.crawljax.core.Crawler - Not a valid path anymore state43: state81
18:20:03.358 [pool-1-thread-2] INFO  com.crawljax.core.Crawler - Tried to follow 
18:20:03.358 [pool-1-thread-2] INFO  com.crawljax.core.Crawler - state43_37_state5state5_38_state80state80_39_state81
18:20:03.358 [pool-1-thread-2] INFO  com.crawljax.core.Crawler - Saving failed backtracking path to 81
18:20:03.358 [pool-1-thread-2] INFO  com.crawljax.core.Crawler - backtrack status: false, reached NearDuplicate : -1 
18:20:06.183 [pool-1-thread-2] INFO  com.crawljax.core.Crawler - index has changed to: state94
18:20:06.184 [pool-1-thread-2] INFO  com.crawljax.core.Crawler - Did not add reload edge from state94 to state94
18:20:06.184 [pool-1-thread-2] INFO  com.crawljax.core.Crawler - state81 no path from state94
18:20:06.184 [pool-1-thread-2] INFO  com.crawljax.core.Crawler - state unreachable: Removing from candidate actions state81
18:20:06.184 [pool-1-thread-2] INFO  c.c.core.UnfiredFragmentCandidates - Placing purged actions in unreachable cache for state81
18:20:06.184 [pool-1-thread-2] INFO  com.crawljax.core.Crawler - Resetting the crawler and Going to state state84
18:20:09.035 [pool-1-thread-2] INFO  com.crawljax.core.Crawler - index has changed to: state94
18:20:09.035 [pool-1-thread-2] INFO  com.crawljax.core.Crawler - Did not add reload edge from state94 to state94
18:20:09.036 [pool-1-thread-2] INFO  com.crawljax.core.Crawler - Initial state not the same as current state : Getting shortest path from current state
18:20:09.036 [pool-1-thread-2] INFO  com.crawljax.core.Crawler - state84 no path from state94
18:20:09.036 [pool-1-thread-2] INFO  c.crawljax.core.state.StateMachine - Cannot go to state: 'state1' from: 'state94'
18:20:09.036 [pool-1-thread-2] INFO  com.crawljax.core.Crawler - Not a valid path anymore index: state84
18:20:09.036 [pool-1-thread-2] INFO  com.crawljax.core.Crawler - Tried to follow 
18:20:09.036 [pool-1-thread-2] INFO  com.crawljax.core.Crawler - index_1_state1state1_4_state3state3_5_state4state4_6_state5state5_38_state80state80_39_state81state81_43_state84
18:20:09.036 [pool-1-thread-2] INFO  com.crawljax.core.Crawler - Saving failed backtracking path to 84
18:20:09.036 [pool-1-thread-2] INFO  com.crawljax.core.Crawler - backtrack status: false, reached NearDuplicate : -1 
18:20:11.850 [pool-1-thread-2] INFO  com.crawljax.core.Crawler - index has changed to: state94
18:20:11.850 [pool-1-thread-2] INFO  com.crawljax.core.Crawler - Did not add reload edge from state94 to state94
18:20:11.850 [pool-1-thread-2] INFO  c.crawljax.core.state.StateMachine - Cannot go to state: 'state13' from: 'state94'
18:20:11.850 [pool-1-thread-2] INFO  com.crawljax.core.Crawler - Not a valid path anymore state12: state84
18:20:11.850 [pool-1-thread-2] INFO  com.crawljax.core.Crawler - Tried to follow 
18:20:11.850 [pool-1-thread-2] INFO  com.crawljax.core.Crawler - state12_0_state13state13_17_state27state27_18_state28state28_19_state29state29_21_state4state4_6_state5state5_38_state80state80_39_state81state81_43_state84
18:20:11.850 [pool-1-thread-2] INFO  com.crawljax.core.Crawler - Saving failed backtracking path to 84
18:20:11.850 [pool-1-thread-2] INFO  com.crawljax.core.Crawler - backtrack status: false, reached NearDuplicate : -1 
18:20:14.654 [pool-1-thread-2] INFO  com.crawljax.core.Crawler - index has changed to: state94
18:20:14.655 [pool-1-thread-2] INFO  com.crawljax.core.Crawler - Did not add reload edge from state94 to state94
18:20:14.655 [pool-1-thread-2] INFO  c.crawljax.core.state.StateMachine - Cannot go to state: 'state27' from: 'state94'
18:20:14.655 [pool-1-thread-2] INFO  com.crawljax.core.Crawler - Not a valid path anymore state13: state84
18:20:14.655 [pool-1-thread-2] INFO  com.crawljax.core.Crawler - Tried to follow 
18:20:14.655 [pool-1-thread-2] INFO  com.crawljax.core.Crawler - state13_17_state27state27_18_state28state28_19_state29state29_21_state4state4_6_state5state5_38_state80state80_39_state81state81_43_state84
18:20:14.655 [pool-1-thread-2] INFO  com.crawljax.core.Crawler - Saving failed backtracking path to 84
18:20:14.655 [pool-1-thread-2] INFO  com.crawljax.core.Crawler - backtrack status: false, reached NearDuplicate : -1 
18:20:17.489 [pool-1-thread-2] INFO  com.crawljax.core.Crawler - index has changed to: state94
18:20:17.489 [pool-1-thread-2] INFO  com.crawljax.core.Crawler - Did not add reload edge from state94 to state94
18:20:17.489 [pool-1-thread-2] INFO  c.crawljax.core.state.StateMachine - Cannot go to state: 'state5' from: 'state94'
18:20:17.489 [pool-1-thread-2] INFO  com.crawljax.core.Crawler - Not a valid path anymore state43: state84
18:20:17.489 [pool-1-thread-2] INFO  com.crawljax.core.Crawler - Tried to follow 
18:20:17.489 [pool-1-thread-2] INFO  com.crawljax.core.Crawler - state43_37_state5state5_38_state80state80_39_state81state81_43_state84
18:20:17.489 [pool-1-thread-2] INFO  com.crawljax.core.Crawler - Saving failed backtracking path to 84
18:20:17.489 [pool-1-thread-2] INFO  com.crawljax.core.Crawler - backtrack status: false, reached NearDuplicate : -1 
18:20:20.312 [pool-1-thread-2] INFO  com.crawljax.core.Crawler - index has changed to: state94
18:20:20.313 [pool-1-thread-2] INFO  com.crawljax.core.Crawler - Did not add reload edge from state94 to state94
18:20:20.313 [pool-1-thread-2] INFO  com.crawljax.core.Crawler - state84 no path from state94
18:20:20.313 [pool-1-thread-2] INFO  com.crawljax.core.Crawler - state unreachable: Removing from candidate actions state84
18:20:20.313 [pool-1-thread-2] INFO  c.c.core.UnfiredFragmentCandidates - Placing purged actions in unreachable cache for state84
18:20:20.313 [pool-1-thread-2] INFO  com.crawljax.core.Crawler - Resetting the crawler and Going to state state85
18:20:23.144 [pool-1-thread-2] INFO  com.crawljax.core.Crawler - index has changed to: state94
18:20:23.144 [pool-1-thread-2] INFO  com.crawljax.core.Crawler - Did not add reload edge from state94 to state94
18:20:23.144 [pool-1-thread-2] INFO  com.crawljax.core.Crawler - Initial state not the same as current state : Getting shortest path from current state
18:20:23.145 [pool-1-thread-2] INFO  com.crawljax.core.Crawler - state85 no path from state94
18:20:23.145 [pool-1-thread-2] INFO  c.crawljax.core.state.StateMachine - Cannot go to state: 'state1' from: 'state94'
18:20:23.145 [pool-1-thread-2] INFO  com.crawljax.core.Crawler - Not a valid path anymore index: state85
18:20:23.145 [pool-1-thread-2] INFO  com.crawljax.core.Crawler - Tried to follow 
18:20:23.145 [pool-1-thread-2] INFO  com.crawljax.core.Crawler - index_1_state1state1_4_state3state3_5_state4state4_6_state5state5_38_state80state80_39_state81state81_43_state84state84_44_state85
18:20:23.145 [pool-1-thread-2] INFO  com.crawljax.core.Crawler - Saving failed backtracking path to 85
18:20:23.145 [pool-1-thread-2] INFO  com.crawljax.core.Crawler - backtrack status: false, reached NearDuplicate : -1 
18:20:25.954 [pool-1-thread-2] INFO  com.crawljax.core.Crawler - index has changed to: state94
18:20:25.954 [pool-1-thread-2] INFO  com.crawljax.core.Crawler - Did not add reload edge from state94 to state94
18:20:25.955 [pool-1-thread-2] INFO  c.crawljax.core.state.StateMachine - Cannot go to state: 'state13' from: 'state94'
18:20:25.955 [pool-1-thread-2] INFO  com.crawljax.core.Crawler - Not a valid path anymore state12: state85
18:20:25.955 [pool-1-thread-2] INFO  com.crawljax.core.Crawler - Tried to follow 
18:20:25.955 [pool-1-thread-2] INFO  com.crawljax.core.Crawler - state12_0_state13state13_17_state27state27_18_state28state28_19_state29state29_21_state4state4_6_state5state5_38_state80state80_39_state81state81_43_state84state84_44_state85
18:20:25.955 [pool-1-thread-2] INFO  com.crawljax.core.Crawler - Saving failed backtracking path to 85
18:20:25.955 [pool-1-thread-2] INFO  com.crawljax.core.Crawler - backtrack status: false, reached NearDuplicate : -1 
18:20:28.779 [pool-1-thread-2] INFO  com.crawljax.core.Crawler - index has changed to: state94
18:20:28.780 [pool-1-thread-2] INFO  com.crawljax.core.Crawler - Did not add reload edge from state94 to state94
18:20:28.780 [pool-1-thread-2] INFO  c.crawljax.core.state.StateMachine - Cannot go to state: 'state27' from: 'state94'
18:20:28.780 [pool-1-thread-2] INFO  com.crawljax.core.Crawler - Not a valid path anymore state13: state85
18:20:28.780 [pool-1-thread-2] INFO  com.crawljax.core.Crawler - Tried to follow 
18:20:28.780 [pool-1-thread-2] INFO  com.crawljax.core.Crawler - state13_17_state27state27_18_state28state28_19_state29state29_21_state4state4_6_state5state5_38_state80state80_39_state81state81_43_state84state84_44_state85
18:20:28.780 [pool-1-thread-2] INFO  com.crawljax.core.Crawler - Saving failed backtracking path to 85
18:20:28.780 [pool-1-thread-2] INFO  com.crawljax.core.Crawler - backtrack status: false, reached NearDuplicate : -1 
18:20:31.621 [pool-1-thread-2] INFO  com.crawljax.core.Crawler - index has changed to: state94
18:20:31.621 [pool-1-thread-2] INFO  com.crawljax.core.Crawler - Did not add reload edge from state94 to state94
18:20:31.621 [pool-1-thread-2] INFO  c.crawljax.core.state.StateMachine - Cannot go to state: 'state5' from: 'state94'
18:20:31.621 [pool-1-thread-2] INFO  com.crawljax.core.Crawler - Not a valid path anymore state43: state85
18:20:31.621 [pool-1-thread-2] INFO  com.crawljax.core.Crawler - Tried to follow 
18:20:31.621 [pool-1-thread-2] INFO  com.crawljax.core.Crawler - state43_37_state5state5_38_state80state80_39_state81state81_43_state84state84_44_state85
18:20:31.621 [pool-1-thread-2] INFO  com.crawljax.core.Crawler - Saving failed backtracking path to 85
18:20:31.621 [pool-1-thread-2] INFO  com.crawljax.core.Crawler - backtrack status: false, reached NearDuplicate : -1 
18:20:34.450 [pool-1-thread-2] INFO  com.crawljax.core.Crawler - index has changed to: state94
18:20:34.450 [pool-1-thread-2] INFO  com.crawljax.core.Crawler - Did not add reload edge from state94 to state94
18:20:34.450 [pool-1-thread-2] INFO  com.crawljax.core.Crawler - state85 no path from state94
18:20:34.450 [pool-1-thread-2] INFO  com.crawljax.core.Crawler - state unreachable: Removing from candidate actions state85
18:20:34.450 [pool-1-thread-2] INFO  c.c.core.UnfiredFragmentCandidates - Placing purged actions in unreachable cache for state85
18:20:34.450 [pool-1-thread-2] INFO  com.crawljax.core.Crawler - Resetting the crawler and Going to state state86
18:20:37.259 [pool-1-thread-2] INFO  com.crawljax.core.Crawler - index has changed to: state94
18:20:37.259 [pool-1-thread-2] INFO  com.crawljax.core.Crawler - Did not add reload edge from state94 to state94
18:20:37.259 [pool-1-thread-2] INFO  com.crawljax.core.Crawler - Initial state not the same as current state : Getting shortest path from current state
18:20:37.259 [pool-1-thread-2] INFO  com.crawljax.core.Crawler - state86 no path from state94
18:20:37.260 [pool-1-thread-2] INFO  c.crawljax.core.state.StateMachine - Cannot go to state: 'state1' from: 'state94'
18:20:37.260 [pool-1-thread-2] INFO  com.crawljax.core.Crawler - Not a valid path anymore index: state86
18:20:37.260 [pool-1-thread-2] INFO  com.crawljax.core.Crawler - Tried to follow 
18:20:37.260 [pool-1-thread-2] INFO  com.crawljax.core.Crawler - index_1_state1state1_4_state3state3_5_state4state4_6_state5state5_38_state80state80_39_state81state81_43_state84state84_44_state85state85_45_state86
18:20:37.260 [pool-1-thread-2] INFO  com.crawljax.core.Crawler - Saving failed backtracking path to 86
18:20:37.260 [pool-1-thread-2] INFO  com.crawljax.core.Crawler - backtrack status: false, reached NearDuplicate : -1 
18:20:40.075 [pool-1-thread-2] INFO  com.crawljax.core.Crawler - index has changed to: state94
18:20:40.075 [pool-1-thread-2] INFO  com.crawljax.core.Crawler - Did not add reload edge from state94 to state94
18:20:40.075 [pool-1-thread-2] INFO  c.crawljax.core.state.StateMachine - Cannot go to state: 'state13' from: 'state94'
18:20:40.075 [pool-1-thread-2] INFO  com.crawljax.core.Crawler - Not a valid path anymore state12: state86
18:20:40.075 [pool-1-thread-2] INFO  com.crawljax.core.Crawler - Tried to follow 
18:20:40.075 [pool-1-thread-2] INFO  com.crawljax.core.Crawler - state12_0_state13state13_17_state27state27_18_state28state28_19_state29state29_21_state4state4_6_state5state5_38_state80state80_39_state81state81_43_state84state84_44_state85state85_45_state86
18:20:40.075 [pool-1-thread-2] INFO  com.crawljax.core.Crawler - Saving failed backtracking path to 86
18:20:40.075 [pool-1-thread-2] INFO  com.crawljax.core.Crawler - backtrack status: false, reached NearDuplicate : -1 
18:20:42.912 [pool-1-thread-2] INFO  com.crawljax.core.Crawler - index has changed to: state94
18:20:42.912 [pool-1-thread-2] INFO  com.crawljax.core.Crawler - Did not add reload edge from state94 to state94
18:20:42.912 [pool-1-thread-2] INFO  c.crawljax.core.state.StateMachine - Cannot go to state: 'state27' from: 'state94'
18:20:42.912 [pool-1-thread-2] INFO  com.crawljax.core.Crawler - Not a valid path anymore state13: state86
18:20:42.912 [pool-1-thread-2] INFO  com.crawljax.core.Crawler - Tried to follow 
18:20:42.912 [pool-1-thread-2] INFO  com.crawljax.core.Crawler - state13_17_state27state27_18_state28state28_19_state29state29_21_state4state4_6_state5state5_38_state80state80_39_state81state81_43_state84state84_44_state85state85_45_state86
18:20:42.912 [pool-1-thread-2] INFO  com.crawljax.core.Crawler - Saving failed backtracking path to 86
18:20:42.912 [pool-1-thread-2] INFO  com.crawljax.core.Crawler - backtrack status: false, reached NearDuplicate : -1 
18:20:45.717 [pool-1-thread-2] INFO  com.crawljax.core.Crawler - index has changed to: state94
18:20:45.717 [pool-1-thread-2] INFO  com.crawljax.core.Crawler - Did not add reload edge from state94 to state94
18:20:45.717 [pool-1-thread-2] INFO  c.crawljax.core.state.StateMachine - Cannot go to state: 'state5' from: 'state94'
18:20:45.717 [pool-1-thread-2] INFO  com.crawljax.core.Crawler - Not a valid path anymore state43: state86
18:20:45.717 [pool-1-thread-2] INFO  com.crawljax.core.Crawler - Tried to follow 
18:20:45.717 [pool-1-thread-2] INFO  com.crawljax.core.Crawler - state43_37_state5state5_38_state80state80_39_state81state81_43_state84state84_44_state85state85_45_state86
18:20:45.717 [pool-1-thread-2] INFO  com.crawljax.core.Crawler - Saving failed backtracking path to 86
18:20:45.717 [pool-1-thread-2] INFO  com.crawljax.core.Crawler - backtrack status: false, reached NearDuplicate : -1 
18:20:48.525 [pool-1-thread-2] INFO  com.crawljax.core.Crawler - index has changed to: state94
18:20:48.525 [pool-1-thread-2] INFO  com.crawljax.core.Crawler - Did not add reload edge from state94 to state94
18:20:48.526 [pool-1-thread-2] INFO  com.crawljax.core.Crawler - state86 no path from state94
18:20:48.526 [pool-1-thread-2] INFO  com.crawljax.core.Crawler - state unreachable: Removing from candidate actions state86
18:20:48.526 [pool-1-thread-2] INFO  c.c.core.UnfiredFragmentCandidates - Placing purged actions in unreachable cache for state86
18:20:48.526 [pool-1-thread-2] INFO  com.crawljax.core.Crawler - Resetting the crawler and Going to state state88
18:20:51.350 [pool-1-thread-2] INFO  com.crawljax.core.Crawler - index has changed to: state94
18:20:51.351 [pool-1-thread-2] INFO  com.crawljax.core.Crawler - Did not add reload edge from state94 to state94
18:20:51.351 [pool-1-thread-2] INFO  com.crawljax.core.Crawler - Initial state not the same as current state : Getting shortest path from current state
18:20:51.351 [pool-1-thread-2] INFO  com.crawljax.core.Crawler - state88 no path from state94
18:20:51.351 [pool-1-thread-2] INFO  c.crawljax.core.state.StateMachine - Cannot go to state: 'state1' from: 'state94'
18:20:51.351 [pool-1-thread-2] INFO  com.crawljax.core.Crawler - Not a valid path anymore index: state88
18:20:51.351 [pool-1-thread-2] INFO  com.crawljax.core.Crawler - Tried to follow 
18:20:51.351 [pool-1-thread-2] INFO  com.crawljax.core.Crawler - index_1_state1state1_4_state3state3_5_state4state4_6_state5state5_38_state80state80_39_state81state81_43_state84state84_44_state85state85_45_state86state86_47_state88
18:20:51.351 [pool-1-thread-2] INFO  com.crawljax.core.Crawler - Saving failed backtracking path to 88
18:20:51.351 [pool-1-thread-2] INFO  com.crawljax.core.Crawler - backtrack status: false, reached NearDuplicate : -1 
18:20:54.161 [pool-1-thread-2] INFO  com.crawljax.core.Crawler - index has changed to: state94
18:20:54.161 [pool-1-thread-2] INFO  com.crawljax.core.Crawler - Did not add reload edge from state94 to state94
18:20:54.161 [pool-1-thread-2] INFO  c.crawljax.core.state.StateMachine - Cannot go to state: 'state13' from: 'state94'
18:20:54.161 [pool-1-thread-2] INFO  com.crawljax.core.Crawler - Not a valid path anymore state12: state88
18:20:54.161 [pool-1-thread-2] INFO  com.crawljax.core.Crawler - Tried to follow 
18:20:54.161 [pool-1-thread-2] INFO  com.crawljax.core.Crawler - state12_0_state13state13_17_state27state27_18_state28state28_19_state29state29_21_state4state4_6_state5state5_38_state80state80_39_state81state81_43_state84state84_44_state85state85_45_state86state86_47_state88
18:20:54.161 [pool-1-thread-2] INFO  com.crawljax.core.Crawler - Saving failed backtracking path to 88
18:20:54.161 [pool-1-thread-2] INFO  com.crawljax.core.Crawler - backtrack status: false, reached NearDuplicate : -1 
18:20:56.968 [pool-1-thread-2] INFO  com.crawljax.core.Crawler - index has changed to: state94
18:20:56.969 [pool-1-thread-2] INFO  com.crawljax.core.Crawler - Did not add reload edge from state94 to state94
18:20:56.969 [pool-1-thread-2] INFO  c.crawljax.core.state.StateMachine - Cannot go to state: 'state27' from: 'state94'
18:20:56.969 [pool-1-thread-2] INFO  com.crawljax.core.Crawler - Not a valid path anymore state13: state88
18:20:56.969 [pool-1-thread-2] INFO  com.crawljax.core.Crawler - Tried to follow 
18:20:56.969 [pool-1-thread-2] INFO  com.crawljax.core.Crawler - state13_17_state27state27_18_state28state28_19_state29state29_21_state4state4_6_state5state5_38_state80state80_39_state81state81_43_state84state84_44_state85state85_45_state86state86_47_state88
18:20:56.969 [pool-1-thread-2] INFO  com.crawljax.core.Crawler - Saving failed backtracking path to 88
18:20:56.969 [pool-1-thread-2] INFO  com.crawljax.core.Crawler - backtrack status: false, reached NearDuplicate : -1 
18:20:59.790 [pool-1-thread-2] INFO  com.crawljax.core.Crawler - index has changed to: state94
18:20:59.790 [pool-1-thread-2] INFO  com.crawljax.core.Crawler - Did not add reload edge from state94 to state94
18:20:59.790 [pool-1-thread-2] INFO  c.crawljax.core.state.StateMachine - Cannot go to state: 'state5' from: 'state94'
18:20:59.790 [pool-1-thread-2] INFO  com.crawljax.core.Crawler - Not a valid path anymore state43: state88
18:20:59.790 [pool-1-thread-2] INFO  com.crawljax.core.Crawler - Tried to follow 
18:20:59.790 [pool-1-thread-2] INFO  com.crawljax.core.Crawler - state43_37_state5state5_38_state80state80_39_state81state81_43_state84state84_44_state85state85_45_state86state86_47_state88
18:20:59.790 [pool-1-thread-2] INFO  com.crawljax.core.Crawler - Saving failed backtracking path to 88
18:20:59.790 [pool-1-thread-2] INFO  com.crawljax.core.Crawler - backtrack status: false, reached NearDuplicate : -1 
18:21:02.631 [pool-1-thread-2] INFO  com.crawljax.core.Crawler - index has changed to: state94
18:21:02.631 [pool-1-thread-2] INFO  com.crawljax.core.Crawler - Did not add reload edge from state94 to state94
18:21:02.631 [pool-1-thread-2] INFO  com.crawljax.core.Crawler - state88 no path from state94
18:21:02.631 [pool-1-thread-2] INFO  com.crawljax.core.Crawler - state unreachable: Removing from candidate actions state88
18:21:02.632 [pool-1-thread-2] INFO  c.c.core.UnfiredFragmentCandidates - Placing purged actions in unreachable cache for state88
18:21:02.632 [pool-1-thread-2] INFO  com.crawljax.core.Crawler - Resetting the crawler and Going to state state91
18:21:05.441 [pool-1-thread-2] INFO  com.crawljax.core.Crawler - index has changed to: state94
18:21:05.442 [pool-1-thread-2] INFO  com.crawljax.core.Crawler - Did not add reload edge from state94 to state94
18:21:05.442 [pool-1-thread-2] INFO  com.crawljax.core.Crawler - Initial state not the same as current state : Getting shortest path from current state
18:21:05.442 [pool-1-thread-2] INFO  com.crawljax.core.Crawler - state91 no path from state94
18:21:05.442 [pool-1-thread-2] INFO  c.crawljax.core.state.StateMachine - Cannot go to state: 'state1' from: 'state94'
18:21:05.442 [pool-1-thread-2] INFO  com.crawljax.core.Crawler - Not a valid path anymore index: state91
18:21:05.442 [pool-1-thread-2] INFO  com.crawljax.core.Crawler - Tried to follow 
18:21:05.442 [pool-1-thread-2] INFO  com.crawljax.core.Crawler - index_1_state1state1_4_state3state3_5_state4state4_6_state5state5_38_state80state80_39_state81state81_43_state84state84_44_state85state85_45_state86state86_47_state88state88_51_state91
18:21:05.442 [pool-1-thread-2] INFO  com.crawljax.core.Crawler - Saving failed backtracking path to 91
18:21:05.442 [pool-1-thread-2] INFO  com.crawljax.core.Crawler - backtrack status: false, reached NearDuplicate : -1 
18:21:08.264 [pool-1-thread-2] INFO  com.crawljax.core.Crawler - index has changed to: state94
18:21:08.265 [pool-1-thread-2] INFO  com.crawljax.core.Crawler - Did not add reload edge from state94 to state94
18:21:08.265 [pool-1-thread-2] INFO  c.crawljax.core.state.StateMachine - Cannot go to state: 'state13' from: 'state94'
18:21:08.265 [pool-1-thread-2] INFO  com.crawljax.core.Crawler - Not a valid path anymore state12: state91
18:21:08.265 [pool-1-thread-2] INFO  com.crawljax.core.Crawler - Tried to follow 
18:21:08.265 [pool-1-thread-2] INFO  com.crawljax.core.Crawler - state12_0_state13state13_17_state27state27_18_state28state28_19_state29state29_21_state4state4_6_state5state5_38_state80state80_39_state81state81_43_state84state84_44_state85state85_45_state86state86_47_state88state88_51_state91
18:21:08.265 [pool-1-thread-2] INFO  com.crawljax.core.Crawler - Saving failed backtracking path to 91
18:21:08.265 [pool-1-thread-2] INFO  com.crawljax.core.Crawler - backtrack status: false, reached NearDuplicate : -1 
18:21:11.098 [pool-1-thread-2] INFO  com.crawljax.core.Crawler - index has changed to: state94
18:21:11.099 [pool-1-thread-2] INFO  com.crawljax.core.Crawler - Did not add reload edge from state94 to state94
18:21:11.099 [pool-1-thread-2] INFO  c.crawljax.core.state.StateMachine - Cannot go to state: 'state27' from: 'state94'
18:21:11.099 [pool-1-thread-2] INFO  com.crawljax.core.Crawler - Not a valid path anymore state13: state91
18:21:11.099 [pool-1-thread-2] INFO  com.crawljax.core.Crawler - Tried to follow 
18:21:11.099 [pool-1-thread-2] INFO  com.crawljax.core.Crawler - state13_17_state27state27_18_state28state28_19_state29state29_21_state4state4_6_state5state5_38_state80state80_39_state81state81_43_state84state84_44_state85state85_45_state86state86_47_state88state88_51_state91
18:21:11.099 [pool-1-thread-2] INFO  com.crawljax.core.Crawler - Saving failed backtracking path to 91
18:21:11.099 [pool-1-thread-2] INFO  com.crawljax.core.Crawler - backtrack status: false, reached NearDuplicate : -1 
18:21:13.919 [pool-1-thread-2] INFO  com.crawljax.core.Crawler - index has changed to: state94
18:21:13.919 [pool-1-thread-2] INFO  com.crawljax.core.Crawler - Did not add reload edge from state94 to state94
18:21:13.920 [pool-1-thread-2] INFO  c.crawljax.core.state.StateMachine - Cannot go to state: 'state5' from: 'state94'
18:21:13.920 [pool-1-thread-2] INFO  com.crawljax.core.Crawler - Not a valid path anymore state43: state91
18:21:13.920 [pool-1-thread-2] INFO  com.crawljax.core.Crawler - Tried to follow 
18:21:13.920 [pool-1-thread-2] INFO  com.crawljax.core.Crawler - state43_37_state5state5_38_state80state80_39_state81state81_43_state84state84_44_state85state85_45_state86state86_47_state88state88_51_state91
18:21:13.920 [pool-1-thread-2] INFO  com.crawljax.core.Crawler - Saving failed backtracking path to 91
18:21:13.920 [pool-1-thread-2] INFO  com.crawljax.core.Crawler - backtrack status: false, reached NearDuplicate : -1 
18:21:16.741 [pool-1-thread-2] INFO  com.crawljax.core.Crawler - index has changed to: state94
18:21:16.741 [pool-1-thread-2] INFO  com.crawljax.core.Crawler - Did not add reload edge from state94 to state94
18:21:16.741 [pool-1-thread-2] INFO  com.crawljax.core.Crawler - state91 no path from state94
18:21:16.741 [pool-1-thread-2] INFO  com.crawljax.core.Crawler - state unreachable: Removing from candidate actions state91
18:21:16.741 [pool-1-thread-2] INFO  c.c.core.UnfiredFragmentCandidates - Placing purged actions in unreachable cache for state91
18:21:16.741 [pool-1-thread-2] INFO  com.crawljax.core.Crawler - backtrack status: true, reached NearDuplicate : -1 
18:21:16.741 [pool-1-thread-2] INFO  com.crawljax.core.Crawler -  Event xpath /HTML[1]/BODY[1]/DIV[4]/DIV[1]/DIV[4]/DIV[3]/DIV[1]/DIV[1]/DIV[3]/DIV[3]/DIV[1]/DIV[2]/DIV[1]
18:21:16.759 [pool-1-thread-2] INFO  com.crawljax.core.Crawler - Changing related inputs for 56 with 0  to 0 
18:21:16.847 [pool-1-thread-2] INFO  c.c.core.UnfiredFragmentCandidates - Changing related inputs to worked inputs 0 for 56
18:21:16.847 [pool-1-thread-2] INFO  c.c.core.UnfiredFragmentCandidates - event 56 - Before 0
18:21:16.847 [pool-1-thread-2] INFO  c.c.core.UnfiredFragmentCandidates - event 56 - After 0
18:21:16.847 [pool-1-thread-2] INFO  c.c.core.UnfiredFragmentCandidates - input for 56, 0
18:21:19.997 [pool-1-thread-2] INFO  c.c.c.state.InMemoryStateFlowGraph - Number of states in the graph is now 28
18:21:19.997 [pool-1-thread-2] INFO  c.crawljax.core.state.StateMachine - State state139 added to the StateMachine.
18:21:20.128 [pool-1-thread-2] INFO  com.crawljax.core.Crawler - New DOM is a new state! crawl depth is now 1
18:21:20.128 [pool-1-thread-2] INFO  com.crawljax.core.Crawler - Parsing DOM of state state139 for candidate elements
18:21:20.136 [pool-1-thread-2] INFO  c.c.core.UnfiredFragmentCandidates - There are 1 states with unfired actions: [139]
18:21:20.145 [pool-1-thread-2] INFO  com.crawljax.core.Crawler -  Event xpath /HTML[1]/BODY[1]/DIV[4]/DIV[1]/DIV[4]/DIV[3]/DIV[1]/DIV[1]/DIV[1]/DIV[1]/DIV[31]
18:21:20.165 [pool-1-thread-2] INFO  com.crawljax.core.Crawler - Changing related inputs for 57 with 0  to 0 
18:21:20.250 [pool-1-thread-2] INFO  c.c.core.UnfiredFragmentCandidates - Changing related inputs to worked inputs 0 for 57
18:21:20.250 [pool-1-thread-2] INFO  c.c.core.UnfiredFragmentCandidates - event 57 - Before 0
18:21:20.250 [pool-1-thread-2] INFO  c.c.core.UnfiredFragmentCandidates - event 57 - After 0
18:21:20.250 [pool-1-thread-2] INFO  c.c.core.UnfiredFragmentCandidates - input for 57, 0
18:21:23.385 [pool-1-thread-2] INFO  c.c.c.state.InMemoryStateFlowGraph - Number of states in the graph is now 29
18:21:23.386 [pool-1-thread-2] INFO  c.crawljax.core.state.StateMachine - State state140 added to the StateMachine.
18:21:23.534 [pool-1-thread-2] INFO  com.crawljax.core.Crawler - New DOM is a new state! crawl depth is now 2
18:21:23.534 [pool-1-thread-2] INFO  com.crawljax.core.Crawler - Parsing DOM of state state140 for candidate elements
18:21:23.542 [pool-1-thread-2] INFO  c.c.core.UnfiredFragmentCandidates - There are 2 states with unfired actions: [139, 140]
18:21:23.552 [pool-1-thread-2] INFO  com.crawljax.core.Crawler -  Event xpath /HTML[1]/BODY[1]/DIV[4]/DIV[1]/DIV[4]/DIV[3]/DIV[1]/DIV[1]/DIV[3]/DIV[6]/DIV[1]/DIV[2]/H2[1]/A[1]
18:21:23.573 [pool-1-thread-2] INFO  com.crawljax.core.Crawler - Changing related inputs for 58 with 0  to 0 
18:21:23.658 [pool-1-thread-2] INFO  c.c.core.UnfiredFragmentCandidates - Changing related inputs to worked inputs 0 for 58
18:21:23.658 [pool-1-thread-2] INFO  c.c.core.UnfiredFragmentCandidates - event 58 - Before 0
18:21:23.658 [pool-1-thread-2] INFO  c.c.core.UnfiredFragmentCandidates - event 58 - After 0
18:21:23.658 [pool-1-thread-2] INFO  c.c.core.UnfiredFragmentCandidates - input for 58, 0
18:21:27.589 [pool-1-thread-2] INFO  c.crawljax.core.state.StateMachine - CLONE State detected: state141 and state29 are the same.
18:21:27.590 [pool-1-thread-2] INFO  c.c.core.UnfiredFragmentCandidates - Placing state29 back in queue as it is rediscovered
18:21:27.590 [pool-1-thread-2] INFO  c.c.core.UnfiredFragmentCandidates - There are 3 states with unfired actions: [139, 140, 29]
18:21:27.590 [pool-1-thread-2] INFO  c.c.core.UnfiredFragmentCandidates - Rediscovered state29 has unexplored actions
18:21:27.598 [pool-1-thread-2] INFO  com.crawljax.core.Crawler -  Event xpath /HTML[1]/BODY[1]/DIV[4]/DIV[1]/DIV[4]/DIV[2]/DIV[2]/DIV[1]/FORM[1]/DIV[1]/DIV[2]/DIV[2]/DIV[4]/DIV[1]/DIV[2]/H2[1]/A[1]
18:21:27.622 [pool-1-thread-2] INFO  com.crawljax.core.Crawler - Changing related inputs for 59 with 0  to 0 
18:21:27.700 [pool-1-thread-2] INFO  c.c.core.UnfiredFragmentCandidates - Changing related inputs to worked inputs 0 for 59
18:21:27.700 [pool-1-thread-2] INFO  c.c.core.UnfiredFragmentCandidates - event 59 - Before 0
18:21:27.700 [pool-1-thread-2] INFO  c.c.core.UnfiredFragmentCandidates - event 59 - After 0
18:21:27.700 [pool-1-thread-2] INFO  c.c.core.UnfiredFragmentCandidates - input for 59, 0
18:21:32.074 [pool-1-thread-2] INFO  c.c.c.state.InMemoryStateFlowGraph - Number of states in the graph is now 30
18:21:32.074 [pool-1-thread-2] INFO  c.crawljax.core.state.StateMachine - State state142 added to the StateMachine.
18:21:32.206 [pool-1-thread-2] INFO  com.crawljax.core.Crawler - New DOM is a new state! crawl depth is now 3
18:21:32.206 [pool-1-thread-2] INFO  com.crawljax.core.Crawler - Parsing DOM of state state142 for candidate elements
18:21:32.213 [pool-1-thread-2] INFO  c.c.core.UnfiredFragmentCandidates - There are 4 states with unfired actions: [139, 140, 29, 142]
18:21:32.221 [pool-1-thread-2] INFO  com.crawljax.core.Crawler -  Event xpath /HTML[1]/BODY[1]/DIV[4]/DIV[1]/DIV[4]/DIV[2]/DIV[2]/DIV[1]/FORM[1]/DIV[1]/DIV[2]/DIV[2]/DIV[3]/DIV[1]/DIV[2]/DIV[1]/DIV[1]/DIV[1]
18:21:32.239 [pool-1-thread-2] INFO  com.crawljax.core.Crawler - Changing related inputs for 60 with 0  to 0 
18:21:32.315 [pool-1-thread-2] INFO  c.c.core.UnfiredFragmentCandidates - Changing related inputs to worked inputs 0 for 60
18:21:32.315 [pool-1-thread-2] INFO  c.c.core.UnfiredFragmentCandidates - event 60 - Before 0
18:21:32.315 [pool-1-thread-2] INFO  c.c.core.UnfiredFragmentCandidates - event 60 - After 0
18:21:32.315 [pool-1-thread-2] INFO  c.c.core.UnfiredFragmentCandidates - input for 60, 0
18:21:35.454 [pool-1-thread-2] INFO  com.crawljax.core.Crawler -  Event xpath /HTML[1]/BODY[1]/DIV[4]/DIV[1]/DIV[4]/DIV[2]/DIV[2]/DIV[1]/FORM[1]/DIV[1]/DIV[1]/DIV[2]/DIV[10]/DIV[1]/A[3]
18:21:35.471 [pool-1-thread-2] INFO  com.crawljax.core.Crawler - Changing related inputs for 61 with 0  to 0 
18:21:35.548 [pool-1-thread-2] INFO  c.c.core.UnfiredFragmentCandidates - Changing related inputs to worked inputs 0 for 61
18:21:35.548 [pool-1-thread-2] INFO  c.c.core.UnfiredFragmentCandidates - event 61 - Before 0
18:21:35.548 [pool-1-thread-2] INFO  c.c.core.UnfiredFragmentCandidates - event 61 - After 0
18:21:35.548 [pool-1-thread-2] INFO  c.c.core.UnfiredFragmentCandidates - input for 61, 0
18:21:35.588 [pool-1-thread-2] INFO  com.crawljax.core.Crawler - Anchor Element{node=[A: null], tag=A, text=, attributes={class=addthis_button_preferred_3}} has no href and is invisible so it will be ignored
18:21:35.602 [pool-1-thread-2] INFO  com.crawljax.core.Crawler -  Event xpath /HTML[1]/BODY[1]/DIV[4]/DIV[1]/DIV[4]/DIV[2]/DIV[2]/DIV[1]/FORM[1]/DIV[1]/DIV[1]/DIV[2]/DIV[4]/DIV[2]/SPAN[1]
18:21:35.624 [pool-1-thread-2] INFO  com.crawljax.core.Crawler - Changing related inputs for 62 with 0  to 0 
18:21:35.698 [pool-1-thread-2] INFO  c.c.core.UnfiredFragmentCandidates - Changing related inputs to worked inputs 0 for 62
18:21:35.698 [pool-1-thread-2] INFO  c.c.core.UnfiredFragmentCandidates - event 62 - Before 0
18:21:35.698 [pool-1-thread-2] INFO  c.c.core.UnfiredFragmentCandidates - event 62 - After 0
18:21:35.698 [pool-1-thread-2] INFO  c.c.core.UnfiredFragmentCandidates - input for 62, 0
18:21:38.835 [pool-1-thread-2] INFO  com.crawljax.core.Crawler -  Event xpath /HTML[1]/BODY[1]/DIV[4]/DIV[1]/DIV[4]/DIV[2]/DIV[2]/DIV[1]/FORM[1]/DIV[1]/DIV[2]/DIV[2]/DIV[3]/DIV[1]/DIV[1]/A[1]/IMG[1]
18:21:38.855 [pool-1-thread-2] INFO  com.crawljax.core.Crawler - Changing related inputs for 63 with 0  to 0 
18:21:38.945 [pool-1-thread-2] INFO  c.c.core.UnfiredFragmentCandidates - Changing related inputs to worked inputs 0 for 63
18:21:38.945 [pool-1-thread-2] INFO  c.c.core.UnfiredFragmentCandidates - event 63 - Before 0
18:21:38.945 [pool-1-thread-2] INFO  c.c.core.UnfiredFragmentCandidates - event 63 - After 0
18:21:38.945 [pool-1-thread-2] INFO  c.c.core.UnfiredFragmentCandidates - input for 63, 0
18:21:42.687 [pool-1-thread-2] INFO  c.crawljax.core.state.StateMachine - CLONE State detected: state145 and state86 are the same.
18:21:42.687 [pool-1-thread-2] INFO  c.c.core.UnfiredFragmentCandidates - Placing state86 back in queue as it is rediscovered
18:21:42.687 [pool-1-thread-2] INFO  c.c.core.UnfiredFragmentCandidates - There are 5 states with unfired actions: [139, 140, 29, 142, 86]
18:21:42.687 [pool-1-thread-2] INFO  c.c.core.UnfiredFragmentCandidates - Rediscovered state86 has unexplored actions
18:21:42.695 [pool-1-thread-2] INFO  com.crawljax.core.Crawler -  Event xpath /HTML[1]/BODY[1]/DIV[4]/DIV[1]/DIV[1]/DIV[2]/DIV[1]/UL[1]/LI[3]/A[1]
18:21:42.713 [pool-1-thread-2] INFO  com.crawljax.core.Crawler - Changing related inputs for 64 with 0  to 0 
18:21:42.795 [pool-1-thread-2] INFO  c.c.core.UnfiredFragmentCandidates - Changing related inputs to worked inputs 0 for 64
18:21:42.795 [pool-1-thread-2] INFO  c.c.core.UnfiredFragmentCandidates - event 64 - Before 0
18:21:42.795 [pool-1-thread-2] INFO  c.c.core.UnfiredFragmentCandidates - event 64 - After 0
18:21:42.795 [pool-1-thread-2] INFO  c.c.core.UnfiredFragmentCandidates - input for 64, 0
18:21:46.529 [pool-1-thread-2] INFO  c.c.c.state.InMemoryStateFlowGraph - Number of states in the graph is now 31
18:21:46.529 [pool-1-thread-2] INFO  c.crawljax.core.state.StateMachine - State state146 added to the StateMachine.
18:21:46.642 [pool-1-thread-2] INFO  com.crawljax.core.Crawler - New DOM is a new state! crawl depth is now 4
18:21:46.642 [pool-1-thread-2] INFO  com.crawljax.core.Crawler - Parsing DOM of state state146 for candidate elements
18:21:46.646 [pool-1-thread-2] INFO  c.c.core.UnfiredFragmentCandidates - There are 6 states with unfired actions: [139, 140, 29, 142, 86, 146]
18:21:46.655 [pool-1-thread-2] INFO  com.crawljax.core.Crawler -  Event xpath /HTML[1]/BODY[1]/DIV[4]/DIV[1]/DIV[2]/UL[2]/LI[3]/UL[1]/LI[2]
18:21:46.668 [pool-1-thread-2] INFO  com.crawljax.core.Crawler - Changing related inputs for 65 with 0  to 0 
18:21:46.745 [pool-1-thread-2] INFO  c.c.core.UnfiredFragmentCandidates - Changing related inputs to worked inputs 0 for 65
18:21:46.745 [pool-1-thread-2] INFO  c.c.core.UnfiredFragmentCandidates - event 65 - Before 0
18:21:46.745 [pool-1-thread-2] INFO  c.c.core.UnfiredFragmentCandidates - event 65 - After 0
18:21:46.745 [pool-1-thread-2] INFO  c.c.core.UnfiredFragmentCandidates - input for 65, 0
18:21:46.788 [pool-1-thread-2] INFO  com.crawljax.core.Crawler -  Event xpath /HTML[1]/BODY[1]/DIV[4]/DIV[1]/DIV[1]/DIV[2]/DIV[1]/UL[1]/LI[2]
18:21:46.802 [pool-1-thread-2] INFO  com.crawljax.core.Crawler - Changing related inputs for 66 with 0  to 0 
18:21:46.871 [pool-1-thread-2] INFO  c.c.core.UnfiredFragmentCandidates - Changing related inputs to worked inputs 0 for 66
18:21:46.871 [pool-1-thread-2] INFO  c.c.core.UnfiredFragmentCandidates - event 66 - Before 0
18:21:46.871 [pool-1-thread-2] INFO  c.c.core.UnfiredFragmentCandidates - event 66 - After 0
18:21:46.871 [pool-1-thread-2] INFO  c.c.core.UnfiredFragmentCandidates - input for 66, 0
18:21:50.464 [pool-1-thread-2] INFO  c.c.c.state.InMemoryStateFlowGraph - Number of states in the graph is now 32
18:21:50.464 [pool-1-thread-2] INFO  c.crawljax.core.state.StateMachine - State state147 added to the StateMachine.
18:21:50.591 [pool-1-thread-2] INFO  com.crawljax.core.Crawler - New DOM is a new state! crawl depth is now 5
18:21:50.591 [pool-1-thread-2] INFO  com.crawljax.core.Crawler - Parsing DOM of state state147 for candidate elements
18:21:50.595 [pool-1-thread-2] INFO  c.c.core.UnfiredFragmentCandidates - There are 7 states with unfired actions: [139, 140, 29, 142, 86, 146, 147]
18:21:50.604 [pool-1-thread-2] INFO  com.crawljax.core.Crawler -  Event xpath /HTML[1]/BODY[1]/DIV[4]/DIV[1]/DIV[2]/UL[2]/LI[5]/DIV[1]
18:21:50.618 [pool-1-thread-2] INFO  com.crawljax.core.Crawler - Changing related inputs for 67 with 0  to 0 
18:21:50.690 [pool-1-thread-2] INFO  c.c.core.UnfiredFragmentCandidates - Changing related inputs to worked inputs 0 for 67
18:21:50.690 [pool-1-thread-2] INFO  c.c.core.UnfiredFragmentCandidates - event 67 - Before 0
18:21:50.690 [pool-1-thread-2] INFO  c.c.core.UnfiredFragmentCandidates - event 67 - After 0
18:21:50.690 [pool-1-thread-2] INFO  c.c.core.UnfiredFragmentCandidates - input for 67, 0
18:21:50.737 [pool-1-thread-2] INFO  com.crawljax.core.Crawler -  Event xpath /HTML[1]/BODY[1]/DIV[4]/DIV[1]/DIV[4]/DIV[1]/DIV[1]
18:21:50.753 [pool-1-thread-2] INFO  com.crawljax.core.Crawler - Changing related inputs for 68 with 0  to 0 
18:21:50.831 [pool-1-thread-2] INFO  c.c.core.UnfiredFragmentCandidates - Changing related inputs to worked inputs 0 for 68
18:21:50.831 [pool-1-thread-2] INFO  c.c.core.UnfiredFragmentCandidates - event 68 - Before 0
18:21:50.831 [pool-1-thread-2] INFO  c.c.core.UnfiredFragmentCandidates - event 68 - After 0
18:21:50.831 [pool-1-thread-2] INFO  c.c.core.UnfiredFragmentCandidates - input for 68, 0
18:21:53.962 [pool-1-thread-2] INFO  com.crawljax.core.Crawler -  Event xpath /HTML[1]/BODY[1]/DIV[4]/DIV[1]/DIV[4]/DIV[2]/DIV[1]/DIV[2]
18:21:53.985 [pool-1-thread-2] INFO  com.crawljax.core.Crawler - Changing related inputs for 69 with 0  to 0 
18:21:54.063 [pool-1-thread-2] INFO  c.c.core.UnfiredFragmentCandidates - Changing related inputs to worked inputs 0 for 69
18:21:54.063 [pool-1-thread-2] INFO  c.c.core.UnfiredFragmentCandidates - event 69 - Before 0
18:21:54.063 [pool-1-thread-2] INFO  c.c.core.UnfiredFragmentCandidates - event 69 - After 0
18:21:54.063 [pool-1-thread-2] INFO  c.c.core.UnfiredFragmentCandidates - input for 69, 0
18:21:57.198 [pool-1-thread-2] INFO  com.crawljax.core.Crawler -  Event xpath /HTML[1]/BODY[1]/DIV[4]/DIV[1]/DIV[3]
18:21:57.213 [pool-1-thread-2] INFO  com.crawljax.core.Crawler - Changing related inputs for 70 with 0  to 0 
18:21:57.285 [pool-1-thread-2] INFO  c.c.core.UnfiredFragmentCandidates - Changing related inputs to worked inputs 0 for 70
18:21:57.286 [pool-1-thread-2] INFO  c.c.core.UnfiredFragmentCandidates - event 70 - Before 0
18:21:57.286 [pool-1-thread-2] INFO  c.c.core.UnfiredFragmentCandidates - event 70 - After 0
18:21:57.286 [pool-1-thread-2] INFO  c.c.core.UnfiredFragmentCandidates - input for 70, 0
18:21:57.335 [pool-1-thread-2] INFO  com.crawljax.core.Crawler -  Event xpath /HTML[1]/BODY[1]/DIV[4]/DIV[1]/DIV[2]/UL[2]/LI[2]/UL[1]/LI[1]/A[1]
18:21:57.353 [pool-1-thread-2] INFO  com.crawljax.core.Crawler - Changing related inputs for 71 with 0  to 0 
18:21:57.427 [pool-1-thread-2] INFO  c.c.core.UnfiredFragmentCandidates - Changing related inputs to worked inputs 0 for 71
18:21:57.427 [pool-1-thread-2] INFO  c.c.core.UnfiredFragmentCandidates - event 71 - Before 0
18:21:57.427 [pool-1-thread-2] INFO  c.c.core.UnfiredFragmentCandidates - event 71 - After 0
18:21:57.427 [pool-1-thread-2] INFO  c.c.core.UnfiredFragmentCandidates - input for 71, 0
18:21:57.465 [pool-1-thread-2] INFO  com.crawljax.core.Crawler - Found an invisible link with href=/desktops
18:22:00.382 [pool-1-thread-2] INFO  c.crawljax.core.state.StateMachine - CLONE State detected: state150 and state32 are the same.
18:22:00.382 [pool-1-thread-2] INFO  c.c.core.UnfiredFragmentCandidates - Placing state32 back in queue as it is rediscovered
18:22:00.382 [pool-1-thread-2] INFO  c.c.core.UnfiredFragmentCandidates - There are 8 states with unfired actions: [139, 140, 29, 142, 86, 146, 147, 32]
18:22:00.382 [pool-1-thread-2] INFO  c.c.core.UnfiredFragmentCandidates - Rediscovered state32 has unexplored actions
18:22:00.396 [pool-1-thread-2] INFO  com.crawljax.core.Crawler -  Event xpath /HTML[1]/BODY[1]/DIV[4]/DIV[1]/DIV[4]/DIV[1]/DIV[3]
18:22:00.411 [pool-1-thread-2] INFO  com.crawljax.core.Crawler - Changing related inputs for 72 with 0  to 0 
18:22:00.492 [pool-1-thread-2] INFO  c.c.core.UnfiredFragmentCandidates - Changing related inputs to worked inputs 0 for 72
18:22:00.493 [pool-1-thread-2] INFO  c.c.core.UnfiredFragmentCandidates - event 72 - Before 0
18:22:00.493 [pool-1-thread-2] INFO  c.c.core.UnfiredFragmentCandidates - event 72 - After 0
18:22:00.493 [pool-1-thread-2] INFO  c.c.core.UnfiredFragmentCandidates - input for 72, 0
18:22:03.629 [pool-1-thread-2] INFO  com.crawljax.core.Crawler -  Event xpath /HTML[1]/BODY[1]/DIV[4]/DIV[2]/DIV[1]/DIV[3]
18:22:03.650 [pool-1-thread-2] INFO  com.crawljax.core.Crawler - Changing related inputs for 73 with 0  to 0 
18:22:03.734 [pool-1-thread-2] INFO  c.c.core.UnfiredFragmentCandidates - Changing related inputs to worked inputs 0 for 73
18:22:03.734 [pool-1-thread-2] INFO  c.c.core.UnfiredFragmentCandidates - event 73 - Before 0
18:22:03.734 [pool-1-thread-2] INFO  c.c.core.UnfiredFragmentCandidates - event 73 - After 0
18:22:03.734 [pool-1-thread-2] INFO  c.c.core.UnfiredFragmentCandidates - input for 73, 0
18:22:06.866 [pool-1-thread-2] INFO  com.crawljax.core.Crawler -  Event xpath /HTML[1]/BODY[1]/DIV[4]/DIV[1]/DIV[4]/DIV[2]/DIV[2]/DIV[2]/DIV[1]/DIV[2]/SELECT[1]/OPTION[6]
18:22:06.882 [pool-1-thread-2] INFO  com.crawljax.core.Crawler - Changing related inputs for 74 with 0  to 0 
18:22:06.967 [pool-1-thread-2] INFO  c.c.core.UnfiredFragmentCandidates - Changing related inputs to worked inputs 0 for 74
18:22:06.967 [pool-1-thread-2] INFO  c.c.core.UnfiredFragmentCandidates - event 74 - Before 0
18:22:06.967 [pool-1-thread-2] INFO  c.c.core.UnfiredFragmentCandidates - event 74 - After 0
18:22:06.967 [pool-1-thread-2] INFO  c.c.core.UnfiredFragmentCandidates - input for 74, 0
18:22:10.666 [pool-1-thread-2] INFO  c.c.c.state.InMemoryStateFlowGraph - Number of states in the graph is now 33
18:22:10.666 [pool-1-thread-2] INFO  c.crawljax.core.state.StateMachine - State state153 added to the StateMachine.
18:22:10.786 [pool-1-thread-2] INFO  com.crawljax.core.Crawler - New DOM is a new state! crawl depth is now 6
18:22:10.786 [pool-1-thread-2] INFO  com.crawljax.core.Crawler - Parsing DOM of state state153 for candidate elements
18:22:10.792 [pool-1-thread-2] INFO  c.c.core.UnfiredFragmentCandidates - There are 9 states with unfired actions: [139, 140, 29, 142, 86, 146, 147, 32, 153]
18:22:10.801 [pool-1-thread-2] INFO  com.crawljax.core.Crawler -  Event xpath /HTML[1]/BODY[1]/DIV[4]/DIV[1]/DIV[4]/DIV[1]/DIV[1]/DIV[2]
18:22:10.817 [pool-1-thread-2] INFO  com.crawljax.core.Crawler - Changing related inputs for 75 with 0  to 0 
18:22:10.903 [pool-1-thread-2] INFO  c.c.core.UnfiredFragmentCandidates - Changing related inputs to worked inputs 0 for 75
18:22:10.903 [pool-1-thread-2] INFO  c.c.core.UnfiredFragmentCandidates - event 75 - Before 0
18:22:10.903 [pool-1-thread-2] INFO  c.c.core.UnfiredFragmentCandidates - event 75 - After 0
18:22:10.903 [pool-1-thread-2] INFO  c.c.core.UnfiredFragmentCandidates - input for 75, 0
18:22:14.043 [pool-1-thread-2] INFO  com.crawljax.core.Crawler -  Event xpath /HTML[1]/BODY[1]/DIV[4]/DIV[1]/DIV[4]/DIV[2]/DIV[2]/DIV[2]/DIV[3]/DIV[2]/DIV[1]/DIV[2]/DIV[1]/DIV[1]/DIV[1]
18:22:14.061 [pool-1-thread-2] INFO  com.crawljax.core.Crawler - Changing related inputs for 76 with 0  to 0 
18:22:14.148 [pool-1-thread-2] INFO  c.c.core.UnfiredFragmentCandidates - Changing related inputs to worked inputs 0 for 76
18:22:14.148 [pool-1-thread-2] INFO  c.c.core.UnfiredFragmentCandidates - event 76 - Before 0
18:22:14.148 [pool-1-thread-2] INFO  c.c.core.UnfiredFragmentCandidates - event 76 - After 0
18:22:14.148 [pool-1-thread-2] INFO  c.c.core.UnfiredFragmentCandidates - input for 76, 0
18:22:17.276 [pool-1-thread-2] INFO  com.crawljax.core.Crawler -  Event xpath /HTML[1]/BODY[1]/DIV[4]/DIV[1]/DIV[2]/UL[2]/LI[2]/UL[1]/LI[3]/A[1]
18:22:17.292 [pool-1-thread-2] INFO  com.crawljax.core.Crawler - Changing related inputs for 77 with 0  to 0 
18:22:17.368 [pool-1-thread-2] INFO  c.c.core.UnfiredFragmentCandidates - Changing related inputs to worked inputs 0 for 77
18:22:17.368 [pool-1-thread-2] INFO  c.c.core.UnfiredFragmentCandidates - event 77 - Before 0
18:22:17.368 [pool-1-thread-2] INFO  c.c.core.UnfiredFragmentCandidates - event 77 - After 0
18:22:17.368 [pool-1-thread-2] INFO  c.c.core.UnfiredFragmentCandidates - input for 77, 0
18:22:17.411 [pool-1-thread-2] INFO  com.crawljax.core.Crawler - Found an invisible link with href=/accessories
18:22:20.310 [pool-1-thread-2] INFO  c.crawljax.core.state.StateMachine - CLONE State detected: state156 and state84 are the same.
18:22:20.310 [pool-1-thread-2] INFO  c.c.core.UnfiredFragmentCandidates - Placing state84 back in queue as it is rediscovered
18:22:20.311 [pool-1-thread-2] INFO  c.c.core.UnfiredFragmentCandidates - There are 10 states with unfired actions: [139, 140, 29, 142, 86, 146, 147, 32, 153, 84]
18:22:20.311 [pool-1-thread-2] INFO  c.c.core.UnfiredFragmentCandidates - Rediscovered state84 has unexplored actions
18:22:20.319 [pool-1-thread-2] INFO  com.crawljax.core.Crawler -  Event xpath /HTML[1]/BODY[1]/DIV[4]/DIV[1]/DIV[4]/DIV[2]/DIV[2]/DIV[2]/DIV[3]/DIV[1]/DIV[1]/DIV[2]/DIV[3]/DIV[2]/INPUT[1]
18:22:20.335 [pool-1-thread-2] INFO  com.crawljax.core.Crawler - Changing related inputs for 78 with 0  to 0 
18:22:20.414 [pool-1-thread-2] INFO  c.c.core.UnfiredFragmentCandidates - Changing related inputs to worked inputs 0 for 78
18:22:20.415 [pool-1-thread-2] INFO  c.c.core.UnfiredFragmentCandidates - event 78 - Before 0
18:22:20.415 [pool-1-thread-2] INFO  c.c.core.UnfiredFragmentCandidates - event 78 - After 0
18:22:20.415 [pool-1-thread-2] INFO  c.c.core.UnfiredFragmentCandidates - input for 78, 0
18:22:23.547 [pool-1-thread-2] INFO  c.c.c.state.InMemoryStateFlowGraph - Number of states in the graph is now 34
18:22:23.547 [pool-1-thread-2] INFO  c.crawljax.core.state.StateMachine - State state157 added to the StateMachine.
18:22:23.672 [pool-1-thread-2] INFO  com.crawljax.core.Crawler - New DOM is a new state! crawl depth is now 7
18:22:23.672 [pool-1-thread-2] INFO  com.crawljax.core.Crawler - Parsing DOM of state state157 for candidate elements
18:22:23.684 [pool-1-thread-2] INFO  c.c.core.UnfiredFragmentCandidates - There are 11 states with unfired actions: [139, 140, 29, 142, 86, 146, 147, 32, 153, 84, 157]
18:22:23.692 [pool-1-thread-2] INFO  com.crawljax.core.Crawler -  Event xpath /HTML[1]/BODY[1]/DIV[4]/DIV[1]/DIV[4]/DIV[2]/DIV[2]/DIV[1]/FORM[1]/DIV[1]/DIV[1]/DIV[2]/DIV[3]/DIV[1]/DIV[1]
18:22:23.708 [pool-1-thread-2] INFO  com.crawljax.core.Crawler - Changing related inputs for 79 with 0  to 0 
18:22:23.786 [pool-1-thread-2] INFO  c.c.core.UnfiredFragmentCandidates - Changing related inputs to worked inputs 0 for 79
18:22:23.786 [pool-1-thread-2] INFO  c.c.core.UnfiredFragmentCandidates - event 79 - Before 0
18:22:23.786 [pool-1-thread-2] INFO  c.c.core.UnfiredFragmentCandidates - event 79 - After 0
18:22:23.786 [pool-1-thread-2] INFO  c.c.core.UnfiredFragmentCandidates - input for 79, 0
18:22:26.916 [pool-1-thread-2] INFO  com.crawljax.core.Crawler -  Event xpath /HTML[1]/BODY[1]/DIV[4]/DIV[1]/DIV[4]/DIV[2]/DIV[1]/UL[1]/LI[1]
18:22:26.933 [pool-1-thread-2] INFO  com.crawljax.core.Crawler - Changing related inputs for 80 with 0  to 0 
18:22:27.009 [pool-1-thread-2] INFO  c.c.core.UnfiredFragmentCandidates - Changing related inputs to worked inputs 0 for 80
18:22:27.009 [pool-1-thread-2] INFO  c.c.core.UnfiredFragmentCandidates - event 80 - Before 0
18:22:27.009 [pool-1-thread-2] INFO  c.c.core.UnfiredFragmentCandidates - event 80 - After 0
18:22:27.009 [pool-1-thread-2] INFO  c.c.core.UnfiredFragmentCandidates - input for 80, 0
18:22:30.817 [pool-1-thread-2] INFO  c.c.c.state.InMemoryStateFlowGraph - Number of states in the graph is now 35
18:22:30.817 [pool-1-thread-2] INFO  c.crawljax.core.state.StateMachine - State state159 added to the StateMachine.
18:22:30.940 [pool-1-thread-2] INFO  com.crawljax.core.Crawler - New DOM is a new state! crawl depth is now 8
18:22:30.948 [pool-1-thread-2] INFO  com.crawljax.core.Crawler - Resetting the crawler and Going to state state94
18:22:30.957 [pool-1-thread-2] INFO  com.crawljax.core.CrawlSession - Adding CrawlPath to session !!
18:22:30.957 [pool-1-thread-2] INFO  com.crawljax.core.Crawler - BT-state91:-1state94_56_state139state139_57_state140state140_58_state29state29_59_state142state142_63_state86state86_64_state146state146_66_state147state147_71_state32state32_74_state153state153_77_state84state84_78_state157state157_80_state159
18:22:33.763 [pool-1-thread-2] INFO  c.c.c.state.InMemoryStateFlowGraph - Number of states in the graph is now 36
18:22:33.894 [pool-1-thread-2] INFO  com.crawljax.core.Crawler - Parsing DOM of state state160 for candidate elements
18:22:33.903 [pool-1-thread-2] INFO  c.c.core.UnfiredFragmentCandidates - There are 12 states with unfired actions: [139, 140, 29, 142, 86, 146, 147, 32, 153, 84, 157, 160]
18:22:33.904 [pool-1-thread-2] INFO  com.crawljax.core.Crawler - Added a reload edge from state159 to state160
18:22:33.904 [pool-1-thread-2] INFO  com.crawljax.core.Crawler - Initial state not the same as current state : Getting shortest path from current state
18:22:33.904 [pool-1-thread-2] INFO  com.crawljax.core.Crawler - state94 no path from state160
18:22:33.904 [pool-1-thread-2] INFO  c.crawljax.core.state.StateMachine - Cannot go to state: 'state1' from: 'state160'
18:22:33.904 [pool-1-thread-2] INFO  com.crawljax.core.Crawler - Not a valid path anymore index: state94
18:22:33.904 [pool-1-thread-2] INFO  com.crawljax.core.Crawler - Tried to follow 
18:22:33.904 [pool-1-thread-2] INFO  com.crawljax.core.Crawler - index_1_state1state1_4_state3state3_5_state4state4_23_state32state32_74_state153state153_77_state84state84_44_state85state85_45_state86state86_47_state88state88_51_state91state91_55_state93state93_0_state94
18:22:33.904 [pool-1-thread-2] INFO  com.crawljax.core.Crawler - Saving failed backtracking path to 94
18:22:33.904 [pool-1-thread-2] INFO  com.crawljax.core.Crawler - backtrack status: false, reached NearDuplicate : -1 
18:22:36.770 [pool-1-thread-2] INFO  com.crawljax.core.Crawler - index has changed to: state160
18:22:36.770 [pool-1-thread-2] INFO  com.crawljax.core.Crawler - Added a reload edge from state160 to state160
18:22:36.770 [pool-1-thread-2] INFO  c.crawljax.core.state.StateMachine - Cannot go to state: 'state13' from: 'state160'
18:22:36.770 [pool-1-thread-2] INFO  com.crawljax.core.Crawler - Not a valid path anymore state12: state94
18:22:36.770 [pool-1-thread-2] INFO  com.crawljax.core.Crawler - Tried to follow 
18:22:36.770 [pool-1-thread-2] INFO  com.crawljax.core.Crawler - state12_0_state13state13_17_state27state27_18_state28state28_19_state29state29_59_state142state142_63_state86state86_47_state88state88_51_state91state91_55_state93state93_0_state94
18:22:36.770 [pool-1-thread-2] INFO  com.crawljax.core.Crawler - Saving failed backtracking path to 94
18:22:36.770 [pool-1-thread-2] INFO  com.crawljax.core.Crawler - backtrack status: false, reached NearDuplicate : -1 
18:22:39.604 [pool-1-thread-2] INFO  com.crawljax.core.Crawler - index has changed to: state160
18:22:39.604 [pool-1-thread-2] INFO  com.crawljax.core.Crawler - Did not add reload edge from state160 to state160
18:22:39.604 [pool-1-thread-2] INFO  c.crawljax.core.state.StateMachine - Cannot go to state: 'state27' from: 'state160'
18:22:39.604 [pool-1-thread-2] INFO  com.crawljax.core.Crawler - Not a valid path anymore state13: state94
18:22:39.604 [pool-1-thread-2] INFO  com.crawljax.core.Crawler - Tried to follow 
18:22:39.604 [pool-1-thread-2] INFO  com.crawljax.core.Crawler - state13_17_state27state27_18_state28state28_19_state29state29_59_state142state142_63_state86state86_47_state88state88_51_state91state91_55_state93state93_0_state94
18:22:39.604 [pool-1-thread-2] INFO  com.crawljax.core.Crawler - Saving failed backtracking path to 94
18:22:39.604 [pool-1-thread-2] INFO  com.crawljax.core.Crawler - backtrack status: false, reached NearDuplicate : -1 
18:22:42.437 [pool-1-thread-2] INFO  com.crawljax.core.Crawler - index has changed to: state160
18:22:42.438 [pool-1-thread-2] INFO  com.crawljax.core.Crawler - Did not add reload edge from state160 to state160
18:22:42.438 [pool-1-thread-2] INFO  c.crawljax.core.state.StateMachine - Cannot go to state: 'state5' from: 'state160'
18:22:42.438 [pool-1-thread-2] INFO  com.crawljax.core.Crawler - Not a valid path anymore state43: state94
18:22:42.438 [pool-1-thread-2] INFO  com.crawljax.core.Crawler - Tried to follow 
18:22:42.438 [pool-1-thread-2] INFO  com.crawljax.core.Crawler - state43_37_state5state5_38_state80state80_39_state81state81_43_state84state84_44_state85state85_45_state86state86_47_state88state88_51_state91state91_55_state93state93_0_state94
18:22:42.438 [pool-1-thread-2] INFO  com.crawljax.core.Crawler - Saving failed backtracking path to 94
18:22:42.438 [pool-1-thread-2] INFO  com.crawljax.core.Crawler - backtrack status: false, reached NearDuplicate : -1 
18:22:45.283 [pool-1-thread-2] INFO  com.crawljax.core.Crawler - index has changed to: state160
18:22:45.283 [pool-1-thread-2] INFO  com.crawljax.core.Crawler - Did not add reload edge from state160 to state160
18:22:45.283 [pool-1-thread-2] INFO  com.crawljax.core.Crawler - Not a valid path anymore state94: state94
18:22:45.283 [pool-1-thread-2] INFO  com.crawljax.core.Crawler - Tried to follow 
18:22:45.283 [pool-1-thread-2] INFO  com.crawljax.core.Crawler - 
18:22:45.283 [pool-1-thread-2] INFO  com.crawljax.core.Crawler - Saving failed backtracking path to 94
18:22:45.283 [pool-1-thread-2] INFO  com.crawljax.core.Crawler - backtrack status: false, reached NearDuplicate : -1 
18:22:48.123 [pool-1-thread-2] INFO  com.crawljax.core.Crawler - index has changed to: state160
18:22:48.124 [pool-1-thread-2] INFO  com.crawljax.core.Crawler - Did not add reload edge from state160 to state160
18:22:48.124 [pool-1-thread-2] INFO  com.crawljax.core.Crawler - state94 no path from state160
18:22:48.124 [pool-1-thread-2] INFO  com.crawljax.core.Crawler - state unreachable: Removing from candidate actions state94
18:22:48.124 [pool-1-thread-2] INFO  c.c.core.UnfiredFragmentCandidates - Placing purged actions in unreachable cache for state94
18:22:48.124 [pool-1-thread-2] INFO  com.crawljax.core.Crawler - Resetting the crawler and Going to state state139
18:22:50.947 [pool-1-thread-2] INFO  com.crawljax.core.Crawler - index has changed to: state160
18:22:50.947 [pool-1-thread-2] INFO  com.crawljax.core.Crawler - Did not add reload edge from state160 to state160
18:22:50.947 [pool-1-thread-2] INFO  com.crawljax.core.Crawler - Initial state not the same as current state : Getting shortest path from current state
18:22:50.948 [pool-1-thread-2] INFO  com.crawljax.core.Crawler - state139 no path from state160
18:22:50.948 [pool-1-thread-2] INFO  c.crawljax.core.state.StateMachine - Cannot go to state: 'state1' from: 'state160'
18:22:50.948 [pool-1-thread-2] INFO  com.crawljax.core.Crawler - Not a valid path anymore index: state139
18:22:50.948 [pool-1-thread-2] INFO  com.crawljax.core.Crawler - Tried to follow 
18:22:50.948 [pool-1-thread-2] INFO  com.crawljax.core.Crawler - index_1_state1state1_4_state3state3_5_state4state4_23_state32state32_74_state153state153_77_state84state84_44_state85state85_45_state86state86_47_state88state88_51_state91state91_55_state93state93_0_state94state94_56_state139
18:22:50.948 [pool-1-thread-2] INFO  com.crawljax.core.Crawler - Saving failed backtracking path to 139
18:22:50.948 [pool-1-thread-2] INFO  com.crawljax.core.Crawler - backtrack status: false, reached NearDuplicate : -1 
18:22:53.750 [pool-1-thread-2] INFO  com.crawljax.core.Crawler - index has changed to: state160
18:22:53.750 [pool-1-thread-2] INFO  com.crawljax.core.Crawler - Did not add reload edge from state160 to state160
18:22:53.750 [pool-1-thread-2] INFO  c.crawljax.core.state.StateMachine - Cannot go to state: 'state13' from: 'state160'
18:22:53.750 [pool-1-thread-2] INFO  com.crawljax.core.Crawler - Not a valid path anymore state12: state139
18:22:53.750 [pool-1-thread-2] INFO  com.crawljax.core.Crawler - Tried to follow 
18:22:53.750 [pool-1-thread-2] INFO  com.crawljax.core.Crawler - state12_0_state13state13_17_state27state27_18_state28state28_19_state29state29_59_state142state142_63_state86state86_47_state88state88_51_state91state91_55_state93state93_0_state94state94_56_state139
18:22:53.750 [pool-1-thread-2] INFO  com.crawljax.core.Crawler - Saving failed backtracking path to 139
18:22:53.750 [pool-1-thread-2] INFO  com.crawljax.core.Crawler - backtrack status: false, reached NearDuplicate : -1 
18:22:56.597 [pool-1-thread-2] INFO  com.crawljax.core.Crawler - index has changed to: state160
18:22:56.597 [pool-1-thread-2] INFO  com.crawljax.core.Crawler - Did not add reload edge from state160 to state160
18:22:56.597 [pool-1-thread-2] INFO  c.crawljax.core.state.StateMachine - Cannot go to state: 'state27' from: 'state160'
18:22:56.597 [pool-1-thread-2] INFO  com.crawljax.core.Crawler - Not a valid path anymore state13: state139
18:22:56.597 [pool-1-thread-2] INFO  com.crawljax.core.Crawler - Tried to follow 
18:22:56.597 [pool-1-thread-2] INFO  com.crawljax.core.Crawler - state13_17_state27state27_18_state28state28_19_state29state29_59_state142state142_63_state86state86_47_state88state88_51_state91state91_55_state93state93_0_state94state94_56_state139
18:22:56.597 [pool-1-thread-2] INFO  com.crawljax.core.Crawler - Saving failed backtracking path to 139
18:22:56.597 [pool-1-thread-2] INFO  com.crawljax.core.Crawler - backtrack status: false, reached NearDuplicate : -1 
18:22:59.433 [pool-1-thread-2] INFO  com.crawljax.core.Crawler - index has changed to: state160
18:22:59.433 [pool-1-thread-2] INFO  com.crawljax.core.Crawler - Did not add reload edge from state160 to state160
18:22:59.433 [pool-1-thread-2] INFO  c.crawljax.core.state.StateMachine - Cannot go to state: 'state5' from: 'state160'
18:22:59.433 [pool-1-thread-2] INFO  com.crawljax.core.Crawler - Not a valid path anymore state43: state139
18:22:59.433 [pool-1-thread-2] INFO  com.crawljax.core.Crawler - Tried to follow 
18:22:59.433 [pool-1-thread-2] INFO  com.crawljax.core.Crawler - state43_37_state5state5_38_state80state80_39_state81state81_43_state84state84_44_state85state85_45_state86state86_47_state88state88_51_state91state91_55_state93state93_0_state94state94_56_state139
18:22:59.433 [pool-1-thread-2] INFO  com.crawljax.core.Crawler - Saving failed backtracking path to 139
18:22:59.433 [pool-1-thread-2] INFO  com.crawljax.core.Crawler - backtrack status: false, reached NearDuplicate : -1 
18:23:02.265 [pool-1-thread-2] INFO  com.crawljax.core.Crawler - index has changed to: state160
18:23:02.266 [pool-1-thread-2] INFO  com.crawljax.core.Crawler - Did not add reload edge from state160 to state160
18:23:02.266 [pool-1-thread-2] INFO  c.crawljax.core.state.StateMachine - Cannot go to state: 'state139' from: 'state160'
18:23:02.266 [pool-1-thread-2] INFO  com.crawljax.core.Crawler - Not a valid path anymore state94: state139
18:23:02.266 [pool-1-thread-2] INFO  com.crawljax.core.Crawler - Tried to follow 
18:23:02.266 [pool-1-thread-2] INFO  com.crawljax.core.Crawler - state94_56_state139
18:23:02.266 [pool-1-thread-2] INFO  com.crawljax.core.Crawler - Saving failed backtracking path to 139
18:23:02.266 [pool-1-thread-2] INFO  com.crawljax.core.Crawler - backtrack status: false, reached NearDuplicate : -1 
18:23:05.095 [pool-1-thread-2] INFO  com.crawljax.core.Crawler - index has changed to: state160
18:23:05.095 [pool-1-thread-2] INFO  com.crawljax.core.Crawler - Did not add reload edge from state160 to state160
18:23:05.095 [pool-1-thread-2] INFO  com.crawljax.core.Crawler - state139 no path from state160
18:23:05.095 [pool-1-thread-2] INFO  com.crawljax.core.Crawler - state unreachable: Removing from candidate actions state139
18:23:05.095 [pool-1-thread-2] INFO  c.c.core.UnfiredFragmentCandidates - Placing purged actions in unreachable cache for state139
18:23:05.095 [pool-1-thread-2] INFO  com.crawljax.core.Crawler - Resetting the crawler and Going to state state140
18:23:07.917 [pool-1-thread-2] INFO  com.crawljax.core.Crawler - index has changed to: state160
18:23:07.917 [pool-1-thread-2] INFO  com.crawljax.core.Crawler - Did not add reload edge from state160 to state160
18:23:07.917 [pool-1-thread-2] INFO  com.crawljax.core.Crawler - Initial state not the same as current state : Getting shortest path from current state
18:23:07.918 [pool-1-thread-2] INFO  com.crawljax.core.Crawler - state140 no path from state160
18:23:07.918 [pool-1-thread-2] INFO  c.crawljax.core.state.StateMachine - Cannot go to state: 'state1' from: 'state160'
18:23:07.918 [pool-1-thread-2] INFO  com.crawljax.core.Crawler - Not a valid path anymore index: state140
18:23:07.918 [pool-1-thread-2] INFO  com.crawljax.core.Crawler - Tried to follow 
18:23:07.918 [pool-1-thread-2] INFO  com.crawljax.core.Crawler - index_1_state1state1_4_state3state3_5_state4state4_23_state32state32_74_state153state153_77_state84state84_44_state85state85_45_state86state86_47_state88state88_51_state91state91_55_state93state93_0_state94state94_56_state139state139_57_state140
18:23:07.918 [pool-1-thread-2] INFO  com.crawljax.core.Crawler - Saving failed backtracking path to 140
18:23:07.918 [pool-1-thread-2] INFO  com.crawljax.core.Crawler - backtrack status: false, reached NearDuplicate : -1 
18:23:10.740 [pool-1-thread-2] INFO  com.crawljax.core.Crawler - index has changed to: state160
18:23:10.740 [pool-1-thread-2] INFO  com.crawljax.core.Crawler - Did not add reload edge from state160 to state160
18:23:10.740 [pool-1-thread-2] INFO  c.crawljax.core.state.StateMachine - Cannot go to state: 'state13' from: 'state160'
18:23:10.740 [pool-1-thread-2] INFO  com.crawljax.core.Crawler - Not a valid path anymore state12: state140
18:23:10.740 [pool-1-thread-2] INFO  com.crawljax.core.Crawler - Tried to follow 
18:23:10.740 [pool-1-thread-2] INFO  com.crawljax.core.Crawler - state12_0_state13state13_17_state27state27_18_state28state28_19_state29state29_59_state142state142_63_state86state86_47_state88state88_51_state91state91_55_state93state93_0_state94state94_56_state139state139_57_state140
18:23:10.740 [pool-1-thread-2] INFO  com.crawljax.core.Crawler - Saving failed backtracking path to 140
18:23:10.740 [pool-1-thread-2] INFO  com.crawljax.core.Crawler - backtrack status: false, reached NearDuplicate : -1 
18:23:13.550 [pool-1-thread-2] INFO  com.crawljax.core.Crawler - index has changed to: state160
18:23:13.550 [pool-1-thread-2] INFO  com.crawljax.core.Crawler - Did not add reload edge from state160 to state160
18:23:13.550 [pool-1-thread-2] INFO  c.crawljax.core.state.StateMachine - Cannot go to state: 'state27' from: 'state160'
18:23:13.550 [pool-1-thread-2] INFO  com.crawljax.core.Crawler - Not a valid path anymore state13: state140
18:23:13.550 [pool-1-thread-2] INFO  com.crawljax.core.Crawler - Tried to follow 
18:23:13.550 [pool-1-thread-2] INFO  com.crawljax.core.Crawler - state13_17_state27state27_18_state28state28_19_state29state29_59_state142state142_63_state86state86_47_state88state88_51_state91state91_55_state93state93_0_state94state94_56_state139state139_57_state140
18:23:13.550 [pool-1-thread-2] INFO  com.crawljax.core.Crawler - Saving failed backtracking path to 140
18:23:13.550 [pool-1-thread-2] INFO  com.crawljax.core.Crawler - backtrack status: false, reached NearDuplicate : -1 
18:23:16.366 [pool-1-thread-2] INFO  com.crawljax.core.Crawler - index has changed to: state160
18:23:16.366 [pool-1-thread-2] INFO  com.crawljax.core.Crawler - Did not add reload edge from state160 to state160
18:23:16.366 [pool-1-thread-2] INFO  c.crawljax.core.state.StateMachine - Cannot go to state: 'state5' from: 'state160'
18:23:16.367 [pool-1-thread-2] INFO  com.crawljax.core.Crawler - Not a valid path anymore state43: state140
18:23:16.367 [pool-1-thread-2] INFO  com.crawljax.core.Crawler - Tried to follow 
18:23:16.367 [pool-1-thread-2] INFO  com.crawljax.core.Crawler - state43_37_state5state5_38_state80state80_39_state81state81_43_state84state84_44_state85state85_45_state86state86_47_state88state88_51_state91state91_55_state93state93_0_state94state94_56_state139state139_57_state140
18:23:16.367 [pool-1-thread-2] INFO  com.crawljax.core.Crawler - Saving failed backtracking path to 140
18:23:16.367 [pool-1-thread-2] INFO  com.crawljax.core.Crawler - backtrack status: false, reached NearDuplicate : -1 
18:23:19.190 [pool-1-thread-2] INFO  com.crawljax.core.Crawler - index has changed to: state160
18:23:19.190 [pool-1-thread-2] INFO  com.crawljax.core.Crawler - Did not add reload edge from state160 to state160
18:23:19.190 [pool-1-thread-2] INFO  c.crawljax.core.state.StateMachine - Cannot go to state: 'state139' from: 'state160'
18:23:19.190 [pool-1-thread-2] INFO  com.crawljax.core.Crawler - Not a valid path anymore state94: state140
18:23:19.190 [pool-1-thread-2] INFO  com.crawljax.core.Crawler - Tried to follow 
18:23:19.190 [pool-1-thread-2] INFO  com.crawljax.core.Crawler - state94_56_state139state139_57_state140
18:23:19.190 [pool-1-thread-2] INFO  com.crawljax.core.Crawler - Saving failed backtracking path to 140
18:23:19.190 [pool-1-thread-2] INFO  com.crawljax.core.Crawler - backtrack status: false, reached NearDuplicate : -1 
18:23:22.018 [pool-1-thread-2] INFO  com.crawljax.core.Crawler - index has changed to: state160
18:23:22.018 [pool-1-thread-2] INFO  com.crawljax.core.Crawler - Did not add reload edge from state160 to state160
18:23:22.018 [pool-1-thread-2] INFO  com.crawljax.core.Crawler - state140 no path from state160
18:23:22.018 [pool-1-thread-2] INFO  com.crawljax.core.Crawler - state unreachable: Removing from candidate actions state140
18:23:22.018 [pool-1-thread-2] INFO  c.c.core.UnfiredFragmentCandidates - Placing purged actions in unreachable cache for state140
18:23:22.018 [pool-1-thread-2] INFO  com.crawljax.core.Crawler - Resetting the crawler and Going to state state29
18:23:24.829 [pool-1-thread-2] INFO  com.crawljax.core.Crawler - index has changed to: state160
18:23:24.829 [pool-1-thread-2] INFO  com.crawljax.core.Crawler - Did not add reload edge from state160 to state160
18:23:24.829 [pool-1-thread-2] INFO  com.crawljax.core.Crawler - Initial state not the same as current state : Getting shortest path from current state
18:23:24.829 [pool-1-thread-2] INFO  com.crawljax.core.Crawler - state29 no path from state160
18:23:24.830 [pool-1-thread-2] INFO  c.crawljax.core.state.StateMachine - Cannot go to state: 'state1' from: 'state160'
18:23:24.830 [pool-1-thread-2] INFO  com.crawljax.core.Crawler - Not a valid path anymore index: state29
18:23:24.830 [pool-1-thread-2] INFO  com.crawljax.core.Crawler - Tried to follow 
18:23:24.830 [pool-1-thread-2] INFO  com.crawljax.core.Crawler - index_1_state1state1_4_state3state3_5_state4state4_10_state8state8_15_state11state11_0_state12state12_0_state13state13_17_state27state27_18_state28state28_19_state29
18:23:24.830 [pool-1-thread-2] INFO  com.crawljax.core.Crawler - Saving failed backtracking path to 29
18:23:24.830 [pool-1-thread-2] INFO  com.crawljax.core.Crawler - backtrack status: false, reached NearDuplicate : -1 
18:23:27.638 [pool-1-thread-2] INFO  com.crawljax.core.Crawler - index has changed to: state160
18:23:27.638 [pool-1-thread-2] INFO  com.crawljax.core.Crawler - Did not add reload edge from state160 to state160
18:23:27.638 [pool-1-thread-2] INFO  c.crawljax.core.state.StateMachine - Cannot go to state: 'state13' from: 'state160'
18:23:27.638 [pool-1-thread-2] INFO  com.crawljax.core.Crawler - Not a valid path anymore state12: state29
18:23:27.639 [pool-1-thread-2] INFO  com.crawljax.core.Crawler - Tried to follow 
18:23:27.639 [pool-1-thread-2] INFO  com.crawljax.core.Crawler - state12_0_state13state13_17_state27state27_18_state28state28_19_state29
18:23:27.639 [pool-1-thread-2] INFO  com.crawljax.core.Crawler - Saving failed backtracking path to 29
18:23:27.639 [pool-1-thread-2] INFO  com.crawljax.core.Crawler - backtrack status: false, reached NearDuplicate : -1 
18:23:30.486 [pool-1-thread-2] INFO  com.crawljax.core.Crawler - index has changed to: state160
18:23:30.486 [pool-1-thread-2] INFO  com.crawljax.core.Crawler - Did not add reload edge from state160 to state160
18:23:30.486 [pool-1-thread-2] INFO  c.crawljax.core.state.StateMachine - Cannot go to state: 'state27' from: 'state160'
18:23:30.487 [pool-1-thread-2] INFO  com.crawljax.core.Crawler - Not a valid path anymore state13: state29
18:23:30.487 [pool-1-thread-2] INFO  com.crawljax.core.Crawler - Tried to follow 
18:23:30.487 [pool-1-thread-2] INFO  com.crawljax.core.Crawler - state13_17_state27state27_18_state28state28_19_state29
18:23:30.487 [pool-1-thread-2] INFO  com.crawljax.core.Crawler - Saving failed backtracking path to 29
18:23:30.487 [pool-1-thread-2] INFO  com.crawljax.core.Crawler - backtrack status: false, reached NearDuplicate : -1 
18:23:33.336 [pool-1-thread-2] INFO  com.crawljax.core.Crawler - index has changed to: state160
18:23:33.336 [pool-1-thread-2] INFO  com.crawljax.core.Crawler - Did not add reload edge from state160 to state160
18:23:33.336 [pool-1-thread-2] INFO  c.crawljax.core.state.StateMachine - Cannot go to state: 'state5' from: 'state160'
18:23:33.336 [pool-1-thread-2] INFO  com.crawljax.core.Crawler - Not a valid path anymore state43: state29
18:23:33.336 [pool-1-thread-2] INFO  com.crawljax.core.Crawler - Tried to follow 
18:23:33.336 [pool-1-thread-2] INFO  com.crawljax.core.Crawler - state43_37_state5state5_7_state4state4_10_state8state8_15_state11state11_0_state12state12_0_state13state13_17_state27state27_18_state28state28_19_state29
18:23:33.336 [pool-1-thread-2] INFO  com.crawljax.core.Crawler - Saving failed backtracking path to 29
18:23:33.336 [pool-1-thread-2] INFO  com.crawljax.core.Crawler - backtrack status: false, reached NearDuplicate : -1 
18:23:36.146 [pool-1-thread-2] INFO  com.crawljax.core.Crawler - index has changed to: state160
18:23:36.146 [pool-1-thread-2] INFO  com.crawljax.core.Crawler - Did not add reload edge from state160 to state160
18:23:36.146 [pool-1-thread-2] INFO  c.crawljax.core.state.StateMachine - Cannot go to state: 'state139' from: 'state160'
18:23:36.146 [pool-1-thread-2] INFO  com.crawljax.core.Crawler - Not a valid path anymore state94: state29
18:23:36.146 [pool-1-thread-2] INFO  com.crawljax.core.Crawler - Tried to follow 
18:23:36.146 [pool-1-thread-2] INFO  com.crawljax.core.Crawler - state94_56_state139state139_57_state140state140_58_state29
18:23:36.146 [pool-1-thread-2] INFO  com.crawljax.core.Crawler - Saving failed backtracking path to 29
18:23:36.146 [pool-1-thread-2] INFO  com.crawljax.core.Crawler - backtrack status: false, reached NearDuplicate : -1 
18:23:38.981 [pool-1-thread-2] INFO  com.crawljax.core.Crawler - index has changed to: state160
18:23:38.981 [pool-1-thread-2] INFO  com.crawljax.core.Crawler - Did not add reload edge from state160 to state160
18:23:38.981 [pool-1-thread-2] INFO  com.crawljax.core.Crawler - state29 no path from state160
18:23:38.981 [pool-1-thread-2] INFO  com.crawljax.core.Crawler - state unreachable: Removing from candidate actions state29
18:23:38.982 [pool-1-thread-2] INFO  c.c.core.UnfiredFragmentCandidates - Placing purged actions in unreachable cache for state29
18:23:38.982 [pool-1-thread-2] INFO  com.crawljax.core.Crawler - Resetting the crawler and Going to state state142
18:23:41.787 [pool-1-thread-2] INFO  com.crawljax.core.Crawler - index has changed to: state160
18:23:41.788 [pool-1-thread-2] INFO  com.crawljax.core.Crawler - Did not add reload edge from state160 to state160
18:23:41.788 [pool-1-thread-2] INFO  com.crawljax.core.Crawler - Initial state not the same as current state : Getting shortest path from current state
18:23:41.788 [pool-1-thread-2] INFO  com.crawljax.core.Crawler - state142 no path from state160
18:23:41.788 [pool-1-thread-2] INFO  c.crawljax.core.state.StateMachine - Cannot go to state: 'state1' from: 'state160'
18:23:41.788 [pool-1-thread-2] INFO  com.crawljax.core.Crawler - Not a valid path anymore index: state142
18:23:41.788 [pool-1-thread-2] INFO  com.crawljax.core.Crawler - Tried to follow 
18:23:41.788 [pool-1-thread-2] INFO  com.crawljax.core.Crawler - index_1_state1state1_4_state3state3_5_state4state4_10_state8state8_15_state11state11_0_state12state12_0_state13state13_17_state27state27_18_state28state28_19_state29state29_59_state142
18:23:41.788 [pool-1-thread-2] INFO  com.crawljax.core.Crawler - Saving failed backtracking path to 142
18:23:41.788 [pool-1-thread-2] INFO  com.crawljax.core.Crawler - backtrack status: false, reached NearDuplicate : -1 
18:23:44.611 [pool-1-thread-2] INFO  com.crawljax.core.Crawler - index has changed to: state160
18:23:44.611 [pool-1-thread-2] INFO  com.crawljax.core.Crawler - Did not add reload edge from state160 to state160
18:23:44.611 [pool-1-thread-2] INFO  c.crawljax.core.state.StateMachine - Cannot go to state: 'state13' from: 'state160'
18:23:44.611 [pool-1-thread-2] INFO  com.crawljax.core.Crawler - Not a valid path anymore state12: state142
18:23:44.611 [pool-1-thread-2] INFO  com.crawljax.core.Crawler - Tried to follow 
18:23:44.611 [pool-1-thread-2] INFO  com.crawljax.core.Crawler - state12_0_state13state13_17_state27state27_18_state28state28_19_state29state29_59_state142
18:23:44.611 [pool-1-thread-2] INFO  com.crawljax.core.Crawler - Saving failed backtracking path to 142
18:23:44.611 [pool-1-thread-2] INFO  com.crawljax.core.Crawler - backtrack status: false, reached NearDuplicate : -1 
18:23:47.441 [pool-1-thread-2] INFO  com.crawljax.core.Crawler - index has changed to: state160
18:23:47.441 [pool-1-thread-2] INFO  com.crawljax.core.Crawler - Did not add reload edge from state160 to state160
18:23:47.441 [pool-1-thread-2] INFO  c.crawljax.core.state.StateMachine - Cannot go to state: 'state27' from: 'state160'
18:23:47.442 [pool-1-thread-2] INFO  com.crawljax.core.Crawler - Not a valid path anymore state13: state142
18:23:47.442 [pool-1-thread-2] INFO  com.crawljax.core.Crawler - Tried to follow 
18:23:47.442 [pool-1-thread-2] INFO  com.crawljax.core.Crawler - state13_17_state27state27_18_state28state28_19_state29state29_59_state142
18:23:47.442 [pool-1-thread-2] INFO  com.crawljax.core.Crawler - Saving failed backtracking path to 142
18:23:47.442 [pool-1-thread-2] INFO  com.crawljax.core.Crawler - backtrack status: false, reached NearDuplicate : -1 
18:23:50.266 [pool-1-thread-2] INFO  com.crawljax.core.Crawler - index has changed to: state160
18:23:50.267 [pool-1-thread-2] INFO  com.crawljax.core.Crawler - Did not add reload edge from state160 to state160
18:23:50.267 [pool-1-thread-2] INFO  c.crawljax.core.state.StateMachine - Cannot go to state: 'state5' from: 'state160'
18:23:50.267 [pool-1-thread-2] INFO  com.crawljax.core.Crawler - Not a valid path anymore state43: state142
18:23:50.267 [pool-1-thread-2] INFO  com.crawljax.core.Crawler - Tried to follow 
18:23:50.267 [pool-1-thread-2] INFO  com.crawljax.core.Crawler - state43_37_state5state5_7_state4state4_10_state8state8_15_state11state11_0_state12state12_0_state13state13_17_state27state27_18_state28state28_19_state29state29_59_state142
18:23:50.267 [pool-1-thread-2] INFO  com.crawljax.core.Crawler - Saving failed backtracking path to 142
18:23:50.267 [pool-1-thread-2] INFO  com.crawljax.core.Crawler - backtrack status: false, reached NearDuplicate : -1 
18:23:53.097 [pool-1-thread-2] INFO  com.crawljax.core.Crawler - index has changed to: state160
18:23:53.097 [pool-1-thread-2] INFO  com.crawljax.core.Crawler - Did not add reload edge from state160 to state160
18:23:53.097 [pool-1-thread-2] INFO  c.crawljax.core.state.StateMachine - Cannot go to state: 'state139' from: 'state160'
18:23:53.097 [pool-1-thread-2] INFO  com.crawljax.core.Crawler - Not a valid path anymore state94: state142
18:23:53.097 [pool-1-thread-2] INFO  com.crawljax.core.Crawler - Tried to follow 
18:23:53.097 [pool-1-thread-2] INFO  com.crawljax.core.Crawler - state94_56_state139state139_57_state140state140_58_state29state29_59_state142
18:23:53.097 [pool-1-thread-2] INFO  com.crawljax.core.Crawler - Saving failed backtracking path to 142
18:23:53.097 [pool-1-thread-2] INFO  com.crawljax.core.Crawler - backtrack status: false, reached NearDuplicate : -1 
18:23:55.909 [pool-1-thread-2] INFO  com.crawljax.core.Crawler - index has changed to: state160
18:23:55.910 [pool-1-thread-2] INFO  com.crawljax.core.Crawler - Did not add reload edge from state160 to state160
18:23:55.910 [pool-1-thread-2] INFO  com.crawljax.core.Crawler - state142 no path from state160
18:23:55.910 [pool-1-thread-2] INFO  com.crawljax.core.Crawler - state unreachable: Removing from candidate actions state142
18:23:55.910 [pool-1-thread-2] INFO  c.c.core.UnfiredFragmentCandidates - Placing purged actions in unreachable cache for state142
18:23:55.910 [pool-1-thread-2] INFO  com.crawljax.core.Crawler - Resetting the crawler and Going to state state86
18:23:58.731 [pool-1-thread-2] INFO  com.crawljax.core.Crawler - index has changed to: state160
18:23:58.731 [pool-1-thread-2] INFO  com.crawljax.core.Crawler - Did not add reload edge from state160 to state160
18:23:58.731 [pool-1-thread-2] INFO  com.crawljax.core.Crawler - Initial state not the same as current state : Getting shortest path from current state
18:23:58.731 [pool-1-thread-2] INFO  com.crawljax.core.Crawler - state86 no path from state160
18:23:58.731 [pool-1-thread-2] INFO  c.crawljax.core.state.StateMachine - Cannot go to state: 'state1' from: 'state160'
18:23:58.731 [pool-1-thread-2] INFO  com.crawljax.core.Crawler - Not a valid path anymore index: state86
18:23:58.731 [pool-1-thread-2] INFO  com.crawljax.core.Crawler - Tried to follow 
18:23:58.731 [pool-1-thread-2] INFO  com.crawljax.core.Crawler - index_1_state1state1_4_state3state3_5_state4state4_23_state32state32_74_state153state153_77_state84state84_44_state85state85_45_state86
18:23:58.731 [pool-1-thread-2] INFO  com.crawljax.core.Crawler - Saving failed backtracking path to 86
18:23:58.731 [pool-1-thread-2] INFO  com.crawljax.core.Crawler - backtrack status: false, reached NearDuplicate : -1 
18:24:01.645 [pool-1-thread-2] INFO  com.crawljax.core.Crawler - index has changed to: state160
18:24:01.646 [pool-1-thread-2] INFO  com.crawljax.core.Crawler - Did not add reload edge from state160 to state160
18:24:01.646 [pool-1-thread-2] INFO  c.crawljax.core.state.StateMachine - Cannot go to state: 'state13' from: 'state160'
18:24:01.646 [pool-1-thread-2] INFO  com.crawljax.core.Crawler - Not a valid path anymore state12: state86
18:24:01.646 [pool-1-thread-2] INFO  com.crawljax.core.Crawler - Tried to follow 
18:24:01.646 [pool-1-thread-2] INFO  com.crawljax.core.Crawler - state12_0_state13state13_17_state27state27_18_state28state28_19_state29state29_59_state142state142_63_state86
18:24:01.646 [pool-1-thread-2] INFO  com.crawljax.core.Crawler - Saving failed backtracking path to 86
18:24:01.646 [pool-1-thread-2] INFO  com.crawljax.core.Crawler - backtrack status: false, reached NearDuplicate : -1 
18:24:04.480 [pool-1-thread-2] INFO  com.crawljax.core.Crawler - index has changed to: state160
18:24:04.480 [pool-1-thread-2] INFO  com.crawljax.core.Crawler - Did not add reload edge from state160 to state160
18:24:04.480 [pool-1-thread-2] INFO  c.crawljax.core.state.StateMachine - Cannot go to state: 'state27' from: 'state160'
18:24:04.480 [pool-1-thread-2] INFO  com.crawljax.core.Crawler - Not a valid path anymore state13: state86
18:24:04.480 [pool-1-thread-2] INFO  com.crawljax.core.Crawler - Tried to follow 
18:24:04.480 [pool-1-thread-2] INFO  com.crawljax.core.Crawler - state13_17_state27state27_18_state28state28_19_state29state29_59_state142state142_63_state86
18:24:04.480 [pool-1-thread-2] INFO  com.crawljax.core.Crawler - Saving failed backtracking path to 86
18:24:04.480 [pool-1-thread-2] INFO  com.crawljax.core.Crawler - backtrack status: false, reached NearDuplicate : -1 
18:24:07.300 [pool-1-thread-2] INFO  com.crawljax.core.Crawler - index has changed to: state160
18:24:07.300 [pool-1-thread-2] INFO  com.crawljax.core.Crawler - Did not add reload edge from state160 to state160
18:24:07.300 [pool-1-thread-2] INFO  c.crawljax.core.state.StateMachine - Cannot go to state: 'state5' from: 'state160'
18:24:07.300 [pool-1-thread-2] INFO  com.crawljax.core.Crawler - Not a valid path anymore state43: state86
18:24:07.300 [pool-1-thread-2] INFO  com.crawljax.core.Crawler - Tried to follow 
18:24:07.300 [pool-1-thread-2] INFO  com.crawljax.core.Crawler - state43_37_state5state5_38_state80state80_39_state81state81_43_state84state84_44_state85state85_45_state86
18:24:07.300 [pool-1-thread-2] INFO  com.crawljax.core.Crawler - Saving failed backtracking path to 86
18:24:07.300 [pool-1-thread-2] INFO  com.crawljax.core.Crawler - backtrack status: false, reached NearDuplicate : -1 
18:24:10.114 [pool-1-thread-2] INFO  com.crawljax.core.Crawler - index has changed to: state160
18:24:10.115 [pool-1-thread-2] INFO  com.crawljax.core.Crawler - Did not add reload edge from state160 to state160
18:24:10.115 [pool-1-thread-2] INFO  c.crawljax.core.state.StateMachine - Cannot go to state: 'state139' from: 'state160'
18:24:10.115 [pool-1-thread-2] INFO  com.crawljax.core.Crawler - Not a valid path anymore state94: state86
18:24:10.115 [pool-1-thread-2] INFO  com.crawljax.core.Crawler - Tried to follow 
18:24:10.115 [pool-1-thread-2] INFO  com.crawljax.core.Crawler - state94_56_state139state139_57_state140state140_58_state29state29_59_state142state142_63_state86
18:24:10.115 [pool-1-thread-2] INFO  com.crawljax.core.Crawler - Saving failed backtracking path to 86
18:24:10.115 [pool-1-thread-2] INFO  com.crawljax.core.Crawler - backtrack status: false, reached NearDuplicate : -1 
18:24:12.959 [pool-1-thread-2] INFO  com.crawljax.core.Crawler - index has changed to: state160
18:24:12.960 [pool-1-thread-2] INFO  com.crawljax.core.Crawler - Did not add reload edge from state160 to state160
18:24:12.960 [pool-1-thread-2] INFO  com.crawljax.core.Crawler - state86 no path from state160
18:24:12.960 [pool-1-thread-2] INFO  com.crawljax.core.Crawler - state unreachable: Removing from candidate actions state86
18:24:12.960 [pool-1-thread-2] INFO  c.c.core.UnfiredFragmentCandidates - Placing purged actions in unreachable cache for state86
18:24:12.960 [pool-1-thread-2] INFO  com.crawljax.core.Crawler - Resetting the crawler and Going to state state146
18:24:15.776 [pool-1-thread-2] INFO  com.crawljax.core.Crawler - index has changed to: state160
18:24:15.776 [pool-1-thread-2] INFO  com.crawljax.core.Crawler - Did not add reload edge from state160 to state160
18:24:15.776 [pool-1-thread-2] INFO  com.crawljax.core.Crawler - Initial state not the same as current state : Getting shortest path from current state
18:24:15.776 [pool-1-thread-2] INFO  com.crawljax.core.Crawler - state146 no path from state160
18:24:15.776 [pool-1-thread-2] INFO  c.crawljax.core.state.StateMachine - Cannot go to state: 'state1' from: 'state160'
18:24:15.776 [pool-1-thread-2] INFO  com.crawljax.core.Crawler - Not a valid path anymore index: state146
18:24:15.776 [pool-1-thread-2] INFO  com.crawljax.core.Crawler - Tried to follow 
18:24:15.776 [pool-1-thread-2] INFO  com.crawljax.core.Crawler - index_1_state1state1_4_state3state3_5_state4state4_23_state32state32_74_state153state153_77_state84state84_44_state85state85_45_state86state86_64_state146
18:24:15.776 [pool-1-thread-2] INFO  com.crawljax.core.Crawler - Saving failed backtracking path to 146
18:24:15.776 [pool-1-thread-2] INFO  com.crawljax.core.Crawler - backtrack status: false, reached NearDuplicate : -1 
18:24:18.598 [pool-1-thread-2] INFO  com.crawljax.core.Crawler - index has changed to: state160
18:24:18.598 [pool-1-thread-2] INFO  com.crawljax.core.Crawler - Did not add reload edge from state160 to state160
18:24:18.598 [pool-1-thread-2] INFO  c.crawljax.core.state.StateMachine - Cannot go to state: 'state13' from: 'state160'
18:24:18.598 [pool-1-thread-2] INFO  com.crawljax.core.Crawler - Not a valid path anymore state12: state146
18:24:18.598 [pool-1-thread-2] INFO  com.crawljax.core.Crawler - Tried to follow 
18:24:18.598 [pool-1-thread-2] INFO  com.crawljax.core.Crawler - state12_0_state13state13_17_state27state27_18_state28state28_19_state29state29_59_state142state142_63_state86state86_64_state146
18:24:18.598 [pool-1-thread-2] INFO  com.crawljax.core.Crawler - Saving failed backtracking path to 146
18:24:18.598 [pool-1-thread-2] INFO  com.crawljax.core.Crawler - backtrack status: false, reached NearDuplicate : -1 
18:24:21.439 [pool-1-thread-2] INFO  com.crawljax.core.Crawler - index has changed to: state160
18:24:21.439 [pool-1-thread-2] INFO  com.crawljax.core.Crawler - Did not add reload edge from state160 to state160
18:24:21.439 [pool-1-thread-2] INFO  c.crawljax.core.state.StateMachine - Cannot go to state: 'state27' from: 'state160'
18:24:21.439 [pool-1-thread-2] INFO  com.crawljax.core.Crawler - Not a valid path anymore state13: state146
18:24:21.439 [pool-1-thread-2] INFO  com.crawljax.core.Crawler - Tried to follow 
18:24:21.439 [pool-1-thread-2] INFO  com.crawljax.core.Crawler - state13_17_state27state27_18_state28state28_19_state29state29_59_state142state142_63_state86state86_64_state146
18:24:21.439 [pool-1-thread-2] INFO  com.crawljax.core.Crawler - Saving failed backtracking path to 146
18:24:21.439 [pool-1-thread-2] INFO  com.crawljax.core.Crawler - backtrack status: false, reached NearDuplicate : -1 
18:24:24.257 [pool-1-thread-2] INFO  com.crawljax.core.Crawler - index has changed to: state160
18:24:24.257 [pool-1-thread-2] INFO  com.crawljax.core.Crawler - Did not add reload edge from state160 to state160
18:24:24.257 [pool-1-thread-2] INFO  c.crawljax.core.state.StateMachine - Cannot go to state: 'state5' from: 'state160'
18:24:24.257 [pool-1-thread-2] INFO  com.crawljax.core.Crawler - Not a valid path anymore state43: state146
18:24:24.257 [pool-1-thread-2] INFO  com.crawljax.core.Crawler - Tried to follow 
18:24:24.257 [pool-1-thread-2] INFO  com.crawljax.core.Crawler - state43_37_state5state5_38_state80state80_39_state81state81_43_state84state84_44_state85state85_45_state86state86_64_state146
18:24:24.257 [pool-1-thread-2] INFO  com.crawljax.core.Crawler - Saving failed backtracking path to 146
18:24:24.257 [pool-1-thread-2] INFO  com.crawljax.core.Crawler - backtrack status: false, reached NearDuplicate : -1 
18:24:27.079 [pool-1-thread-2] INFO  com.crawljax.core.Crawler - index has changed to: state160
18:24:27.079 [pool-1-thread-2] INFO  com.crawljax.core.Crawler - Did not add reload edge from state160 to state160
18:24:27.080 [pool-1-thread-2] INFO  c.crawljax.core.state.StateMachine - Cannot go to state: 'state139' from: 'state160'
18:24:27.080 [pool-1-thread-2] INFO  com.crawljax.core.Crawler - Not a valid path anymore state94: state146
18:24:27.080 [pool-1-thread-2] INFO  com.crawljax.core.Crawler - Tried to follow 
18:24:27.080 [pool-1-thread-2] INFO  com.crawljax.core.Crawler - state94_56_state139state139_57_state140state140_58_state29state29_59_state142state142_63_state86state86_64_state146
18:24:27.080 [pool-1-thread-2] INFO  com.crawljax.core.Crawler - Saving failed backtracking path to 146
18:24:27.080 [pool-1-thread-2] INFO  com.crawljax.core.Crawler - backtrack status: false, reached NearDuplicate : -1 
18:24:29.904 [pool-1-thread-2] INFO  com.crawljax.core.Crawler - index has changed to: state160
18:24:29.904 [pool-1-thread-2] INFO  com.crawljax.core.Crawler - Did not add reload edge from state160 to state160
18:24:29.904 [pool-1-thread-2] INFO  com.crawljax.core.Crawler - state146 no path from state160
18:24:29.904 [pool-1-thread-2] INFO  com.crawljax.core.Crawler - state unreachable: Removing from candidate actions state146
18:24:29.904 [pool-1-thread-2] INFO  c.c.core.UnfiredFragmentCandidates - Placing purged actions in unreachable cache for state146
18:24:29.904 [pool-1-thread-2] INFO  com.crawljax.core.Crawler - Resetting the crawler and Going to state state147
18:24:32.732 [pool-1-thread-2] INFO  com.crawljax.core.Crawler - index has changed to: state160
18:24:32.732 [pool-1-thread-2] INFO  com.crawljax.core.Crawler - Did not add reload edge from state160 to state160
18:24:32.732 [pool-1-thread-2] INFO  com.crawljax.core.Crawler - Initial state not the same as current state : Getting shortest path from current state
18:24:32.732 [pool-1-thread-2] INFO  com.crawljax.core.Crawler - state147 no path from state160
18:24:32.732 [pool-1-thread-2] INFO  c.crawljax.core.state.StateMachine - Cannot go to state: 'state1' from: 'state160'
18:24:32.732 [pool-1-thread-2] INFO  com.crawljax.core.Crawler - Not a valid path anymore index: state147
18:24:32.732 [pool-1-thread-2] INFO  com.crawljax.core.Crawler - Tried to follow 
18:24:32.732 [pool-1-thread-2] INFO  com.crawljax.core.Crawler - index_1_state1state1_4_state3state3_5_state4state4_23_state32state32_74_state153state153_77_state84state84_44_state85state85_45_state86state86_64_state146state146_66_state147
18:24:32.732 [pool-1-thread-2] INFO  com.crawljax.core.Crawler - Saving failed backtracking path to 147
18:24:32.732 [pool-1-thread-2] INFO  com.crawljax.core.Crawler - backtrack status: false, reached NearDuplicate : -1 
18:24:35.551 [pool-1-thread-2] INFO  com.crawljax.core.Crawler - index has changed to: state160
18:24:35.551 [pool-1-thread-2] INFO  com.crawljax.core.Crawler - Did not add reload edge from state160 to state160
18:24:35.551 [pool-1-thread-2] INFO  c.crawljax.core.state.StateMachine - Cannot go to state: 'state13' from: 'state160'
18:24:35.551 [pool-1-thread-2] INFO  com.crawljax.core.Crawler - Not a valid path anymore state12: state147
18:24:35.551 [pool-1-thread-2] INFO  com.crawljax.core.Crawler - Tried to follow 
18:24:35.551 [pool-1-thread-2] INFO  com.crawljax.core.Crawler - state12_0_state13state13_17_state27state27_18_state28state28_19_state29state29_59_state142state142_63_state86state86_64_state146state146_66_state147
18:24:35.551 [pool-1-thread-2] INFO  com.crawljax.core.Crawler - Saving failed backtracking path to 147
18:24:35.551 [pool-1-thread-2] INFO  com.crawljax.core.Crawler - backtrack status: false, reached NearDuplicate : -1 
18:24:38.383 [pool-1-thread-2] INFO  com.crawljax.core.Crawler - index has changed to: state160
18:24:38.384 [pool-1-thread-2] INFO  com.crawljax.core.Crawler - Did not add reload edge from state160 to state160
18:24:38.384 [pool-1-thread-2] INFO  c.crawljax.core.state.StateMachine - Cannot go to state: 'state27' from: 'state160'
18:24:38.384 [pool-1-thread-2] INFO  com.crawljax.core.Crawler - Not a valid path anymore state13: state147
18:24:38.384 [pool-1-thread-2] INFO  com.crawljax.core.Crawler - Tried to follow 
18:24:38.384 [pool-1-thread-2] INFO  com.crawljax.core.Crawler - state13_17_state27state27_18_state28state28_19_state29state29_59_state142state142_63_state86state86_64_state146state146_66_state147
18:24:38.384 [pool-1-thread-2] INFO  com.crawljax.core.Crawler - Saving failed backtracking path to 147
18:24:38.384 [pool-1-thread-2] INFO  com.crawljax.core.Crawler - backtrack status: false, reached NearDuplicate : -1 
18:24:41.204 [pool-1-thread-2] INFO  com.crawljax.core.Crawler - index has changed to: state160
18:24:41.204 [pool-1-thread-2] INFO  com.crawljax.core.Crawler - Did not add reload edge from state160 to state160
18:24:41.204 [pool-1-thread-2] INFO  c.crawljax.core.state.StateMachine - Cannot go to state: 'state5' from: 'state160'
18:24:41.204 [pool-1-thread-2] INFO  com.crawljax.core.Crawler - Not a valid path anymore state43: state147
18:24:41.204 [pool-1-thread-2] INFO  com.crawljax.core.Crawler - Tried to follow 
18:24:41.204 [pool-1-thread-2] INFO  com.crawljax.core.Crawler - state43_37_state5state5_38_state80state80_39_state81state81_43_state84state84_44_state85state85_45_state86state86_64_state146state146_66_state147
18:24:41.204 [pool-1-thread-2] INFO  com.crawljax.core.Crawler - Saving failed backtracking path to 147
18:24:41.204 [pool-1-thread-2] INFO  com.crawljax.core.Crawler - backtrack status: false, reached NearDuplicate : -1 
18:24:44.026 [pool-1-thread-2] INFO  com.crawljax.core.Crawler - index has changed to: state160
18:24:44.026 [pool-1-thread-2] INFO  com.crawljax.core.Crawler - Did not add reload edge from state160 to state160
18:24:44.026 [pool-1-thread-2] INFO  c.crawljax.core.state.StateMachine - Cannot go to state: 'state139' from: 'state160'
18:24:44.026 [pool-1-thread-2] INFO  com.crawljax.core.Crawler - Not a valid path anymore state94: state147
18:24:44.027 [pool-1-thread-2] INFO  com.crawljax.core.Crawler - Tried to follow 
18:24:44.027 [pool-1-thread-2] INFO  com.crawljax.core.Crawler - state94_56_state139state139_57_state140state140_58_state29state29_59_state142state142_63_state86state86_64_state146state146_66_state147
18:24:44.027 [pool-1-thread-2] INFO  com.crawljax.core.Crawler - Saving failed backtracking path to 147
18:24:44.027 [pool-1-thread-2] INFO  com.crawljax.core.Crawler - backtrack status: false, reached NearDuplicate : -1 
18:24:46.859 [pool-1-thread-2] INFO  com.crawljax.core.Crawler - index has changed to: state160
18:24:46.859 [pool-1-thread-2] INFO  com.crawljax.core.Crawler - Did not add reload edge from state160 to state160
18:24:46.859 [pool-1-thread-2] INFO  com.crawljax.core.Crawler - state147 no path from state160
18:24:46.859 [pool-1-thread-2] INFO  com.crawljax.core.Crawler - state unreachable: Removing from candidate actions state147
18:24:46.859 [pool-1-thread-2] INFO  c.c.core.UnfiredFragmentCandidates - Placing purged actions in unreachable cache for state147
18:24:46.859 [pool-1-thread-2] INFO  com.crawljax.core.Crawler - Resetting the crawler and Going to state state32
18:24:49.691 [pool-1-thread-2] INFO  com.crawljax.core.Crawler - index has changed to: state160
18:24:49.691 [pool-1-thread-2] INFO  com.crawljax.core.Crawler - Did not add reload edge from state160 to state160
18:24:49.691 [pool-1-thread-2] INFO  com.crawljax.core.Crawler - Initial state not the same as current state : Getting shortest path from current state
18:24:49.691 [pool-1-thread-2] INFO  com.crawljax.core.Crawler - state32 no path from state160
18:24:49.691 [pool-1-thread-2] INFO  c.crawljax.core.state.StateMachine - Cannot go to state: 'state1' from: 'state160'
18:24:49.691 [pool-1-thread-2] INFO  com.crawljax.core.Crawler - Not a valid path anymore index: state32
18:24:49.691 [pool-1-thread-2] INFO  com.crawljax.core.Crawler - Tried to follow 
18:24:49.691 [pool-1-thread-2] INFO  com.crawljax.core.Crawler - index_1_state1state1_4_state3state3_5_state4state4_23_state32
18:24:49.691 [pool-1-thread-2] INFO  com.crawljax.core.Crawler - Saving failed backtracking path to 32
18:24:49.691 [pool-1-thread-2] INFO  com.crawljax.core.Crawler - backtrack status: false, reached NearDuplicate : -1 
18:24:52.512 [pool-1-thread-2] INFO  com.crawljax.core.Crawler - index has changed to: state160
18:24:52.512 [pool-1-thread-2] INFO  com.crawljax.core.Crawler - Did not add reload edge from state160 to state160
18:24:52.512 [pool-1-thread-2] INFO  c.crawljax.core.state.StateMachine - Cannot go to state: 'state13' from: 'state160'
18:24:52.513 [pool-1-thread-2] INFO  com.crawljax.core.Crawler - Not a valid path anymore state12: state32
18:24:52.513 [pool-1-thread-2] INFO  com.crawljax.core.Crawler - Tried to follow 
18:24:52.513 [pool-1-thread-2] INFO  com.crawljax.core.Crawler - state12_0_state13state13_17_state27state27_18_state28state28_19_state29state29_21_state4state4_23_state32
18:24:52.513 [pool-1-thread-2] INFO  com.crawljax.core.Crawler - Saving failed backtracking path to 32
18:24:52.513 [pool-1-thread-2] INFO  com.crawljax.core.Crawler - backtrack status: false, reached NearDuplicate : -1 
18:24:55.331 [pool-1-thread-2] INFO  com.crawljax.core.Crawler - index has changed to: state160
18:24:55.331 [pool-1-thread-2] INFO  com.crawljax.core.Crawler - Did not add reload edge from state160 to state160
18:24:55.331 [pool-1-thread-2] INFO  c.crawljax.core.state.StateMachine - Cannot go to state: 'state27' from: 'state160'
18:24:55.331 [pool-1-thread-2] INFO  com.crawljax.core.Crawler - Not a valid path anymore state13: state32
18:24:55.331 [pool-1-thread-2] INFO  com.crawljax.core.Crawler - Tried to follow 
18:24:55.331 [pool-1-thread-2] INFO  com.crawljax.core.Crawler - state13_17_state27state27_18_state28state28_19_state29state29_21_state4state4_23_state32
18:24:55.331 [pool-1-thread-2] INFO  com.crawljax.core.Crawler - Saving failed backtracking path to 32
18:24:55.331 [pool-1-thread-2] INFO  com.crawljax.core.Crawler - backtrack status: false, reached NearDuplicate : -1 
18:24:58.133 [pool-1-thread-2] INFO  com.crawljax.core.Crawler - index has changed to: state160
18:24:58.133 [pool-1-thread-2] INFO  com.crawljax.core.Crawler - Did not add reload edge from state160 to state160
18:24:58.133 [pool-1-thread-2] INFO  c.crawljax.core.state.StateMachine - Cannot go to state: 'state5' from: 'state160'
18:24:58.133 [pool-1-thread-2] INFO  com.crawljax.core.Crawler - Not a valid path anymore state43: state32
18:24:58.133 [pool-1-thread-2] INFO  com.crawljax.core.Crawler - Tried to follow 
18:24:58.133 [pool-1-thread-2] INFO  com.crawljax.core.Crawler - state43_37_state5state5_7_state4state4_23_state32
18:24:58.133 [pool-1-thread-2] INFO  com.crawljax.core.Crawler - Saving failed backtracking path to 32
18:24:58.134 [pool-1-thread-2] INFO  com.crawljax.core.Crawler - backtrack status: false, reached NearDuplicate : -1 
18:25:00.963 [pool-1-thread-2] INFO  com.crawljax.core.Crawler - index has changed to: state160
18:25:00.964 [pool-1-thread-2] INFO  com.crawljax.core.Crawler - Did not add reload edge from state160 to state160
18:25:00.964 [pool-1-thread-2] INFO  c.crawljax.core.state.StateMachine - Cannot go to state: 'state139' from: 'state160'
18:25:00.964 [pool-1-thread-2] INFO  com.crawljax.core.Crawler - Not a valid path anymore state94: state32
18:25:00.964 [pool-1-thread-2] INFO  com.crawljax.core.Crawler - Tried to follow 
18:25:00.964 [pool-1-thread-2] INFO  com.crawljax.core.Crawler - state94_56_state139state139_57_state140state140_58_state29state29_21_state4state4_23_state32
18:25:00.964 [pool-1-thread-2] INFO  com.crawljax.core.Crawler - Saving failed backtracking path to 32
18:25:00.964 [pool-1-thread-2] INFO  com.crawljax.core.Crawler - backtrack status: false, reached NearDuplicate : -1 
18:25:03.792 [pool-1-thread-2] INFO  com.crawljax.core.Crawler - index has changed to: state160
18:25:03.793 [pool-1-thread-2] INFO  com.crawljax.core.Crawler - Did not add reload edge from state160 to state160
18:25:03.793 [pool-1-thread-2] INFO  com.crawljax.core.Crawler - state32 no path from state160
18:25:03.793 [pool-1-thread-2] INFO  com.crawljax.core.Crawler - state unreachable: Removing from candidate actions state32
18:25:03.793 [pool-1-thread-2] INFO  c.c.core.UnfiredFragmentCandidates - Placing purged actions in unreachable cache for state32
18:25:03.793 [pool-1-thread-2] INFO  com.crawljax.core.Crawler - Resetting the crawler and Going to state state153
18:25:06.619 [pool-1-thread-2] INFO  com.crawljax.core.Crawler - index has changed to: state160
18:25:06.619 [pool-1-thread-2] INFO  com.crawljax.core.Crawler - Did not add reload edge from state160 to state160
18:25:06.619 [pool-1-thread-2] INFO  com.crawljax.core.Crawler - Initial state not the same as current state : Getting shortest path from current state
18:25:06.619 [pool-1-thread-2] INFO  com.crawljax.core.Crawler - state153 no path from state160
18:25:06.620 [pool-1-thread-2] INFO  c.crawljax.core.state.StateMachine - Cannot go to state: 'state1' from: 'state160'
18:25:06.620 [pool-1-thread-2] INFO  com.crawljax.core.Crawler - Not a valid path anymore index: state153
18:25:06.620 [pool-1-thread-2] INFO  com.crawljax.core.Crawler - Tried to follow 
18:25:06.620 [pool-1-thread-2] INFO  com.crawljax.core.Crawler - index_1_state1state1_4_state3state3_5_state4state4_23_state32state32_74_state153
18:25:06.620 [pool-1-thread-2] INFO  com.crawljax.core.Crawler - Saving failed backtracking path to 153
18:25:06.620 [pool-1-thread-2] INFO  com.crawljax.core.Crawler - backtrack status: false, reached NearDuplicate : -1 
18:25:09.459 [pool-1-thread-2] INFO  com.crawljax.core.Crawler - index has changed to: state160
18:25:09.459 [pool-1-thread-2] INFO  com.crawljax.core.Crawler - Did not add reload edge from state160 to state160
18:25:09.459 [pool-1-thread-2] INFO  c.crawljax.core.state.StateMachine - Cannot go to state: 'state13' from: 'state160'
18:25:09.459 [pool-1-thread-2] INFO  com.crawljax.core.Crawler - Not a valid path anymore state12: state153
18:25:09.459 [pool-1-thread-2] INFO  com.crawljax.core.Crawler - Tried to follow 
18:25:09.459 [pool-1-thread-2] INFO  com.crawljax.core.Crawler - state12_0_state13state13_17_state27state27_18_state28state28_19_state29state29_21_state4state4_23_state32state32_74_state153
18:25:09.459 [pool-1-thread-2] INFO  com.crawljax.core.Crawler - Saving failed backtracking path to 153
18:25:09.459 [pool-1-thread-2] INFO  com.crawljax.core.Crawler - backtrack status: false, reached NearDuplicate : -1 
18:25:12.299 [pool-1-thread-2] INFO  com.crawljax.core.Crawler - index has changed to: state160
18:25:12.300 [pool-1-thread-2] INFO  com.crawljax.core.Crawler - Did not add reload edge from state160 to state160
18:25:12.300 [pool-1-thread-2] INFO  c.crawljax.core.state.StateMachine - Cannot go to state: 'state27' from: 'state160'
18:25:12.300 [pool-1-thread-2] INFO  com.crawljax.core.Crawler - Not a valid path anymore state13: state153
18:25:12.300 [pool-1-thread-2] INFO  com.crawljax.core.Crawler - Tried to follow 
18:25:12.300 [pool-1-thread-2] INFO  com.crawljax.core.Crawler - state13_17_state27state27_18_state28state28_19_state29state29_21_state4state4_23_state32state32_74_state153
18:25:12.300 [pool-1-thread-2] INFO  com.crawljax.core.Crawler - Saving failed backtracking path to 153
18:25:12.300 [pool-1-thread-2] INFO  com.crawljax.core.Crawler - backtrack status: false, reached NearDuplicate : -1 
18:25:15.189 [pool-1-thread-2] INFO  com.crawljax.core.Crawler - index has changed to: state160
18:25:15.190 [pool-1-thread-2] INFO  com.crawljax.core.Crawler - Did not add reload edge from state160 to state160
18:25:15.191 [pool-1-thread-2] INFO  c.crawljax.core.state.StateMachine - Cannot go to state: 'state5' from: 'state160'
18:25:15.191 [pool-1-thread-2] INFO  com.crawljax.core.Crawler - Not a valid path anymore state43: state153
18:25:15.191 [pool-1-thread-2] INFO  com.crawljax.core.Crawler - Tried to follow 
18:25:15.191 [pool-1-thread-2] INFO  com.crawljax.core.Crawler - state43_37_state5state5_7_state4state4_23_state32state32_74_state153
18:25:15.191 [pool-1-thread-2] INFO  com.crawljax.core.Crawler - Saving failed backtracking path to 153
18:25:15.191 [pool-1-thread-2] INFO  com.crawljax.core.Crawler - backtrack status: false, reached NearDuplicate : -1 
18:25:18.052 [pool-1-thread-2] INFO  com.crawljax.core.Crawler - index has changed to: state160
18:25:18.052 [pool-1-thread-2] INFO  com.crawljax.core.Crawler - Did not add reload edge from state160 to state160
18:25:18.053 [pool-1-thread-2] INFO  c.crawljax.core.state.StateMachine - Cannot go to state: 'state139' from: 'state160'
18:25:18.053 [pool-1-thread-2] INFO  com.crawljax.core.Crawler - Not a valid path anymore state94: state153
18:25:18.053 [pool-1-thread-2] INFO  com.crawljax.core.Crawler - Tried to follow 
18:25:18.053 [pool-1-thread-2] INFO  com.crawljax.core.Crawler - state94_56_state139state139_57_state140state140_58_state29state29_21_state4state4_23_state32state32_74_state153
18:25:18.053 [pool-1-thread-2] INFO  com.crawljax.core.Crawler - Saving failed backtracking path to 153
18:25:18.053 [pool-1-thread-2] INFO  com.crawljax.core.Crawler - backtrack status: false, reached NearDuplicate : -1 
18:25:20.892 [pool-1-thread-2] INFO  com.crawljax.core.Crawler - index has changed to: state160
18:25:20.893 [pool-1-thread-2] INFO  com.crawljax.core.Crawler - Did not add reload edge from state160 to state160
18:25:20.893 [pool-1-thread-2] INFO  com.crawljax.core.Crawler - state153 no path from state160
18:25:20.893 [pool-1-thread-2] INFO  com.crawljax.core.Crawler - state unreachable: Removing from candidate actions state153
18:25:20.893 [pool-1-thread-2] INFO  c.c.core.UnfiredFragmentCandidates - Placing purged actions in unreachable cache for state153
18:25:20.893 [pool-1-thread-2] INFO  com.crawljax.core.Crawler - Resetting the crawler and Going to state state84
18:25:23.743 [pool-1-thread-2] INFO  com.crawljax.core.Crawler - index has changed to: state160
18:25:23.744 [pool-1-thread-2] INFO  com.crawljax.core.Crawler - Did not add reload edge from state160 to state160
18:25:23.744 [pool-1-thread-2] INFO  com.crawljax.core.Crawler - Initial state not the same as current state : Getting shortest path from current state
18:25:23.744 [pool-1-thread-2] INFO  com.crawljax.core.Crawler - state84 no path from state160
18:25:23.744 [pool-1-thread-2] INFO  c.crawljax.core.state.StateMachine - Cannot go to state: 'state1' from: 'state160'
18:25:23.744 [pool-1-thread-2] INFO  com.crawljax.core.Crawler - Not a valid path anymore index: state84
18:25:23.744 [pool-1-thread-2] INFO  com.crawljax.core.Crawler - Tried to follow 
18:25:23.744 [pool-1-thread-2] INFO  com.crawljax.core.Crawler - index_1_state1state1_4_state3state3_5_state4state4_23_state32state32_74_state153state153_77_state84
18:25:23.744 [pool-1-thread-2] INFO  com.crawljax.core.Crawler - Saving failed backtracking path to 84
18:25:23.744 [pool-1-thread-2] INFO  com.crawljax.core.Crawler - backtrack status: false, reached NearDuplicate : -1 
18:25:26.577 [pool-1-thread-2] INFO  com.crawljax.core.Crawler - index has changed to: state160
18:25:26.578 [pool-1-thread-2] INFO  com.crawljax.core.Crawler - Did not add reload edge from state160 to state160
18:25:26.578 [pool-1-thread-2] INFO  c.crawljax.core.state.StateMachine - Cannot go to state: 'state13' from: 'state160'
18:25:26.578 [pool-1-thread-2] INFO  com.crawljax.core.Crawler - Not a valid path anymore state12: state84
18:25:26.578 [pool-1-thread-2] INFO  com.crawljax.core.Crawler - Tried to follow 
18:25:26.578 [pool-1-thread-2] INFO  com.crawljax.core.Crawler - state12_0_state13state13_17_state27state27_18_state28state28_19_state29state29_21_state4state4_23_state32state32_74_state153state153_77_state84
18:25:26.578 [pool-1-thread-2] INFO  com.crawljax.core.Crawler - Saving failed backtracking path to 84
18:25:26.578 [pool-1-thread-2] INFO  com.crawljax.core.Crawler - backtrack status: false, reached NearDuplicate : -1 
18:25:29.429 [pool-1-thread-2] INFO  com.crawljax.core.Crawler - index has changed to: state160
18:25:29.429 [pool-1-thread-2] INFO  com.crawljax.core.Crawler - Did not add reload edge from state160 to state160
18:25:29.429 [pool-1-thread-2] INFO  c.crawljax.core.state.StateMachine - Cannot go to state: 'state27' from: 'state160'
18:25:29.430 [pool-1-thread-2] INFO  com.crawljax.core.Crawler - Not a valid path anymore state13: state84
18:25:29.430 [pool-1-thread-2] INFO  com.crawljax.core.Crawler - Tried to follow 
18:25:29.430 [pool-1-thread-2] INFO  com.crawljax.core.Crawler - state13_17_state27state27_18_state28state28_19_state29state29_21_state4state4_23_state32state32_74_state153state153_77_state84
18:25:29.430 [pool-1-thread-2] INFO  com.crawljax.core.Crawler - Saving failed backtracking path to 84
18:25:29.430 [pool-1-thread-2] INFO  com.crawljax.core.Crawler - backtrack status: false, reached NearDuplicate : -1 
18:25:32.269 [pool-1-thread-2] INFO  com.crawljax.core.Crawler - index has changed to: state160
18:25:32.269 [pool-1-thread-2] INFO  com.crawljax.core.Crawler - Did not add reload edge from state160 to state160
18:25:32.269 [pool-1-thread-2] INFO  c.crawljax.core.state.StateMachine - Cannot go to state: 'state5' from: 'state160'
18:25:32.269 [pool-1-thread-2] INFO  com.crawljax.core.Crawler - Not a valid path anymore state43: state84
18:25:32.269 [pool-1-thread-2] INFO  com.crawljax.core.Crawler - Tried to follow 
18:25:32.269 [pool-1-thread-2] INFO  com.crawljax.core.Crawler - state43_37_state5state5_38_state80state80_39_state81state81_43_state84
18:25:32.269 [pool-1-thread-2] INFO  com.crawljax.core.Crawler - Saving failed backtracking path to 84
18:25:32.269 [pool-1-thread-2] INFO  com.crawljax.core.Crawler - backtrack status: false, reached NearDuplicate : -1 
18:25:35.125 [pool-1-thread-2] INFO  com.crawljax.core.Crawler - index has changed to: state160
18:25:35.125 [pool-1-thread-2] INFO  com.crawljax.core.Crawler - Did not add reload edge from state160 to state160
18:25:35.125 [pool-1-thread-2] INFO  c.crawljax.core.state.StateMachine - Cannot go to state: 'state139' from: 'state160'
18:25:35.125 [pool-1-thread-2] INFO  com.crawljax.core.Crawler - Not a valid path anymore state94: state84
18:25:35.125 [pool-1-thread-2] INFO  com.crawljax.core.Crawler - Tried to follow 
18:25:35.125 [pool-1-thread-2] INFO  com.crawljax.core.Crawler - state94_56_state139state139_57_state140state140_58_state29state29_21_state4state4_23_state32state32_74_state153state153_77_state84
18:25:35.125 [pool-1-thread-2] INFO  com.crawljax.core.Crawler - Saving failed backtracking path to 84
18:25:35.125 [pool-1-thread-2] INFO  com.crawljax.core.Crawler - backtrack status: false, reached NearDuplicate : -1 
18:25:37.965 [pool-1-thread-2] INFO  com.crawljax.core.Crawler - index has changed to: state160
18:25:37.965 [pool-1-thread-2] INFO  com.crawljax.core.Crawler - Did not add reload edge from state160 to state160
18:25:37.965 [pool-1-thread-2] INFO  com.crawljax.core.Crawler - state84 no path from state160
18:25:37.966 [pool-1-thread-2] INFO  com.crawljax.core.Crawler - state unreachable: Removing from candidate actions state84
18:25:37.966 [pool-1-thread-2] INFO  c.c.core.UnfiredFragmentCandidates - Placing purged actions in unreachable cache for state84
18:25:37.966 [pool-1-thread-2] INFO  com.crawljax.core.Crawler - Resetting the crawler and Going to state state157
18:25:40.797 [pool-1-thread-2] INFO  com.crawljax.core.Crawler - index has changed to: state160
18:25:40.797 [pool-1-thread-2] INFO  com.crawljax.core.Crawler - Did not add reload edge from state160 to state160
18:25:40.797 [pool-1-thread-2] INFO  com.crawljax.core.Crawler - Initial state not the same as current state : Getting shortest path from current state
18:25:40.797 [pool-1-thread-2] INFO  com.crawljax.core.Crawler - state157 no path from state160
18:25:40.797 [pool-1-thread-2] INFO  c.crawljax.core.state.StateMachine - Cannot go to state: 'state1' from: 'state160'
18:25:40.797 [pool-1-thread-2] INFO  com.crawljax.core.Crawler - Not a valid path anymore index: state157
18:25:40.797 [pool-1-thread-2] INFO  com.crawljax.core.Crawler - Tried to follow 
18:25:40.797 [pool-1-thread-2] INFO  com.crawljax.core.Crawler - index_1_state1state1_4_state3state3_5_state4state4_23_state32state32_74_state153state153_77_state84state84_78_state157
18:25:40.797 [pool-1-thread-2] INFO  com.crawljax.core.Crawler - Saving failed backtracking path to 157
18:25:40.797 [pool-1-thread-2] INFO  com.crawljax.core.Crawler - backtrack status: false, reached NearDuplicate : -1 
18:25:43.664 [pool-1-thread-2] INFO  com.crawljax.core.Crawler - index has changed to: state160
18:25:43.664 [pool-1-thread-2] INFO  com.crawljax.core.Crawler - Did not add reload edge from state160 to state160
18:25:43.665 [pool-1-thread-2] INFO  c.crawljax.core.state.StateMachine - Cannot go to state: 'state13' from: 'state160'
18:25:43.665 [pool-1-thread-2] INFO  com.crawljax.core.Crawler - Not a valid path anymore state12: state157
18:25:43.665 [pool-1-thread-2] INFO  com.crawljax.core.Crawler - Tried to follow 
18:25:43.665 [pool-1-thread-2] INFO  com.crawljax.core.Crawler - state12_0_state13state13_17_state27state27_18_state28state28_19_state29state29_21_state4state4_23_state32state32_74_state153state153_77_state84state84_78_state157
18:25:43.665 [pool-1-thread-2] INFO  com.crawljax.core.Crawler - Saving failed backtracking path to 157
18:25:43.665 [pool-1-thread-2] INFO  com.crawljax.core.Crawler - backtrack status: false, reached NearDuplicate : -1 
18:25:46.537 [pool-1-thread-2] INFO  com.crawljax.core.Crawler - index has changed to: state160
18:25:46.537 [pool-1-thread-2] INFO  com.crawljax.core.Crawler - Did not add reload edge from state160 to state160
18:25:46.537 [pool-1-thread-2] INFO  c.crawljax.core.state.StateMachine - Cannot go to state: 'state27' from: 'state160'
18:25:46.537 [pool-1-thread-2] INFO  com.crawljax.core.Crawler - Not a valid path anymore state13: state157
18:25:46.537 [pool-1-thread-2] INFO  com.crawljax.core.Crawler - Tried to follow 
18:25:46.537 [pool-1-thread-2] INFO  com.crawljax.core.Crawler - state13_17_state27state27_18_state28state28_19_state29state29_21_state4state4_23_state32state32_74_state153state153_77_state84state84_78_state157
18:25:46.537 [pool-1-thread-2] INFO  com.crawljax.core.Crawler - Saving failed backtracking path to 157
18:25:46.537 [pool-1-thread-2] INFO  com.crawljax.core.Crawler - backtrack status: false, reached NearDuplicate : -1 
18:25:49.357 [pool-1-thread-2] INFO  com.crawljax.core.Crawler - index has changed to: state160
18:25:49.358 [pool-1-thread-2] INFO  com.crawljax.core.Crawler - Did not add reload edge from state160 to state160
18:25:49.358 [pool-1-thread-2] INFO  c.crawljax.core.state.StateMachine - Cannot go to state: 'state5' from: 'state160'
18:25:49.358 [pool-1-thread-2] INFO  com.crawljax.core.Crawler - Not a valid path anymore state43: state157
18:25:49.358 [pool-1-thread-2] INFO  com.crawljax.core.Crawler - Tried to follow 
18:25:49.358 [pool-1-thread-2] INFO  com.crawljax.core.Crawler - state43_37_state5state5_38_state80state80_39_state81state81_43_state84state84_78_state157
18:25:49.358 [pool-1-thread-2] INFO  com.crawljax.core.Crawler - Saving failed backtracking path to 157
18:25:49.358 [pool-1-thread-2] INFO  com.crawljax.core.Crawler - backtrack status: false, reached NearDuplicate : -1 
18:25:52.175 [pool-1-thread-2] INFO  com.crawljax.core.Crawler - index has changed to: state160
18:25:52.175 [pool-1-thread-2] INFO  com.crawljax.core.Crawler - Did not add reload edge from state160 to state160
18:25:52.175 [pool-1-thread-2] INFO  c.crawljax.core.state.StateMachine - Cannot go to state: 'state139' from: 'state160'
18:25:52.175 [pool-1-thread-2] INFO  com.crawljax.core.Crawler - Not a valid path anymore state94: state157
18:25:52.175 [pool-1-thread-2] INFO  com.crawljax.core.Crawler - Tried to follow 
18:25:52.175 [pool-1-thread-2] INFO  com.crawljax.core.Crawler - state94_56_state139state139_57_state140state140_58_state29state29_21_state4state4_23_state32state32_74_state153state153_77_state84state84_78_state157
18:25:52.175 [pool-1-thread-2] INFO  com.crawljax.core.Crawler - Saving failed backtracking path to 157
18:25:52.175 [pool-1-thread-2] INFO  com.crawljax.core.Crawler - backtrack status: false, reached NearDuplicate : -1 
18:25:55.014 [pool-1-thread-2] INFO  com.crawljax.core.Crawler - index has changed to: state160
18:25:55.015 [pool-1-thread-2] INFO  com.crawljax.core.Crawler - Did not add reload edge from state160 to state160
18:25:55.015 [pool-1-thread-2] INFO  com.crawljax.core.Crawler - state157 no path from state160
18:25:55.015 [pool-1-thread-2] INFO  com.crawljax.core.Crawler - state unreachable: Removing from candidate actions state157
18:25:55.015 [pool-1-thread-2] INFO  c.c.core.UnfiredFragmentCandidates - Placing purged actions in unreachable cache for state157
18:25:55.015 [pool-1-thread-2] INFO  com.crawljax.core.Crawler - backtrack status: true, reached NearDuplicate : -1 
18:25:55.015 [pool-1-thread-2] INFO  com.crawljax.core.Crawler -  Event xpath /HTML[1]/BODY[1]/DIV[4]/DIV[1]/DIV[4]/DIV[3]/DIV[1]/DIV[1]/DIV[3]/DIV[5]
18:25:55.036 [pool-1-thread-2] INFO  com.crawljax.core.Crawler - Changing related inputs for 81 with 0  to 0 
18:25:55.126 [pool-1-thread-2] INFO  c.c.core.UnfiredFragmentCandidates - Changing related inputs to worked inputs 0 for 81
18:25:55.126 [pool-1-thread-2] INFO  c.c.core.UnfiredFragmentCandidates - event 81 - Before 0
18:25:55.126 [pool-1-thread-2] INFO  c.c.core.UnfiredFragmentCandidates - event 81 - After 0
18:25:55.126 [pool-1-thread-2] INFO  c.c.core.UnfiredFragmentCandidates - input for 81, 0
18:25:59.907 [pool-1-thread-2] INFO  c.c.c.state.InMemoryStateFlowGraph - Number of states in the graph is now 37
18:25:59.907 [pool-1-thread-2] INFO  c.crawljax.core.state.StateMachine - State state232 added to the StateMachine.
18:26:00.050 [pool-1-thread-2] INFO  com.crawljax.core.Crawler - New DOM is a new state! crawl depth is now 1
18:26:00.051 [pool-1-thread-2] INFO  com.crawljax.core.Crawler - Parsing DOM of state state232 for candidate elements
18:26:00.062 [pool-1-thread-2] INFO  c.c.core.UnfiredFragmentCandidates - There are 1 states with unfired actions: [232]
18:26:00.071 [pool-1-thread-2] INFO  com.crawljax.core.Crawler -  Event xpath /HTML[1]/BODY[1]/DIV[4]/DIV[1]/DIV[2]/DIV[1]/A[1]/SPAN[1]/SPAN[2]
18:26:00.097 [pool-1-thread-2] INFO  com.crawljax.core.Crawler - Changing related inputs for 82 with 0  to 0 
18:26:00.182 [pool-1-thread-2] INFO  c.c.core.UnfiredFragmentCandidates - Changing related inputs to worked inputs 0 for 82
18:26:00.182 [pool-1-thread-2] INFO  c.c.core.UnfiredFragmentCandidates - event 82 - Before 0
18:26:00.182 [pool-1-thread-2] INFO  c.c.core.UnfiredFragmentCandidates - event 82 - After 0
18:26:00.182 [pool-1-thread-2] INFO  c.c.core.UnfiredFragmentCandidates - input for 82, 0
18:26:00.230 [pool-1-thread-2] INFO  com.crawljax.core.Crawler -  Event xpath /HTML[1]/BODY[1]/DIV[4]/DIV[2]/DIV[1]/DIV[2]/UL[1]/LI[6]/A[1]
18:26:00.256 [pool-1-thread-2] INFO  com.crawljax.core.Crawler - Changing related inputs for 83 with 0  to 0 
18:26:00.341 [pool-1-thread-2] INFO  c.c.core.UnfiredFragmentCandidates - Changing related inputs to worked inputs 0 for 83
18:26:00.342 [pool-1-thread-2] INFO  c.c.core.UnfiredFragmentCandidates - event 83 - Before 0
18:26:00.342 [pool-1-thread-2] INFO  c.c.core.UnfiredFragmentCandidates - event 83 - After 0
18:26:00.342 [pool-1-thread-2] INFO  c.c.core.UnfiredFragmentCandidates - input for 83, 0
18:26:04.135 [pool-1-thread-2] INFO  c.c.c.state.InMemoryStateFlowGraph - Number of states in the graph is now 38
18:26:04.136 [pool-1-thread-2] INFO  c.crawljax.core.state.StateMachine - State state233 added to the StateMachine.
18:26:04.281 [pool-1-thread-2] INFO  com.crawljax.core.Crawler - New DOM is a new state! crawl depth is now 2
18:26:04.281 [pool-1-thread-2] INFO  com.crawljax.core.Crawler - Parsing DOM of state state233 for candidate elements
18:26:04.287 [pool-1-thread-2] INFO  c.c.core.UnfiredFragmentCandidates - There are 2 states with unfired actions: [232, 233]
18:26:04.295 [pool-1-thread-2] INFO  com.crawljax.core.Crawler -  Event xpath /HTML[1]/BODY[1]/DIV[4]/DIV[2]/DIV[1]/DIV[2]/UL[1]/LI[4]
18:26:04.311 [pool-1-thread-2] INFO  com.crawljax.core.Crawler - Changing related inputs for 84 with 0  to 0 
18:26:04.390 [pool-1-thread-2] INFO  c.c.core.UnfiredFragmentCandidates - Changing related inputs to worked inputs 0 for 84
18:26:04.390 [pool-1-thread-2] INFO  c.c.core.UnfiredFragmentCandidates - event 84 - Before 0
18:26:04.390 [pool-1-thread-2] INFO  c.c.core.UnfiredFragmentCandidates - event 84 - After 0
18:26:04.390 [pool-1-thread-2] INFO  c.c.core.UnfiredFragmentCandidates - input for 84, 0
18:26:08.005 [pool-1-thread-2] INFO  c.c.c.state.InMemoryStateFlowGraph - Number of states in the graph is now 39
18:26:08.006 [pool-1-thread-2] INFO  c.crawljax.core.state.StateMachine - State state234 added to the StateMachine.
18:26:08.127 [pool-1-thread-2] INFO  com.crawljax.core.Crawler - New DOM is a new state! crawl depth is now 3
18:26:08.127 [pool-1-thread-2] INFO  com.crawljax.core.Crawler - Parsing DOM of state state234 for candidate elements
18:26:08.132 [pool-1-thread-2] INFO  c.c.core.UnfiredFragmentCandidates - There are 3 states with unfired actions: [232, 233, 234]
18:26:08.140 [pool-1-thread-2] INFO  com.crawljax.core.Crawler -  Event xpath /HTML[1]/BODY[1]/DIV[4]/DIV[1]/DIV[2]/UL[2]/LI[4]/A[1]
18:26:08.153 [pool-1-thread-2] INFO  com.crawljax.core.Crawler - Changing related inputs for 85 with 0  to 0 
18:26:08.231 [pool-1-thread-2] INFO  c.c.core.UnfiredFragmentCandidates - Changing related inputs to worked inputs 0 for 85
18:26:08.231 [pool-1-thread-2] INFO  c.c.core.UnfiredFragmentCandidates - event 85 - Before 0
18:26:08.231 [pool-1-thread-2] INFO  c.c.core.UnfiredFragmentCandidates - event 85 - After 0
18:26:08.231 [pool-1-thread-2] INFO  c.c.core.UnfiredFragmentCandidates - input for 85, 0
18:26:08.267 [pool-1-thread-2] INFO  com.crawljax.core.Crawler - Found an invisible link with href=/apparel-shoes
18:26:11.170 [pool-1-thread-2] INFO  c.crawljax.core.state.StateMachine - CLONE State detected: state235 and state3 are the same.
18:26:11.170 [pool-1-thread-2] INFO  c.c.core.UnfiredFragmentCandidates - Placing state3 back in queue as it is rediscovered
18:26:11.170 [pool-1-thread-2] INFO  c.c.core.UnfiredFragmentCandidates - There are 4 states with unfired actions: [232, 233, 234, 3]
18:26:11.170 [pool-1-thread-2] INFO  c.c.core.UnfiredFragmentCandidates - Rediscovered state3 has unexplored actions
18:26:11.179 [pool-1-thread-2] INFO  com.crawljax.core.Crawler -  Event xpath /HTML[1]/BODY[1]/DIV[4]/DIV[1]/DIV[2]/UL[1]/LI[2]/A[1]
18:26:11.201 [pool-1-thread-2] INFO  com.crawljax.core.Crawler - Changing related inputs for 86 with 0  to 0 
18:26:11.282 [pool-1-thread-2] INFO  c.c.core.UnfiredFragmentCandidates - Changing related inputs to worked inputs 0 for 86
18:26:11.282 [pool-1-thread-2] INFO  c.c.core.UnfiredFragmentCandidates - event 86 - Before 0
18:26:11.282 [pool-1-thread-2] INFO  c.c.core.UnfiredFragmentCandidates - event 86 - After 0
18:26:11.282 [pool-1-thread-2] INFO  c.c.core.UnfiredFragmentCandidates - input for 86, 0
18:26:14.960 [pool-1-thread-2] INFO  c.crawljax.core.state.StateMachine - CLONE State detected: state236 and state38 are the same.
18:26:14.960 [pool-1-thread-2] INFO  c.c.core.UnfiredFragmentCandidates - Placing state38 back in queue as it is rediscovered
18:26:14.960 [pool-1-thread-2] INFO  c.c.core.UnfiredFragmentCandidates - There are 5 states with unfired actions: [232, 233, 234, 3, 38]
18:26:14.960 [pool-1-thread-2] INFO  c.c.core.UnfiredFragmentCandidates - Rediscovered state38 has unexplored actions
18:26:14.969 [pool-1-thread-2] INFO  com.crawljax.core.Crawler -  Event xpath /HTML[1]/BODY[1]/DIV[4]/DIV[1]/DIV[4]/DIV[1]/DIV[1]/DIV[2]/UL[1]/LI[7]
18:26:14.988 [pool-1-thread-2] INFO  com.crawljax.core.Crawler - Changing related inputs for 87 with 0  to 0 
18:26:15.071 [pool-1-thread-2] INFO  c.c.core.UnfiredFragmentCandidates - Changing related inputs to worked inputs 0 for 87
18:26:15.071 [pool-1-thread-2] INFO  c.c.core.UnfiredFragmentCandidates - event 87 - Before 0
18:26:15.071 [pool-1-thread-2] INFO  c.c.core.UnfiredFragmentCandidates - event 87 - After 0
18:26:15.071 [pool-1-thread-2] INFO  c.c.core.UnfiredFragmentCandidates - input for 87, 0
18:26:18.196 [pool-1-thread-2] INFO  com.crawljax.core.Crawler -  Event xpath /HTML[1]/BODY[1]/DIV[4]/DIV[2]/DIV[1]/DIV[2]/UL[1]/LI[4]/A[1]
18:26:18.209 [pool-1-thread-2] INFO  com.crawljax.core.Crawler - Changing related inputs for 88 with 0  to 0 
18:26:18.292 [pool-1-thread-2] INFO  c.c.core.UnfiredFragmentCandidates - Changing related inputs to worked inputs 0 for 88
18:26:18.292 [pool-1-thread-2] INFO  c.c.core.UnfiredFragmentCandidates - event 88 - Before 0
18:26:18.292 [pool-1-thread-2] INFO  c.c.core.UnfiredFragmentCandidates - event 88 - After 0
18:26:18.292 [pool-1-thread-2] INFO  c.c.core.UnfiredFragmentCandidates - input for 88, 0
18:26:21.955 [pool-1-thread-2] INFO  c.crawljax.core.state.StateMachine - CLONE State detected: state238 and state234 are the same.
18:26:21.963 [pool-1-thread-2] INFO  com.crawljax.core.Crawler -  Event xpath /HTML[1]/BODY[1]/DIV[4]/DIV[1]/DIV[1]/DIV[2]/DIV[1]/UL[1]/LI[2]
18:26:21.978 [pool-1-thread-2] INFO  com.crawljax.core.Crawler - Changing related inputs for 89 with 0  to 0 
18:26:22.052 [pool-1-thread-2] INFO  c.c.core.UnfiredFragmentCandidates - Changing related inputs to worked inputs 0 for 89
18:26:22.052 [pool-1-thread-2] INFO  c.c.core.UnfiredFragmentCandidates - event 89 - Before 0
18:26:22.052 [pool-1-thread-2] INFO  c.c.core.UnfiredFragmentCandidates - event 89 - After 0
18:26:22.053 [pool-1-thread-2] INFO  c.c.core.UnfiredFragmentCandidates - input for 89, 0
18:26:25.657 [pool-1-thread-2] INFO  c.crawljax.core.state.StateMachine - CLONE State detected: state239 and state147 are the same.
18:26:25.657 [pool-1-thread-2] INFO  c.c.core.UnfiredFragmentCandidates - Placing state147 back in queue as it is rediscovered
18:26:25.657 [pool-1-thread-2] INFO  c.c.core.UnfiredFragmentCandidates - There are 6 states with unfired actions: [232, 233, 234, 3, 38, 147]
18:26:25.657 [pool-1-thread-2] INFO  c.c.core.UnfiredFragmentCandidates - Rediscovered state147 has unexplored actions
18:26:25.666 [pool-1-thread-2] INFO  com.crawljax.core.Crawler -  Event xpath /HTML[1]/BODY[1]/DIV[4]/DIV[1]
18:26:25.680 [pool-1-thread-2] INFO  com.crawljax.core.Crawler - Changing related inputs for 90 with 0  to 0 
18:26:25.753 [pool-1-thread-2] INFO  c.c.core.UnfiredFragmentCandidates - Changing related inputs to worked inputs 0 for 90
18:26:25.753 [pool-1-thread-2] INFO  c.c.core.UnfiredFragmentCandidates - event 90 - Before 0
18:26:25.753 [pool-1-thread-2] INFO  c.c.core.UnfiredFragmentCandidates - event 90 - After 0
18:26:25.753 [pool-1-thread-2] INFO  c.c.core.UnfiredFragmentCandidates - input for 90, 0
18:26:28.887 [pool-1-thread-2] INFO  com.crawljax.core.Crawler -  Event xpath /HTML[1]/BODY[1]/DIV[4]/DIV[1]/DIV[2]/UL[1]/LI[5]/A[1]
18:26:28.901 [pool-1-thread-2] INFO  com.crawljax.core.Crawler - Changing related inputs for 91 with 0  to 0 
18:26:28.973 [pool-1-thread-2] INFO  c.c.core.UnfiredFragmentCandidates - Changing related inputs to worked inputs 0 for 91
18:26:28.973 [pool-1-thread-2] INFO  c.c.core.UnfiredFragmentCandidates - event 91 - Before 0
18:26:28.973 [pool-1-thread-2] INFO  c.c.core.UnfiredFragmentCandidates - event 91 - After 0
18:26:28.973 [pool-1-thread-2] INFO  c.c.core.UnfiredFragmentCandidates - input for 91, 0
18:26:32.964 [pool-1-thread-2] INFO  c.c.c.state.InMemoryStateFlowGraph - Number of states in the graph is now 40
18:26:32.964 [pool-1-thread-2] INFO  c.crawljax.core.state.StateMachine - State state241 added to the StateMachine.
18:26:33.103 [pool-1-thread-2] INFO  com.crawljax.core.Crawler - New DOM is a new state! crawl depth is now 4
18:26:33.103 [pool-1-thread-2] INFO  com.crawljax.core.Crawler - Parsing DOM of state state241 for candidate elements
18:26:33.109 [pool-1-thread-2] INFO  c.c.core.UnfiredFragmentCandidates - There are 7 states with unfired actions: [232, 233, 234, 3, 38, 147, 241]
18:26:33.118 [pool-1-thread-2] INFO  com.crawljax.core.Crawler -  Event xpath /HTML[1]/BODY[1]/DIV[4]/DIV[1]/DIV[2]/UL[1]/LI[2]/UL[1]/LI[3]/A[1]
18:26:33.132 [pool-1-thread-2] INFO  com.crawljax.core.Crawler - Changing related inputs for 92 with 0  to 0 
18:26:33.205 [pool-1-thread-2] INFO  c.c.core.UnfiredFragmentCandidates - Changing related inputs to worked inputs 0 for 92
18:26:33.205 [pool-1-thread-2] INFO  c.c.core.UnfiredFragmentCandidates - event 92 - Before 0
18:26:33.205 [pool-1-thread-2] INFO  c.c.core.UnfiredFragmentCandidates - event 92 - After 0
18:26:33.205 [pool-1-thread-2] INFO  c.c.core.UnfiredFragmentCandidates - input for 92, 0
18:26:33.241 [pool-1-thread-2] INFO  com.crawljax.core.Crawler - Found an invisible link with href=/accessories
18:26:36.146 [pool-1-thread-2] INFO  c.crawljax.core.state.StateMachine - CLONE State detected: state242 and state84 are the same.
18:26:36.146 [pool-1-thread-2] INFO  c.c.core.UnfiredFragmentCandidates - Placing state84 back in queue as it is rediscovered
18:26:36.146 [pool-1-thread-2] INFO  c.c.core.UnfiredFragmentCandidates - There are 8 states with unfired actions: [232, 233, 234, 3, 38, 147, 241, 84]
18:26:36.146 [pool-1-thread-2] INFO  c.c.core.UnfiredFragmentCandidates - Rediscovered state84 has unexplored actions
18:26:36.155 [pool-1-thread-2] INFO  com.crawljax.core.Crawler -  Event xpath /HTML[1]/BODY[1]/DIV[4]/DIV[1]/DIV[4]/DIV[1]/DIV[3]/DIV[2]/DIV[1]/DIV[1]
18:26:36.171 [pool-1-thread-2] INFO  com.crawljax.core.Crawler - Changing related inputs for 93 with 0  to 0 
18:26:36.245 [pool-1-thread-2] INFO  c.c.core.UnfiredFragmentCandidates - Changing related inputs to worked inputs 0 for 93
18:26:36.245 [pool-1-thread-2] INFO  c.c.core.UnfiredFragmentCandidates - event 93 - Before 0
18:26:36.245 [pool-1-thread-2] INFO  c.c.core.UnfiredFragmentCandidates - event 93 - After 0
18:26:36.245 [pool-1-thread-2] INFO  c.c.core.UnfiredFragmentCandidates - input for 93, 0
18:26:39.379 [pool-1-thread-2] INFO  com.crawljax.core.Crawler -  Event xpath /HTML[1]/BODY[1]/DIV[4]
18:26:39.395 [pool-1-thread-2] INFO  com.crawljax.core.Crawler - Changing related inputs for 94 with 0  to 0 
18:26:39.467 [pool-1-thread-2] INFO  c.c.core.UnfiredFragmentCandidates - Changing related inputs to worked inputs 0 for 94
18:26:39.467 [pool-1-thread-2] INFO  c.c.core.UnfiredFragmentCandidates - event 94 - Before 0
18:26:39.467 [pool-1-thread-2] INFO  c.c.core.UnfiredFragmentCandidates - event 94 - After 0
18:26:39.467 [pool-1-thread-2] INFO  c.c.core.UnfiredFragmentCandidates - input for 94, 0
18:26:42.604 [pool-1-thread-2] INFO  com.crawljax.core.Crawler -  Event xpath /HTML[1]/BODY[1]/DIV[4]/DIV[1]/DIV[4]/DIV[2]/DIV[1]/UL[1]/LI[1]/SPAN[1]
18:26:42.620 [pool-1-thread-2] INFO  com.crawljax.core.Crawler - Changing related inputs for 95 with 0  to 0 
18:26:42.692 [pool-1-thread-2] INFO  c.c.core.UnfiredFragmentCandidates - Changing related inputs to worked inputs 0 for 95
18:26:42.692 [pool-1-thread-2] INFO  c.c.core.UnfiredFragmentCandidates - event 95 - Before 0
18:26:42.692 [pool-1-thread-2] INFO  c.c.core.UnfiredFragmentCandidates - event 95 - After 0
18:26:42.692 [pool-1-thread-2] INFO  c.c.core.UnfiredFragmentCandidates - input for 95, 0
18:26:45.820 [pool-1-thread-2] INFO  com.crawljax.core.Crawler -  Event xpath /HTML[1]/BODY[1]/DIV[4]/DIV[2]/DIV[1]/DIV[2]/UL[1]/LI[1]/A[1]
18:26:45.836 [pool-1-thread-2] INFO  com.crawljax.core.Crawler - Changing related inputs for 96 with 0  to 0 
18:26:45.910 [pool-1-thread-2] INFO  c.c.core.UnfiredFragmentCandidates - Changing related inputs to worked inputs 0 for 96
18:26:45.910 [pool-1-thread-2] INFO  c.c.core.UnfiredFragmentCandidates - event 96 - Before 0
18:26:45.910 [pool-1-thread-2] INFO  c.c.core.UnfiredFragmentCandidates - event 96 - After 0
18:26:45.910 [pool-1-thread-2] INFO  c.c.core.UnfiredFragmentCandidates - input for 96, 0
18:26:49.719 [pool-1-thread-2] INFO  c.c.c.state.InMemoryStateFlowGraph - Number of states in the graph is now 41
18:26:49.719 [pool-1-thread-2] INFO  c.crawljax.core.state.StateMachine - State state246 added to the StateMachine.
18:26:49.830 [pool-1-thread-2] INFO  com.crawljax.core.Crawler - New DOM is a new state! crawl depth is now 5
18:26:49.830 [pool-1-thread-2] INFO  com.crawljax.core.Crawler - Parsing DOM of state state246 for candidate elements
18:26:49.836 [pool-1-thread-2] INFO  c.c.core.UnfiredFragmentCandidates - There are 9 states with unfired actions: [232, 233, 234, 3, 38, 147, 241, 84, 246]
18:26:49.844 [pool-1-thread-2] INFO  com.crawljax.core.Crawler -  Event xpath /HTML[1]/BODY[1]/DIV[4]/DIV[1]/DIV[1]/DIV[2]/DIV[1]
18:26:49.859 [pool-1-thread-2] INFO  com.crawljax.core.Crawler - Changing related inputs for 97 with 0  to 0 
18:26:49.936 [pool-1-thread-2] INFO  c.c.core.UnfiredFragmentCandidates - Changing related inputs to worked inputs 0 for 97
18:26:49.936 [pool-1-thread-2] INFO  c.c.core.UnfiredFragmentCandidates - event 97 - Before 0
18:26:49.936 [pool-1-thread-2] INFO  c.c.core.UnfiredFragmentCandidates - event 97 - After 0
18:26:49.936 [pool-1-thread-2] INFO  c.c.core.UnfiredFragmentCandidates - input for 97, 0
18:26:53.557 [pool-1-thread-2] INFO  c.crawljax.core.state.StateMachine - CLONE State detected: state247 and state146 are the same.
18:26:53.558 [pool-1-thread-2] INFO  c.c.core.UnfiredFragmentCandidates - Placing state146 back in queue as it is rediscovered
18:26:53.558 [pool-1-thread-2] INFO  c.c.core.UnfiredFragmentCandidates - There are 10 states with unfired actions: [232, 233, 234, 3, 38, 147, 241, 84, 246, 146]
18:26:53.558 [pool-1-thread-2] INFO  c.c.core.UnfiredFragmentCandidates - Rediscovered state146 has unexplored actions
18:26:53.568 [pool-1-thread-2] INFO  com.crawljax.core.Crawler -  Event xpath /HTML[1]/BODY[1]/DIV[4]/DIV[1]/DIV[2]/UL[2]/LI[2]/UL[1]/LI[1]/A[1]
18:26:53.581 [pool-1-thread-2] INFO  com.crawljax.core.Crawler - Changing related inputs for 98 with 0  to 0 
18:26:53.650 [pool-1-thread-2] INFO  c.c.core.UnfiredFragmentCandidates - Changing related inputs to worked inputs 0 for 98
18:26:53.650 [pool-1-thread-2] INFO  c.c.core.UnfiredFragmentCandidates - event 98 - Before 0
18:26:53.650 [pool-1-thread-2] INFO  c.c.core.UnfiredFragmentCandidates - event 98 - After 0
18:26:53.650 [pool-1-thread-2] INFO  c.c.core.UnfiredFragmentCandidates - input for 98, 0
18:26:53.686 [pool-1-thread-2] INFO  com.crawljax.core.Crawler - Found an invisible link with href=/desktops
18:26:56.616 [pool-1-thread-2] INFO  c.crawljax.core.state.StateMachine - CLONE State detected: state248 and state32 are the same.
18:26:56.616 [pool-1-thread-2] INFO  c.c.core.UnfiredFragmentCandidates - Placing state32 back in queue as it is rediscovered
18:26:56.616 [pool-1-thread-2] INFO  c.c.core.UnfiredFragmentCandidates - There are 11 states with unfired actions: [232, 233, 234, 3, 38, 147, 241, 84, 246, 146, 32]
18:26:56.616 [pool-1-thread-2] INFO  c.c.core.UnfiredFragmentCandidates - Rediscovered state32 has unexplored actions
18:26:56.625 [pool-1-thread-2] INFO  com.crawljax.core.Crawler -  Event xpath /HTML[1]/BODY[1]/DIV[4]/DIV[1]/DIV[4]/DIV[2]/DIV[2]/DIV[2]/DIV[3]/DIV[2]/DIV[1]/DIV[1]/A[1]/IMG[1]
18:26:56.640 [pool-1-thread-2] INFO  com.crawljax.core.Crawler - Changing related inputs for 99 with 0  to 0 
18:26:56.717 [pool-1-thread-2] INFO  c.c.core.UnfiredFragmentCandidates - Changing related inputs to worked inputs 0 for 99
18:26:56.718 [pool-1-thread-2] INFO  c.c.core.UnfiredFragmentCandidates - event 99 - Before 0
18:26:56.718 [pool-1-thread-2] INFO  c.c.core.UnfiredFragmentCandidates - event 99 - After 0
18:26:56.718 [pool-1-thread-2] INFO  c.c.core.UnfiredFragmentCandidates - input for 99, 0
18:27:00.543 [pool-1-thread-2] INFO  c.crawljax.core.state.StateMachine - CLONE State detected: state249 and state232 are the same.
18:27:00.557 [pool-1-thread-2] INFO  com.crawljax.core.Crawler -  Event xpath /HTML[1]/BODY[1]/DIV[4]/DIV[1]/DIV[4]/DIV[2]/DIV[2]/DIV[1]/FORM[1]/DIV[1]/DIV[2]
18:27:00.579 [pool-1-thread-2] INFO  com.crawljax.core.Crawler - Changing related inputs for 100 with 0  to 0 
18:27:00.659 [pool-1-thread-2] INFO  c.c.core.UnfiredFragmentCandidates - Changing related inputs to worked inputs 0 for 100
18:27:00.659 [pool-1-thread-2] INFO  c.c.core.UnfiredFragmentCandidates - event 100 - Before 0
18:27:00.659 [pool-1-thread-2] INFO  c.c.core.UnfiredFragmentCandidates - event 100 - After 0
18:27:00.659 [pool-1-thread-2] INFO  c.c.core.UnfiredFragmentCandidates - input for 100, 0
18:27:03.801 [pool-1-thread-2] INFO  com.crawljax.core.Crawler -  Event xpath /HTML[1]/BODY[1]/DIV[4]/DIV[1]/DIV[4]/DIV[2]/DIV[2]/DIV[1]/FORM[1]/DIV[1]/DIV[1]/DIV[2]/DIV[6]/DL[1]/DT[4]/LABEL[1]
18:27:03.820 [pool-1-thread-2] INFO  com.crawljax.core.Crawler - Changing related inputs for 101 with 0  to 0 
18:27:03.905 [pool-1-thread-2] INFO  c.c.core.UnfiredFragmentCandidates - Changing related inputs to worked inputs 0 for 101
18:27:03.905 [pool-1-thread-2] INFO  c.c.core.UnfiredFragmentCandidates - event 101 - Before 0
18:27:03.905 [pool-1-thread-2] INFO  c.c.core.UnfiredFragmentCandidates - event 101 - After 0
18:27:03.905 [pool-1-thread-2] INFO  c.c.core.UnfiredFragmentCandidates - input for 101, 0
18:27:07.040 [pool-1-thread-2] INFO  com.crawljax.core.Crawler -  Event xpath /HTML[1]/BODY[1]/DIV[4]/DIV[1]/DIV[4]/DIV[2]/DIV[2]/DIV[1]/FORM[1]/DIV[1]/DIV[1]/DIV[2]/DIV[7]/DIV[1]
18:27:07.058 [pool-1-thread-2] INFO  com.crawljax.core.Crawler - Changing related inputs for 102 with 0  to 0 
18:27:07.144 [pool-1-thread-2] INFO  c.c.core.UnfiredFragmentCandidates - Changing related inputs to worked inputs 0 for 102
18:27:07.144 [pool-1-thread-2] INFO  c.c.core.UnfiredFragmentCandidates - event 102 - Before 0
18:27:07.144 [pool-1-thread-2] INFO  c.c.core.UnfiredFragmentCandidates - event 102 - After 0
18:27:07.144 [pool-1-thread-2] INFO  c.c.core.UnfiredFragmentCandidates - input for 102, 0
18:27:10.274 [pool-1-thread-2] INFO  com.crawljax.core.Crawler -  Event xpath /HTML[1]/BODY[1]/DIV[4]/DIV[1]/DIV[4]/DIV[2]/DIV[2]/DIV[1]/FORM[1]/DIV[1]/DIV[2]/DIV[2]/DIV[2]/DIV[1]/DIV[2]/DIV[3]/DIV[1]
18:27:10.294 [pool-1-thread-2] INFO  com.crawljax.core.Crawler - Changing related inputs for 103 with 0  to 0 
18:27:10.378 [pool-1-thread-2] INFO  c.c.core.UnfiredFragmentCandidates - Changing related inputs to worked inputs 0 for 103
18:27:10.378 [pool-1-thread-2] INFO  c.c.core.UnfiredFragmentCandidates - event 103 - Before 0
18:27:10.378 [pool-1-thread-2] INFO  c.c.core.UnfiredFragmentCandidates - event 103 - After 0
18:27:10.378 [pool-1-thread-2] INFO  c.c.core.UnfiredFragmentCandidates - input for 103, 0
18:27:13.514 [pool-1-thread-2] INFO  com.crawljax.core.Crawler -  Event xpath /HTML[1]/BODY[1]/DIV[4]/DIV[1]/DIV[4]/DIV[1]/DIV[1]/DIV[2]/UL[1]/LI[2]
18:27:13.532 [pool-1-thread-2] INFO  com.crawljax.core.Crawler - Changing related inputs for 104 with 0  to 0 
18:27:13.606 [pool-1-thread-2] INFO  c.c.core.UnfiredFragmentCandidates - Changing related inputs to worked inputs 0 for 104
18:27:13.606 [pool-1-thread-2] INFO  c.c.core.UnfiredFragmentCandidates - event 104 - Before 0
18:27:13.606 [pool-1-thread-2] INFO  c.c.core.UnfiredFragmentCandidates - event 104 - After 0
18:27:13.606 [pool-1-thread-2] INFO  c.c.core.UnfiredFragmentCandidates - input for 104, 0
18:27:16.740 [pool-1-thread-2] INFO  com.crawljax.core.Crawler -  Event xpath /HTML[1]/BODY[1]/DIV[2]
18:27:16.758 [pool-1-thread-2] INFO  com.crawljax.core.Crawler - Changing related inputs for 105 with 0  to 0 
18:27:16.833 [pool-1-thread-2] INFO  c.c.core.UnfiredFragmentCandidates - Changing related inputs to worked inputs 0 for 105
18:27:16.833 [pool-1-thread-2] INFO  c.c.core.UnfiredFragmentCandidates - event 105 - Before 0
18:27:16.833 [pool-1-thread-2] INFO  c.c.core.UnfiredFragmentCandidates - event 105 - After 0
18:27:16.833 [pool-1-thread-2] INFO  c.c.core.UnfiredFragmentCandidates - input for 105, 0
18:27:16.881 [pool-1-thread-2] INFO  com.crawljax.core.Crawler -  Event xpath /HTML[1]/BODY[1]/DIV[4]/DIV[1]/DIV[4]/DIV[1]/DIV[3]/DIV[2]/DIV[1]/DIV[2]/SPAN[1]
18:27:16.906 [pool-1-thread-2] INFO  com.crawljax.core.Crawler - Changing related inputs for 106 with 0  to 0 
18:27:16.987 [pool-1-thread-2] INFO  c.c.core.UnfiredFragmentCandidates - Changing related inputs to worked inputs 0 for 106
18:27:16.987 [pool-1-thread-2] INFO  c.c.core.UnfiredFragmentCandidates - event 106 - Before 0
18:27:16.987 [pool-1-thread-2] INFO  c.c.core.UnfiredFragmentCandidates - event 106 - After 0
18:27:16.987 [pool-1-thread-2] INFO  c.c.core.UnfiredFragmentCandidates - input for 106, 0
18:27:17.030 [pool-1-thread-2] INFO  com.crawljax.core.Crawler -  Event xpath /HTML[1]/BODY[1]/DIV[4]/DIV[2]/DIV[1]/DIV[3]/UL[1]/LI[3]/A[1]
18:27:17.049 [pool-1-thread-2] INFO  com.crawljax.core.Crawler - Changing related inputs for 107 with 0  to 0 
18:27:17.122 [pool-1-thread-2] INFO  c.c.core.UnfiredFragmentCandidates - Changing related inputs to worked inputs 0 for 107
18:27:17.122 [pool-1-thread-2] INFO  c.c.core.UnfiredFragmentCandidates - event 107 - Before 0
18:27:17.122 [pool-1-thread-2] INFO  c.c.core.UnfiredFragmentCandidates - event 107 - After 0
18:27:17.122 [pool-1-thread-2] INFO  c.c.core.UnfiredFragmentCandidates - input for 107, 0
18:27:20.981 [pool-1-thread-2] INFO  c.crawljax.core.state.StateMachine - CLONE State detected: state255 and state39 are the same.
18:27:20.981 [pool-1-thread-2] INFO  c.c.core.UnfiredFragmentCandidates - Placing state39 back in queue as it is rediscovered
18:27:20.981 [pool-1-thread-2] INFO  c.c.core.UnfiredFragmentCandidates - There are 12 states with unfired actions: [232, 233, 234, 3, 38, 147, 241, 84, 246, 146, 32, 39]
18:27:20.981 [pool-1-thread-2] INFO  c.c.core.UnfiredFragmentCandidates - Rediscovered state39 has unexplored actions
18:27:20.990 [pool-1-thread-2] INFO  com.crawljax.core.Crawler -  Event xpath /HTML[1]/BODY[1]/DIV[4]/DIV[1]/DIV[4]/DIV[2]/DIV[1]/DIV[2]/DIV[2]
18:27:21.004 [pool-1-thread-2] INFO  com.crawljax.core.Crawler - Changing related inputs for 108 with 0  to 0 
18:27:21.077 [pool-1-thread-2] INFO  c.c.core.UnfiredFragmentCandidates - Changing related inputs to worked inputs 0 for 108
18:27:21.077 [pool-1-thread-2] INFO  c.c.core.UnfiredFragmentCandidates - event 108 - Before 0
18:27:21.077 [pool-1-thread-2] INFO  c.c.core.UnfiredFragmentCandidates - event 108 - After 0
18:27:21.077 [pool-1-thread-2] INFO  c.c.core.UnfiredFragmentCandidates - input for 108, 0
18:27:21.127 [pool-1-thread-2] INFO  com.crawljax.core.Crawler -  Event xpath /HTML[1]/BODY[1]/DIV[4]/DIV[1]/DIV[4]/DIV[1]/DIV[3]/DIV[2]/DIV[1]/SPAN[1]
18:27:21.141 [pool-1-thread-2] INFO  com.crawljax.core.Crawler - Changing related inputs for 109 with 0  to 0 
18:27:21.220 [pool-1-thread-2] INFO  c.c.core.UnfiredFragmentCandidates - Changing related inputs to worked inputs 0 for 109
18:27:21.220 [pool-1-thread-2] INFO  c.c.core.UnfiredFragmentCandidates - event 109 - Before 0
18:27:21.220 [pool-1-thread-2] INFO  c.c.core.UnfiredFragmentCandidates - event 109 - After 0
18:27:21.220 [pool-1-thread-2] INFO  c.c.core.UnfiredFragmentCandidates - input for 109, 0
18:27:24.346 [pool-1-thread-2] INFO  com.crawljax.core.Crawler -  Event xpath /HTML[1]/BODY[1]/DIV[4]/DIV[1]/DIV[4]/DIV[1]/DIV[3]/DIV[2]/DIV[1]
18:27:24.361 [pool-1-thread-2] INFO  com.crawljax.core.Crawler - Changing related inputs for 110 with 0  to 0 
18:27:24.437 [pool-1-thread-2] INFO  c.c.core.UnfiredFragmentCandidates - Changing related inputs to worked inputs 0 for 110
18:27:24.437 [pool-1-thread-2] INFO  c.c.core.UnfiredFragmentCandidates - event 110 - Before 0
18:27:24.437 [pool-1-thread-2] INFO  c.c.core.UnfiredFragmentCandidates - event 110 - After 0
18:27:24.437 [pool-1-thread-2] INFO  c.c.core.UnfiredFragmentCandidates - input for 110, 0
18:27:27.564 [pool-1-thread-2] INFO  com.crawljax.core.Crawler -  Event xpath /HTML[1]/BODY[1]/DIV[4]/DIV[1]/DIV[2]/UL[1]/LI[2]/UL[1]/LI[1]/A[1]
18:27:27.578 [pool-1-thread-2] INFO  com.crawljax.core.Crawler - Changing related inputs for 111 with 0  to 0 
18:27:27.648 [pool-1-thread-2] INFO  c.c.core.UnfiredFragmentCandidates - Changing related inputs to worked inputs 0 for 111
18:27:27.648 [pool-1-thread-2] INFO  c.c.core.UnfiredFragmentCandidates - event 111 - Before 0
18:27:27.648 [pool-1-thread-2] INFO  c.c.core.UnfiredFragmentCandidates - event 111 - After 0
18:27:27.648 [pool-1-thread-2] INFO  c.c.core.UnfiredFragmentCandidates - input for 111, 0
18:27:27.688 [pool-1-thread-2] INFO  com.crawljax.core.Crawler - Found an invisible link with href=/desktops
18:27:30.565 [pool-1-thread-2] INFO  c.crawljax.core.state.StateMachine - CLONE State detected: state258 and state32 are the same.
18:27:30.573 [pool-1-thread-2] INFO  com.crawljax.core.Crawler -  Event xpath /HTML[1]/BODY[1]/DIV[4]/DIV[1]/DIV[2]/UL[2]/LI[3]/A[1]
18:27:30.589 [pool-1-thread-2] INFO  com.crawljax.core.Crawler - Changing related inputs for 112 with 0  to 0 
18:27:30.660 [pool-1-thread-2] INFO  c.c.core.UnfiredFragmentCandidates - Changing related inputs to worked inputs 0 for 112
18:27:30.661 [pool-1-thread-2] INFO  c.c.core.UnfiredFragmentCandidates - event 112 - Before 0
18:27:30.661 [pool-1-thread-2] INFO  c.c.core.UnfiredFragmentCandidates - event 112 - After 0
18:27:30.661 [pool-1-thread-2] INFO  c.c.core.UnfiredFragmentCandidates - input for 112, 0
18:27:30.702 [pool-1-thread-2] INFO  com.crawljax.core.Crawler - Found an invisible link with href=/electronics
18:27:33.649 [pool-1-thread-2] INFO  c.c.c.state.InMemoryStateFlowGraph - Number of states in the graph is now 42
18:27:33.649 [pool-1-thread-2] INFO  c.crawljax.core.state.StateMachine - State state259 added to the StateMachine.
18:27:33.748 [pool-1-thread-2] INFO  com.crawljax.core.Crawler - New DOM is a new state! crawl depth is now 6
18:27:33.748 [pool-1-thread-2] INFO  com.crawljax.core.Crawler - Parsing DOM of state state259 for candidate elements
18:27:33.752 [pool-1-thread-2] INFO  c.c.core.UnfiredFragmentCandidates - There are 13 states with unfired actions: [232, 233, 234, 3, 38, 147, 241, 84, 246, 146, 32, 39, 259]
18:27:33.760 [pool-1-thread-2] INFO  com.crawljax.core.Crawler -  Event xpath /HTML[1]/BODY[1]/DIV[4]/DIV[1]/DIV[4]/DIV[1]/DIV[3]/DIV[2]/DIV[1]/DIV[1]
18:27:33.774 [pool-1-thread-2] INFO  com.crawljax.core.Crawler - Changing related inputs for 113 with 0  to 0 
18:27:33.858 [pool-1-thread-2] INFO  c.c.core.UnfiredFragmentCandidates - Changing related inputs to worked inputs 0 for 113
18:27:33.858 [pool-1-thread-2] INFO  c.c.core.UnfiredFragmentCandidates - event 113 - Before 0
18:27:33.858 [pool-1-thread-2] INFO  c.c.core.UnfiredFragmentCandidates - event 113 - After 0
18:27:33.858 [pool-1-thread-2] INFO  c.c.core.UnfiredFragmentCandidates - input for 113, 0
18:27:36.979 [pool-1-thread-2] INFO  com.crawljax.core.Crawler -  Event xpath /HTML[1]/BODY[1]/DIV[4]/DIV[1]/DIV[1]/DIV[1]/A[1]/IMG[1]
18:27:36.992 [pool-1-thread-2] INFO  com.crawljax.core.Crawler - Changing related inputs for 114 with 0  to 0 
18:27:37.067 [pool-1-thread-2] INFO  c.c.core.UnfiredFragmentCandidates - Changing related inputs to worked inputs 0 for 114
18:27:37.067 [pool-1-thread-2] INFO  c.c.core.UnfiredFragmentCandidates - event 114 - Before 0
18:27:37.067 [pool-1-thread-2] INFO  c.c.core.UnfiredFragmentCandidates - event 114 - After 0
18:27:37.067 [pool-1-thread-2] INFO  c.c.core.UnfiredFragmentCandidates - input for 114, 0
18:27:40.872 [pool-1-thread-2] INFO  c.c.c.state.InMemoryStateFlowGraph - Number of states in the graph is now 43
18:27:40.872 [pool-1-thread-2] INFO  c.crawljax.core.state.StateMachine - State state261 added to the StateMachine.
18:27:41.000 [pool-1-thread-2] INFO  com.crawljax.core.Crawler - New DOM is a new state! crawl depth is now 7
18:27:41.000 [pool-1-thread-2] INFO  com.crawljax.core.Crawler - Parsing DOM of state state261 for candidate elements
18:27:41.007 [pool-1-thread-2] INFO  c.c.core.UnfiredFragmentCandidates - There are 14 states with unfired actions: [232, 233, 234, 3, 38, 147, 241, 84, 246, 146, 32, 39, 259, 261]
18:27:41.015 [pool-1-thread-2] INFO  com.crawljax.core.Crawler -  Event xpath /HTML[1]/BODY[1]/DIV[4]/DIV[1]/DIV[4]/DIV[2]/DIV[1]/DIV[2]/DIV[1]/DIV[2]/SPAN[1]
18:27:41.034 [pool-1-thread-2] INFO  com.crawljax.core.Crawler - Changing related inputs for 115 with 0  to 0 
18:27:41.111 [pool-1-thread-2] INFO  c.c.core.UnfiredFragmentCandidates - Changing related inputs to worked inputs 0 for 115
18:27:41.111 [pool-1-thread-2] INFO  c.c.core.UnfiredFragmentCandidates - event 115 - Before 0
18:27:41.111 [pool-1-thread-2] INFO  c.c.core.UnfiredFragmentCandidates - event 115 - After 0
18:27:41.111 [pool-1-thread-2] INFO  c.c.core.UnfiredFragmentCandidates - input for 115, 0
18:27:41.158 [pool-1-thread-2] INFO  com.crawljax.core.Crawler -  Event xpath /HTML[1]/BODY[1]/DIV[4]/DIV[2]/DIV[1]/DIV[1]/UL[1]/LI[4]
18:27:41.176 [pool-1-thread-2] INFO  com.crawljax.core.Crawler - Changing related inputs for 116 with 0  to 0 
18:27:41.248 [pool-1-thread-2] INFO  c.c.core.UnfiredFragmentCandidates - Changing related inputs to worked inputs 0 for 116
18:27:41.248 [pool-1-thread-2] INFO  c.c.core.UnfiredFragmentCandidates - event 116 - Before 0
18:27:41.248 [pool-1-thread-2] INFO  c.c.core.UnfiredFragmentCandidates - event 116 - After 0
18:27:41.248 [pool-1-thread-2] INFO  c.c.core.UnfiredFragmentCandidates - input for 116, 0
18:27:44.382 [pool-1-thread-2] INFO  c.c.c.state.InMemoryStateFlowGraph - Number of states in the graph is now 44
18:27:44.383 [pool-1-thread-2] INFO  c.crawljax.core.state.StateMachine - State state262 added to the StateMachine.
18:27:44.532 [pool-1-thread-2] INFO  com.crawljax.core.Crawler - New DOM is a new state! crawl depth is now 8
18:27:44.540 [pool-1-thread-2] INFO  com.crawljax.core.Crawler - Resetting the crawler and Going to state state160
18:27:44.549 [pool-1-thread-2] INFO  com.crawljax.core.CrawlSession - Adding CrawlPath to session !!
18:27:44.549 [pool-1-thread-2] INFO  com.crawljax.core.Crawler - BT-state157:-1state160_81_state232state232_83_state233state233_84_state234state234_85_state3state3_86_state38state38_88_state234state234_89_state147state147_91_state241state241_92_state84state84_96_state246state246_97_state146state146_98_state32state32_99_state232state232_107_state39state39_111_state32state32_112_state259state259_114_state261state261_116_state262
18:27:47.352 [pool-1-thread-2] INFO  c.c.c.state.InMemoryStateFlowGraph - Number of states in the graph is now 45
18:27:47.494 [pool-1-thread-2] INFO  com.crawljax.core.Crawler - Parsing DOM of state state263 for candidate elements
18:27:47.505 [pool-1-thread-2] INFO  c.c.core.UnfiredFragmentCandidates - There are 15 states with unfired actions: [232, 233, 234, 3, 38, 147, 241, 84, 246, 146, 32, 39, 259, 261, 263]
18:27:47.505 [pool-1-thread-2] INFO  com.crawljax.core.Crawler - Added a reload edge from state262 to state263
18:27:47.505 [pool-1-thread-2] INFO  com.crawljax.core.Crawler - Initial state not the same as current state : Getting shortest path from current state
18:27:47.506 [pool-1-thread-2] INFO  com.crawljax.core.Crawler - state160 no path from state263
18:27:47.506 [pool-1-thread-2] INFO  c.crawljax.core.state.StateMachine - Cannot go to state: 'state1' from: 'state263'
18:27:47.506 [pool-1-thread-2] INFO  com.crawljax.core.Crawler - Not a valid path anymore index: state160
18:27:47.506 [pool-1-thread-2] INFO  com.crawljax.core.Crawler - Tried to follow 
18:27:47.506 [pool-1-thread-2] INFO  com.crawljax.core.Crawler - index_1_state1state1_4_state3state3_5_state4state4_23_state32state32_74_state153state153_77_state84state84_78_state157state157_80_state159state159_0_state160
18:27:47.506 [pool-1-thread-2] INFO  com.crawljax.core.Crawler - Saving failed backtracking path to 160
18:27:47.506 [pool-1-thread-2] INFO  com.crawljax.core.Crawler - backtrack status: false, reached NearDuplicate : -1 
18:27:50.322 [pool-1-thread-2] INFO  com.crawljax.core.Crawler - index has changed to: state263
18:27:50.322 [pool-1-thread-2] INFO  com.crawljax.core.Crawler - Added a reload edge from state263 to state263
18:27:50.322 [pool-1-thread-2] INFO  c.crawljax.core.state.StateMachine - Cannot go to state: 'state13' from: 'state263'
18:27:50.322 [pool-1-thread-2] INFO  com.crawljax.core.Crawler - Not a valid path anymore state12: state160
18:27:50.322 [pool-1-thread-2] INFO  com.crawljax.core.Crawler - Tried to follow 
18:27:50.322 [pool-1-thread-2] INFO  com.crawljax.core.Crawler - state12_0_state13state13_17_state27state27_18_state28state28_19_state29state29_21_state4state4_23_state32state32_74_state153state153_77_state84state84_78_state157state157_80_state159state159_0_state160
18:27:50.322 [pool-1-thread-2] INFO  com.crawljax.core.Crawler - Saving failed backtracking path to 160
18:27:50.322 [pool-1-thread-2] INFO  com.crawljax.core.Crawler - backtrack status: false, reached NearDuplicate : -1 
18:27:53.136 [pool-1-thread-2] INFO  com.crawljax.core.Crawler - index has changed to: state263
18:27:53.137 [pool-1-thread-2] INFO  com.crawljax.core.Crawler - Did not add reload edge from state263 to state263
18:27:53.137 [pool-1-thread-2] INFO  c.crawljax.core.state.StateMachine - Cannot go to state: 'state27' from: 'state263'
18:27:53.137 [pool-1-thread-2] INFO  com.crawljax.core.Crawler - Not a valid path anymore state13: state160
18:27:53.137 [pool-1-thread-2] INFO  com.crawljax.core.Crawler - Tried to follow 
18:27:53.137 [pool-1-thread-2] INFO  com.crawljax.core.Crawler - state13_17_state27state27_18_state28state28_19_state29state29_21_state4state4_23_state32state32_74_state153state153_77_state84state84_78_state157state157_80_state159state159_0_state160
18:27:53.137 [pool-1-thread-2] INFO  com.crawljax.core.Crawler - Saving failed backtracking path to 160
18:27:53.137 [pool-1-thread-2] INFO  com.crawljax.core.Crawler - backtrack status: false, reached NearDuplicate : -1 
18:27:55.949 [pool-1-thread-2] INFO  com.crawljax.core.Crawler - index has changed to: state263
18:27:55.949 [pool-1-thread-2] INFO  com.crawljax.core.Crawler - Did not add reload edge from state263 to state263
18:27:55.950 [pool-1-thread-2] INFO  c.crawljax.core.state.StateMachine - Cannot go to state: 'state5' from: 'state263'
18:27:55.950 [pool-1-thread-2] INFO  com.crawljax.core.Crawler - Not a valid path anymore state43: state160
18:27:55.950 [pool-1-thread-2] INFO  com.crawljax.core.Crawler - Tried to follow 
18:27:55.950 [pool-1-thread-2] INFO  com.crawljax.core.Crawler - state43_37_state5state5_38_state80state80_39_state81state81_43_state84state84_78_state157state157_80_state159state159_0_state160
18:27:55.950 [pool-1-thread-2] INFO  com.crawljax.core.Crawler - Saving failed backtracking path to 160
18:27:55.950 [pool-1-thread-2] INFO  com.crawljax.core.Crawler - backtrack status: false, reached NearDuplicate : -1 
18:27:58.754 [pool-1-thread-2] INFO  com.crawljax.core.Crawler - index has changed to: state263
18:27:58.754 [pool-1-thread-2] INFO  com.crawljax.core.Crawler - Did not add reload edge from state263 to state263
18:27:58.755 [pool-1-thread-2] INFO  c.crawljax.core.state.StateMachine - Cannot go to state: 'state139' from: 'state263'
18:27:58.755 [pool-1-thread-2] INFO  com.crawljax.core.Crawler - Not a valid path anymore state94: state160
18:27:58.755 [pool-1-thread-2] INFO  com.crawljax.core.Crawler - Tried to follow 
18:27:58.755 [pool-1-thread-2] INFO  com.crawljax.core.Crawler - state94_56_state139state139_57_state140state140_58_state29state29_21_state4state4_23_state32state32_74_state153state153_77_state84state84_78_state157state157_80_state159state159_0_state160
18:27:58.755 [pool-1-thread-2] INFO  com.crawljax.core.Crawler - Saving failed backtracking path to 160
18:27:58.755 [pool-1-thread-2] INFO  com.crawljax.core.Crawler - backtrack status: false, reached NearDuplicate : -1 
18:28:01.597 [pool-1-thread-2] INFO  com.crawljax.core.Crawler - index has changed to: state263
18:28:01.598 [pool-1-thread-2] INFO  com.crawljax.core.Crawler - Did not add reload edge from state263 to state263
18:28:01.598 [pool-1-thread-2] INFO  com.crawljax.core.Crawler - Not a valid path anymore state160: state160
18:28:01.598 [pool-1-thread-2] INFO  com.crawljax.core.Crawler - Tried to follow 
18:28:01.598 [pool-1-thread-2] INFO  com.crawljax.core.Crawler - 
18:28:01.598 [pool-1-thread-2] INFO  com.crawljax.core.Crawler - Saving failed backtracking path to 160
18:28:01.598 [pool-1-thread-2] INFO  com.crawljax.core.Crawler - backtrack status: false, reached NearDuplicate : -1 
18:28:04.404 [pool-1-thread-2] INFO  com.crawljax.core.Crawler - index has changed to: state263
18:28:04.404 [pool-1-thread-2] INFO  com.crawljax.core.Crawler - Did not add reload edge from state263 to state263
18:28:04.404 [pool-1-thread-2] INFO  com.crawljax.core.Crawler - state160 no path from state263
18:28:04.404 [pool-1-thread-2] INFO  com.crawljax.core.Crawler - state unreachable: Removing from candidate actions state160
18:28:04.404 [pool-1-thread-2] INFO  c.c.core.UnfiredFragmentCandidates - Placing purged actions in unreachable cache for state160
18:28:04.404 [pool-1-thread-2] INFO  com.crawljax.core.Crawler - Resetting the crawler and Going to state state232
18:28:07.213 [pool-1-thread-2] INFO  com.crawljax.core.Crawler - index has changed to: state263
18:28:07.213 [pool-1-thread-2] INFO  com.crawljax.core.Crawler - Did not add reload edge from state263 to state263
18:28:07.213 [pool-1-thread-2] INFO  com.crawljax.core.Crawler - Initial state not the same as current state : Getting shortest path from current state
18:28:07.213 [pool-1-thread-2] INFO  com.crawljax.core.Crawler - state232 no path from state263
18:28:07.214 [pool-1-thread-2] INFO  c.crawljax.core.state.StateMachine - Cannot go to state: 'state1' from: 'state263'
18:28:07.214 [pool-1-thread-2] INFO  com.crawljax.core.Crawler - Not a valid path anymore index: state232
18:28:07.214 [pool-1-thread-2] INFO  com.crawljax.core.Crawler - Tried to follow 
18:28:07.214 [pool-1-thread-2] INFO  com.crawljax.core.Crawler - index_1_state1state1_4_state3state3_5_state4state4_23_state32state32_99_state232
18:28:07.214 [pool-1-thread-2] INFO  com.crawljax.core.Crawler - Saving failed backtracking path to 232
18:28:07.214 [pool-1-thread-2] INFO  com.crawljax.core.Crawler - backtrack status: false, reached NearDuplicate : -1 
18:28:10.040 [pool-1-thread-2] INFO  com.crawljax.core.Crawler - index has changed to: state263
18:28:10.040 [pool-1-thread-2] INFO  com.crawljax.core.Crawler - Did not add reload edge from state263 to state263
18:28:10.040 [pool-1-thread-2] INFO  c.crawljax.core.state.StateMachine - Cannot go to state: 'state13' from: 'state263'
18:28:10.040 [pool-1-thread-2] INFO  com.crawljax.core.Crawler - Not a valid path anymore state12: state232
18:28:10.040 [pool-1-thread-2] INFO  com.crawljax.core.Crawler - Tried to follow 
18:28:10.040 [pool-1-thread-2] INFO  com.crawljax.core.Crawler - state12_0_state13state13_17_state27state27_18_state28state28_19_state29state29_21_state4state4_23_state32state32_99_state232
18:28:10.040 [pool-1-thread-2] INFO  com.crawljax.core.Crawler - Saving failed backtracking path to 232
18:28:10.040 [pool-1-thread-2] INFO  com.crawljax.core.Crawler - backtrack status: false, reached NearDuplicate : -1 
18:28:12.869 [pool-1-thread-2] INFO  com.crawljax.core.Crawler - index has changed to: state263
18:28:12.869 [pool-1-thread-2] INFO  com.crawljax.core.Crawler - Did not add reload edge from state263 to state263
18:28:12.869 [pool-1-thread-2] INFO  c.crawljax.core.state.StateMachine - Cannot go to state: 'state27' from: 'state263'
18:28:12.869 [pool-1-thread-2] INFO  com.crawljax.core.Crawler - Not a valid path anymore state13: state232
18:28:12.869 [pool-1-thread-2] INFO  com.crawljax.core.Crawler - Tried to follow 
18:28:12.869 [pool-1-thread-2] INFO  com.crawljax.core.Crawler - state13_17_state27state27_18_state28state28_19_state29state29_21_state4state4_23_state32state32_99_state232
18:28:12.869 [pool-1-thread-2] INFO  com.crawljax.core.Crawler - Saving failed backtracking path to 232
18:28:12.869 [pool-1-thread-2] INFO  com.crawljax.core.Crawler - backtrack status: false, reached NearDuplicate : -1 
18:28:15.692 [pool-1-thread-2] INFO  com.crawljax.core.Crawler - index has changed to: state263
18:28:15.692 [pool-1-thread-2] INFO  com.crawljax.core.Crawler - Did not add reload edge from state263 to state263
18:28:15.692 [pool-1-thread-2] INFO  c.crawljax.core.state.StateMachine - Cannot go to state: 'state5' from: 'state263'
18:28:15.692 [pool-1-thread-2] INFO  com.crawljax.core.Crawler - Not a valid path anymore state43: state232
18:28:15.692 [pool-1-thread-2] INFO  com.crawljax.core.Crawler - Tried to follow 
18:28:15.692 [pool-1-thread-2] INFO  com.crawljax.core.Crawler - state43_37_state5state5_7_state4state4_23_state32state32_99_state232
18:28:15.692 [pool-1-thread-2] INFO  com.crawljax.core.Crawler - Saving failed backtracking path to 232
18:28:15.692 [pool-1-thread-2] INFO  com.crawljax.core.Crawler - backtrack status: false, reached NearDuplicate : -1 
18:28:18.496 [pool-1-thread-2] INFO  com.crawljax.core.Crawler - index has changed to: state263
18:28:18.496 [pool-1-thread-2] INFO  com.crawljax.core.Crawler - Did not add reload edge from state263 to state263
18:28:18.496 [pool-1-thread-2] INFO  c.crawljax.core.state.StateMachine - Cannot go to state: 'state139' from: 'state263'
18:28:18.496 [pool-1-thread-2] INFO  com.crawljax.core.Crawler - Not a valid path anymore state94: state232
18:28:18.496 [pool-1-thread-2] INFO  com.crawljax.core.Crawler - Tried to follow 
18:28:18.496 [pool-1-thread-2] INFO  com.crawljax.core.Crawler - state94_56_state139state139_57_state140state140_58_state29state29_21_state4state4_23_state32state32_99_state232
18:28:18.496 [pool-1-thread-2] INFO  com.crawljax.core.Crawler - Saving failed backtracking path to 232
18:28:18.496 [pool-1-thread-2] INFO  com.crawljax.core.Crawler - backtrack status: false, reached NearDuplicate : -1 
18:28:21.313 [pool-1-thread-2] INFO  com.crawljax.core.Crawler - index has changed to: state263
18:28:21.313 [pool-1-thread-2] INFO  com.crawljax.core.Crawler - Did not add reload edge from state263 to state263
18:28:21.313 [pool-1-thread-2] INFO  c.crawljax.core.state.StateMachine - Cannot go to state: 'state232' from: 'state263'
18:28:21.313 [pool-1-thread-2] INFO  com.crawljax.core.Crawler - Not a valid path anymore state160: state232
18:28:21.313 [pool-1-thread-2] INFO  com.crawljax.core.Crawler - Tried to follow 
18:28:21.313 [pool-1-thread-2] INFO  com.crawljax.core.Crawler - state160_81_state232
18:28:21.313 [pool-1-thread-2] INFO  com.crawljax.core.Crawler - Saving failed backtracking path to 232
18:28:21.313 [pool-1-thread-2] INFO  com.crawljax.core.Crawler - backtrack status: false, reached NearDuplicate : -1 
18:28:24.131 [pool-1-thread-2] INFO  com.crawljax.core.Crawler - index has changed to: state263
18:28:24.131 [pool-1-thread-2] INFO  com.crawljax.core.Crawler - Did not add reload edge from state263 to state263
18:28:24.131 [pool-1-thread-2] INFO  com.crawljax.core.Crawler - state232 no path from state263
18:28:24.131 [pool-1-thread-2] INFO  com.crawljax.core.Crawler - state unreachable: Removing from candidate actions state232
18:28:24.131 [pool-1-thread-2] INFO  c.c.core.UnfiredFragmentCandidates - Placing purged actions in unreachable cache for state232
18:28:24.131 [pool-1-thread-2] INFO  com.crawljax.core.Crawler - Resetting the crawler and Going to state state233
18:28:26.947 [pool-1-thread-2] INFO  com.crawljax.core.Crawler - index has changed to: state263
18:28:26.947 [pool-1-thread-2] INFO  com.crawljax.core.Crawler - Did not add reload edge from state263 to state263
18:28:26.948 [pool-1-thread-2] INFO  com.crawljax.core.Crawler - Initial state not the same as current state : Getting shortest path from current state
18:28:26.948 [pool-1-thread-2] INFO  com.crawljax.core.Crawler - state233 no path from state263
18:28:26.948 [pool-1-thread-2] INFO  c.crawljax.core.state.StateMachine - Cannot go to state: 'state1' from: 'state263'
18:28:26.948 [pool-1-thread-2] INFO  com.crawljax.core.Crawler - Not a valid path anymore index: state233
18:28:26.948 [pool-1-thread-2] INFO  com.crawljax.core.Crawler - Tried to follow 
18:28:26.948 [pool-1-thread-2] INFO  com.crawljax.core.Crawler - index_1_state1state1_4_state3state3_5_state4state4_23_state32state32_99_state232state232_83_state233
18:28:26.948 [pool-1-thread-2] INFO  com.crawljax.core.Crawler - Saving failed backtracking path to 233
18:28:26.948 [pool-1-thread-2] INFO  com.crawljax.core.Crawler - backtrack status: false, reached NearDuplicate : -1 
18:28:29.764 [pool-1-thread-2] INFO  com.crawljax.core.Crawler - index has changed to: state263
18:28:29.765 [pool-1-thread-2] INFO  com.crawljax.core.Crawler - Did not add reload edge from state263 to state263
18:28:29.765 [pool-1-thread-2] INFO  c.crawljax.core.state.StateMachine - Cannot go to state: 'state13' from: 'state263'
18:28:29.765 [pool-1-thread-2] INFO  com.crawljax.core.Crawler - Not a valid path anymore state12: state233
18:28:29.765 [pool-1-thread-2] INFO  com.crawljax.core.Crawler - Tried to follow 
18:28:29.765 [pool-1-thread-2] INFO  com.crawljax.core.Crawler - state12_0_state13state13_17_state27state27_18_state28state28_19_state29state29_21_state4state4_23_state32state32_99_state232state232_83_state233
18:28:29.765 [pool-1-thread-2] INFO  com.crawljax.core.Crawler - Saving failed backtracking path to 233
18:28:29.765 [pool-1-thread-2] INFO  com.crawljax.core.Crawler - backtrack status: false, reached NearDuplicate : -1 
18:28:32.564 [pool-1-thread-2] INFO  com.crawljax.core.Crawler - index has changed to: state263
18:28:32.565 [pool-1-thread-2] INFO  com.crawljax.core.Crawler - Did not add reload edge from state263 to state263
18:28:32.565 [pool-1-thread-2] INFO  c.crawljax.core.state.StateMachine - Cannot go to state: 'state27' from: 'state263'
18:28:32.565 [pool-1-thread-2] INFO  com.crawljax.core.Crawler - Not a valid path anymore state13: state233
18:28:32.565 [pool-1-thread-2] INFO  com.crawljax.core.Crawler - Tried to follow 
18:28:32.565 [pool-1-thread-2] INFO  com.crawljax.core.Crawler - state13_17_state27state27_18_state28state28_19_state29state29_21_state4state4_23_state32state32_99_state232state232_83_state233
18:28:32.565 [pool-1-thread-2] INFO  com.crawljax.core.Crawler - Saving failed backtracking path to 233
18:28:32.565 [pool-1-thread-2] INFO  com.crawljax.core.Crawler - backtrack status: false, reached NearDuplicate : -1 
18:28:35.373 [pool-1-thread-2] INFO  com.crawljax.core.Crawler - index has changed to: state263
18:28:35.373 [pool-1-thread-2] INFO  com.crawljax.core.Crawler - Did not add reload edge from state263 to state263
18:28:35.373 [pool-1-thread-2] INFO  c.crawljax.core.state.StateMachine - Cannot go to state: 'state5' from: 'state263'
18:28:35.373 [pool-1-thread-2] INFO  com.crawljax.core.Crawler - Not a valid path anymore state43: state233
18:28:35.373 [pool-1-thread-2] INFO  com.crawljax.core.Crawler - Tried to follow 
18:28:35.373 [pool-1-thread-2] INFO  com.crawljax.core.Crawler - state43_37_state5state5_7_state4state4_23_state32state32_99_state232state232_83_state233
18:28:35.373 [pool-1-thread-2] INFO  com.crawljax.core.Crawler - Saving failed backtracking path to 233
18:28:35.373 [pool-1-thread-2] INFO  com.crawljax.core.Crawler - backtrack status: false, reached NearDuplicate : -1 
18:28:38.177 [pool-1-thread-2] INFO  com.crawljax.core.Crawler - index has changed to: state263
18:28:38.177 [pool-1-thread-2] INFO  com.crawljax.core.Crawler - Did not add reload edge from state263 to state263
18:28:38.177 [pool-1-thread-2] INFO  c.crawljax.core.state.StateMachine - Cannot go to state: 'state139' from: 'state263'
18:28:38.178 [pool-1-thread-2] INFO  com.crawljax.core.Crawler - Not a valid path anymore state94: state233
18:28:38.178 [pool-1-thread-2] INFO  com.crawljax.core.Crawler - Tried to follow 
18:28:38.178 [pool-1-thread-2] INFO  com.crawljax.core.Crawler - state94_56_state139state139_57_state140state140_58_state29state29_21_state4state4_23_state32state32_99_state232state232_83_state233
18:28:38.178 [pool-1-thread-2] INFO  com.crawljax.core.Crawler - Saving failed backtracking path to 233
18:28:38.178 [pool-1-thread-2] INFO  com.crawljax.core.Crawler - backtrack status: false, reached NearDuplicate : -1 
18:28:40.982 [pool-1-thread-2] INFO  com.crawljax.core.Crawler - index has changed to: state263
18:28:40.982 [pool-1-thread-2] INFO  com.crawljax.core.Crawler - Did not add reload edge from state263 to state263
18:28:40.982 [pool-1-thread-2] INFO  c.crawljax.core.state.StateMachine - Cannot go to state: 'state232' from: 'state263'
18:28:40.982 [pool-1-thread-2] INFO  com.crawljax.core.Crawler - Not a valid path anymore state160: state233
18:28:40.982 [pool-1-thread-2] INFO  com.crawljax.core.Crawler - Tried to follow 
18:28:40.982 [pool-1-thread-2] INFO  com.crawljax.core.Crawler - state160_81_state232state232_83_state233
18:28:40.982 [pool-1-thread-2] INFO  com.crawljax.core.Crawler - Saving failed backtracking path to 233
18:28:40.982 [pool-1-thread-2] INFO  com.crawljax.core.Crawler - backtrack status: false, reached NearDuplicate : -1 
18:28:43.791 [pool-1-thread-2] INFO  com.crawljax.core.Crawler - index has changed to: state263
18:28:43.791 [pool-1-thread-2] INFO  com.crawljax.core.Crawler - Did not add reload edge from state263 to state263
18:28:43.791 [pool-1-thread-2] INFO  com.crawljax.core.Crawler - state233 no path from state263
18:28:43.791 [pool-1-thread-2] INFO  com.crawljax.core.Crawler - state unreachable: Removing from candidate actions state233
18:28:43.791 [pool-1-thread-2] INFO  c.c.core.UnfiredFragmentCandidates - Placing purged actions in unreachable cache for state233
18:28:43.791 [pool-1-thread-2] INFO  com.crawljax.core.Crawler - Resetting the crawler and Going to state state234
18:28:46.633 [pool-1-thread-2] INFO  com.crawljax.core.Crawler - index has changed to: state263
18:28:46.633 [pool-1-thread-2] INFO  com.crawljax.core.Crawler - Did not add reload edge from state263 to state263
18:28:46.633 [pool-1-thread-2] INFO  com.crawljax.core.Crawler - Initial state not the same as current state : Getting shortest path from current state
18:28:46.633 [pool-1-thread-2] INFO  com.crawljax.core.Crawler - state234 no path from state263
18:28:46.633 [pool-1-thread-2] INFO  c.crawljax.core.state.StateMachine - Cannot go to state: 'state1' from: 'state263'
18:28:46.633 [pool-1-thread-2] INFO  com.crawljax.core.Crawler - Not a valid path anymore index: state234
18:28:46.633 [pool-1-thread-2] INFO  com.crawljax.core.Crawler - Tried to follow 
18:28:46.634 [pool-1-thread-2] INFO  com.crawljax.core.Crawler - index_1_state1state1_4_state3state3_86_state38state38_88_state234
18:28:46.634 [pool-1-thread-2] INFO  com.crawljax.core.Crawler - Saving failed backtracking path to 234
18:28:46.634 [pool-1-thread-2] INFO  com.crawljax.core.Crawler - backtrack status: false, reached NearDuplicate : -1 
18:28:49.451 [pool-1-thread-2] INFO  com.crawljax.core.Crawler - index has changed to: state263
18:28:49.451 [pool-1-thread-2] INFO  com.crawljax.core.Crawler - Did not add reload edge from state263 to state263
18:28:49.451 [pool-1-thread-2] INFO  c.crawljax.core.state.StateMachine - Cannot go to state: 'state13' from: 'state263'
18:28:49.452 [pool-1-thread-2] INFO  com.crawljax.core.Crawler - Not a valid path anymore state12: state234
18:28:49.452 [pool-1-thread-2] INFO  com.crawljax.core.Crawler - Tried to follow 
18:28:49.452 [pool-1-thread-2] INFO  com.crawljax.core.Crawler - state12_0_state13state13_17_state27state27_18_state28state28_19_state29state29_21_state4state4_23_state32state32_30_state37state37_31_state38state38_88_state234
18:28:49.452 [pool-1-thread-2] INFO  com.crawljax.core.Crawler - Saving failed backtracking path to 234
18:28:49.452 [pool-1-thread-2] INFO  com.crawljax.core.Crawler - backtrack status: false, reached NearDuplicate : -1 
18:28:52.252 [pool-1-thread-2] INFO  com.crawljax.core.Crawler - index has changed to: state263
18:28:52.253 [pool-1-thread-2] INFO  com.crawljax.core.Crawler - Did not add reload edge from state263 to state263
18:28:52.253 [pool-1-thread-2] INFO  c.crawljax.core.state.StateMachine - Cannot go to state: 'state27' from: 'state263'
18:28:52.253 [pool-1-thread-2] INFO  com.crawljax.core.Crawler - Not a valid path anymore state13: state234
18:28:52.253 [pool-1-thread-2] INFO  com.crawljax.core.Crawler - Tried to follow 
18:28:52.253 [pool-1-thread-2] INFO  com.crawljax.core.Crawler - state13_17_state27state27_18_state28state28_19_state29state29_21_state4state4_23_state32state32_99_state232state232_83_state233state233_84_state234
18:28:52.253 [pool-1-thread-2] INFO  com.crawljax.core.Crawler - Saving failed backtracking path to 234
18:28:52.253 [pool-1-thread-2] INFO  com.crawljax.core.Crawler - backtrack status: false, reached NearDuplicate : -1 
18:28:55.089 [pool-1-thread-2] INFO  com.crawljax.core.Crawler - index has changed to: state263
18:28:55.089 [pool-1-thread-2] INFO  com.crawljax.core.Crawler - Did not add reload edge from state263 to state263
18:28:55.089 [pool-1-thread-2] INFO  c.crawljax.core.state.StateMachine - Cannot go to state: 'state5' from: 'state263'
18:28:55.089 [pool-1-thread-2] INFO  com.crawljax.core.Crawler - Not a valid path anymore state43: state234
18:28:55.089 [pool-1-thread-2] INFO  com.crawljax.core.Crawler - Tried to follow 
18:28:55.089 [pool-1-thread-2] INFO  com.crawljax.core.Crawler - state43_37_state5state5_7_state4state4_23_state32state32_30_state37state37_31_state38state38_88_state234
18:28:55.089 [pool-1-thread-2] INFO  com.crawljax.core.Crawler - Saving failed backtracking path to 234
18:28:55.089 [pool-1-thread-2] INFO  com.crawljax.core.Crawler - backtrack status: false, reached NearDuplicate : -1 
18:28:57.906 [pool-1-thread-2] INFO  com.crawljax.core.Crawler - index has changed to: state263
18:28:57.906 [pool-1-thread-2] INFO  com.crawljax.core.Crawler - Did not add reload edge from state263 to state263
18:28:57.906 [pool-1-thread-2] INFO  c.crawljax.core.state.StateMachine - Cannot go to state: 'state139' from: 'state263'
18:28:57.906 [pool-1-thread-2] INFO  com.crawljax.core.Crawler - Not a valid path anymore state94: state234
18:28:57.906 [pool-1-thread-2] INFO  com.crawljax.core.Crawler - Tried to follow 
18:28:57.906 [pool-1-thread-2] INFO  com.crawljax.core.Crawler - state94_56_state139state139_57_state140state140_58_state29state29_21_state4state4_23_state32state32_99_state232state232_83_state233state233_84_state234
18:28:57.906 [pool-1-thread-2] INFO  com.crawljax.core.Crawler - Saving failed backtracking path to 234
18:28:57.906 [pool-1-thread-2] INFO  com.crawljax.core.Crawler - backtrack status: false, reached NearDuplicate : -1 
18:29:00.751 [pool-1-thread-2] INFO  com.crawljax.core.Crawler - index has changed to: state263
18:29:00.751 [pool-1-thread-2] INFO  com.crawljax.core.Crawler - Did not add reload edge from state263 to state263
18:29:00.752 [pool-1-thread-2] INFO  c.crawljax.core.state.StateMachine - Cannot go to state: 'state232' from: 'state263'
18:29:00.752 [pool-1-thread-2] INFO  com.crawljax.core.Crawler - Not a valid path anymore state160: state234
18:29:00.752 [pool-1-thread-2] INFO  com.crawljax.core.Crawler - Tried to follow 
18:29:00.752 [pool-1-thread-2] INFO  com.crawljax.core.Crawler - state160_81_state232state232_83_state233state233_84_state234
18:29:00.752 [pool-1-thread-2] INFO  com.crawljax.core.Crawler - Saving failed backtracking path to 234
18:29:00.752 [pool-1-thread-2] INFO  com.crawljax.core.Crawler - backtrack status: false, reached NearDuplicate : -1 
18:29:03.576 [pool-1-thread-2] INFO  com.crawljax.core.Crawler - index has changed to: state263
18:29:03.577 [pool-1-thread-2] INFO  com.crawljax.core.Crawler - Did not add reload edge from state263 to state263
18:29:03.577 [pool-1-thread-2] INFO  com.crawljax.core.Crawler - state234 no path from state263
18:29:03.577 [pool-1-thread-2] INFO  com.crawljax.core.Crawler - state unreachable: Removing from candidate actions state234
18:29:03.577 [pool-1-thread-2] INFO  c.c.core.UnfiredFragmentCandidates - Placing purged actions in unreachable cache for state234
18:29:03.577 [pool-1-thread-2] INFO  com.crawljax.core.Crawler - Resetting the crawler and Going to state state3
18:29:06.386 [pool-1-thread-2] INFO  com.crawljax.core.Crawler - index has changed to: state263
18:29:06.386 [pool-1-thread-2] INFO  com.crawljax.core.Crawler - Did not add reload edge from state263 to state263
18:29:06.386 [pool-1-thread-2] INFO  com.crawljax.core.Crawler - Initial state not the same as current state : Getting shortest path from current state
18:29:06.386 [pool-1-thread-2] INFO  com.crawljax.core.Crawler - state3 no path from state263
18:29:06.386 [pool-1-thread-2] INFO  c.crawljax.core.state.StateMachine - Cannot go to state: 'state1' from: 'state263'
18:29:06.386 [pool-1-thread-2] INFO  com.crawljax.core.Crawler - Not a valid path anymore index: state3
18:29:06.386 [pool-1-thread-2] INFO  com.crawljax.core.Crawler - Tried to follow 
18:29:06.386 [pool-1-thread-2] INFO  com.crawljax.core.Crawler - index_1_state1state1_4_state3
18:29:06.386 [pool-1-thread-2] INFO  com.crawljax.core.Crawler - Saving failed backtracking path to 3
18:29:06.387 [pool-1-thread-2] INFO  com.crawljax.core.Crawler - backtrack status: false, reached NearDuplicate : -1 
18:29:09.204 [pool-1-thread-2] INFO  com.crawljax.core.Crawler - index has changed to: state263
18:29:09.204 [pool-1-thread-2] INFO  com.crawljax.core.Crawler - Did not add reload edge from state263 to state263
18:29:09.204 [pool-1-thread-2] INFO  c.crawljax.core.state.StateMachine - Cannot go to state: 'state13' from: 'state263'
18:29:09.204 [pool-1-thread-2] INFO  com.crawljax.core.Crawler - Not a valid path anymore state12: state3
18:29:09.204 [pool-1-thread-2] INFO  com.crawljax.core.Crawler - Tried to follow 
18:29:09.204 [pool-1-thread-2] INFO  com.crawljax.core.Crawler - state12_0_state13state13_17_state27state27_18_state28state28_19_state29state29_21_state4state4_23_state32state32_30_state37state37_31_state38state38_88_state234state234_85_state3
18:29:09.204 [pool-1-thread-2] INFO  com.crawljax.core.Crawler - Saving failed backtracking path to 3
18:29:09.204 [pool-1-thread-2] INFO  com.crawljax.core.Crawler - backtrack status: false, reached NearDuplicate : -1 
18:29:12.026 [pool-1-thread-2] INFO  com.crawljax.core.Crawler - index has changed to: state263
18:29:12.026 [pool-1-thread-2] INFO  com.crawljax.core.Crawler - Did not add reload edge from state263 to state263
18:29:12.026 [pool-1-thread-2] INFO  c.crawljax.core.state.StateMachine - Cannot go to state: 'state27' from: 'state263'
18:29:12.026 [pool-1-thread-2] INFO  com.crawljax.core.Crawler - Not a valid path anymore state13: state3
18:29:12.026 [pool-1-thread-2] INFO  com.crawljax.core.Crawler - Tried to follow 
18:29:12.026 [pool-1-thread-2] INFO  com.crawljax.core.Crawler - state13_17_state27state27_18_state28state28_19_state29state29_21_state4state4_23_state32state32_99_state232state232_83_state233state233_84_state234state234_85_state3
18:29:12.026 [pool-1-thread-2] INFO  com.crawljax.core.Crawler - Saving failed backtracking path to 3
18:29:12.026 [pool-1-thread-2] INFO  com.crawljax.core.Crawler - backtrack status: false, reached NearDuplicate : -1 
18:29:14.815 [pool-1-thread-2] INFO  com.crawljax.core.Crawler - index has changed to: state263
18:29:14.815 [pool-1-thread-2] INFO  com.crawljax.core.Crawler - Did not add reload edge from state263 to state263
18:29:14.815 [pool-1-thread-2] INFO  c.crawljax.core.state.StateMachine - Cannot go to state: 'state5' from: 'state263'
18:29:14.815 [pool-1-thread-2] INFO  com.crawljax.core.Crawler - Not a valid path anymore state43: state3
18:29:14.815 [pool-1-thread-2] INFO  com.crawljax.core.Crawler - Tried to follow 
18:29:14.815 [pool-1-thread-2] INFO  com.crawljax.core.Crawler - state43_37_state5state5_7_state4state4_23_state32state32_30_state37state37_31_state38state38_88_state234state234_85_state3
18:29:14.815 [pool-1-thread-2] INFO  com.crawljax.core.Crawler - Saving failed backtracking path to 3
18:29:14.815 [pool-1-thread-2] INFO  com.crawljax.core.Crawler - backtrack status: false, reached NearDuplicate : -1 
18:29:17.617 [pool-1-thread-2] INFO  com.crawljax.core.Crawler - index has changed to: state263
18:29:17.617 [pool-1-thread-2] INFO  com.crawljax.core.Crawler - Did not add reload edge from state263 to state263
18:29:17.617 [pool-1-thread-2] INFO  c.crawljax.core.state.StateMachine - Cannot go to state: 'state139' from: 'state263'
18:29:17.618 [pool-1-thread-2] INFO  com.crawljax.core.Crawler - Not a valid path anymore state94: state3
18:29:17.618 [pool-1-thread-2] INFO  com.crawljax.core.Crawler - Tried to follow 
18:29:17.618 [pool-1-thread-2] INFO  com.crawljax.core.Crawler - state94_56_state139state139_57_state140state140_58_state29state29_21_state4state4_23_state32state32_99_state232state232_83_state233state233_84_state234state234_85_state3
18:29:17.618 [pool-1-thread-2] INFO  com.crawljax.core.Crawler - Saving failed backtracking path to 3
18:29:17.618 [pool-1-thread-2] INFO  com.crawljax.core.Crawler - backtrack status: false, reached NearDuplicate : -1 
18:29:20.444 [pool-1-thread-2] INFO  com.crawljax.core.Crawler - index has changed to: state263
18:29:20.444 [pool-1-thread-2] INFO  com.crawljax.core.Crawler - Did not add reload edge from state263 to state263
18:29:20.444 [pool-1-thread-2] INFO  c.crawljax.core.state.StateMachine - Cannot go to state: 'state232' from: 'state263'
18:29:20.444 [pool-1-thread-2] INFO  com.crawljax.core.Crawler - Not a valid path anymore state160: state3
18:29:20.444 [pool-1-thread-2] INFO  com.crawljax.core.Crawler - Tried to follow 
18:29:20.444 [pool-1-thread-2] INFO  com.crawljax.core.Crawler - state160_81_state232state232_83_state233state233_84_state234state234_85_state3
18:29:20.444 [pool-1-thread-2] INFO  com.crawljax.core.Crawler - Saving failed backtracking path to 3
18:29:20.444 [pool-1-thread-2] INFO  com.crawljax.core.Crawler - backtrack status: false, reached NearDuplicate : -1 
18:29:23.263 [pool-1-thread-2] INFO  com.crawljax.core.Crawler - index has changed to: state263
18:29:23.263 [pool-1-thread-2] INFO  com.crawljax.core.Crawler - Did not add reload edge from state263 to state263
18:29:23.263 [pool-1-thread-2] INFO  com.crawljax.core.Crawler - state3 no path from state263
18:29:23.263 [pool-1-thread-2] INFO  com.crawljax.core.Crawler - state unreachable: Removing from candidate actions state3
18:29:23.263 [pool-1-thread-2] INFO  c.c.core.UnfiredFragmentCandidates - Placing purged actions in unreachable cache for state3
18:29:23.263 [pool-1-thread-2] INFO  com.crawljax.core.Crawler - Resetting the crawler and Going to state state38
18:29:26.086 [pool-1-thread-2] INFO  com.crawljax.core.Crawler - index has changed to: state263
18:29:26.086 [pool-1-thread-2] INFO  com.crawljax.core.Crawler - Did not add reload edge from state263 to state263
18:29:26.086 [pool-1-thread-2] INFO  com.crawljax.core.Crawler - Initial state not the same as current state : Getting shortest path from current state
18:29:26.086 [pool-1-thread-2] INFO  com.crawljax.core.Crawler - state38 no path from state263
18:29:26.086 [pool-1-thread-2] INFO  c.crawljax.core.state.StateMachine - Cannot go to state: 'state1' from: 'state263'
18:29:26.086 [pool-1-thread-2] INFO  com.crawljax.core.Crawler - Not a valid path anymore index: state38
18:29:26.086 [pool-1-thread-2] INFO  com.crawljax.core.Crawler - Tried to follow 
18:29:26.086 [pool-1-thread-2] INFO  com.crawljax.core.Crawler - index_1_state1state1_4_state3state3_86_state38
18:29:26.086 [pool-1-thread-2] INFO  com.crawljax.core.Crawler - Saving failed backtracking path to 38
18:29:26.086 [pool-1-thread-2] INFO  com.crawljax.core.Crawler - backtrack status: false, reached NearDuplicate : -1 
18:29:28.901 [pool-1-thread-2] INFO  com.crawljax.core.Crawler - index has changed to: state263
18:29:28.902 [pool-1-thread-2] INFO  com.crawljax.core.Crawler - Did not add reload edge from state263 to state263
18:29:28.902 [pool-1-thread-2] INFO  c.crawljax.core.state.StateMachine - Cannot go to state: 'state13' from: 'state263'
18:29:28.902 [pool-1-thread-2] INFO  com.crawljax.core.Crawler - Not a valid path anymore state12: state38
18:29:28.902 [pool-1-thread-2] INFO  com.crawljax.core.Crawler - Tried to follow 
18:29:28.902 [pool-1-thread-2] INFO  com.crawljax.core.Crawler - state12_0_state13state13_17_state27state27_18_state28state28_19_state29state29_21_state4state4_23_state32state32_30_state37state37_31_state38
18:29:28.902 [pool-1-thread-2] INFO  com.crawljax.core.Crawler - Saving failed backtracking path to 38
18:29:28.902 [pool-1-thread-2] INFO  com.crawljax.core.Crawler - backtrack status: false, reached NearDuplicate : -1 
18:29:31.729 [pool-1-thread-2] INFO  com.crawljax.core.Crawler - index has changed to: state263
18:29:31.729 [pool-1-thread-2] INFO  com.crawljax.core.Crawler - Did not add reload edge from state263 to state263
18:29:31.729 [pool-1-thread-2] INFO  c.crawljax.core.state.StateMachine - Cannot go to state: 'state27' from: 'state263'
18:29:31.729 [pool-1-thread-2] INFO  com.crawljax.core.Crawler - Not a valid path anymore state13: state38
18:29:31.729 [pool-1-thread-2] INFO  com.crawljax.core.Crawler - Tried to follow 
18:29:31.729 [pool-1-thread-2] INFO  com.crawljax.core.Crawler - state13_17_state27state27_18_state28state28_19_state29state29_21_state4state4_23_state32state32_30_state37state37_31_state38
18:29:31.729 [pool-1-thread-2] INFO  com.crawljax.core.Crawler - Saving failed backtracking path to 38
18:29:31.729 [pool-1-thread-2] INFO  com.crawljax.core.Crawler - backtrack status: false, reached NearDuplicate : -1 
18:29:34.530 [pool-1-thread-2] INFO  com.crawljax.core.Crawler - index has changed to: state263
18:29:34.530 [pool-1-thread-2] INFO  com.crawljax.core.Crawler - Did not add reload edge from state263 to state263
18:29:34.531 [pool-1-thread-2] INFO  c.crawljax.core.state.StateMachine - Cannot go to state: 'state5' from: 'state263'
18:29:34.531 [pool-1-thread-2] INFO  com.crawljax.core.Crawler - Not a valid path anymore state43: state38
18:29:34.531 [pool-1-thread-2] INFO  com.crawljax.core.Crawler - Tried to follow 
18:29:34.531 [pool-1-thread-2] INFO  com.crawljax.core.Crawler - state43_37_state5state5_7_state4state4_23_state32state32_30_state37state37_31_state38
18:29:34.531 [pool-1-thread-2] INFO  com.crawljax.core.Crawler - Saving failed backtracking path to 38
18:29:34.531 [pool-1-thread-2] INFO  com.crawljax.core.Crawler - backtrack status: false, reached NearDuplicate : -1 
18:29:37.337 [pool-1-thread-2] INFO  com.crawljax.core.Crawler - index has changed to: state263
18:29:37.337 [pool-1-thread-2] INFO  com.crawljax.core.Crawler - Did not add reload edge from state263 to state263
18:29:37.337 [pool-1-thread-2] INFO  c.crawljax.core.state.StateMachine - Cannot go to state: 'state139' from: 'state263'
18:29:37.337 [pool-1-thread-2] INFO  com.crawljax.core.Crawler - Not a valid path anymore state94: state38
18:29:37.337 [pool-1-thread-2] INFO  com.crawljax.core.Crawler - Tried to follow 
18:29:37.337 [pool-1-thread-2] INFO  com.crawljax.core.Crawler - state94_56_state139state139_57_state140state140_58_state29state29_21_state4state4_23_state32state32_30_state37state37_31_state38
18:29:37.337 [pool-1-thread-2] INFO  com.crawljax.core.Crawler - Saving failed backtracking path to 38
18:29:37.337 [pool-1-thread-2] INFO  com.crawljax.core.Crawler - backtrack status: false, reached NearDuplicate : -1 
18:29:40.142 [pool-1-thread-2] INFO  com.crawljax.core.Crawler - index has changed to: state263
18:29:40.142 [pool-1-thread-2] INFO  com.crawljax.core.Crawler - Did not add reload edge from state263 to state263
18:29:40.142 [pool-1-thread-2] INFO  c.crawljax.core.state.StateMachine - Cannot go to state: 'state232' from: 'state263'
18:29:40.142 [pool-1-thread-2] INFO  com.crawljax.core.Crawler - Not a valid path anymore state160: state38
18:29:40.142 [pool-1-thread-2] INFO  com.crawljax.core.Crawler - Tried to follow 
18:29:40.142 [pool-1-thread-2] INFO  com.crawljax.core.Crawler - state160_81_state232state232_107_state39state39_111_state32state32_30_state37state37_31_state38
18:29:40.142 [pool-1-thread-2] INFO  com.crawljax.core.Crawler - Saving failed backtracking path to 38
18:29:40.142 [pool-1-thread-2] INFO  com.crawljax.core.Crawler - backtrack status: false, reached NearDuplicate : -1 
18:29:42.984 [pool-1-thread-2] INFO  com.crawljax.core.Crawler - index has changed to: state263
18:29:42.984 [pool-1-thread-2] INFO  com.crawljax.core.Crawler - Did not add reload edge from state263 to state263
18:29:42.984 [pool-1-thread-2] INFO  com.crawljax.core.Crawler - state38 no path from state263
18:29:42.984 [pool-1-thread-2] INFO  com.crawljax.core.Crawler - state unreachable: Removing from candidate actions state38
18:29:42.984 [pool-1-thread-2] INFO  c.c.core.UnfiredFragmentCandidates - Placing purged actions in unreachable cache for state38
18:29:42.984 [pool-1-thread-2] INFO  com.crawljax.core.Crawler - Resetting the crawler and Going to state state147
18:29:45.788 [pool-1-thread-2] INFO  com.crawljax.core.Crawler - index has changed to: state263
18:29:45.788 [pool-1-thread-2] INFO  com.crawljax.core.Crawler - Did not add reload edge from state263 to state263
18:29:45.788 [pool-1-thread-2] INFO  com.crawljax.core.Crawler - Initial state not the same as current state : Getting shortest path from current state
18:29:45.788 [pool-1-thread-2] INFO  com.crawljax.core.Crawler - state147 no path from state263
18:29:45.788 [pool-1-thread-2] INFO  c.crawljax.core.state.StateMachine - Cannot go to state: 'state1' from: 'state263'
18:29:45.789 [pool-1-thread-2] INFO  com.crawljax.core.Crawler - Not a valid path anymore index: state147
18:29:45.789 [pool-1-thread-2] INFO  com.crawljax.core.Crawler - Tried to follow 
18:29:45.789 [pool-1-thread-2] INFO  com.crawljax.core.Crawler - index_1_state1state1_4_state3state3_86_state38state38_88_state234state234_89_state147
18:29:45.789 [pool-1-thread-2] INFO  com.crawljax.core.Crawler - Saving failed backtracking path to 147
18:29:45.789 [pool-1-thread-2] INFO  com.crawljax.core.Crawler - backtrack status: false, reached NearDuplicate : -1 
18:29:48.656 [pool-1-thread-2] INFO  com.crawljax.core.Crawler - index has changed to: state263
18:29:48.657 [pool-1-thread-2] INFO  com.crawljax.core.Crawler - Did not add reload edge from state263 to state263
18:29:48.657 [pool-1-thread-2] INFO  c.crawljax.core.state.StateMachine - Cannot go to state: 'state13' from: 'state263'
18:29:48.657 [pool-1-thread-2] INFO  com.crawljax.core.Crawler - Not a valid path anymore state12: state147
18:29:48.658 [pool-1-thread-2] INFO  com.crawljax.core.Crawler - Tried to follow 
18:29:48.658 [pool-1-thread-2] INFO  com.crawljax.core.Crawler - state12_0_state13state13_17_state27state27_18_state28state28_19_state29state29_59_state142state142_63_state86state86_64_state146state146_66_state147
18:29:48.658 [pool-1-thread-2] INFO  com.crawljax.core.Crawler - Saving failed backtracking path to 147
18:29:48.658 [pool-1-thread-2] INFO  com.crawljax.core.Crawler - backtrack status: false, reached NearDuplicate : -1 
18:29:51.473 [pool-1-thread-2] INFO  com.crawljax.core.Crawler - index has changed to: state263
18:29:51.473 [pool-1-thread-2] INFO  com.crawljax.core.Crawler - Did not add reload edge from state263 to state263
18:29:51.473 [pool-1-thread-2] INFO  c.crawljax.core.state.StateMachine - Cannot go to state: 'state27' from: 'state263'
18:29:51.473 [pool-1-thread-2] INFO  com.crawljax.core.Crawler - Not a valid path anymore state13: state147
18:29:51.473 [pool-1-thread-2] INFO  com.crawljax.core.Crawler - Tried to follow 
18:29:51.473 [pool-1-thread-2] INFO  com.crawljax.core.Crawler - state13_17_state27state27_18_state28state28_19_state29state29_59_state142state142_63_state86state86_64_state146state146_66_state147
18:29:51.473 [pool-1-thread-2] INFO  com.crawljax.core.Crawler - Saving failed backtracking path to 147
18:29:51.473 [pool-1-thread-2] INFO  com.crawljax.core.Crawler - backtrack status: false, reached NearDuplicate : -1 
18:29:54.306 [pool-1-thread-2] INFO  com.crawljax.core.Crawler - index has changed to: state263
18:29:54.306 [pool-1-thread-2] INFO  com.crawljax.core.Crawler - Did not add reload edge from state263 to state263
18:29:54.306 [pool-1-thread-2] INFO  c.crawljax.core.state.StateMachine - Cannot go to state: 'state5' from: 'state263'
18:29:54.307 [pool-1-thread-2] INFO  com.crawljax.core.Crawler - Not a valid path anymore state43: state147
18:29:54.307 [pool-1-thread-2] INFO  com.crawljax.core.Crawler - Tried to follow 
18:29:54.307 [pool-1-thread-2] INFO  com.crawljax.core.Crawler - state43_37_state5state5_38_state80state80_39_state81state81_43_state84state84_96_state246state246_97_state146state146_66_state147
18:29:54.307 [pool-1-thread-2] INFO  com.crawljax.core.Crawler - Saving failed backtracking path to 147
18:29:54.307 [pool-1-thread-2] INFO  com.crawljax.core.Crawler - backtrack status: false, reached NearDuplicate : -1 
18:29:57.110 [pool-1-thread-2] INFO  com.crawljax.core.Crawler - index has changed to: state263
18:29:57.110 [pool-1-thread-2] INFO  com.crawljax.core.Crawler - Did not add reload edge from state263 to state263
18:29:57.110 [pool-1-thread-2] INFO  c.crawljax.core.state.StateMachine - Cannot go to state: 'state139' from: 'state263'
18:29:57.110 [pool-1-thread-2] INFO  com.crawljax.core.Crawler - Not a valid path anymore state94: state147
18:29:57.110 [pool-1-thread-2] INFO  com.crawljax.core.Crawler - Tried to follow 
18:29:57.110 [pool-1-thread-2] INFO  com.crawljax.core.Crawler - state94_56_state139state139_57_state140state140_58_state29state29_59_state142state142_63_state86state86_64_state146state146_66_state147
18:29:57.110 [pool-1-thread-2] INFO  com.crawljax.core.Crawler - Saving failed backtracking path to 147
18:29:57.110 [pool-1-thread-2] INFO  com.crawljax.core.Crawler - backtrack status: false, reached NearDuplicate : -1 
18:29:59.916 [pool-1-thread-2] INFO  com.crawljax.core.Crawler - index has changed to: state263
18:29:59.916 [pool-1-thread-2] INFO  com.crawljax.core.Crawler - Did not add reload edge from state263 to state263
18:29:59.916 [pool-1-thread-2] INFO  c.crawljax.core.state.StateMachine - Cannot go to state: 'state232' from: 'state263'
18:29:59.917 [pool-1-thread-2] INFO  com.crawljax.core.Crawler - Not a valid path anymore state160: state147
18:29:59.917 [pool-1-thread-2] INFO  com.crawljax.core.Crawler - Tried to follow 
18:29:59.917 [pool-1-thread-2] INFO  com.crawljax.core.Crawler - state160_81_state232state232_83_state233state233_84_state234state234_89_state147
18:29:59.917 [pool-1-thread-2] INFO  com.crawljax.core.Crawler - Saving failed backtracking path to 147
18:29:59.917 [pool-1-thread-2] INFO  com.crawljax.core.Crawler - backtrack status: false, reached NearDuplicate : -1 
18:30:02.751 [pool-1-thread-2] INFO  com.crawljax.core.Crawler - index has changed to: state263
18:30:02.752 [pool-1-thread-2] INFO  com.crawljax.core.Crawler - Did not add reload edge from state263 to state263
18:30:02.752 [pool-1-thread-2] INFO  com.crawljax.core.Crawler - state147 no path from state263
18:30:02.752 [pool-1-thread-2] INFO  com.crawljax.core.Crawler - state unreachable: Removing from candidate actions state147
18:30:02.752 [pool-1-thread-2] INFO  c.c.core.UnfiredFragmentCandidates - Placing purged actions in unreachable cache for state147
18:30:02.752 [pool-1-thread-2] INFO  com.crawljax.core.Crawler - Resetting the crawler and Going to state state241
18:30:05.589 [pool-1-thread-2] INFO  com.crawljax.core.Crawler - index has changed to: state263
18:30:05.590 [pool-1-thread-2] INFO  com.crawljax.core.Crawler - Did not add reload edge from state263 to state263
18:30:05.590 [pool-1-thread-2] INFO  com.crawljax.core.Crawler - Initial state not the same as current state : Getting shortest path from current state
18:30:05.590 [pool-1-thread-2] INFO  com.crawljax.core.Crawler - state241 no path from state263
18:30:05.590 [pool-1-thread-2] INFO  c.crawljax.core.state.StateMachine - Cannot go to state: 'state1' from: 'state263'
18:30:05.590 [pool-1-thread-2] INFO  com.crawljax.core.Crawler - Not a valid path anymore index: state241
18:30:05.590 [pool-1-thread-2] INFO  com.crawljax.core.Crawler - Tried to follow 
18:30:05.590 [pool-1-thread-2] INFO  com.crawljax.core.Crawler - index_1_state1state1_4_state3state3_86_state38state38_88_state234state234_89_state147state147_91_state241
18:30:05.590 [pool-1-thread-2] INFO  com.crawljax.core.Crawler - Saving failed backtracking path to 241
18:30:05.590 [pool-1-thread-2] INFO  com.crawljax.core.Crawler - backtrack status: false, reached NearDuplicate : -1 
18:30:08.386 [pool-1-thread-2] INFO  com.crawljax.core.Crawler - index has changed to: state263
18:30:08.387 [pool-1-thread-2] INFO  com.crawljax.core.Crawler - Did not add reload edge from state263 to state263
18:30:08.387 [pool-1-thread-2] INFO  c.crawljax.core.state.StateMachine - Cannot go to state: 'state13' from: 'state263'
18:30:08.387 [pool-1-thread-2] INFO  com.crawljax.core.Crawler - Not a valid path anymore state12: state241
18:30:08.387 [pool-1-thread-2] INFO  com.crawljax.core.Crawler - Tried to follow 
18:30:08.387 [pool-1-thread-2] INFO  com.crawljax.core.Crawler - state12_0_state13state13_17_state27state27_18_state28state28_19_state29state29_59_state142state142_63_state86state86_64_state146state146_66_state147state147_91_state241
18:30:08.387 [pool-1-thread-2] INFO  com.crawljax.core.Crawler - Saving failed backtracking path to 241
18:30:08.387 [pool-1-thread-2] INFO  com.crawljax.core.Crawler - backtrack status: false, reached NearDuplicate : -1 
18:30:11.212 [pool-1-thread-2] INFO  com.crawljax.core.Crawler - index has changed to: state263
18:30:11.212 [pool-1-thread-2] INFO  com.crawljax.core.Crawler - Did not add reload edge from state263 to state263
18:30:11.213 [pool-1-thread-2] INFO  c.crawljax.core.state.StateMachine - Cannot go to state: 'state27' from: 'state263'
18:30:11.213 [pool-1-thread-2] INFO  com.crawljax.core.Crawler - Not a valid path anymore state13: state241
18:30:11.213 [pool-1-thread-2] INFO  com.crawljax.core.Crawler - Tried to follow 
18:30:11.213 [pool-1-thread-2] INFO  com.crawljax.core.Crawler - state13_17_state27state27_18_state28state28_19_state29state29_59_state142state142_63_state86state86_64_state146state146_66_state147state147_91_state241
18:30:11.213 [pool-1-thread-2] INFO  com.crawljax.core.Crawler - Saving failed backtracking path to 241
18:30:11.213 [pool-1-thread-2] INFO  com.crawljax.core.Crawler - backtrack status: false, reached NearDuplicate : -1 
18:30:14.046 [pool-1-thread-2] INFO  com.crawljax.core.Crawler - index has changed to: state263
18:30:14.046 [pool-1-thread-2] INFO  com.crawljax.core.Crawler - Did not add reload edge from state263 to state263
18:30:14.046 [pool-1-thread-2] INFO  c.crawljax.core.state.StateMachine - Cannot go to state: 'state5' from: 'state263'
18:30:14.046 [pool-1-thread-2] INFO  com.crawljax.core.Crawler - Not a valid path anymore state43: state241
18:30:14.046 [pool-1-thread-2] INFO  com.crawljax.core.Crawler - Tried to follow 
18:30:14.046 [pool-1-thread-2] INFO  com.crawljax.core.Crawler - state43_37_state5state5_38_state80state80_39_state81state81_43_state84state84_96_state246state246_97_state146state146_66_state147state147_91_state241
18:30:14.046 [pool-1-thread-2] INFO  com.crawljax.core.Crawler - Saving failed backtracking path to 241
18:30:14.046 [pool-1-thread-2] INFO  com.crawljax.core.Crawler - backtrack status: false, reached NearDuplicate : -1 
18:30:16.867 [pool-1-thread-2] INFO  com.crawljax.core.Crawler - index has changed to: state263
18:30:16.867 [pool-1-thread-2] INFO  com.crawljax.core.Crawler - Did not add reload edge from state263 to state263
18:30:16.867 [pool-1-thread-2] INFO  c.crawljax.core.state.StateMachine - Cannot go to state: 'state139' from: 'state263'
18:30:16.867 [pool-1-thread-2] INFO  com.crawljax.core.Crawler - Not a valid path anymore state94: state241
18:30:16.867 [pool-1-thread-2] INFO  com.crawljax.core.Crawler - Tried to follow 
18:30:16.867 [pool-1-thread-2] INFO  com.crawljax.core.Crawler - state94_56_state139state139_57_state140state140_58_state29state29_59_state142state142_63_state86state86_64_state146state146_66_state147state147_91_state241
18:30:16.867 [pool-1-thread-2] INFO  com.crawljax.core.Crawler - Saving failed backtracking path to 241
18:30:16.868 [pool-1-thread-2] INFO  com.crawljax.core.Crawler - backtrack status: false, reached NearDuplicate : -1 
18:30:19.681 [pool-1-thread-2] INFO  com.crawljax.core.Crawler - index has changed to: state263
18:30:19.682 [pool-1-thread-2] INFO  com.crawljax.core.Crawler - Did not add reload edge from state263 to state263
18:30:19.682 [pool-1-thread-2] INFO  c.crawljax.core.state.StateMachine - Cannot go to state: 'state232' from: 'state263'
18:30:19.682 [pool-1-thread-2] INFO  com.crawljax.core.Crawler - Not a valid path anymore state160: state241
18:30:19.682 [pool-1-thread-2] INFO  com.crawljax.core.Crawler - Tried to follow 
18:30:19.682 [pool-1-thread-2] INFO  com.crawljax.core.Crawler - state160_81_state232state232_83_state233state233_84_state234state234_89_state147state147_91_state241
18:30:19.682 [pool-1-thread-2] INFO  com.crawljax.core.Crawler - Saving failed backtracking path to 241
18:30:19.682 [pool-1-thread-2] INFO  com.crawljax.core.Crawler - backtrack status: false, reached NearDuplicate : -1 
18:30:22.523 [pool-1-thread-2] INFO  com.crawljax.core.Crawler - index has changed to: state263
18:30:22.523 [pool-1-thread-2] INFO  com.crawljax.core.Crawler - Did not add reload edge from state263 to state263
18:30:22.523 [pool-1-thread-2] INFO  com.crawljax.core.Crawler - state241 no path from state263
18:30:22.523 [pool-1-thread-2] INFO  com.crawljax.core.Crawler - state unreachable: Removing from candidate actions state241
18:30:22.523 [pool-1-thread-2] INFO  c.c.core.UnfiredFragmentCandidates - Placing purged actions in unreachable cache for state241
18:30:22.523 [pool-1-thread-2] INFO  com.crawljax.core.Crawler - Resetting the crawler and Going to state state84
18:30:25.354 [pool-1-thread-2] INFO  com.crawljax.core.Crawler - index has changed to: state263
18:30:25.354 [pool-1-thread-2] INFO  com.crawljax.core.Crawler - Did not add reload edge from state263 to state263
18:30:25.354 [pool-1-thread-2] INFO  com.crawljax.core.Crawler - Initial state not the same as current state : Getting shortest path from current state
18:30:25.355 [pool-1-thread-2] INFO  com.crawljax.core.Crawler - state84 no path from state263
18:30:25.355 [pool-1-thread-2] INFO  c.crawljax.core.state.StateMachine - Cannot go to state: 'state1' from: 'state263'
18:30:25.355 [pool-1-thread-2] INFO  com.crawljax.core.Crawler - Not a valid path anymore index: state84
18:30:25.355 [pool-1-thread-2] INFO  com.crawljax.core.Crawler - Tried to follow 
18:30:25.355 [pool-1-thread-2] INFO  com.crawljax.core.Crawler - index_1_state1state1_4_state3state3_5_state4state4_23_state32state32_74_state153state153_77_state84
18:30:25.355 [pool-1-thread-2] INFO  com.crawljax.core.Crawler - Saving failed backtracking path to 84
18:30:25.355 [pool-1-thread-2] INFO  com.crawljax.core.Crawler - backtrack status: false, reached NearDuplicate : -1 
18:30:28.182 [pool-1-thread-2] INFO  com.crawljax.core.Crawler - index has changed to: state263
18:30:28.183 [pool-1-thread-2] INFO  com.crawljax.core.Crawler - Did not add reload edge from state263 to state263
18:30:28.183 [pool-1-thread-2] INFO  c.crawljax.core.state.StateMachine - Cannot go to state: 'state13' from: 'state263'
18:30:28.183 [pool-1-thread-2] INFO  com.crawljax.core.Crawler - Not a valid path anymore state12: state84
18:30:28.183 [pool-1-thread-2] INFO  com.crawljax.core.Crawler - Tried to follow 
18:30:28.183 [pool-1-thread-2] INFO  com.crawljax.core.Crawler - state12_0_state13state13_17_state27state27_18_state28state28_19_state29state29_21_state4state4_23_state32state32_74_state153state153_77_state84
18:30:28.183 [pool-1-thread-2] INFO  com.crawljax.core.Crawler - Saving failed backtracking path to 84
18:30:28.183 [pool-1-thread-2] INFO  com.crawljax.core.Crawler - backtrack status: false, reached NearDuplicate : -1 
18:30:30.978 [pool-1-thread-2] INFO  com.crawljax.core.Crawler - index has changed to: state263
18:30:30.979 [pool-1-thread-2] INFO  com.crawljax.core.Crawler - Did not add reload edge from state263 to state263
18:30:30.979 [pool-1-thread-2] INFO  c.crawljax.core.state.StateMachine - Cannot go to state: 'state27' from: 'state263'
18:30:30.979 [pool-1-thread-2] INFO  com.crawljax.core.Crawler - Not a valid path anymore state13: state84
18:30:30.979 [pool-1-thread-2] INFO  com.crawljax.core.Crawler - Tried to follow 
18:30:30.979 [pool-1-thread-2] INFO  com.crawljax.core.Crawler - state13_17_state27state27_18_state28state28_19_state29state29_21_state4state4_23_state32state32_74_state153state153_77_state84
18:30:30.979 [pool-1-thread-2] INFO  com.crawljax.core.Crawler - Saving failed backtracking path to 84
18:30:30.979 [pool-1-thread-2] INFO  com.crawljax.core.Crawler - backtrack status: false, reached NearDuplicate : -1 
18:30:33.791 [pool-1-thread-2] INFO  com.crawljax.core.Crawler - index has changed to: state263
18:30:33.792 [pool-1-thread-2] INFO  com.crawljax.core.Crawler - Did not add reload edge from state263 to state263
18:30:33.792 [pool-1-thread-2] INFO  c.crawljax.core.state.StateMachine - Cannot go to state: 'state5' from: 'state263'
18:30:33.792 [pool-1-thread-2] INFO  com.crawljax.core.Crawler - Not a valid path anymore state43: state84
18:30:33.792 [pool-1-thread-2] INFO  com.crawljax.core.Crawler - Tried to follow 
18:30:33.792 [pool-1-thread-2] INFO  com.crawljax.core.Crawler - state43_37_state5state5_38_state80state80_39_state81state81_43_state84
18:30:33.792 [pool-1-thread-2] INFO  com.crawljax.core.Crawler - Saving failed backtracking path to 84
18:30:33.792 [pool-1-thread-2] INFO  com.crawljax.core.Crawler - backtrack status: false, reached NearDuplicate : -1 
18:30:36.622 [pool-1-thread-2] INFO  com.crawljax.core.Crawler - index has changed to: state263
18:30:36.622 [pool-1-thread-2] INFO  com.crawljax.core.Crawler - Did not add reload edge from state263 to state263
18:30:36.623 [pool-1-thread-2] INFO  c.crawljax.core.state.StateMachine - Cannot go to state: 'state139' from: 'state263'
18:30:36.623 [pool-1-thread-2] INFO  com.crawljax.core.Crawler - Not a valid path anymore state94: state84
18:30:36.623 [pool-1-thread-2] INFO  com.crawljax.core.Crawler - Tried to follow 
18:30:36.623 [pool-1-thread-2] INFO  com.crawljax.core.Crawler - state94_56_state139state139_57_state140state140_58_state29state29_21_state4state4_23_state32state32_74_state153state153_77_state84
18:30:36.623 [pool-1-thread-2] INFO  com.crawljax.core.Crawler - Saving failed backtracking path to 84
18:30:36.623 [pool-1-thread-2] INFO  com.crawljax.core.Crawler - backtrack status: false, reached NearDuplicate : -1 
18:30:39.434 [pool-1-thread-2] INFO  com.crawljax.core.Crawler - index has changed to: state263
18:30:39.434 [pool-1-thread-2] INFO  com.crawljax.core.Crawler - Did not add reload edge from state263 to state263
18:30:39.434 [pool-1-thread-2] INFO  c.crawljax.core.state.StateMachine - Cannot go to state: 'state232' from: 'state263'
18:30:39.434 [pool-1-thread-2] INFO  com.crawljax.core.Crawler - Not a valid path anymore state160: state84
18:30:39.434 [pool-1-thread-2] INFO  com.crawljax.core.Crawler - Tried to follow 
18:30:39.434 [pool-1-thread-2] INFO  com.crawljax.core.Crawler - state160_81_state232state232_107_state39state39_111_state32state32_74_state153state153_77_state84
18:30:39.434 [pool-1-thread-2] INFO  com.crawljax.core.Crawler - Saving failed backtracking path to 84
18:30:39.434 [pool-1-thread-2] INFO  com.crawljax.core.Crawler - backtrack status: false, reached NearDuplicate : -1 
18:30:42.262 [pool-1-thread-2] INFO  com.crawljax.core.Crawler - index has changed to: state263
18:30:42.263 [pool-1-thread-2] INFO  com.crawljax.core.Crawler - Did not add reload edge from state263 to state263
18:30:42.263 [pool-1-thread-2] INFO  com.crawljax.core.Crawler - state84 no path from state263
18:30:42.263 [pool-1-thread-2] INFO  com.crawljax.core.Crawler - state unreachable: Removing from candidate actions state84
18:30:42.263 [pool-1-thread-2] INFO  c.c.core.UnfiredFragmentCandidates - Placing purged actions in unreachable cache for state84
18:30:42.263 [pool-1-thread-2] INFO  com.crawljax.core.Crawler - Resetting the crawler and Going to state state246
18:30:45.097 [pool-1-thread-2] INFO  com.crawljax.core.Crawler - index has changed to: state263
18:30:45.097 [pool-1-thread-2] INFO  com.crawljax.core.Crawler - Did not add reload edge from state263 to state263
18:30:45.097 [pool-1-thread-2] INFO  com.crawljax.core.Crawler - Initial state not the same as current state : Getting shortest path from current state
18:30:45.098 [pool-1-thread-2] INFO  com.crawljax.core.Crawler - state246 no path from state263
18:30:45.098 [pool-1-thread-2] INFO  c.crawljax.core.state.StateMachine - Cannot go to state: 'state1' from: 'state263'
18:30:45.098 [pool-1-thread-2] INFO  com.crawljax.core.Crawler - Not a valid path anymore index: state246
18:30:45.098 [pool-1-thread-2] INFO  com.crawljax.core.Crawler - Tried to follow 
18:30:45.098 [pool-1-thread-2] INFO  com.crawljax.core.Crawler - index_1_state1state1_4_state3state3_5_state4state4_23_state32state32_74_state153state153_77_state84state84_96_state246
18:30:45.098 [pool-1-thread-2] INFO  com.crawljax.core.Crawler - Saving failed backtracking path to 246
18:30:45.098 [pool-1-thread-2] INFO  com.crawljax.core.Crawler - backtrack status: false, reached NearDuplicate : -1 
18:30:47.925 [pool-1-thread-2] INFO  com.crawljax.core.Crawler - index has changed to: state263
18:30:47.926 [pool-1-thread-2] INFO  com.crawljax.core.Crawler - Did not add reload edge from state263 to state263
18:30:47.926 [pool-1-thread-2] INFO  c.crawljax.core.state.StateMachine - Cannot go to state: 'state13' from: 'state263'
18:30:47.926 [pool-1-thread-2] INFO  com.crawljax.core.Crawler - Not a valid path anymore state12: state246
18:30:47.926 [pool-1-thread-2] INFO  com.crawljax.core.Crawler - Tried to follow 
18:30:47.926 [pool-1-thread-2] INFO  com.crawljax.core.Crawler - state12_0_state13state13_17_state27state27_18_state28state28_19_state29state29_21_state4state4_23_state32state32_74_state153state153_77_state84state84_96_state246
18:30:47.926 [pool-1-thread-2] INFO  com.crawljax.core.Crawler - Saving failed backtracking path to 246
18:30:47.926 [pool-1-thread-2] INFO  com.crawljax.core.Crawler - backtrack status: false, reached NearDuplicate : -1 
18:30:50.727 [pool-1-thread-2] INFO  com.crawljax.core.Crawler - index has changed to: state263
18:30:50.727 [pool-1-thread-2] INFO  com.crawljax.core.Crawler - Did not add reload edge from state263 to state263
18:30:50.727 [pool-1-thread-2] INFO  c.crawljax.core.state.StateMachine - Cannot go to state: 'state27' from: 'state263'
18:30:50.727 [pool-1-thread-2] INFO  com.crawljax.core.Crawler - Not a valid path anymore state13: state246
18:30:50.727 [pool-1-thread-2] INFO  com.crawljax.core.Crawler - Tried to follow 
18:30:50.727 [pool-1-thread-2] INFO  com.crawljax.core.Crawler - state13_17_state27state27_18_state28state28_19_state29state29_21_state4state4_23_state32state32_74_state153state153_77_state84state84_96_state246
18:30:50.727 [pool-1-thread-2] INFO  com.crawljax.core.Crawler - Saving failed backtracking path to 246
18:30:50.727 [pool-1-thread-2] INFO  com.crawljax.core.Crawler - backtrack status: false, reached NearDuplicate : -1 
18:30:53.541 [pool-1-thread-2] INFO  com.crawljax.core.Crawler - index has changed to: state263
18:30:53.541 [pool-1-thread-2] INFO  com.crawljax.core.Crawler - Did not add reload edge from state263 to state263
18:30:53.541 [pool-1-thread-2] INFO  c.crawljax.core.state.StateMachine - Cannot go to state: 'state5' from: 'state263'
18:30:53.541 [pool-1-thread-2] INFO  com.crawljax.core.Crawler - Not a valid path anymore state43: state246
18:30:53.541 [pool-1-thread-2] INFO  com.crawljax.core.Crawler - Tried to follow 
18:30:53.541 [pool-1-thread-2] INFO  com.crawljax.core.Crawler - state43_37_state5state5_38_state80state80_39_state81state81_43_state84state84_96_state246
18:30:53.541 [pool-1-thread-2] INFO  com.crawljax.core.Crawler - Saving failed backtracking path to 246
18:30:53.541 [pool-1-thread-2] INFO  com.crawljax.core.Crawler - backtrack status: false, reached NearDuplicate : -1 
18:30:56.373 [pool-1-thread-2] INFO  com.crawljax.core.Crawler - index has changed to: state263
18:30:56.373 [pool-1-thread-2] INFO  com.crawljax.core.Crawler - Did not add reload edge from state263 to state263
18:30:56.373 [pool-1-thread-2] INFO  c.crawljax.core.state.StateMachine - Cannot go to state: 'state139' from: 'state263'
18:30:56.373 [pool-1-thread-2] INFO  com.crawljax.core.Crawler - Not a valid path anymore state94: state246
18:30:56.373 [pool-1-thread-2] INFO  com.crawljax.core.Crawler - Tried to follow 
18:30:56.373 [pool-1-thread-2] INFO  com.crawljax.core.Crawler - state94_56_state139state139_57_state140state140_58_state29state29_21_state4state4_23_state32state32_74_state153state153_77_state84state84_96_state246
18:30:56.373 [pool-1-thread-2] INFO  com.crawljax.core.Crawler - Saving failed backtracking path to 246
18:30:56.373 [pool-1-thread-2] INFO  com.crawljax.core.Crawler - backtrack status: false, reached NearDuplicate : -1 
18:30:59.200 [pool-1-thread-2] INFO  com.crawljax.core.Crawler - index has changed to: state263
18:30:59.200 [pool-1-thread-2] INFO  com.crawljax.core.Crawler - Did not add reload edge from state263 to state263
18:30:59.201 [pool-1-thread-2] INFO  c.crawljax.core.state.StateMachine - Cannot go to state: 'state232' from: 'state263'
18:30:59.201 [pool-1-thread-2] INFO  com.crawljax.core.Crawler - Not a valid path anymore state160: state246
18:30:59.201 [pool-1-thread-2] INFO  com.crawljax.core.Crawler - Tried to follow 
18:30:59.201 [pool-1-thread-2] INFO  com.crawljax.core.Crawler - state160_81_state232state232_107_state39state39_111_state32state32_74_state153state153_77_state84state84_96_state246
18:30:59.201 [pool-1-thread-2] INFO  com.crawljax.core.Crawler - Saving failed backtracking path to 246
18:30:59.201 [pool-1-thread-2] INFO  com.crawljax.core.Crawler - backtrack status: false, reached NearDuplicate : -1 
18:31:02.000 [pool-1-thread-2] INFO  com.crawljax.core.Crawler - index has changed to: state263
18:31:02.000 [pool-1-thread-2] INFO  com.crawljax.core.Crawler - Did not add reload edge from state263 to state263
18:31:02.000 [pool-1-thread-2] INFO  com.crawljax.core.Crawler - state246 no path from state263
18:31:02.000 [pool-1-thread-2] INFO  com.crawljax.core.Crawler - state unreachable: Removing from candidate actions state246
18:31:02.000 [pool-1-thread-2] INFO  c.c.core.UnfiredFragmentCandidates - Placing purged actions in unreachable cache for state246
18:31:02.000 [pool-1-thread-2] INFO  com.crawljax.core.Crawler - Resetting the crawler and Going to state state146
18:31:04.826 [pool-1-thread-2] INFO  com.crawljax.core.Crawler - index has changed to: state263
18:31:04.827 [pool-1-thread-2] INFO  com.crawljax.core.Crawler - Did not add reload edge from state263 to state263
18:31:04.827 [pool-1-thread-2] INFO  com.crawljax.core.Crawler - Initial state not the same as current state : Getting shortest path from current state
18:31:04.827 [pool-1-thread-2] INFO  com.crawljax.core.Crawler - state146 no path from state263
18:31:04.827 [pool-1-thread-2] INFO  c.crawljax.core.state.StateMachine - Cannot go to state: 'state1' from: 'state263'
18:31:04.827 [pool-1-thread-2] INFO  com.crawljax.core.Crawler - Not a valid path anymore index: state146
18:31:04.827 [pool-1-thread-2] INFO  com.crawljax.core.Crawler - Tried to follow 
18:31:04.827 [pool-1-thread-2] INFO  com.crawljax.core.Crawler - index_1_state1state1_4_state3state3_5_state4state4_23_state32state32_74_state153state153_77_state84state84_96_state246state246_97_state146
18:31:04.827 [pool-1-thread-2] INFO  com.crawljax.core.Crawler - Saving failed backtracking path to 146
18:31:04.827 [pool-1-thread-2] INFO  com.crawljax.core.Crawler - backtrack status: false, reached NearDuplicate : -1 
18:31:07.635 [pool-1-thread-2] INFO  com.crawljax.core.Crawler - index has changed to: state263
18:31:07.635 [pool-1-thread-2] INFO  com.crawljax.core.Crawler - Did not add reload edge from state263 to state263
18:31:07.635 [pool-1-thread-2] INFO  c.crawljax.core.state.StateMachine - Cannot go to state: 'state13' from: 'state263'
18:31:07.635 [pool-1-thread-2] INFO  com.crawljax.core.Crawler - Not a valid path anymore state12: state146
18:31:07.635 [pool-1-thread-2] INFO  com.crawljax.core.Crawler - Tried to follow 
18:31:07.635 [pool-1-thread-2] INFO  com.crawljax.core.Crawler - state12_0_state13state13_17_state27state27_18_state28state28_19_state29state29_59_state142state142_63_state86state86_64_state146
18:31:07.635 [pool-1-thread-2] INFO  com.crawljax.core.Crawler - Saving failed backtracking path to 146
18:31:07.635 [pool-1-thread-2] INFO  com.crawljax.core.Crawler - backtrack status: false, reached NearDuplicate : -1 
18:31:10.466 [pool-1-thread-2] INFO  com.crawljax.core.Crawler - index has changed to: state263
18:31:10.467 [pool-1-thread-2] INFO  com.crawljax.core.Crawler - Did not add reload edge from state263 to state263
18:31:10.467 [pool-1-thread-2] INFO  c.crawljax.core.state.StateMachine - Cannot go to state: 'state27' from: 'state263'
18:31:10.467 [pool-1-thread-2] INFO  com.crawljax.core.Crawler - Not a valid path anymore state13: state146
18:31:10.467 [pool-1-thread-2] INFO  com.crawljax.core.Crawler - Tried to follow 
18:31:10.467 [pool-1-thread-2] INFO  com.crawljax.core.Crawler - state13_17_state27state27_18_state28state28_19_state29state29_59_state142state142_63_state86state86_64_state146
18:31:10.467 [pool-1-thread-2] INFO  com.crawljax.core.Crawler - Saving failed backtracking path to 146
18:31:10.467 [pool-1-thread-2] INFO  com.crawljax.core.Crawler - backtrack status: false, reached NearDuplicate : -1 
18:31:13.274 [pool-1-thread-2] INFO  com.crawljax.core.Crawler - index has changed to: state263
18:31:13.274 [pool-1-thread-2] INFO  com.crawljax.core.Crawler - Did not add reload edge from state263 to state263
18:31:13.274 [pool-1-thread-2] INFO  c.crawljax.core.state.StateMachine - Cannot go to state: 'state5' from: 'state263'
18:31:13.274 [pool-1-thread-2] INFO  com.crawljax.core.Crawler - Not a valid path anymore state43: state146
18:31:13.274 [pool-1-thread-2] INFO  com.crawljax.core.Crawler - Tried to follow 
18:31:13.274 [pool-1-thread-2] INFO  com.crawljax.core.Crawler - state43_37_state5state5_38_state80state80_39_state81state81_43_state84state84_96_state246state246_97_state146
18:31:13.274 [pool-1-thread-2] INFO  com.crawljax.core.Crawler - Saving failed backtracking path to 146
18:31:13.274 [pool-1-thread-2] INFO  com.crawljax.core.Crawler - backtrack status: false, reached NearDuplicate : -1 
18:31:16.092 [pool-1-thread-2] INFO  com.crawljax.core.Crawler - index has changed to: state263
18:31:16.092 [pool-1-thread-2] INFO  com.crawljax.core.Crawler - Did not add reload edge from state263 to state263
18:31:16.093 [pool-1-thread-2] INFO  c.crawljax.core.state.StateMachine - Cannot go to state: 'state139' from: 'state263'
18:31:16.093 [pool-1-thread-2] INFO  com.crawljax.core.Crawler - Not a valid path anymore state94: state146
18:31:16.093 [pool-1-thread-2] INFO  com.crawljax.core.Crawler - Tried to follow 
18:31:16.093 [pool-1-thread-2] INFO  com.crawljax.core.Crawler - state94_56_state139state139_57_state140state140_58_state29state29_59_state142state142_63_state86state86_64_state146
18:31:16.093 [pool-1-thread-2] INFO  com.crawljax.core.Crawler - Saving failed backtracking path to 146
18:31:16.093 [pool-1-thread-2] INFO  com.crawljax.core.Crawler - backtrack status: false, reached NearDuplicate : -1 
18:31:18.898 [pool-1-thread-2] INFO  com.crawljax.core.Crawler - index has changed to: state263
18:31:18.898 [pool-1-thread-2] INFO  com.crawljax.core.Crawler - Did not add reload edge from state263 to state263
18:31:18.898 [pool-1-thread-2] INFO  c.crawljax.core.state.StateMachine - Cannot go to state: 'state232' from: 'state263'
18:31:18.898 [pool-1-thread-2] INFO  com.crawljax.core.Crawler - Not a valid path anymore state160: state146
18:31:18.898 [pool-1-thread-2] INFO  com.crawljax.core.Crawler - Tried to follow 
18:31:18.898 [pool-1-thread-2] INFO  com.crawljax.core.Crawler - state160_81_state232state232_107_state39state39_111_state32state32_74_state153state153_77_state84state84_96_state246state246_97_state146
18:31:18.898 [pool-1-thread-2] INFO  com.crawljax.core.Crawler - Saving failed backtracking path to 146
18:31:18.898 [pool-1-thread-2] INFO  com.crawljax.core.Crawler - backtrack status: false, reached NearDuplicate : -1 
18:31:21.715 [pool-1-thread-2] INFO  com.crawljax.core.Crawler - index has changed to: state263
18:31:21.715 [pool-1-thread-2] INFO  com.crawljax.core.Crawler - Did not add reload edge from state263 to state263
18:31:21.715 [pool-1-thread-2] INFO  com.crawljax.core.Crawler - state146 no path from state263
18:31:21.715 [pool-1-thread-2] INFO  com.crawljax.core.Crawler - state unreachable: Removing from candidate actions state146
18:31:21.716 [pool-1-thread-2] INFO  c.c.core.UnfiredFragmentCandidates - Placing purged actions in unreachable cache for state146
18:31:21.716 [pool-1-thread-2] INFO  com.crawljax.core.Crawler - Resetting the crawler and Going to state state32
18:31:24.516 [pool-1-thread-2] INFO  com.crawljax.core.Crawler - index has changed to: state263
18:31:24.516 [pool-1-thread-2] INFO  com.crawljax.core.Crawler - Did not add reload edge from state263 to state263
18:31:24.516 [pool-1-thread-2] INFO  com.crawljax.core.Crawler - Initial state not the same as current state : Getting shortest path from current state
18:31:24.516 [pool-1-thread-2] INFO  com.crawljax.core.Crawler - state32 no path from state263
18:31:24.517 [pool-1-thread-2] INFO  c.crawljax.core.state.StateMachine - Cannot go to state: 'state1' from: 'state263'
18:31:24.517 [pool-1-thread-2] INFO  com.crawljax.core.Crawler - Not a valid path anymore index: state32
18:31:24.517 [pool-1-thread-2] INFO  com.crawljax.core.Crawler - Tried to follow 
18:31:24.517 [pool-1-thread-2] INFO  com.crawljax.core.Crawler - index_1_state1state1_4_state3state3_5_state4state4_23_state32
18:31:24.517 [pool-1-thread-2] INFO  com.crawljax.core.Crawler - Saving failed backtracking path to 32
18:31:24.517 [pool-1-thread-2] INFO  com.crawljax.core.Crawler - backtrack status: false, reached NearDuplicate : -1 
18:31:27.327 [pool-1-thread-2] INFO  com.crawljax.core.Crawler - index has changed to: state263
18:31:27.327 [pool-1-thread-2] INFO  com.crawljax.core.Crawler - Did not add reload edge from state263 to state263
18:31:27.327 [pool-1-thread-2] INFO  c.crawljax.core.state.StateMachine - Cannot go to state: 'state13' from: 'state263'
18:31:27.327 [pool-1-thread-2] INFO  com.crawljax.core.Crawler - Not a valid path anymore state12: state32
18:31:27.327 [pool-1-thread-2] INFO  com.crawljax.core.Crawler - Tried to follow 
18:31:27.327 [pool-1-thread-2] INFO  com.crawljax.core.Crawler - state12_0_state13state13_17_state27state27_18_state28state28_19_state29state29_21_state4state4_23_state32
18:31:27.327 [pool-1-thread-2] INFO  com.crawljax.core.Crawler - Saving failed backtracking path to 32
18:31:27.327 [pool-1-thread-2] INFO  com.crawljax.core.Crawler - backtrack status: false, reached NearDuplicate : -1 
18:31:30.134 [pool-1-thread-2] INFO  com.crawljax.core.Crawler - index has changed to: state263
18:31:30.135 [pool-1-thread-2] INFO  com.crawljax.core.Crawler - Did not add reload edge from state263 to state263
18:31:30.135 [pool-1-thread-2] INFO  c.crawljax.core.state.StateMachine - Cannot go to state: 'state27' from: 'state263'
18:31:30.135 [pool-1-thread-2] INFO  com.crawljax.core.Crawler - Not a valid path anymore state13: state32
18:31:30.135 [pool-1-thread-2] INFO  com.crawljax.core.Crawler - Tried to follow 
18:31:30.135 [pool-1-thread-2] INFO  com.crawljax.core.Crawler - state13_17_state27state27_18_state28state28_19_state29state29_21_state4state4_23_state32
18:31:30.135 [pool-1-thread-2] INFO  com.crawljax.core.Crawler - Saving failed backtracking path to 32
18:31:30.135 [pool-1-thread-2] INFO  com.crawljax.core.Crawler - backtrack status: false, reached NearDuplicate : -1 
18:31:32.954 [pool-1-thread-2] INFO  com.crawljax.core.Crawler - index has changed to: state263
18:31:32.955 [pool-1-thread-2] INFO  com.crawljax.core.Crawler - Did not add reload edge from state263 to state263
18:31:32.955 [pool-1-thread-2] INFO  c.crawljax.core.state.StateMachine - Cannot go to state: 'state5' from: 'state263'
18:31:32.955 [pool-1-thread-2] INFO  com.crawljax.core.Crawler - Not a valid path anymore state43: state32
18:31:32.955 [pool-1-thread-2] INFO  com.crawljax.core.Crawler - Tried to follow 
18:31:32.955 [pool-1-thread-2] INFO  com.crawljax.core.Crawler - state43_37_state5state5_7_state4state4_23_state32
18:31:32.955 [pool-1-thread-2] INFO  com.crawljax.core.Crawler - Saving failed backtracking path to 32
18:31:32.955 [pool-1-thread-2] INFO  com.crawljax.core.Crawler - backtrack status: false, reached NearDuplicate : -1 
18:31:35.770 [pool-1-thread-2] INFO  com.crawljax.core.Crawler - index has changed to: state263
18:31:35.771 [pool-1-thread-2] INFO  com.crawljax.core.Crawler - Did not add reload edge from state263 to state263
18:31:35.771 [pool-1-thread-2] INFO  c.crawljax.core.state.StateMachine - Cannot go to state: 'state139' from: 'state263'
18:31:35.771 [pool-1-thread-2] INFO  com.crawljax.core.Crawler - Not a valid path anymore state94: state32
18:31:35.771 [pool-1-thread-2] INFO  com.crawljax.core.Crawler - Tried to follow 
18:31:35.771 [pool-1-thread-2] INFO  com.crawljax.core.Crawler - state94_56_state139state139_57_state140state140_58_state29state29_21_state4state4_23_state32
18:31:35.771 [pool-1-thread-2] INFO  com.crawljax.core.Crawler - Saving failed backtracking path to 32
18:31:35.771 [pool-1-thread-2] INFO  com.crawljax.core.Crawler - backtrack status: false, reached NearDuplicate : -1 
18:31:38.559 [pool-1-thread-2] INFO  com.crawljax.core.Crawler - index has changed to: state263
18:31:38.559 [pool-1-thread-2] INFO  com.crawljax.core.Crawler - Did not add reload edge from state263 to state263
18:31:38.559 [pool-1-thread-2] INFO  c.crawljax.core.state.StateMachine - Cannot go to state: 'state232' from: 'state263'
18:31:38.559 [pool-1-thread-2] INFO  com.crawljax.core.Crawler - Not a valid path anymore state160: state32
18:31:38.559 [pool-1-thread-2] INFO  com.crawljax.core.Crawler - Tried to follow 
18:31:38.559 [pool-1-thread-2] INFO  com.crawljax.core.Crawler - state160_81_state232state232_107_state39state39_111_state32
18:31:38.559 [pool-1-thread-2] INFO  com.crawljax.core.Crawler - Saving failed backtracking path to 32
18:31:38.559 [pool-1-thread-2] INFO  com.crawljax.core.Crawler - backtrack status: false, reached NearDuplicate : -1 
18:31:41.379 [pool-1-thread-2] INFO  com.crawljax.core.Crawler - index has changed to: state263
18:31:41.379 [pool-1-thread-2] INFO  com.crawljax.core.Crawler - Did not add reload edge from state263 to state263
18:31:41.380 [pool-1-thread-2] INFO  com.crawljax.core.Crawler - state32 no path from state263
18:31:41.380 [pool-1-thread-2] INFO  com.crawljax.core.Crawler - state unreachable: Removing from candidate actions state32
18:31:41.380 [pool-1-thread-2] INFO  c.c.core.UnfiredFragmentCandidates - Placing purged actions in unreachable cache for state32
18:31:41.380 [pool-1-thread-2] INFO  com.crawljax.core.Crawler - Resetting the crawler and Going to state state39
18:31:44.218 [pool-1-thread-2] INFO  com.crawljax.core.Crawler - index has changed to: state263
18:31:44.218 [pool-1-thread-2] INFO  com.crawljax.core.Crawler - Did not add reload edge from state263 to state263
18:31:44.218 [pool-1-thread-2] INFO  com.crawljax.core.Crawler - Initial state not the same as current state : Getting shortest path from current state
18:31:44.218 [pool-1-thread-2] INFO  com.crawljax.core.Crawler - state39 no path from state263
18:31:44.218 [pool-1-thread-2] INFO  c.crawljax.core.state.StateMachine - Cannot go to state: 'state1' from: 'state263'
18:31:44.219 [pool-1-thread-2] INFO  com.crawljax.core.Crawler - Not a valid path anymore index: state39
18:31:44.219 [pool-1-thread-2] INFO  com.crawljax.core.Crawler - Tried to follow 
18:31:44.219 [pool-1-thread-2] INFO  com.crawljax.core.Crawler - index_1_state1state1_4_state3state3_86_state38state38_32_state39
18:31:44.219 [pool-1-thread-2] INFO  com.crawljax.core.Crawler - Saving failed backtracking path to 39
18:31:44.219 [pool-1-thread-2] INFO  com.crawljax.core.Crawler - backtrack status: false, reached NearDuplicate : -1 
18:31:47.040 [pool-1-thread-2] INFO  com.crawljax.core.Crawler - index has changed to: state263
18:31:47.040 [pool-1-thread-2] INFO  com.crawljax.core.Crawler - Did not add reload edge from state263 to state263
18:31:47.040 [pool-1-thread-2] INFO  c.crawljax.core.state.StateMachine - Cannot go to state: 'state13' from: 'state263'
18:31:47.040 [pool-1-thread-2] INFO  com.crawljax.core.Crawler - Not a valid path anymore state12: state39
18:31:47.040 [pool-1-thread-2] INFO  com.crawljax.core.Crawler - Tried to follow 
18:31:47.040 [pool-1-thread-2] INFO  com.crawljax.core.Crawler - state12_0_state13state13_17_state27state27_18_state28state28_19_state29state29_21_state4state4_23_state32state32_99_state232state232_107_state39
18:31:47.040 [pool-1-thread-2] INFO  com.crawljax.core.Crawler - Saving failed backtracking path to 39
18:31:47.040 [pool-1-thread-2] INFO  com.crawljax.core.Crawler - backtrack status: false, reached NearDuplicate : -1 
18:31:49.853 [pool-1-thread-2] INFO  com.crawljax.core.Crawler - index has changed to: state263
18:31:49.853 [pool-1-thread-2] INFO  com.crawljax.core.Crawler - Did not add reload edge from state263 to state263
18:31:49.854 [pool-1-thread-2] INFO  c.crawljax.core.state.StateMachine - Cannot go to state: 'state27' from: 'state263'
18:31:49.854 [pool-1-thread-2] INFO  com.crawljax.core.Crawler - Not a valid path anymore state13: state39
18:31:49.854 [pool-1-thread-2] INFO  com.crawljax.core.Crawler - Tried to follow 
18:31:49.854 [pool-1-thread-2] INFO  com.crawljax.core.Crawler - state13_17_state27state27_18_state28state28_19_state29state29_21_state4state4_23_state32state32_99_state232state232_107_state39
18:31:49.854 [pool-1-thread-2] INFO  com.crawljax.core.Crawler - Saving failed backtracking path to 39
18:31:49.854 [pool-1-thread-2] INFO  com.crawljax.core.Crawler - backtrack status: false, reached NearDuplicate : -1 
18:31:52.673 [pool-1-thread-2] INFO  com.crawljax.core.Crawler - index has changed to: state263
18:31:52.674 [pool-1-thread-2] INFO  com.crawljax.core.Crawler - Did not add reload edge from state263 to state263
18:31:52.674 [pool-1-thread-2] INFO  c.crawljax.core.state.StateMachine - Cannot go to state: 'state5' from: 'state263'
18:31:52.674 [pool-1-thread-2] INFO  com.crawljax.core.Crawler - Not a valid path anymore state43: state39
18:31:52.674 [pool-1-thread-2] INFO  com.crawljax.core.Crawler - Tried to follow 
18:31:52.674 [pool-1-thread-2] INFO  com.crawljax.core.Crawler - state43_37_state5state5_7_state4state4_23_state32state32_99_state232state232_107_state39
18:31:52.674 [pool-1-thread-2] INFO  com.crawljax.core.Crawler - Saving failed backtracking path to 39
18:31:52.674 [pool-1-thread-2] INFO  com.crawljax.core.Crawler - backtrack status: false, reached NearDuplicate : -1 
18:31:55.495 [pool-1-thread-2] INFO  com.crawljax.core.Crawler - index has changed to: state263
18:31:55.495 [pool-1-thread-2] INFO  com.crawljax.core.Crawler - Did not add reload edge from state263 to state263
18:31:55.495 [pool-1-thread-2] INFO  c.crawljax.core.state.StateMachine - Cannot go to state: 'state139' from: 'state263'
18:31:55.495 [pool-1-thread-2] INFO  com.crawljax.core.Crawler - Not a valid path anymore state94: state39
18:31:55.495 [pool-1-thread-2] INFO  com.crawljax.core.Crawler - Tried to follow 
18:31:55.495 [pool-1-thread-2] INFO  com.crawljax.core.Crawler - state94_56_state139state139_57_state140state140_58_state29state29_21_state4state4_23_state32state32_99_state232state232_107_state39
18:31:55.495 [pool-1-thread-2] INFO  com.crawljax.core.Crawler - Saving failed backtracking path to 39
18:31:55.495 [pool-1-thread-2] INFO  com.crawljax.core.Crawler - backtrack status: false, reached NearDuplicate : -1 
18:31:58.287 [pool-1-thread-2] INFO  com.crawljax.core.Crawler - index has changed to: state263
18:31:58.287 [pool-1-thread-2] INFO  com.crawljax.core.Crawler - Did not add reload edge from state263 to state263
18:31:58.288 [pool-1-thread-2] INFO  c.crawljax.core.state.StateMachine - Cannot go to state: 'state232' from: 'state263'
18:31:58.288 [pool-1-thread-2] INFO  com.crawljax.core.Crawler - Not a valid path anymore state160: state39
18:31:58.288 [pool-1-thread-2] INFO  com.crawljax.core.Crawler - Tried to follow 
18:31:58.288 [pool-1-thread-2] INFO  com.crawljax.core.Crawler - state160_81_state232state232_107_state39
18:31:58.288 [pool-1-thread-2] INFO  com.crawljax.core.Crawler - Saving failed backtracking path to 39
18:31:58.288 [pool-1-thread-2] INFO  com.crawljax.core.Crawler - backtrack status: false, reached NearDuplicate : -1 
18:32:01.094 [pool-1-thread-2] INFO  com.crawljax.core.Crawler - index has changed to: state263
18:32:01.094 [pool-1-thread-2] INFO  com.crawljax.core.Crawler - Did not add reload edge from state263 to state263
18:32:01.094 [pool-1-thread-2] INFO  com.crawljax.core.Crawler - state39 no path from state263
18:32:01.094 [pool-1-thread-2] INFO  com.crawljax.core.Crawler - state unreachable: Removing from candidate actions state39
18:32:01.094 [pool-1-thread-2] INFO  c.c.core.UnfiredFragmentCandidates - Placing purged actions in unreachable cache for state39
18:32:01.094 [pool-1-thread-2] INFO  com.crawljax.core.Crawler - Resetting the crawler and Going to state state259
18:32:03.916 [pool-1-thread-2] INFO  com.crawljax.core.Crawler - index has changed to: state263
18:32:03.917 [pool-1-thread-2] INFO  com.crawljax.core.Crawler - Did not add reload edge from state263 to state263
18:32:03.917 [pool-1-thread-2] INFO  com.crawljax.core.Crawler - Initial state not the same as current state : Getting shortest path from current state
18:32:03.917 [pool-1-thread-2] INFO  com.crawljax.core.Crawler - state259 no path from state263
18:32:03.917 [pool-1-thread-2] INFO  c.crawljax.core.state.StateMachine - Cannot go to state: 'state1' from: 'state263'
18:32:03.917 [pool-1-thread-2] INFO  com.crawljax.core.Crawler - Not a valid path anymore index: state259
18:32:03.917 [pool-1-thread-2] INFO  com.crawljax.core.Crawler - Tried to follow 
18:32:03.917 [pool-1-thread-2] INFO  com.crawljax.core.Crawler - index_1_state1state1_4_state3state3_5_state4state4_23_state32state32_112_state259
18:32:03.917 [pool-1-thread-2] INFO  com.crawljax.core.Crawler - Saving failed backtracking path to 259
18:32:03.917 [pool-1-thread-2] INFO  com.crawljax.core.Crawler - backtrack status: false, reached NearDuplicate : -1 
18:32:06.729 [pool-1-thread-2] INFO  com.crawljax.core.Crawler - index has changed to: state263
18:32:06.730 [pool-1-thread-2] INFO  com.crawljax.core.Crawler - Did not add reload edge from state263 to state263
18:32:06.730 [pool-1-thread-2] INFO  c.crawljax.core.state.StateMachine - Cannot go to state: 'state13' from: 'state263'
18:32:06.730 [pool-1-thread-2] INFO  com.crawljax.core.Crawler - Not a valid path anymore state12: state259
18:32:06.730 [pool-1-thread-2] INFO  com.crawljax.core.Crawler - Tried to follow 
18:32:06.730 [pool-1-thread-2] INFO  com.crawljax.core.Crawler - state12_0_state13state13_17_state27state27_18_state28state28_19_state29state29_21_state4state4_23_state32state32_112_state259
18:32:06.730 [pool-1-thread-2] INFO  com.crawljax.core.Crawler - Saving failed backtracking path to 259
18:32:06.730 [pool-1-thread-2] INFO  com.crawljax.core.Crawler - backtrack status: false, reached NearDuplicate : -1 
18:32:09.531 [pool-1-thread-2] INFO  com.crawljax.core.Crawler - index has changed to: state263
18:32:09.531 [pool-1-thread-2] INFO  com.crawljax.core.Crawler - Did not add reload edge from state263 to state263
18:32:09.531 [pool-1-thread-2] INFO  c.crawljax.core.state.StateMachine - Cannot go to state: 'state27' from: 'state263'
18:32:09.531 [pool-1-thread-2] INFO  com.crawljax.core.Crawler - Not a valid path anymore state13: state259
18:32:09.531 [pool-1-thread-2] INFO  com.crawljax.core.Crawler - Tried to follow 
18:32:09.531 [pool-1-thread-2] INFO  com.crawljax.core.Crawler - state13_17_state27state27_18_state28state28_19_state29state29_21_state4state4_23_state32state32_112_state259
18:32:09.531 [pool-1-thread-2] INFO  com.crawljax.core.Crawler - Saving failed backtracking path to 259
18:32:09.531 [pool-1-thread-2] INFO  com.crawljax.core.Crawler - backtrack status: false, reached NearDuplicate : -1 
18:32:12.377 [pool-1-thread-2] INFO  com.crawljax.core.Crawler - index has changed to: state263
18:32:12.377 [pool-1-thread-2] INFO  com.crawljax.core.Crawler - Did not add reload edge from state263 to state263
18:32:12.377 [pool-1-thread-2] INFO  c.crawljax.core.state.StateMachine - Cannot go to state: 'state5' from: 'state263'
18:32:12.378 [pool-1-thread-2] INFO  com.crawljax.core.Crawler - Not a valid path anymore state43: state259
18:32:12.378 [pool-1-thread-2] INFO  com.crawljax.core.Crawler - Tried to follow 
18:32:12.378 [pool-1-thread-2] INFO  com.crawljax.core.Crawler - state43_37_state5state5_7_state4state4_23_state32state32_112_state259
18:32:12.378 [pool-1-thread-2] INFO  com.crawljax.core.Crawler - Saving failed backtracking path to 259
18:32:12.378 [pool-1-thread-2] INFO  com.crawljax.core.Crawler - backtrack status: false, reached NearDuplicate : -1 
18:32:15.177 [pool-1-thread-2] INFO  com.crawljax.core.Crawler - index has changed to: state263
18:32:15.177 [pool-1-thread-2] INFO  com.crawljax.core.Crawler - Did not add reload edge from state263 to state263
18:32:15.178 [pool-1-thread-2] INFO  c.crawljax.core.state.StateMachine - Cannot go to state: 'state139' from: 'state263'
18:32:15.178 [pool-1-thread-2] INFO  com.crawljax.core.Crawler - Not a valid path anymore state94: state259
18:32:15.178 [pool-1-thread-2] INFO  com.crawljax.core.Crawler - Tried to follow 
18:32:15.178 [pool-1-thread-2] INFO  com.crawljax.core.Crawler - state94_56_state139state139_57_state140state140_58_state29state29_21_state4state4_23_state32state32_112_state259
18:32:15.178 [pool-1-thread-2] INFO  com.crawljax.core.Crawler - Saving failed backtracking path to 259
18:32:15.178 [pool-1-thread-2] INFO  com.crawljax.core.Crawler - backtrack status: false, reached NearDuplicate : -1 
18:32:17.998 [pool-1-thread-2] INFO  com.crawljax.core.Crawler - index has changed to: state263
18:32:17.998 [pool-1-thread-2] INFO  com.crawljax.core.Crawler - Did not add reload edge from state263 to state263
18:32:17.998 [pool-1-thread-2] INFO  c.crawljax.core.state.StateMachine - Cannot go to state: 'state232' from: 'state263'
18:32:17.998 [pool-1-thread-2] INFO  com.crawljax.core.Crawler - Not a valid path anymore state160: state259
18:32:17.998 [pool-1-thread-2] INFO  com.crawljax.core.Crawler - Tried to follow 
18:32:17.998 [pool-1-thread-2] INFO  com.crawljax.core.Crawler - state160_81_state232state232_107_state39state39_111_state32state32_112_state259
18:32:17.998 [pool-1-thread-2] INFO  com.crawljax.core.Crawler - Saving failed backtracking path to 259
18:32:17.998 [pool-1-thread-2] INFO  com.crawljax.core.Crawler - backtrack status: false, reached NearDuplicate : -1 
18:32:20.809 [pool-1-thread-2] INFO  com.crawljax.core.Crawler - index has changed to: state263
18:32:20.809 [pool-1-thread-2] INFO  com.crawljax.core.Crawler - Did not add reload edge from state263 to state263
18:32:20.809 [pool-1-thread-2] INFO  com.crawljax.core.Crawler - state259 no path from state263
18:32:20.809 [pool-1-thread-2] INFO  com.crawljax.core.Crawler - state unreachable: Removing from candidate actions state259
18:32:20.809 [pool-1-thread-2] INFO  c.c.core.UnfiredFragmentCandidates - Placing purged actions in unreachable cache for state259
18:32:20.809 [pool-1-thread-2] INFO  com.crawljax.core.Crawler - Resetting the crawler and Going to state state261
18:32:23.626 [pool-1-thread-2] INFO  com.crawljax.core.Crawler - index has changed to: state263
18:32:23.627 [pool-1-thread-2] INFO  com.crawljax.core.Crawler - Did not add reload edge from state263 to state263
18:32:23.627 [pool-1-thread-2] INFO  com.crawljax.core.Crawler - Initial state not the same as current state : Getting shortest path from current state
18:32:23.627 [pool-1-thread-2] INFO  com.crawljax.core.Crawler - state261 no path from state263
18:32:23.627 [pool-1-thread-2] INFO  c.crawljax.core.state.StateMachine - Cannot go to state: 'state1' from: 'state263'
18:32:23.627 [pool-1-thread-2] INFO  com.crawljax.core.Crawler - Not a valid path anymore index: state261
18:32:23.627 [pool-1-thread-2] INFO  com.crawljax.core.Crawler - Tried to follow 
18:32:23.627 [pool-1-thread-2] INFO  com.crawljax.core.Crawler - index_1_state1state1_4_state3state3_5_state4state4_23_state32state32_112_state259state259_114_state261
18:32:23.627 [pool-1-thread-2] INFO  com.crawljax.core.Crawler - Saving failed backtracking path to 261
18:32:23.627 [pool-1-thread-2] INFO  com.crawljax.core.Crawler - backtrack status: false, reached NearDuplicate : -1 
18:32:26.448 [pool-1-thread-2] INFO  com.crawljax.core.Crawler - index has changed to: state263
18:32:26.448 [pool-1-thread-2] INFO  com.crawljax.core.Crawler - Did not add reload edge from state263 to state263
18:32:26.448 [pool-1-thread-2] INFO  c.crawljax.core.state.StateMachine - Cannot go to state: 'state13' from: 'state263'
18:32:26.448 [pool-1-thread-2] INFO  com.crawljax.core.Crawler - Not a valid path anymore state12: state261
18:32:26.448 [pool-1-thread-2] INFO  com.crawljax.core.Crawler - Tried to follow 
18:32:26.448 [pool-1-thread-2] INFO  com.crawljax.core.Crawler - state12_0_state13state13_17_state27state27_18_state28state28_19_state29state29_21_state4state4_23_state32state32_112_state259state259_114_state261
18:32:26.448 [pool-1-thread-2] INFO  com.crawljax.core.Crawler - Saving failed backtracking path to 261
18:32:26.448 [pool-1-thread-2] INFO  com.crawljax.core.Crawler - backtrack status: false, reached NearDuplicate : -1 
18:32:29.284 [pool-1-thread-2] INFO  com.crawljax.core.Crawler - index has changed to: state263
18:32:29.284 [pool-1-thread-2] INFO  com.crawljax.core.Crawler - Did not add reload edge from state263 to state263
18:32:29.285 [pool-1-thread-2] INFO  c.crawljax.core.state.StateMachine - Cannot go to state: 'state27' from: 'state263'
18:32:29.285 [pool-1-thread-2] INFO  com.crawljax.core.Crawler - Not a valid path anymore state13: state261
18:32:29.285 [pool-1-thread-2] INFO  com.crawljax.core.Crawler - Tried to follow 
18:32:29.285 [pool-1-thread-2] INFO  com.crawljax.core.Crawler - state13_17_state27state27_18_state28state28_19_state29state29_21_state4state4_23_state32state32_112_state259state259_114_state261
18:32:29.285 [pool-1-thread-2] INFO  com.crawljax.core.Crawler - Saving failed backtracking path to 261
18:32:29.285 [pool-1-thread-2] INFO  com.crawljax.core.Crawler - backtrack status: false, reached NearDuplicate : -1 
18:32:32.093 [pool-1-thread-2] INFO  com.crawljax.core.Crawler - index has changed to: state263
18:32:32.093 [pool-1-thread-2] INFO  com.crawljax.core.Crawler - Did not add reload edge from state263 to state263
18:32:32.093 [pool-1-thread-2] INFO  c.crawljax.core.state.StateMachine - Cannot go to state: 'state5' from: 'state263'
18:32:32.093 [pool-1-thread-2] INFO  com.crawljax.core.Crawler - Not a valid path anymore state43: state261
18:32:32.093 [pool-1-thread-2] INFO  com.crawljax.core.Crawler - Tried to follow 
18:32:32.093 [pool-1-thread-2] INFO  com.crawljax.core.Crawler - state43_37_state5state5_7_state4state4_23_state32state32_112_state259state259_114_state261
18:32:32.093 [pool-1-thread-2] INFO  com.crawljax.core.Crawler - Saving failed backtracking path to 261
18:32:32.093 [pool-1-thread-2] INFO  com.crawljax.core.Crawler - backtrack status: false, reached NearDuplicate : -1 
18:32:34.893 [pool-1-thread-2] INFO  com.crawljax.core.Crawler - index has changed to: state263
18:32:34.893 [pool-1-thread-2] INFO  com.crawljax.core.Crawler - Did not add reload edge from state263 to state263
18:32:34.894 [pool-1-thread-2] INFO  c.crawljax.core.state.StateMachine - Cannot go to state: 'state139' from: 'state263'
18:32:34.894 [pool-1-thread-2] INFO  com.crawljax.core.Crawler - Not a valid path anymore state94: state261
18:32:34.894 [pool-1-thread-2] INFO  com.crawljax.core.Crawler - Tried to follow 
18:32:34.894 [pool-1-thread-2] INFO  com.crawljax.core.Crawler - state94_56_state139state139_57_state140state140_58_state29state29_21_state4state4_23_state32state32_112_state259state259_114_state261
18:32:34.894 [pool-1-thread-2] INFO  com.crawljax.core.Crawler - Saving failed backtracking path to 261
18:32:34.894 [pool-1-thread-2] INFO  com.crawljax.core.Crawler - backtrack status: false, reached NearDuplicate : -1 
18:32:37.713 [pool-1-thread-2] INFO  com.crawljax.core.Crawler - index has changed to: state263
18:32:37.713 [pool-1-thread-2] INFO  com.crawljax.core.Crawler - Did not add reload edge from state263 to state263
18:32:37.713 [pool-1-thread-2] INFO  c.crawljax.core.state.StateMachine - Cannot go to state: 'state232' from: 'state263'
18:32:37.713 [pool-1-thread-2] INFO  com.crawljax.core.Crawler - Not a valid path anymore state160: state261
18:32:37.713 [pool-1-thread-2] INFO  com.crawljax.core.Crawler - Tried to follow 
18:32:37.713 [pool-1-thread-2] INFO  com.crawljax.core.Crawler - state160_81_state232state232_107_state39state39_111_state32state32_112_state259state259_114_state261
18:32:37.713 [pool-1-thread-2] INFO  com.crawljax.core.Crawler - Saving failed backtracking path to 261
18:32:37.713 [pool-1-thread-2] INFO  com.crawljax.core.Crawler - backtrack status: false, reached NearDuplicate : -1 
18:32:40.529 [pool-1-thread-2] INFO  com.crawljax.core.Crawler - index has changed to: state263
18:32:40.530 [pool-1-thread-2] INFO  com.crawljax.core.Crawler - Did not add reload edge from state263 to state263
18:32:40.530 [pool-1-thread-2] INFO  com.crawljax.core.Crawler - state261 no path from state263
18:32:40.530 [pool-1-thread-2] INFO  com.crawljax.core.Crawler - state unreachable: Removing from candidate actions state261
18:32:40.530 [pool-1-thread-2] INFO  c.c.core.UnfiredFragmentCandidates - Placing purged actions in unreachable cache for state261
18:32:40.530 [pool-1-thread-2] INFO  com.crawljax.core.Crawler - backtrack status: true, reached NearDuplicate : -1 
18:32:40.530 [pool-1-thread-2] INFO  com.crawljax.core.Crawler -  Event xpath /HTML[1]/BODY[1]/DIV[4]/DIV[1]/DIV[4]/DIV[3]/DIV[1]/DIV[1]/DIV[3]/DIV[5]/DIV[1]/DIV[2]/DIV[3]/DIV[2]/INPUT[1]
18:32:40.549 [pool-1-thread-2] INFO  com.crawljax.core.Crawler - Changing related inputs for 117 with 0  to 0 
18:32:40.630 [pool-1-thread-2] INFO  c.c.core.UnfiredFragmentCandidates - Changing related inputs to worked inputs 0 for 117
18:32:40.630 [pool-1-thread-2] INFO  c.c.core.UnfiredFragmentCandidates - event 117 - Before 0
18:32:40.630 [pool-1-thread-2] INFO  c.c.core.UnfiredFragmentCandidates - event 117 - After 0
18:32:40.630 [pool-1-thread-2] INFO  c.c.core.UnfiredFragmentCandidates - input for 117, 0
18:32:43.770 [pool-1-thread-2] INFO  c.crawljax.core.state.StateMachine - CLONE State detected: state368 and state232 are the same.
18:32:43.770 [pool-1-thread-2] INFO  c.c.core.UnfiredFragmentCandidates - Placing state232 back in queue as it is rediscovered
18:32:43.770 [pool-1-thread-2] INFO  c.c.core.UnfiredFragmentCandidates - There are 1 states with unfired actions: [232]
18:32:43.770 [pool-1-thread-2] INFO  c.c.core.UnfiredFragmentCandidates - Rediscovered state232 has unexplored actions
18:32:43.778 [pool-1-thread-2] INFO  com.crawljax.core.Crawler -  Event xpath /HTML[1]/BODY[1]/DIV[4]/DIV[1]/DIV[1]/DIV[2]/DIV[1]/UL[1]/LI[4]
18:32:43.796 [pool-1-thread-2] INFO  com.crawljax.core.Crawler - Changing related inputs for 118 with 0  to 0 
18:32:43.872 [pool-1-thread-2] INFO  c.c.core.UnfiredFragmentCandidates - Changing related inputs to worked inputs 0 for 118
18:32:43.872 [pool-1-thread-2] INFO  c.c.core.UnfiredFragmentCandidates - event 118 - Before 0
18:32:43.872 [pool-1-thread-2] INFO  c.c.core.UnfiredFragmentCandidates - event 118 - After 0
18:32:43.872 [pool-1-thread-2] INFO  c.c.core.UnfiredFragmentCandidates - input for 118, 0
18:32:47.453 [pool-1-thread-2] INFO  c.c.c.state.InMemoryStateFlowGraph - Number of states in the graph is now 46
18:32:47.453 [pool-1-thread-2] INFO  c.crawljax.core.state.StateMachine - State state369 added to the StateMachine.
18:32:47.562 [pool-1-thread-2] INFO  com.crawljax.core.Crawler - New DOM is a new state! crawl depth is now 1
18:32:47.562 [pool-1-thread-2] INFO  com.crawljax.core.Crawler - Parsing DOM of state state369 for candidate elements
18:32:47.567 [pool-1-thread-2] INFO  c.c.core.UnfiredFragmentCandidates - There are 2 states with unfired actions: [232, 369]
18:32:47.574 [pool-1-thread-2] INFO  com.crawljax.core.Crawler -  Event xpath /HTML[1]/BODY[1]/DIV[4]/DIV[1]/DIV[2]/UL[2]/LI[5]/A[1]
18:32:47.587 [pool-1-thread-2] INFO  com.crawljax.core.Crawler - Changing related inputs for 119 with 0  to 0 
18:32:47.658 [pool-1-thread-2] INFO  c.c.core.UnfiredFragmentCandidates - Changing related inputs to worked inputs 0 for 119
18:32:47.658 [pool-1-thread-2] INFO  c.c.core.UnfiredFragmentCandidates - event 119 - Before 0
18:32:47.658 [pool-1-thread-2] INFO  c.c.core.UnfiredFragmentCandidates - event 119 - After 0
18:32:47.658 [pool-1-thread-2] INFO  c.c.core.UnfiredFragmentCandidates - input for 119, 0
18:32:47.696 [pool-1-thread-2] INFO  com.crawljax.core.Crawler - Found an invisible link with href=/digital-downloads
18:32:50.553 [pool-1-thread-2] INFO  c.crawljax.core.state.StateMachine - CLONE State detected: state370 and state241 are the same.
18:32:50.554 [pool-1-thread-2] INFO  c.c.core.UnfiredFragmentCandidates - Placing state241 back in queue as it is rediscovered
18:32:50.554 [pool-1-thread-2] INFO  c.c.core.UnfiredFragmentCandidates - There are 3 states with unfired actions: [232, 369, 241]
18:32:50.554 [pool-1-thread-2] INFO  c.c.core.UnfiredFragmentCandidates - Rediscovered state241 has unexplored actions
18:32:50.562 [pool-1-thread-2] INFO  com.crawljax.core.Crawler -  Event xpath /HTML[1]/BODY[1]/DIV[4]/DIV[1]/DIV[2]/UL[2]/LI[1]/DIV[1]
18:32:50.576 [pool-1-thread-2] INFO  com.crawljax.core.Crawler - Changing related inputs for 120 with 0  to 0 
18:32:50.647 [pool-1-thread-2] INFO  c.c.core.UnfiredFragmentCandidates - Changing related inputs to worked inputs 0 for 120
18:32:50.647 [pool-1-thread-2] INFO  c.c.core.UnfiredFragmentCandidates - event 120 - Before 0
18:32:50.647 [pool-1-thread-2] INFO  c.c.core.UnfiredFragmentCandidates - event 120 - After 0
18:32:50.647 [pool-1-thread-2] INFO  c.c.core.UnfiredFragmentCandidates - input for 120, 0
18:32:50.691 [pool-1-thread-2] INFO  com.crawljax.core.Crawler -  Event xpath /HTML[1]/BODY[1]/DIV[4]/DIV[1]/DIV[1]/DIV[2]/DIV[1]/UL[1]/LI[4]/A[1]
18:32:50.706 [pool-1-thread-2] INFO  com.crawljax.core.Crawler - Changing related inputs for 121 with 0  to 0 
18:32:50.784 [pool-1-thread-2] INFO  c.c.core.UnfiredFragmentCandidates - Changing related inputs to worked inputs 0 for 121
18:32:50.784 [pool-1-thread-2] INFO  c.c.core.UnfiredFragmentCandidates - event 121 - Before 0
18:32:50.785 [pool-1-thread-2] INFO  c.c.core.UnfiredFragmentCandidates - event 121 - After 0
18:32:50.785 [pool-1-thread-2] INFO  c.c.core.UnfiredFragmentCandidates - input for 121, 0
18:32:54.352 [pool-1-thread-2] INFO  c.crawljax.core.state.StateMachine - CLONE State detected: state371 and state369 are the same.
18:32:54.359 [pool-1-thread-2] INFO  com.crawljax.core.Crawler -  Event xpath /HTML[1]/BODY[1]/DIV[4]/DIV[1]/DIV[2]/UL[1]/LI[2]/UL[1]/LI[3]
18:32:54.371 [pool-1-thread-2] INFO  com.crawljax.core.Crawler - Changing related inputs for 122 with 0  to 0 
18:32:54.447 [pool-1-thread-2] INFO  c.c.core.UnfiredFragmentCandidates - Changing related inputs to worked inputs 0 for 122
18:32:54.448 [pool-1-thread-2] INFO  c.c.core.UnfiredFragmentCandidates - event 122 - Before 0
18:32:54.448 [pool-1-thread-2] INFO  c.c.core.UnfiredFragmentCandidates - event 122 - After 0
18:32:54.448 [pool-1-thread-2] INFO  c.c.core.UnfiredFragmentCandidates - input for 122, 0
18:32:54.491 [pool-1-thread-2] INFO  com.crawljax.core.Crawler -  Event xpath /HTML[1]/BODY[1]/DIV[4]/DIV[1]/DIV[2]/UL[2]/LI[3]/UL[1]/LI[1]/A[1]
18:32:54.504 [pool-1-thread-2] INFO  com.crawljax.core.Crawler - Changing related inputs for 123 with 0  to 0 
18:32:54.572 [pool-1-thread-2] INFO  c.c.core.UnfiredFragmentCandidates - Changing related inputs to worked inputs 0 for 123
18:32:54.572 [pool-1-thread-2] INFO  c.c.core.UnfiredFragmentCandidates - event 123 - Before 0
18:32:54.572 [pool-1-thread-2] INFO  c.c.core.UnfiredFragmentCandidates - event 123 - After 0
18:32:54.572 [pool-1-thread-2] INFO  c.c.core.UnfiredFragmentCandidates - input for 123, 0
18:32:54.610 [pool-1-thread-2] INFO  com.crawljax.core.Crawler - Found an invisible link with href=/camera-photo
18:32:58.279 [pool-1-thread-2] INFO  c.c.c.state.InMemoryStateFlowGraph - Number of states in the graph is now 47
18:32:58.279 [pool-1-thread-2] INFO  c.crawljax.core.state.StateMachine - State state372 added to the StateMachine.
18:32:58.392 [pool-1-thread-2] INFO  com.crawljax.core.Crawler - New DOM is a new state! crawl depth is now 2
18:32:58.392 [pool-1-thread-2] INFO  com.crawljax.core.Crawler - Parsing DOM of state state372 for candidate elements
18:32:58.397 [pool-1-thread-2] INFO  c.c.core.UnfiredFragmentCandidates - There are 4 states with unfired actions: [232, 369, 241, 372]
18:32:58.405 [pool-1-thread-2] INFO  com.crawljax.core.Crawler -  Event xpath /HTML[1]/BODY[1]/DIV[4]/DIV[1]/DIV[4]/DIV[1]/DIV[1]/DIV[2]/UL[1]/LI[3]/UL[1]/LI[1]/A[1]
18:32:58.420 [pool-1-thread-2] INFO  com.crawljax.core.Crawler - Changing related inputs for 124 with 0  to 0 
18:32:58.492 [pool-1-thread-2] INFO  c.c.core.UnfiredFragmentCandidates - Changing related inputs to worked inputs 0 for 124
18:32:58.492 [pool-1-thread-2] INFO  c.c.core.UnfiredFragmentCandidates - event 124 - Before 0
18:32:58.492 [pool-1-thread-2] INFO  c.c.core.UnfiredFragmentCandidates - event 124 - After 0
18:32:58.492 [pool-1-thread-2] INFO  c.c.core.UnfiredFragmentCandidates - input for 124, 0
18:33:02.169 [pool-1-thread-2] INFO  com.crawljax.core.Crawler -  Event xpath /HTML[1]/BODY[1]/DIV[4]/DIV[1]/DIV[4]/DIV[2]/DIV[2]/DIV[2]/DIV[1]/DIV[3]/SELECT[1]/OPTION[3]
18:33:02.184 [pool-1-thread-2] INFO  com.crawljax.core.Crawler - Changing related inputs for 125 with 0  to 0 
18:33:02.254 [pool-1-thread-2] INFO  c.c.core.UnfiredFragmentCandidates - Changing related inputs to worked inputs 0 for 125
18:33:02.254 [pool-1-thread-2] INFO  c.c.core.UnfiredFragmentCandidates - event 125 - Before 0
18:33:02.254 [pool-1-thread-2] INFO  c.c.core.UnfiredFragmentCandidates - event 125 - After 0
18:33:02.254 [pool-1-thread-2] INFO  c.c.core.UnfiredFragmentCandidates - input for 125, 0
18:33:05.964 [pool-1-thread-2] INFO  c.c.c.state.InMemoryStateFlowGraph - Number of states in the graph is now 48
18:33:05.964 [pool-1-thread-2] INFO  c.crawljax.core.state.StateMachine - State state374 added to the StateMachine.
18:33:06.074 [pool-1-thread-2] INFO  com.crawljax.core.Crawler - New DOM is a new state! crawl depth is now 3
18:33:06.074 [pool-1-thread-2] INFO  com.crawljax.core.Crawler - Parsing DOM of state state374 for candidate elements
18:33:06.080 [pool-1-thread-2] INFO  c.c.core.UnfiredFragmentCandidates - There are 5 states with unfired actions: [232, 369, 241, 372, 374]
18:33:06.089 [pool-1-thread-2] INFO  com.crawljax.core.Crawler -  Event xpath /HTML[1]/BODY[1]/DIV[4]/DIV[1]/DIV[4]/DIV[1]/DIV[3]/DIV[2]/DIV[1]/DIV[2]/SPAN[1]
18:33:06.104 [pool-1-thread-2] INFO  com.crawljax.core.Crawler - Changing related inputs for 126 with 0  to 0 
18:33:06.175 [pool-1-thread-2] INFO  c.c.core.UnfiredFragmentCandidates - Changing related inputs to worked inputs 0 for 126
18:33:06.175 [pool-1-thread-2] INFO  c.c.core.UnfiredFragmentCandidates - event 126 - Before 0
18:33:06.175 [pool-1-thread-2] INFO  c.c.core.UnfiredFragmentCandidates - event 126 - After 0
18:33:06.175 [pool-1-thread-2] INFO  c.c.core.UnfiredFragmentCandidates - input for 126, 0
18:33:06.217 [pool-1-thread-2] INFO  com.crawljax.core.Crawler -  Event xpath /HTML[1]/BODY[1]/DIV[4]/DIV[1]/DIV[4]
18:33:06.232 [pool-1-thread-2] INFO  com.crawljax.core.Crawler - Changing related inputs for 127 with 0  to 0 
18:33:06.306 [pool-1-thread-2] INFO  c.c.core.UnfiredFragmentCandidates - Changing related inputs to worked inputs 0 for 127
18:33:06.307 [pool-1-thread-2] INFO  c.c.core.UnfiredFragmentCandidates - event 127 - Before 0
18:33:06.307 [pool-1-thread-2] INFO  c.c.core.UnfiredFragmentCandidates - event 127 - After 0
18:33:06.307 [pool-1-thread-2] INFO  c.c.core.UnfiredFragmentCandidates - input for 127, 0
18:33:06.354 [pool-1-thread-2] INFO  com.crawljax.core.Crawler -  Event xpath /HTML[1]/BODY[1]/DIV[4]/DIV[1]/DIV[1]/DIV[2]/DIV[1]/UL[1]/LI[3]/A[1]/SPAN[2]
18:33:06.369 [pool-1-thread-2] INFO  com.crawljax.core.Crawler - Changing related inputs for 128 with 0  to 0 
18:33:06.439 [pool-1-thread-2] INFO  c.c.core.UnfiredFragmentCandidates - Changing related inputs to worked inputs 0 for 128
18:33:06.439 [pool-1-thread-2] INFO  c.c.core.UnfiredFragmentCandidates - event 128 - Before 0
18:33:06.439 [pool-1-thread-2] INFO  c.c.core.UnfiredFragmentCandidates - event 128 - After 0
18:33:06.439 [pool-1-thread-2] INFO  c.c.core.UnfiredFragmentCandidates - input for 128, 0
18:33:09.992 [pool-1-thread-2] INFO  c.crawljax.core.state.StateMachine - CLONE State detected: state375 and state146 are the same.
18:33:09.993 [pool-1-thread-2] INFO  c.c.core.UnfiredFragmentCandidates - Placing state146 back in queue as it is rediscovered
18:33:09.993 [pool-1-thread-2] INFO  c.c.core.UnfiredFragmentCandidates - There are 6 states with unfired actions: [232, 369, 241, 372, 374, 146]
18:33:09.993 [pool-1-thread-2] INFO  c.c.core.UnfiredFragmentCandidates - Rediscovered state146 has unexplored actions
18:33:10.000 [pool-1-thread-2] INFO  com.crawljax.core.Crawler -  Event xpath /HTML[1]/BODY[1]/DIV[4]/DIV[1]/DIV[2]/UL[2]/LI[2]/UL[1]/LI[3]
18:33:10.012 [pool-1-thread-2] INFO  com.crawljax.core.Crawler - Changing related inputs for 129 with 0  to 0 
18:33:10.079 [pool-1-thread-2] INFO  c.c.core.UnfiredFragmentCandidates - Changing related inputs to worked inputs 0 for 129
18:33:10.079 [pool-1-thread-2] INFO  c.c.core.UnfiredFragmentCandidates - event 129 - Before 0
18:33:10.079 [pool-1-thread-2] INFO  c.c.core.UnfiredFragmentCandidates - event 129 - After 0
18:33:10.079 [pool-1-thread-2] INFO  c.c.core.UnfiredFragmentCandidates - input for 129, 0
18:33:10.121 [pool-1-thread-2] INFO  com.crawljax.core.Crawler -  Event xpath /HTML[1]/BODY[1]/DIV[3]/SPAN[1]
18:33:10.132 [pool-1-thread-2] INFO  com.crawljax.core.Crawler - Changing related inputs for 130 with 0  to 0 
18:33:10.196 [pool-1-thread-2] INFO  c.c.core.UnfiredFragmentCandidates - Changing related inputs to worked inputs 0 for 130
18:33:10.196 [pool-1-thread-2] INFO  c.c.core.UnfiredFragmentCandidates - event 130 - Before 0
18:33:10.197 [pool-1-thread-2] INFO  c.c.core.UnfiredFragmentCandidates - event 130 - After 0
18:33:10.197 [pool-1-thread-2] INFO  c.c.core.UnfiredFragmentCandidates - input for 130, 0
18:33:10.248 [pool-1-thread-2] INFO  com.crawljax.core.Crawler -  Event xpath /HTML[1]/BODY[1]/DIV[4]/DIV[1]/DIV[2]/UL[2]/LI[1]/A[1]
18:33:10.261 [pool-1-thread-2] INFO  com.crawljax.core.Crawler - Changing related inputs for 131 with 0  to 0 
18:33:10.329 [pool-1-thread-2] INFO  c.c.core.UnfiredFragmentCandidates - Changing related inputs to worked inputs 0 for 131
18:33:10.329 [pool-1-thread-2] INFO  c.c.core.UnfiredFragmentCandidates - event 131 - Before 0
18:33:10.329 [pool-1-thread-2] INFO  c.c.core.UnfiredFragmentCandidates - event 131 - After 0
18:33:10.329 [pool-1-thread-2] INFO  c.c.core.UnfiredFragmentCandidates - input for 131, 0
18:33:10.365 [pool-1-thread-2] INFO  com.crawljax.core.Crawler - Found an invisible link with href=/books
18:33:13.249 [pool-1-thread-2] INFO  c.crawljax.core.state.StateMachine - CLONE State detected: state376 and state4 are the same.
18:33:13.249 [pool-1-thread-2] INFO  c.c.core.UnfiredFragmentCandidates - Placing state4 back in queue as it is rediscovered
18:33:13.249 [pool-1-thread-2] INFO  c.c.core.UnfiredFragmentCandidates - There are 7 states with unfired actions: [232, 369, 241, 372, 374, 146, 4]
18:33:13.249 [pool-1-thread-2] INFO  c.c.core.UnfiredFragmentCandidates - Rediscovered state4 has unexplored actions
18:33:13.257 [pool-1-thread-2] INFO  com.crawljax.core.Crawler -  Event xpath /HTML[1]/BODY[1]/DIV[4]/DIV[1]/DIV[2]/UL[1]/LI[5]
18:33:13.271 [pool-1-thread-2] INFO  com.crawljax.core.Crawler - Changing related inputs for 132 with 0  to 0 
18:33:13.341 [pool-1-thread-2] INFO  c.c.core.UnfiredFragmentCandidates - Changing related inputs to worked inputs 0 for 132
18:33:13.341 [pool-1-thread-2] INFO  c.c.core.UnfiredFragmentCandidates - event 132 - Before 0
18:33:13.341 [pool-1-thread-2] INFO  c.c.core.UnfiredFragmentCandidates - event 132 - After 0
18:33:13.341 [pool-1-thread-2] INFO  c.c.core.UnfiredFragmentCandidates - input for 132, 0
18:33:17.011 [pool-1-thread-2] INFO  c.crawljax.core.state.StateMachine - CLONE State detected: state377 and state241 are the same.
18:33:17.023 [pool-1-thread-2] INFO  com.crawljax.core.Crawler -  Event xpath /HTML[1]/BODY[1]/DIV[4]/DIV[1]/DIV[4]/DIV[2]/DIV[2]/DIV[2]/DIV[3]/DIV[3]/DIV[1]/DIV[2]/H2[1]/A[1]
18:33:17.039 [pool-1-thread-2] INFO  com.crawljax.core.Crawler - Changing related inputs for 133 with 0  to 0 
18:33:17.110 [pool-1-thread-2] INFO  c.c.core.UnfiredFragmentCandidates - Changing related inputs to worked inputs 0 for 133
18:33:17.110 [pool-1-thread-2] INFO  c.c.core.UnfiredFragmentCandidates - event 133 - Before 0
18:33:17.110 [pool-1-thread-2] INFO  c.c.core.UnfiredFragmentCandidates - event 133 - After 0
18:33:17.110 [pool-1-thread-2] INFO  c.c.core.UnfiredFragmentCandidates - input for 133, 0
18:33:22.229 [pool-1-thread-2] INFO  c.c.c.state.InMemoryStateFlowGraph - Number of states in the graph is now 49
18:33:22.229 [pool-1-thread-2] INFO  c.crawljax.core.state.StateMachine - State state378 added to the StateMachine.
18:33:22.376 [pool-1-thread-2] INFO  com.crawljax.core.Crawler - New DOM is a new state! crawl depth is now 4
18:33:22.376 [pool-1-thread-2] INFO  com.crawljax.core.Crawler - Parsing DOM of state state378 for candidate elements
18:33:22.382 [pool-1-thread-2] INFO  c.c.core.UnfiredFragmentCandidates - There are 8 states with unfired actions: [232, 369, 241, 372, 374, 146, 4, 378]
18:33:22.393 [pool-1-thread-2] INFO  com.crawljax.core.Crawler -  Event xpath /HTML[1]/BODY[1]/DIV[4]/DIV[1]/DIV[4]/DIV[2]/DIV[2]/DIV[1]/FORM[1]/DIV[1]/DIV[2]/DIV[2]/DIV[3]/DIV[1]/DIV[2]/DIV[3]/DIV[2]/INPUT[1]
18:33:22.412 [pool-1-thread-2] INFO  com.crawljax.core.Crawler - Changing related inputs for 134 with 0  to 0 
18:33:22.484 [pool-1-thread-2] INFO  c.c.core.UnfiredFragmentCandidates - Changing related inputs to worked inputs 0 for 134
18:33:22.484 [pool-1-thread-2] INFO  c.c.core.UnfiredFragmentCandidates - event 134 - Before 0
18:33:22.484 [pool-1-thread-2] INFO  c.c.core.UnfiredFragmentCandidates - event 134 - After 0
18:33:22.484 [pool-1-thread-2] INFO  c.c.core.UnfiredFragmentCandidates - input for 134, 0
18:33:25.642 [pool-1-thread-2] INFO  c.crawljax.core.state.StateMachine - CLONE State detected: state379 and state142 are the same.
18:33:25.642 [pool-1-thread-2] INFO  c.c.core.UnfiredFragmentCandidates - Placing state142 back in queue as it is rediscovered
18:33:25.642 [pool-1-thread-2] INFO  c.c.core.UnfiredFragmentCandidates - There are 9 states with unfired actions: [232, 369, 241, 372, 374, 146, 4, 378, 142]
18:33:25.643 [pool-1-thread-2] INFO  c.c.core.UnfiredFragmentCandidates - Rediscovered state142 has unexplored actions
18:33:25.654 [pool-1-thread-2] INFO  com.crawljax.core.Crawler -  Event xpath /HTML[1]/BODY[1]/DIV[4]/DIV[1]/DIV[1]/DIV[2]/DIV[2]/DIV[1]
18:33:25.671 [pool-1-thread-2] INFO  com.crawljax.core.Crawler - Changing related inputs for 135 with 0  to 0 
18:33:25.752 [pool-1-thread-2] INFO  c.c.core.UnfiredFragmentCandidates - Changing related inputs to worked inputs 0 for 135
18:33:25.752 [pool-1-thread-2] INFO  c.c.core.UnfiredFragmentCandidates - event 135 - Before 0
18:33:25.752 [pool-1-thread-2] INFO  c.c.core.UnfiredFragmentCandidates - event 135 - After 0
18:33:25.752 [pool-1-thread-2] INFO  c.c.core.UnfiredFragmentCandidates - input for 135, 0
18:33:25.794 [pool-1-thread-2] INFO  com.crawljax.core.Crawler -  Event xpath /HTML[1]/BODY[1]/DIV[4]/DIV[1]/DIV[4]/DIV[2]/DIV[2]/DIV[1]/FORM[1]/DIV[1]/DIV[1]/DIV[2]/DIV[9]/INPUT[1]
18:33:25.811 [pool-1-thread-2] INFO  com.crawljax.core.Crawler - Changing related inputs for 136 with 0  to 0 
18:33:25.882 [pool-1-thread-2] INFO  c.c.core.UnfiredFragmentCandidates - Changing related inputs to worked inputs 0 for 136
18:33:25.882 [pool-1-thread-2] INFO  c.c.core.UnfiredFragmentCandidates - event 136 - Before 0
18:33:25.882 [pool-1-thread-2] INFO  c.c.core.UnfiredFragmentCandidates - event 136 - After 0
18:33:25.882 [pool-1-thread-2] INFO  c.c.core.UnfiredFragmentCandidates - input for 136, 0
18:33:29.747 [pool-1-thread-2] INFO  c.c.c.state.InMemoryStateFlowGraph - Number of states in the graph is now 50
18:33:29.748 [pool-1-thread-2] INFO  c.crawljax.core.state.StateMachine - State state380 added to the StateMachine.
18:33:29.851 [pool-1-thread-2] INFO  com.crawljax.core.Crawler - New DOM is a new state! crawl depth is now 5
18:33:29.852 [pool-1-thread-2] INFO  com.crawljax.core.Crawler - Parsing DOM of state state380 for candidate elements
18:33:29.862 [pool-1-thread-2] INFO  c.c.core.UnfiredFragmentCandidates - There are 10 states with unfired actions: [232, 369, 241, 372, 374, 146, 4, 378, 142, 380]
18:33:29.870 [pool-1-thread-2] INFO  com.crawljax.core.Crawler -  Event xpath /HTML[1]/BODY[1]/DIV[4]/DIV[1]/DIV[1]/DIV[3]/FORM[1]/SPAN[1]
18:33:29.883 [pool-1-thread-2] INFO  com.crawljax.core.Crawler - Changing related inputs for 137 with 0  to 0 
18:33:29.952 [pool-1-thread-2] INFO  c.c.core.UnfiredFragmentCandidates - Changing related inputs to worked inputs 0 for 137
18:33:29.952 [pool-1-thread-2] INFO  c.c.core.UnfiredFragmentCandidates - event 137 - Before 0
18:33:29.952 [pool-1-thread-2] INFO  c.c.core.UnfiredFragmentCandidates - event 137 - After 0
18:33:29.952 [pool-1-thread-2] INFO  c.c.core.UnfiredFragmentCandidates - input for 137, 0
18:33:31.054 [pool-1-thread-2] INFO  com.crawljax.core.Crawler -  Event xpath /HTML[1]/BODY[1]/DIV[2]
18:33:31.067 [pool-1-thread-2] INFO  com.crawljax.core.Crawler - Changing related inputs for 138 with 0  to 0 
18:33:31.142 [pool-1-thread-2] INFO  c.c.core.UnfiredFragmentCandidates - Changing related inputs to worked inputs 0 for 138
18:33:31.142 [pool-1-thread-2] INFO  c.c.core.UnfiredFragmentCandidates - event 138 - Before 0
18:33:31.143 [pool-1-thread-2] INFO  c.c.core.UnfiredFragmentCandidates - event 138 - After 0
18:33:31.143 [pool-1-thread-2] INFO  c.c.core.UnfiredFragmentCandidates - input for 138, 0
18:33:31.185 [pool-1-thread-2] INFO  com.crawljax.core.Crawler -  Event xpath /HTML[1]/BODY[1]/DIV[4]/DIV[2]/DIV[1]/DIV[1]/UL[1]/LI[3]/A[1]
18:33:31.198 [pool-1-thread-2] INFO  com.crawljax.core.Crawler - Changing related inputs for 139 with 0  to 0 
18:33:31.267 [pool-1-thread-2] INFO  c.c.core.UnfiredFragmentCandidates - Changing related inputs to worked inputs 0 for 139
18:33:31.267 [pool-1-thread-2] INFO  c.c.core.UnfiredFragmentCandidates - event 139 - Before 0
18:33:31.267 [pool-1-thread-2] INFO  c.c.core.UnfiredFragmentCandidates - event 139 - After 0
18:33:31.267 [pool-1-thread-2] INFO  c.c.core.UnfiredFragmentCandidates - input for 139, 0
18:33:35.081 [pool-1-thread-2] INFO  c.c.c.state.InMemoryStateFlowGraph - Number of states in the graph is now 51
18:33:35.081 [pool-1-thread-2] INFO  c.crawljax.core.state.StateMachine - State state381 added to the StateMachine.
18:33:35.187 [pool-1-thread-2] INFO  com.crawljax.core.Crawler - New DOM is a new state! crawl depth is now 6
18:33:35.187 [pool-1-thread-2] INFO  com.crawljax.core.Crawler - Parsing DOM of state state381 for candidate elements
18:33:35.192 [pool-1-thread-2] INFO  c.c.core.UnfiredFragmentCandidates - There are 11 states with unfired actions: [232, 369, 241, 372, 374, 146, 4, 378, 142, 380, 381]
18:33:35.200 [pool-1-thread-2] INFO  com.crawljax.core.Crawler -  Event xpath /HTML[1]/BODY[1]/DIV[4]/DIV[1]/DIV[1]/DIV[1]/A[1]
18:33:35.214 [pool-1-thread-2] INFO  com.crawljax.core.Crawler - Changing related inputs for 140 with 0  to 0 
18:33:35.285 [pool-1-thread-2] INFO  c.c.core.UnfiredFragmentCandidates - Changing related inputs to worked inputs 0 for 140
18:33:35.285 [pool-1-thread-2] INFO  c.c.core.UnfiredFragmentCandidates - event 140 - Before 0
18:33:35.286 [pool-1-thread-2] INFO  c.c.core.UnfiredFragmentCandidates - event 140 - After 0
18:33:35.286 [pool-1-thread-2] INFO  c.c.core.UnfiredFragmentCandidates - input for 140, 0
18:33:39.005 [pool-1-thread-2] INFO  c.c.c.state.InMemoryStateFlowGraph - Number of states in the graph is now 52
18:33:39.005 [pool-1-thread-2] INFO  c.crawljax.core.state.StateMachine - State state382 added to the StateMachine.
18:33:39.135 [pool-1-thread-2] INFO  com.crawljax.core.Crawler - New DOM is a new state! crawl depth is now 7
18:33:39.135 [pool-1-thread-2] INFO  com.crawljax.core.Crawler - Parsing DOM of state state382 for candidate elements
18:33:39.142 [pool-1-thread-2] INFO  c.c.core.UnfiredFragmentCandidates - There are 12 states with unfired actions: [232, 369, 241, 372, 374, 146, 4, 378, 142, 380, 381, 382]
18:33:39.149 [pool-1-thread-2] INFO  com.crawljax.core.Crawler -  Event xpath /HTML[1]/BODY[1]/DIV[4]/DIV[1]/DIV[4]/DIV[3]/DIV[1]/DIV[1]/DIV[3]/DIV[3]/DIV[1]/DIV[2]/DIV[3]/DIV[1]
18:33:39.165 [pool-1-thread-2] INFO  com.crawljax.core.Crawler - Changing related inputs for 141 with 0  to 0 
18:33:39.237 [pool-1-thread-2] INFO  c.c.core.UnfiredFragmentCandidates - Changing related inputs to worked inputs 0 for 141
18:33:39.237 [pool-1-thread-2] INFO  c.c.core.UnfiredFragmentCandidates - event 141 - Before 0
18:33:39.237 [pool-1-thread-2] INFO  c.c.core.UnfiredFragmentCandidates - event 141 - After 0
18:33:39.237 [pool-1-thread-2] INFO  c.c.core.UnfiredFragmentCandidates - input for 141, 0
18:33:42.382 [pool-1-thread-2] INFO  c.c.c.state.InMemoryStateFlowGraph - Number of states in the graph is now 53
18:33:42.383 [pool-1-thread-2] INFO  c.crawljax.core.state.StateMachine - State state383 added to the StateMachine.
18:33:42.520 [pool-1-thread-2] INFO  com.crawljax.core.Crawler - New DOM is a new state! crawl depth is now 8
18:33:42.530 [pool-1-thread-2] INFO  com.crawljax.core.Crawler - Resetting the crawler and Going to state state263
18:33:42.538 [pool-1-thread-2] INFO  com.crawljax.core.CrawlSession - Adding CrawlPath to session !!
18:33:42.538 [pool-1-thread-2] INFO  com.crawljax.core.Crawler - BT-state261:-1state263_117_state232state232_118_state369state369_119_state241state241_121_state369state369_123_state372state372_125_state374state374_128_state146state146_131_state4state4_132_state241state241_133_state378state378_134_state142state142_136_state380state380_139_state381state381_140_state382state382_141_state383
18:33:45.342 [pool-1-thread-2] INFO  com.crawljax.core.Crawler - index has changed to: state382
18:33:45.342 [pool-1-thread-2] INFO  com.crawljax.core.Crawler - Added a reload edge from state383 to state382
18:33:45.342 [pool-1-thread-2] INFO  com.crawljax.core.Crawler - Initial state not the same as current state : Getting shortest path from current state
18:33:45.342 [pool-1-thread-2] INFO  com.crawljax.core.Crawler - state263 no path from state382
18:33:45.342 [pool-1-thread-2] INFO  c.crawljax.core.state.StateMachine - Cannot go to state: 'state1' from: 'state382'
18:33:45.342 [pool-1-thread-2] INFO  com.crawljax.core.Crawler - Not a valid path anymore index: state263
18:33:45.342 [pool-1-thread-2] INFO  com.crawljax.core.Crawler - Tried to follow 
18:33:45.342 [pool-1-thread-2] INFO  com.crawljax.core.Crawler - index_1_state1state1_4_state3state3_5_state4state4_23_state32state32_112_state259state259_114_state261state261_116_state262state262_0_state263
18:33:45.342 [pool-1-thread-2] INFO  com.crawljax.core.Crawler - Saving failed backtracking path to 263
18:33:45.343 [pool-1-thread-2] INFO  com.crawljax.core.Crawler - backtrack status: false, reached NearDuplicate : -1 
18:33:48.161 [pool-1-thread-2] INFO  com.crawljax.core.Crawler - index has changed to: state382
18:33:48.161 [pool-1-thread-2] INFO  com.crawljax.core.Crawler - Added a reload edge from state382 to state382
18:33:48.161 [pool-1-thread-2] INFO  c.crawljax.core.state.StateMachine - Cannot go to state: 'state13' from: 'state382'
18:33:48.162 [pool-1-thread-2] INFO  com.crawljax.core.Crawler - Not a valid path anymore state12: state263
18:33:48.162 [pool-1-thread-2] INFO  com.crawljax.core.Crawler - Tried to follow 
18:33:48.162 [pool-1-thread-2] INFO  com.crawljax.core.Crawler - state12_0_state13state13_17_state27state27_18_state28state28_19_state29state29_21_state4state4_23_state32state32_112_state259state259_114_state261state261_116_state262state262_0_state263
18:33:48.162 [pool-1-thread-2] INFO  com.crawljax.core.Crawler - Saving failed backtracking path to 263
18:33:48.162 [pool-1-thread-2] INFO  com.crawljax.core.Crawler - backtrack status: false, reached NearDuplicate : -1 
18:33:50.985 [pool-1-thread-2] INFO  com.crawljax.core.Crawler - index has changed to: state382
18:33:50.985 [pool-1-thread-2] INFO  com.crawljax.core.Crawler - Did not add reload edge from state382 to state382
18:33:50.985 [pool-1-thread-2] INFO  c.crawljax.core.state.StateMachine - Cannot go to state: 'state27' from: 'state382'
18:33:50.985 [pool-1-thread-2] INFO  com.crawljax.core.Crawler - Not a valid path anymore state13: state263
18:33:50.985 [pool-1-thread-2] INFO  com.crawljax.core.Crawler - Tried to follow 
18:33:50.985 [pool-1-thread-2] INFO  com.crawljax.core.Crawler - state13_17_state27state27_18_state28state28_19_state29state29_21_state4state4_23_state32state32_112_state259state259_114_state261state261_116_state262state262_0_state263
18:33:50.985 [pool-1-thread-2] INFO  com.crawljax.core.Crawler - Saving failed backtracking path to 263
18:33:50.985 [pool-1-thread-2] INFO  com.crawljax.core.Crawler - backtrack status: false, reached NearDuplicate : -1 
18:33:53.799 [pool-1-thread-2] INFO  com.crawljax.core.Crawler - index has changed to: state382
18:33:53.799 [pool-1-thread-2] INFO  com.crawljax.core.Crawler - Did not add reload edge from state382 to state382
18:33:53.799 [pool-1-thread-2] INFO  c.crawljax.core.state.StateMachine - Cannot go to state: 'state5' from: 'state382'
18:33:53.799 [pool-1-thread-2] INFO  com.crawljax.core.Crawler - Not a valid path anymore state43: state263
18:33:53.799 [pool-1-thread-2] INFO  com.crawljax.core.Crawler - Tried to follow 
18:33:53.799 [pool-1-thread-2] INFO  com.crawljax.core.Crawler - state43_37_state5state5_7_state4state4_23_state32state32_112_state259state259_114_state261state261_116_state262state262_0_state263
18:33:53.799 [pool-1-thread-2] INFO  com.crawljax.core.Crawler - Saving failed backtracking path to 263
18:33:53.799 [pool-1-thread-2] INFO  com.crawljax.core.Crawler - backtrack status: false, reached NearDuplicate : -1 
18:33:56.623 [pool-1-thread-2] INFO  com.crawljax.core.Crawler - index has changed to: state382
18:33:56.623 [pool-1-thread-2] INFO  com.crawljax.core.Crawler - Did not add reload edge from state382 to state382
18:33:56.623 [pool-1-thread-2] INFO  c.crawljax.core.state.StateMachine - Cannot go to state: 'state139' from: 'state382'
18:33:56.623 [pool-1-thread-2] INFO  com.crawljax.core.Crawler - Not a valid path anymore state94: state263
18:33:56.623 [pool-1-thread-2] INFO  com.crawljax.core.Crawler - Tried to follow 
18:33:56.623 [pool-1-thread-2] INFO  com.crawljax.core.Crawler - state94_56_state139state139_57_state140state140_58_state29state29_21_state4state4_23_state32state32_112_state259state259_114_state261state261_116_state262state262_0_state263
18:33:56.623 [pool-1-thread-2] INFO  com.crawljax.core.Crawler - Saving failed backtracking path to 263
18:33:56.623 [pool-1-thread-2] INFO  com.crawljax.core.Crawler - backtrack status: false, reached NearDuplicate : -1 
18:33:59.448 [pool-1-thread-2] INFO  com.crawljax.core.Crawler - index has changed to: state382
18:33:59.449 [pool-1-thread-2] INFO  com.crawljax.core.Crawler - Did not add reload edge from state382 to state382
18:33:59.449 [pool-1-thread-2] INFO  c.crawljax.core.state.StateMachine - Cannot go to state: 'state232' from: 'state382'
18:33:59.449 [pool-1-thread-2] INFO  com.crawljax.core.Crawler - Not a valid path anymore state160: state263
18:33:59.449 [pool-1-thread-2] INFO  com.crawljax.core.Crawler - Tried to follow 
18:33:59.449 [pool-1-thread-2] INFO  com.crawljax.core.Crawler - state160_81_state232state232_107_state39state39_111_state32state32_112_state259state259_114_state261state261_116_state262state262_0_state263
18:33:59.449 [pool-1-thread-2] INFO  com.crawljax.core.Crawler - Saving failed backtracking path to 263
18:33:59.449 [pool-1-thread-2] INFO  com.crawljax.core.Crawler - backtrack status: false, reached NearDuplicate : -1 
18:34:02.326 [pool-1-thread-2] INFO  com.crawljax.core.Crawler - index has changed to: state382
18:34:02.326 [pool-1-thread-2] INFO  com.crawljax.core.Crawler - Did not add reload edge from state382 to state382
18:34:02.326 [pool-1-thread-2] INFO  com.crawljax.core.Crawler - Not a valid path anymore state263: state263
18:34:02.326 [pool-1-thread-2] INFO  com.crawljax.core.Crawler - Tried to follow 
18:34:02.326 [pool-1-thread-2] INFO  com.crawljax.core.Crawler - 
18:34:02.326 [pool-1-thread-2] INFO  com.crawljax.core.Crawler - Saving failed backtracking path to 263
18:34:02.326 [pool-1-thread-2] INFO  com.crawljax.core.Crawler - backtrack status: false, reached NearDuplicate : -1 
18:34:05.140 [pool-1-thread-2] INFO  com.crawljax.core.Crawler - index has changed to: state382
18:34:05.140 [pool-1-thread-2] INFO  com.crawljax.core.Crawler - Did not add reload edge from state382 to state382
18:34:05.140 [pool-1-thread-2] INFO  com.crawljax.core.Crawler - state263 no path from state382
18:34:05.141 [pool-1-thread-2] INFO  com.crawljax.core.Crawler - state unreachable: Removing from candidate actions state263
18:34:05.141 [pool-1-thread-2] INFO  c.c.core.UnfiredFragmentCandidates - Placing purged actions in unreachable cache for state263
18:34:05.141 [pool-1-thread-2] INFO  com.crawljax.core.Crawler - Resetting the crawler and Going to state state232
18:34:07.962 [pool-1-thread-2] INFO  com.crawljax.core.Crawler - index has changed to: state382
18:34:07.962 [pool-1-thread-2] INFO  com.crawljax.core.Crawler - Did not add reload edge from state382 to state382
18:34:07.962 [pool-1-thread-2] INFO  com.crawljax.core.Crawler - Initial state not the same as current state : Getting shortest path from current state
18:34:07.962 [pool-1-thread-2] INFO  com.crawljax.core.Crawler - state232 no path from state382
18:34:07.962 [pool-1-thread-2] INFO  c.crawljax.core.state.StateMachine - Cannot go to state: 'state1' from: 'state382'
18:34:07.962 [pool-1-thread-2] INFO  com.crawljax.core.Crawler - Not a valid path anymore index: state232
18:34:07.962 [pool-1-thread-2] INFO  com.crawljax.core.Crawler - Tried to follow 
18:34:07.962 [pool-1-thread-2] INFO  com.crawljax.core.Crawler - index_1_state1state1_4_state3state3_5_state4state4_23_state32state32_99_state232
18:34:07.962 [pool-1-thread-2] INFO  com.crawljax.core.Crawler - Saving failed backtracking path to 232
18:34:07.962 [pool-1-thread-2] INFO  com.crawljax.core.Crawler - backtrack status: false, reached NearDuplicate : -1 
18:34:10.805 [pool-1-thread-2] INFO  com.crawljax.core.Crawler - index has changed to: state382
18:34:10.805 [pool-1-thread-2] INFO  com.crawljax.core.Crawler - Did not add reload edge from state382 to state382
18:34:10.806 [pool-1-thread-2] INFO  c.crawljax.core.state.StateMachine - Cannot go to state: 'state13' from: 'state382'
18:34:10.806 [pool-1-thread-2] INFO  com.crawljax.core.Crawler - Not a valid path anymore state12: state232
18:34:10.806 [pool-1-thread-2] INFO  com.crawljax.core.Crawler - Tried to follow 
18:34:10.806 [pool-1-thread-2] INFO  com.crawljax.core.Crawler - state12_0_state13state13_17_state27state27_18_state28state28_19_state29state29_21_state4state4_23_state32state32_99_state232
18:34:10.806 [pool-1-thread-2] INFO  com.crawljax.core.Crawler - Saving failed backtracking path to 232
18:34:10.806 [pool-1-thread-2] INFO  com.crawljax.core.Crawler - backtrack status: false, reached NearDuplicate : -1 
18:34:13.650 [pool-1-thread-2] INFO  com.crawljax.core.Crawler - index has changed to: state382
18:34:13.650 [pool-1-thread-2] INFO  com.crawljax.core.Crawler - Did not add reload edge from state382 to state382
18:34:13.651 [pool-1-thread-2] INFO  c.crawljax.core.state.StateMachine - Cannot go to state: 'state27' from: 'state382'
18:34:13.651 [pool-1-thread-2] INFO  com.crawljax.core.Crawler - Not a valid path anymore state13: state232
18:34:13.651 [pool-1-thread-2] INFO  com.crawljax.core.Crawler - Tried to follow 
18:34:13.651 [pool-1-thread-2] INFO  com.crawljax.core.Crawler - state13_17_state27state27_18_state28state28_19_state29state29_21_state4state4_23_state32state32_99_state232
18:34:13.651 [pool-1-thread-2] INFO  com.crawljax.core.Crawler - Saving failed backtracking path to 232
18:34:13.651 [pool-1-thread-2] INFO  com.crawljax.core.Crawler - backtrack status: false, reached NearDuplicate : -1 
18:34:16.490 [pool-1-thread-2] INFO  com.crawljax.core.Crawler - index has changed to: state382
18:34:16.490 [pool-1-thread-2] INFO  com.crawljax.core.Crawler - Did not add reload edge from state382 to state382
18:34:16.490 [pool-1-thread-2] INFO  c.crawljax.core.state.StateMachine - Cannot go to state: 'state5' from: 'state382'
18:34:16.491 [pool-1-thread-2] INFO  com.crawljax.core.Crawler - Not a valid path anymore state43: state232
18:34:16.491 [pool-1-thread-2] INFO  com.crawljax.core.Crawler - Tried to follow 
18:34:16.491 [pool-1-thread-2] INFO  com.crawljax.core.Crawler - state43_37_state5state5_7_state4state4_23_state32state32_99_state232
18:34:16.491 [pool-1-thread-2] INFO  com.crawljax.core.Crawler - Saving failed backtracking path to 232
18:34:16.491 [pool-1-thread-2] INFO  com.crawljax.core.Crawler - backtrack status: false, reached NearDuplicate : -1 
18:34:19.359 [pool-1-thread-2] INFO  com.crawljax.core.Crawler - index has changed to: state382
18:34:19.360 [pool-1-thread-2] INFO  com.crawljax.core.Crawler - Did not add reload edge from state382 to state382
18:34:19.360 [pool-1-thread-2] INFO  c.crawljax.core.state.StateMachine - Cannot go to state: 'state139' from: 'state382'
18:34:19.360 [pool-1-thread-2] INFO  com.crawljax.core.Crawler - Not a valid path anymore state94: state232
18:34:19.360 [pool-1-thread-2] INFO  com.crawljax.core.Crawler - Tried to follow 
18:34:19.360 [pool-1-thread-2] INFO  com.crawljax.core.Crawler - state94_56_state139state139_57_state140state140_58_state29state29_21_state4state4_23_state32state32_99_state232
18:34:19.360 [pool-1-thread-2] INFO  com.crawljax.core.Crawler - Saving failed backtracking path to 232
18:34:19.360 [pool-1-thread-2] INFO  com.crawljax.core.Crawler - backtrack status: false, reached NearDuplicate : -1 
18:34:22.227 [pool-1-thread-2] INFO  com.crawljax.core.Crawler - index has changed to: state382
18:34:22.227 [pool-1-thread-2] INFO  com.crawljax.core.Crawler - Did not add reload edge from state382 to state382
18:34:22.227 [pool-1-thread-2] INFO  c.crawljax.core.state.StateMachine - Cannot go to state: 'state232' from: 'state382'
18:34:22.227 [pool-1-thread-2] INFO  com.crawljax.core.Crawler - Not a valid path anymore state160: state232
18:34:22.227 [pool-1-thread-2] INFO  com.crawljax.core.Crawler - Tried to follow 
18:34:22.227 [pool-1-thread-2] INFO  com.crawljax.core.Crawler - state160_81_state232
18:34:22.227 [pool-1-thread-2] INFO  com.crawljax.core.Crawler - Saving failed backtracking path to 232
18:34:22.227 [pool-1-thread-2] INFO  com.crawljax.core.Crawler - backtrack status: false, reached NearDuplicate : -1 
18:34:25.110 [pool-1-thread-2] INFO  com.crawljax.core.Crawler - index has changed to: state382
18:34:25.110 [pool-1-thread-2] INFO  com.crawljax.core.Crawler - Did not add reload edge from state382 to state382
18:34:25.111 [pool-1-thread-2] INFO  c.crawljax.core.state.StateMachine - Cannot go to state: 'state232' from: 'state382'
18:34:25.111 [pool-1-thread-2] INFO  com.crawljax.core.Crawler - Not a valid path anymore state263: state232
18:34:25.111 [pool-1-thread-2] INFO  com.crawljax.core.Crawler - Tried to follow 
18:34:25.111 [pool-1-thread-2] INFO  com.crawljax.core.Crawler - state263_117_state232
18:34:25.111 [pool-1-thread-2] INFO  com.crawljax.core.Crawler - Saving failed backtracking path to 232
18:34:25.111 [pool-1-thread-2] INFO  com.crawljax.core.Crawler - backtrack status: false, reached NearDuplicate : -1 
18:34:27.950 [pool-1-thread-2] INFO  com.crawljax.core.Crawler - index has changed to: state382
18:34:27.950 [pool-1-thread-2] INFO  com.crawljax.core.Crawler - Did not add reload edge from state382 to state382
18:34:27.950 [pool-1-thread-2] INFO  com.crawljax.core.Crawler - state232 no path from state382
18:34:27.950 [pool-1-thread-2] INFO  com.crawljax.core.Crawler - state unreachable: Removing from candidate actions state232
18:34:27.950 [pool-1-thread-2] INFO  c.c.core.UnfiredFragmentCandidates - Placing purged actions in unreachable cache for state232
18:34:27.950 [pool-1-thread-2] INFO  com.crawljax.core.Crawler - Resetting the crawler and Going to state state369
18:34:30.782 [pool-1-thread-2] INFO  com.crawljax.core.Crawler - index has changed to: state382
18:34:30.782 [pool-1-thread-2] INFO  com.crawljax.core.Crawler - Did not add reload edge from state382 to state382
18:34:30.782 [pool-1-thread-2] INFO  com.crawljax.core.Crawler - Initial state not the same as current state : Getting shortest path from current state
18:34:30.783 [pool-1-thread-2] INFO  com.crawljax.core.Crawler - state369 no path from state382
18:34:30.783 [pool-1-thread-2] INFO  c.crawljax.core.state.StateMachine - Cannot go to state: 'state1' from: 'state382'
18:34:30.783 [pool-1-thread-2] INFO  com.crawljax.core.Crawler - Not a valid path anymore index: state369
18:34:30.783 [pool-1-thread-2] INFO  com.crawljax.core.Crawler - Tried to follow 
18:34:30.783 [pool-1-thread-2] INFO  com.crawljax.core.Crawler - index_1_state1state1_4_state3state3_5_state4state4_132_state241state241_121_state369
18:34:30.783 [pool-1-thread-2] INFO  com.crawljax.core.Crawler - Saving failed backtracking path to 369
18:34:30.783 [pool-1-thread-2] INFO  com.crawljax.core.Crawler - backtrack status: false, reached NearDuplicate : -1 
18:34:33.604 [pool-1-thread-2] INFO  com.crawljax.core.Crawler - index has changed to: state382
18:34:33.604 [pool-1-thread-2] INFO  com.crawljax.core.Crawler - Did not add reload edge from state382 to state382
18:34:33.604 [pool-1-thread-2] INFO  c.crawljax.core.state.StateMachine - Cannot go to state: 'state13' from: 'state382'
18:34:33.604 [pool-1-thread-2] INFO  com.crawljax.core.Crawler - Not a valid path anymore state12: state369
18:34:33.604 [pool-1-thread-2] INFO  com.crawljax.core.Crawler - Tried to follow 
18:34:33.604 [pool-1-thread-2] INFO  com.crawljax.core.Crawler - state12_0_state13state13_17_state27state27_18_state28state28_19_state29state29_21_state4state4_132_state241state241_121_state369
18:34:33.605 [pool-1-thread-2] INFO  com.crawljax.core.Crawler - Saving failed backtracking path to 369
18:34:33.605 [pool-1-thread-2] INFO  com.crawljax.core.Crawler - backtrack status: false, reached NearDuplicate : -1 
18:34:36.406 [pool-1-thread-2] INFO  com.crawljax.core.Crawler - index has changed to: state382
18:34:36.406 [pool-1-thread-2] INFO  com.crawljax.core.Crawler - Did not add reload edge from state382 to state382
18:34:36.406 [pool-1-thread-2] INFO  c.crawljax.core.state.StateMachine - Cannot go to state: 'state27' from: 'state382'
18:34:36.406 [pool-1-thread-2] INFO  com.crawljax.core.Crawler - Not a valid path anymore state13: state369
18:34:36.406 [pool-1-thread-2] INFO  com.crawljax.core.Crawler - Tried to follow 
18:34:36.406 [pool-1-thread-2] INFO  com.crawljax.core.Crawler - state13_17_state27state27_18_state28state28_19_state29state29_21_state4state4_132_state241state241_121_state369
18:34:36.406 [pool-1-thread-2] INFO  com.crawljax.core.Crawler - Saving failed backtracking path to 369
18:34:36.406 [pool-1-thread-2] INFO  com.crawljax.core.Crawler - backtrack status: false, reached NearDuplicate : -1 
18:34:39.254 [pool-1-thread-2] INFO  com.crawljax.core.Crawler - index has changed to: state382
18:34:39.255 [pool-1-thread-2] INFO  com.crawljax.core.Crawler - Did not add reload edge from state382 to state382
18:34:39.255 [pool-1-thread-2] INFO  c.crawljax.core.state.StateMachine - Cannot go to state: 'state5' from: 'state382'
18:34:39.255 [pool-1-thread-2] INFO  com.crawljax.core.Crawler - Not a valid path anymore state43: state369
18:34:39.255 [pool-1-thread-2] INFO  com.crawljax.core.Crawler - Tried to follow 
18:34:39.255 [pool-1-thread-2] INFO  com.crawljax.core.Crawler - state43_37_state5state5_7_state4state4_132_state241state241_121_state369
18:34:39.255 [pool-1-thread-2] INFO  com.crawljax.core.Crawler - Saving failed backtracking path to 369
18:34:39.255 [pool-1-thread-2] INFO  com.crawljax.core.Crawler - backtrack status: false, reached NearDuplicate : -1 
18:34:42.066 [pool-1-thread-2] INFO  com.crawljax.core.Crawler - index has changed to: state382
18:34:42.066 [pool-1-thread-2] INFO  com.crawljax.core.Crawler - Did not add reload edge from state382 to state382
18:34:42.067 [pool-1-thread-2] INFO  c.crawljax.core.state.StateMachine - Cannot go to state: 'state139' from: 'state382'
18:34:42.067 [pool-1-thread-2] INFO  com.crawljax.core.Crawler - Not a valid path anymore state94: state369
18:34:42.067 [pool-1-thread-2] INFO  com.crawljax.core.Crawler - Tried to follow 
18:34:42.067 [pool-1-thread-2] INFO  com.crawljax.core.Crawler - state94_56_state139state139_57_state140state140_58_state29state29_21_state4state4_132_state241state241_121_state369
18:34:42.067 [pool-1-thread-2] INFO  com.crawljax.core.Crawler - Saving failed backtracking path to 369
18:34:42.067 [pool-1-thread-2] INFO  com.crawljax.core.Crawler - backtrack status: false, reached NearDuplicate : -1 
18:34:44.872 [pool-1-thread-2] INFO  com.crawljax.core.Crawler - index has changed to: state382
18:34:44.872 [pool-1-thread-2] INFO  com.crawljax.core.Crawler - Did not add reload edge from state382 to state382
18:34:44.872 [pool-1-thread-2] INFO  c.crawljax.core.state.StateMachine - Cannot go to state: 'state232' from: 'state382'
18:34:44.872 [pool-1-thread-2] INFO  com.crawljax.core.Crawler - Not a valid path anymore state160: state369
18:34:44.872 [pool-1-thread-2] INFO  com.crawljax.core.Crawler - Tried to follow 
18:34:44.872 [pool-1-thread-2] INFO  com.crawljax.core.Crawler - state160_81_state232state232_118_state369
18:34:44.872 [pool-1-thread-2] INFO  com.crawljax.core.Crawler - Saving failed backtracking path to 369
18:34:44.872 [pool-1-thread-2] INFO  com.crawljax.core.Crawler - backtrack status: false, reached NearDuplicate : -1 
18:34:47.713 [pool-1-thread-2] INFO  com.crawljax.core.Crawler - index has changed to: state382
18:34:47.713 [pool-1-thread-2] INFO  com.crawljax.core.Crawler - Did not add reload edge from state382 to state382
18:34:47.713 [pool-1-thread-2] INFO  c.crawljax.core.state.StateMachine - Cannot go to state: 'state232' from: 'state382'
18:34:47.713 [pool-1-thread-2] INFO  com.crawljax.core.Crawler - Not a valid path anymore state263: state369
18:34:47.713 [pool-1-thread-2] INFO  com.crawljax.core.Crawler - Tried to follow 
18:34:47.713 [pool-1-thread-2] INFO  com.crawljax.core.Crawler - state263_117_state232state232_118_state369
18:34:47.713 [pool-1-thread-2] INFO  com.crawljax.core.Crawler - Saving failed backtracking path to 369
18:34:47.713 [pool-1-thread-2] INFO  com.crawljax.core.Crawler - backtrack status: false, reached NearDuplicate : -1 
18:34:50.557 [pool-1-thread-2] INFO  com.crawljax.core.Crawler - index has changed to: state382
18:34:50.557 [pool-1-thread-2] INFO  com.crawljax.core.Crawler - Did not add reload edge from state382 to state382
18:34:50.557 [pool-1-thread-2] INFO  com.crawljax.core.Crawler - state369 no path from state382
18:34:50.557 [pool-1-thread-2] INFO  com.crawljax.core.Crawler - state unreachable: Removing from candidate actions state369
18:34:50.557 [pool-1-thread-2] INFO  c.c.core.UnfiredFragmentCandidates - Placing purged actions in unreachable cache for state369
18:34:50.557 [pool-1-thread-2] INFO  com.crawljax.core.Crawler - Resetting the crawler and Going to state state241
18:34:53.397 [pool-1-thread-2] INFO  com.crawljax.core.Crawler - index has changed to: state382
18:34:53.398 [pool-1-thread-2] INFO  com.crawljax.core.Crawler - Did not add reload edge from state382 to state382
18:34:53.398 [pool-1-thread-2] INFO  com.crawljax.core.Crawler - Initial state not the same as current state : Getting shortest path from current state
18:34:53.398 [pool-1-thread-2] INFO  com.crawljax.core.Crawler - state241 no path from state382
18:34:53.398 [pool-1-thread-2] INFO  c.crawljax.core.state.StateMachine - Cannot go to state: 'state1' from: 'state382'
18:34:53.398 [pool-1-thread-2] INFO  com.crawljax.core.Crawler - Not a valid path anymore index: state241
18:34:53.398 [pool-1-thread-2] INFO  com.crawljax.core.Crawler - Tried to follow 
18:34:53.398 [pool-1-thread-2] INFO  com.crawljax.core.Crawler - index_1_state1state1_4_state3state3_5_state4state4_132_state241
18:34:53.398 [pool-1-thread-2] INFO  com.crawljax.core.Crawler - Saving failed backtracking path to 241
18:34:53.398 [pool-1-thread-2] INFO  com.crawljax.core.Crawler - backtrack status: false, reached NearDuplicate : -1 
18:34:56.319 [pool-1-thread-2] INFO  com.crawljax.core.Crawler - index has changed to: state382
18:34:56.319 [pool-1-thread-2] INFO  com.crawljax.core.Crawler - Did not add reload edge from state382 to state382
18:34:56.319 [pool-1-thread-2] INFO  c.crawljax.core.state.StateMachine - Cannot go to state: 'state13' from: 'state382'
18:34:56.320 [pool-1-thread-2] INFO  com.crawljax.core.Crawler - Not a valid path anymore state12: state241
18:34:56.320 [pool-1-thread-2] INFO  com.crawljax.core.Crawler - Tried to follow 
18:34:56.320 [pool-1-thread-2] INFO  com.crawljax.core.Crawler - state12_0_state13state13_17_state27state27_18_state28state28_19_state29state29_21_state4state4_132_state241
18:34:56.320 [pool-1-thread-2] INFO  com.crawljax.core.Crawler - Saving failed backtracking path to 241
18:34:56.320 [pool-1-thread-2] INFO  com.crawljax.core.Crawler - backtrack status: false, reached NearDuplicate : -1 
18:34:59.147 [pool-1-thread-2] INFO  com.crawljax.core.Crawler - index has changed to: state382
18:34:59.148 [pool-1-thread-2] INFO  com.crawljax.core.Crawler - Did not add reload edge from state382 to state382
18:34:59.148 [pool-1-thread-2] INFO  c.crawljax.core.state.StateMachine - Cannot go to state: 'state27' from: 'state382'
18:34:59.148 [pool-1-thread-2] INFO  com.crawljax.core.Crawler - Not a valid path anymore state13: state241
18:34:59.148 [pool-1-thread-2] INFO  com.crawljax.core.Crawler - Tried to follow 
18:34:59.148 [pool-1-thread-2] INFO  com.crawljax.core.Crawler - state13_17_state27state27_18_state28state28_19_state29state29_21_state4state4_132_state241
18:34:59.148 [pool-1-thread-2] INFO  com.crawljax.core.Crawler - Saving failed backtracking path to 241
18:34:59.148 [pool-1-thread-2] INFO  com.crawljax.core.Crawler - backtrack status: false, reached NearDuplicate : -1 
18:35:01.979 [pool-1-thread-2] INFO  com.crawljax.core.Crawler - index has changed to: state382
18:35:01.980 [pool-1-thread-2] INFO  com.crawljax.core.Crawler - Did not add reload edge from state382 to state382
18:35:01.980 [pool-1-thread-2] INFO  c.crawljax.core.state.StateMachine - Cannot go to state: 'state5' from: 'state382'
18:35:01.980 [pool-1-thread-2] INFO  com.crawljax.core.Crawler - Not a valid path anymore state43: state241
18:35:01.980 [pool-1-thread-2] INFO  com.crawljax.core.Crawler - Tried to follow 
18:35:01.980 [pool-1-thread-2] INFO  com.crawljax.core.Crawler - state43_37_state5state5_7_state4state4_132_state241
18:35:01.980 [pool-1-thread-2] INFO  com.crawljax.core.Crawler - Saving failed backtracking path to 241
18:35:01.980 [pool-1-thread-2] INFO  com.crawljax.core.Crawler - backtrack status: false, reached NearDuplicate : -1 
18:35:04.822 [pool-1-thread-2] INFO  com.crawljax.core.Crawler - index has changed to: state382
18:35:04.822 [pool-1-thread-2] INFO  com.crawljax.core.Crawler - Did not add reload edge from state382 to state382
18:35:04.822 [pool-1-thread-2] INFO  c.crawljax.core.state.StateMachine - Cannot go to state: 'state139' from: 'state382'
18:35:04.822 [pool-1-thread-2] INFO  com.crawljax.core.Crawler - Not a valid path anymore state94: state241
18:35:04.822 [pool-1-thread-2] INFO  com.crawljax.core.Crawler - Tried to follow 
18:35:04.822 [pool-1-thread-2] INFO  com.crawljax.core.Crawler - state94_56_state139state139_57_state140state140_58_state29state29_21_state4state4_132_state241
18:35:04.822 [pool-1-thread-2] INFO  com.crawljax.core.Crawler - Saving failed backtracking path to 241
18:35:04.822 [pool-1-thread-2] INFO  com.crawljax.core.Crawler - backtrack status: false, reached NearDuplicate : -1 
18:35:07.637 [pool-1-thread-2] INFO  com.crawljax.core.Crawler - index has changed to: state382
18:35:07.637 [pool-1-thread-2] INFO  com.crawljax.core.Crawler - Did not add reload edge from state382 to state382
18:35:07.637 [pool-1-thread-2] INFO  c.crawljax.core.state.StateMachine - Cannot go to state: 'state232' from: 'state382'
18:35:07.637 [pool-1-thread-2] INFO  com.crawljax.core.Crawler - Not a valid path anymore state160: state241
18:35:07.637 [pool-1-thread-2] INFO  com.crawljax.core.Crawler - Tried to follow 
18:35:07.637 [pool-1-thread-2] INFO  com.crawljax.core.Crawler - state160_81_state232state232_118_state369state369_119_state241
18:35:07.637 [pool-1-thread-2] INFO  com.crawljax.core.Crawler - Saving failed backtracking path to 241
18:35:07.637 [pool-1-thread-2] INFO  com.crawljax.core.Crawler - backtrack status: false, reached NearDuplicate : -1 
18:35:10.454 [pool-1-thread-2] INFO  com.crawljax.core.Crawler - index has changed to: state382
18:35:10.455 [pool-1-thread-2] INFO  com.crawljax.core.Crawler - Did not add reload edge from state382 to state382
18:35:10.455 [pool-1-thread-2] INFO  c.crawljax.core.state.StateMachine - Cannot go to state: 'state232' from: 'state382'
18:35:10.455 [pool-1-thread-2] INFO  com.crawljax.core.Crawler - Not a valid path anymore state263: state241
18:35:10.455 [pool-1-thread-2] INFO  com.crawljax.core.Crawler - Tried to follow 
18:35:10.455 [pool-1-thread-2] INFO  com.crawljax.core.Crawler - state263_117_state232state232_118_state369state369_119_state241
18:35:10.455 [pool-1-thread-2] INFO  com.crawljax.core.Crawler - Saving failed backtracking path to 241
18:35:10.455 [pool-1-thread-2] INFO  com.crawljax.core.Crawler - backtrack status: false, reached NearDuplicate : -1 
18:35:13.254 [pool-1-thread-2] INFO  com.crawljax.core.Crawler - index has changed to: state382
18:35:13.254 [pool-1-thread-2] INFO  com.crawljax.core.Crawler - Did not add reload edge from state382 to state382
18:35:13.254 [pool-1-thread-2] INFO  com.crawljax.core.Crawler - state241 no path from state382
18:35:13.254 [pool-1-thread-2] INFO  com.crawljax.core.Crawler - state unreachable: Removing from candidate actions state241
18:35:13.254 [pool-1-thread-2] INFO  c.c.core.UnfiredFragmentCandidates - Placing purged actions in unreachable cache for state241
18:35:13.254 [pool-1-thread-2] INFO  com.crawljax.core.Crawler - Resetting the crawler and Going to state state372
18:35:16.091 [pool-1-thread-2] INFO  com.crawljax.core.Crawler - index has changed to: state382
18:35:16.091 [pool-1-thread-2] INFO  com.crawljax.core.Crawler - Did not add reload edge from state382 to state382
18:35:16.091 [pool-1-thread-2] INFO  com.crawljax.core.Crawler - Initial state not the same as current state : Getting shortest path from current state
18:35:16.091 [pool-1-thread-2] INFO  com.crawljax.core.Crawler - state372 no path from state382
18:35:16.092 [pool-1-thread-2] INFO  c.crawljax.core.state.StateMachine - Cannot go to state: 'state1' from: 'state382'
18:35:16.092 [pool-1-thread-2] INFO  com.crawljax.core.Crawler - Not a valid path anymore index: state372
18:35:16.092 [pool-1-thread-2] INFO  com.crawljax.core.Crawler - Tried to follow 
18:35:16.092 [pool-1-thread-2] INFO  com.crawljax.core.Crawler - index_1_state1state1_4_state3state3_5_state4state4_132_state241state241_121_state369state369_123_state372
18:35:16.092 [pool-1-thread-2] INFO  com.crawljax.core.Crawler - Saving failed backtracking path to 372
18:35:16.092 [pool-1-thread-2] INFO  com.crawljax.core.Crawler - backtrack status: false, reached NearDuplicate : -1 
18:35:18.914 [pool-1-thread-2] INFO  com.crawljax.core.Crawler - index has changed to: state382
18:35:18.914 [pool-1-thread-2] INFO  com.crawljax.core.Crawler - Did not add reload edge from state382 to state382
18:35:18.914 [pool-1-thread-2] INFO  c.crawljax.core.state.StateMachine - Cannot go to state: 'state13' from: 'state382'
18:35:18.914 [pool-1-thread-2] INFO  com.crawljax.core.Crawler - Not a valid path anymore state12: state372
18:35:18.914 [pool-1-thread-2] INFO  com.crawljax.core.Crawler - Tried to follow 
18:35:18.914 [pool-1-thread-2] INFO  com.crawljax.core.Crawler - state12_0_state13state13_17_state27state27_18_state28state28_19_state29state29_21_state4state4_132_state241state241_121_state369state369_123_state372
18:35:18.914 [pool-1-thread-2] INFO  com.crawljax.core.Crawler - Saving failed backtracking path to 372
18:35:18.915 [pool-1-thread-2] INFO  com.crawljax.core.Crawler - backtrack status: false, reached NearDuplicate : -1 
18:35:21.732 [pool-1-thread-2] INFO  com.crawljax.core.Crawler - index has changed to: state382
18:35:21.732 [pool-1-thread-2] INFO  com.crawljax.core.Crawler - Did not add reload edge from state382 to state382
18:35:21.733 [pool-1-thread-2] INFO  c.crawljax.core.state.StateMachine - Cannot go to state: 'state27' from: 'state382'
18:35:21.733 [pool-1-thread-2] INFO  com.crawljax.core.Crawler - Not a valid path anymore state13: state372
18:35:21.733 [pool-1-thread-2] INFO  com.crawljax.core.Crawler - Tried to follow 
18:35:21.733 [pool-1-thread-2] INFO  com.crawljax.core.Crawler - state13_17_state27state27_18_state28state28_19_state29state29_21_state4state4_132_state241state241_121_state369state369_123_state372
18:35:21.733 [pool-1-thread-2] INFO  com.crawljax.core.Crawler - Saving failed backtracking path to 372
18:35:21.733 [pool-1-thread-2] INFO  com.crawljax.core.Crawler - backtrack status: false, reached NearDuplicate : -1 
18:35:24.565 [pool-1-thread-2] INFO  com.crawljax.core.Crawler - index has changed to: state382
18:35:24.565 [pool-1-thread-2] INFO  com.crawljax.core.Crawler - Did not add reload edge from state382 to state382
18:35:24.565 [pool-1-thread-2] INFO  c.crawljax.core.state.StateMachine - Cannot go to state: 'state5' from: 'state382'
18:35:24.565 [pool-1-thread-2] INFO  com.crawljax.core.Crawler - Not a valid path anymore state43: state372
18:35:24.566 [pool-1-thread-2] INFO  com.crawljax.core.Crawler - Tried to follow 
18:35:24.566 [pool-1-thread-2] INFO  com.crawljax.core.Crawler - state43_37_state5state5_7_state4state4_132_state241state241_121_state369state369_123_state372
18:35:24.566 [pool-1-thread-2] INFO  com.crawljax.core.Crawler - Saving failed backtracking path to 372
18:35:24.566 [pool-1-thread-2] INFO  com.crawljax.core.Crawler - backtrack status: false, reached NearDuplicate : -1 
18:35:27.391 [pool-1-thread-2] INFO  com.crawljax.core.Crawler - index has changed to: state382
18:35:27.391 [pool-1-thread-2] INFO  com.crawljax.core.Crawler - Did not add reload edge from state382 to state382
18:35:27.392 [pool-1-thread-2] INFO  c.crawljax.core.state.StateMachine - Cannot go to state: 'state139' from: 'state382'
18:35:27.392 [pool-1-thread-2] INFO  com.crawljax.core.Crawler - Not a valid path anymore state94: state372
18:35:27.392 [pool-1-thread-2] INFO  com.crawljax.core.Crawler - Tried to follow 
18:35:27.392 [pool-1-thread-2] INFO  com.crawljax.core.Crawler - state94_56_state139state139_57_state140state140_58_state29state29_21_state4state4_132_state241state241_121_state369state369_123_state372
18:35:27.392 [pool-1-thread-2] INFO  com.crawljax.core.Crawler - Saving failed backtracking path to 372
18:35:27.392 [pool-1-thread-2] INFO  com.crawljax.core.Crawler - backtrack status: false, reached NearDuplicate : -1 
18:35:30.195 [pool-1-thread-2] INFO  com.crawljax.core.Crawler - index has changed to: state382
18:35:30.195 [pool-1-thread-2] INFO  com.crawljax.core.Crawler - Did not add reload edge from state382 to state382
18:35:30.195 [pool-1-thread-2] INFO  c.crawljax.core.state.StateMachine - Cannot go to state: 'state232' from: 'state382'
18:35:30.195 [pool-1-thread-2] INFO  com.crawljax.core.Crawler - Not a valid path anymore state160: state372
18:35:30.195 [pool-1-thread-2] INFO  com.crawljax.core.Crawler - Tried to follow 
18:35:30.195 [pool-1-thread-2] INFO  com.crawljax.core.Crawler - state160_81_state232state232_118_state369state369_123_state372
18:35:30.195 [pool-1-thread-2] INFO  com.crawljax.core.Crawler - Saving failed backtracking path to 372
18:35:30.195 [pool-1-thread-2] INFO  com.crawljax.core.Crawler - backtrack status: false, reached NearDuplicate : -1 
18:35:32.979 [pool-1-thread-2] INFO  com.crawljax.core.Crawler - index has changed to: state382
18:35:32.979 [pool-1-thread-2] INFO  com.crawljax.core.Crawler - Did not add reload edge from state382 to state382
18:35:32.979 [pool-1-thread-2] INFO  c.crawljax.core.state.StateMachine - Cannot go to state: 'state232' from: 'state382'
18:35:32.980 [pool-1-thread-2] INFO  com.crawljax.core.Crawler - Not a valid path anymore state263: state372
18:35:32.980 [pool-1-thread-2] INFO  com.crawljax.core.Crawler - Tried to follow 
18:35:32.980 [pool-1-thread-2] INFO  com.crawljax.core.Crawler - state263_117_state232state232_118_state369state369_123_state372
18:35:32.980 [pool-1-thread-2] INFO  com.crawljax.core.Crawler - Saving failed backtracking path to 372
18:35:32.980 [pool-1-thread-2] INFO  com.crawljax.core.Crawler - backtrack status: false, reached NearDuplicate : -1 
18:35:35.833 [pool-1-thread-2] INFO  com.crawljax.core.Crawler - index has changed to: state382
18:35:35.833 [pool-1-thread-2] INFO  com.crawljax.core.Crawler - Did not add reload edge from state382 to state382
18:35:35.833 [pool-1-thread-2] INFO  com.crawljax.core.Crawler - state372 no path from state382
18:35:35.833 [pool-1-thread-2] INFO  com.crawljax.core.Crawler - state unreachable: Removing from candidate actions state372
18:35:35.833 [pool-1-thread-2] INFO  c.c.core.UnfiredFragmentCandidates - Placing purged actions in unreachable cache for state372
18:35:35.833 [pool-1-thread-2] INFO  com.crawljax.core.Crawler - Resetting the crawler and Going to state state374
18:35:38.667 [pool-1-thread-2] INFO  com.crawljax.core.Crawler - index has changed to: state382
18:35:38.667 [pool-1-thread-2] INFO  com.crawljax.core.Crawler - Did not add reload edge from state382 to state382
18:35:38.667 [pool-1-thread-2] INFO  com.crawljax.core.Crawler - Initial state not the same as current state : Getting shortest path from current state
18:35:38.668 [pool-1-thread-2] INFO  com.crawljax.core.Crawler - state374 no path from state382
18:35:38.668 [pool-1-thread-2] INFO  c.crawljax.core.state.StateMachine - Cannot go to state: 'state1' from: 'state382'
18:35:38.668 [pool-1-thread-2] INFO  com.crawljax.core.Crawler - Not a valid path anymore index: state374
18:35:38.668 [pool-1-thread-2] INFO  com.crawljax.core.Crawler - Tried to follow 
18:35:38.668 [pool-1-thread-2] INFO  com.crawljax.core.Crawler - index_1_state1state1_4_state3state3_5_state4state4_132_state241state241_121_state369state369_123_state372state372_125_state374
18:35:38.668 [pool-1-thread-2] INFO  com.crawljax.core.Crawler - Saving failed backtracking path to 374
18:35:38.668 [pool-1-thread-2] INFO  com.crawljax.core.Crawler - backtrack status: false, reached NearDuplicate : -1 
18:35:41.471 [pool-1-thread-2] INFO  com.crawljax.core.Crawler - index has changed to: state382
18:35:41.471 [pool-1-thread-2] INFO  com.crawljax.core.Crawler - Did not add reload edge from state382 to state382
18:35:41.471 [pool-1-thread-2] INFO  c.crawljax.core.state.StateMachine - Cannot go to state: 'state13' from: 'state382'
18:35:41.471 [pool-1-thread-2] INFO  com.crawljax.core.Crawler - Not a valid path anymore state12: state374
18:35:41.471 [pool-1-thread-2] INFO  com.crawljax.core.Crawler - Tried to follow 
18:35:41.471 [pool-1-thread-2] INFO  com.crawljax.core.Crawler - state12_0_state13state13_17_state27state27_18_state28state28_19_state29state29_21_state4state4_132_state241state241_121_state369state369_123_state372state372_125_state374
18:35:41.471 [pool-1-thread-2] INFO  com.crawljax.core.Crawler - Saving failed backtracking path to 374
18:35:41.471 [pool-1-thread-2] INFO  com.crawljax.core.Crawler - backtrack status: false, reached NearDuplicate : -1 
18:35:44.269 [pool-1-thread-2] INFO  com.crawljax.core.Crawler - index has changed to: state382
18:35:44.269 [pool-1-thread-2] INFO  com.crawljax.core.Crawler - Did not add reload edge from state382 to state382
18:35:44.269 [pool-1-thread-2] INFO  c.crawljax.core.state.StateMachine - Cannot go to state: 'state27' from: 'state382'
18:35:44.269 [pool-1-thread-2] INFO  com.crawljax.core.Crawler - Not a valid path anymore state13: state374
18:35:44.269 [pool-1-thread-2] INFO  com.crawljax.core.Crawler - Tried to follow 
18:35:44.269 [pool-1-thread-2] INFO  com.crawljax.core.Crawler - state13_17_state27state27_18_state28state28_19_state29state29_21_state4state4_132_state241state241_121_state369state369_123_state372state372_125_state374
18:35:44.269 [pool-1-thread-2] INFO  com.crawljax.core.Crawler - Saving failed backtracking path to 374
18:35:44.269 [pool-1-thread-2] INFO  com.crawljax.core.Crawler - backtrack status: false, reached NearDuplicate : -1 
18:35:47.082 [pool-1-thread-2] INFO  com.crawljax.core.Crawler - index has changed to: state382
18:35:47.083 [pool-1-thread-2] INFO  com.crawljax.core.Crawler - Did not add reload edge from state382 to state382
18:35:47.083 [pool-1-thread-2] INFO  c.crawljax.core.state.StateMachine - Cannot go to state: 'state5' from: 'state382'
18:35:47.083 [pool-1-thread-2] INFO  com.crawljax.core.Crawler - Not a valid path anymore state43: state374
18:35:47.083 [pool-1-thread-2] INFO  com.crawljax.core.Crawler - Tried to follow 
18:35:47.083 [pool-1-thread-2] INFO  com.crawljax.core.Crawler - state43_37_state5state5_7_state4state4_132_state241state241_121_state369state369_123_state372state372_125_state374
18:35:47.083 [pool-1-thread-2] INFO  com.crawljax.core.Crawler - Saving failed backtracking path to 374
18:35:47.083 [pool-1-thread-2] INFO  com.crawljax.core.Crawler - backtrack status: false, reached NearDuplicate : -1 
18:35:49.897 [pool-1-thread-2] INFO  com.crawljax.core.Crawler - index has changed to: state382
18:35:49.898 [pool-1-thread-2] INFO  com.crawljax.core.Crawler - Did not add reload edge from state382 to state382
18:35:49.898 [pool-1-thread-2] INFO  c.crawljax.core.state.StateMachine - Cannot go to state: 'state139' from: 'state382'
18:35:49.898 [pool-1-thread-2] INFO  com.crawljax.core.Crawler - Not a valid path anymore state94: state374
18:35:49.898 [pool-1-thread-2] INFO  com.crawljax.core.Crawler - Tried to follow 
18:35:49.898 [pool-1-thread-2] INFO  com.crawljax.core.Crawler - state94_56_state139state139_57_state140state140_58_state29state29_21_state4state4_132_state241state241_121_state369state369_123_state372state372_125_state374
18:35:49.898 [pool-1-thread-2] INFO  com.crawljax.core.Crawler - Saving failed backtracking path to 374
18:35:49.898 [pool-1-thread-2] INFO  com.crawljax.core.Crawler - backtrack status: false, reached NearDuplicate : -1 
18:35:52.735 [pool-1-thread-2] INFO  com.crawljax.core.Crawler - index has changed to: state382
18:35:52.735 [pool-1-thread-2] INFO  com.crawljax.core.Crawler - Did not add reload edge from state382 to state382
18:35:52.735 [pool-1-thread-2] INFO  c.crawljax.core.state.StateMachine - Cannot go to state: 'state232' from: 'state382'
18:35:52.735 [pool-1-thread-2] INFO  com.crawljax.core.Crawler - Not a valid path anymore state160: state374
18:35:52.735 [pool-1-thread-2] INFO  com.crawljax.core.Crawler - Tried to follow 
18:35:52.735 [pool-1-thread-2] INFO  com.crawljax.core.Crawler - state160_81_state232state232_118_state369state369_123_state372state372_125_state374
18:35:52.735 [pool-1-thread-2] INFO  com.crawljax.core.Crawler - Saving failed backtracking path to 374
18:35:52.735 [pool-1-thread-2] INFO  com.crawljax.core.Crawler - backtrack status: false, reached NearDuplicate : -1 
18:35:55.547 [pool-1-thread-2] INFO  com.crawljax.core.Crawler - index has changed to: state382
18:35:55.547 [pool-1-thread-2] INFO  com.crawljax.core.Crawler - Did not add reload edge from state382 to state382
18:35:55.547 [pool-1-thread-2] INFO  c.crawljax.core.state.StateMachine - Cannot go to state: 'state232' from: 'state382'
18:35:55.547 [pool-1-thread-2] INFO  com.crawljax.core.Crawler - Not a valid path anymore state263: state374
18:35:55.547 [pool-1-thread-2] INFO  com.crawljax.core.Crawler - Tried to follow 
18:35:55.547 [pool-1-thread-2] INFO  com.crawljax.core.Crawler - state263_117_state232state232_118_state369state369_123_state372state372_125_state374
18:35:55.547 [pool-1-thread-2] INFO  com.crawljax.core.Crawler - Saving failed backtracking path to 374
18:35:55.547 [pool-1-thread-2] INFO  com.crawljax.core.Crawler - backtrack status: false, reached NearDuplicate : -1 
18:35:58.349 [pool-1-thread-2] INFO  com.crawljax.core.Crawler - index has changed to: state382
18:35:58.349 [pool-1-thread-2] INFO  com.crawljax.core.Crawler - Did not add reload edge from state382 to state382
18:35:58.350 [pool-1-thread-2] INFO  com.crawljax.core.Crawler - state374 no path from state382
18:35:58.350 [pool-1-thread-2] INFO  com.crawljax.core.Crawler - state unreachable: Removing from candidate actions state374
18:35:58.350 [pool-1-thread-2] INFO  c.c.core.UnfiredFragmentCandidates - Placing purged actions in unreachable cache for state374
18:35:58.350 [pool-1-thread-2] INFO  com.crawljax.core.Crawler - Resetting the crawler and Going to state state146
18:36:01.179 [pool-1-thread-2] INFO  com.crawljax.core.Crawler - index has changed to: state382
18:36:01.180 [pool-1-thread-2] INFO  com.crawljax.core.Crawler - Did not add reload edge from state382 to state382
18:36:01.180 [pool-1-thread-2] INFO  com.crawljax.core.Crawler - Initial state not the same as current state : Getting shortest path from current state
18:36:01.180 [pool-1-thread-2] INFO  com.crawljax.core.Crawler - state146 no path from state382
18:36:01.180 [pool-1-thread-2] INFO  c.crawljax.core.state.StateMachine - Cannot go to state: 'state1' from: 'state382'
18:36:01.180 [pool-1-thread-2] INFO  com.crawljax.core.Crawler - Not a valid path anymore index: state146
18:36:01.180 [pool-1-thread-2] INFO  com.crawljax.core.Crawler - Tried to follow 
18:36:01.180 [pool-1-thread-2] INFO  com.crawljax.core.Crawler - index_1_state1state1_4_state3state3_5_state4state4_132_state241state241_92_state84state84_96_state246state246_97_state146
18:36:01.180 [pool-1-thread-2] INFO  com.crawljax.core.Crawler - Saving failed backtracking path to 146
18:36:01.180 [pool-1-thread-2] INFO  com.crawljax.core.Crawler - backtrack status: false, reached NearDuplicate : -1 
18:36:04.033 [pool-1-thread-2] INFO  com.crawljax.core.Crawler - index has changed to: state382
18:36:04.033 [pool-1-thread-2] INFO  com.crawljax.core.Crawler - Did not add reload edge from state382 to state382
18:36:04.033 [pool-1-thread-2] INFO  c.crawljax.core.state.StateMachine - Cannot go to state: 'state13' from: 'state382'
18:36:04.033 [pool-1-thread-2] INFO  com.crawljax.core.Crawler - Not a valid path anymore state12: state146
18:36:04.033 [pool-1-thread-2] INFO  com.crawljax.core.Crawler - Tried to follow 
18:36:04.033 [pool-1-thread-2] INFO  com.crawljax.core.Crawler - state12_0_state13state13_17_state27state27_18_state28state28_19_state29state29_59_state142state142_63_state86state86_64_state146
18:36:04.033 [pool-1-thread-2] INFO  com.crawljax.core.Crawler - Saving failed backtracking path to 146
18:36:04.033 [pool-1-thread-2] INFO  com.crawljax.core.Crawler - backtrack status: false, reached NearDuplicate : -1 
18:36:06.832 [pool-1-thread-2] INFO  com.crawljax.core.Crawler - index has changed to: state382
18:36:06.832 [pool-1-thread-2] INFO  com.crawljax.core.Crawler - Did not add reload edge from state382 to state382
18:36:06.832 [pool-1-thread-2] INFO  c.crawljax.core.state.StateMachine - Cannot go to state: 'state27' from: 'state382'
18:36:06.832 [pool-1-thread-2] INFO  com.crawljax.core.Crawler - Not a valid path anymore state13: state146
18:36:06.832 [pool-1-thread-2] INFO  com.crawljax.core.Crawler - Tried to follow 
18:36:06.832 [pool-1-thread-2] INFO  com.crawljax.core.Crawler - state13_17_state27state27_18_state28state28_19_state29state29_59_state142state142_63_state86state86_64_state146
18:36:06.832 [pool-1-thread-2] INFO  com.crawljax.core.Crawler - Saving failed backtracking path to 146
18:36:06.832 [pool-1-thread-2] INFO  com.crawljax.core.Crawler - backtrack status: false, reached NearDuplicate : -1 
18:36:09.652 [pool-1-thread-2] INFO  com.crawljax.core.Crawler - index has changed to: state382
18:36:09.653 [pool-1-thread-2] INFO  com.crawljax.core.Crawler - Did not add reload edge from state382 to state382
18:36:09.653 [pool-1-thread-2] INFO  c.crawljax.core.state.StateMachine - Cannot go to state: 'state5' from: 'state382'
18:36:09.653 [pool-1-thread-2] INFO  com.crawljax.core.Crawler - Not a valid path anymore state43: state146
18:36:09.653 [pool-1-thread-2] INFO  com.crawljax.core.Crawler - Tried to follow 
18:36:09.653 [pool-1-thread-2] INFO  com.crawljax.core.Crawler - state43_37_state5state5_38_state80state80_39_state81state81_43_state84state84_96_state246state246_97_state146
18:36:09.653 [pool-1-thread-2] INFO  com.crawljax.core.Crawler - Saving failed backtracking path to 146
18:36:09.653 [pool-1-thread-2] INFO  com.crawljax.core.Crawler - backtrack status: false, reached NearDuplicate : -1 
18:36:12.472 [pool-1-thread-2] INFO  com.crawljax.core.Crawler - index has changed to: state382
18:36:12.473 [pool-1-thread-2] INFO  com.crawljax.core.Crawler - Did not add reload edge from state382 to state382
18:36:12.473 [pool-1-thread-2] INFO  c.crawljax.core.state.StateMachine - Cannot go to state: 'state139' from: 'state382'
18:36:12.473 [pool-1-thread-2] INFO  com.crawljax.core.Crawler - Not a valid path anymore state94: state146
18:36:12.473 [pool-1-thread-2] INFO  com.crawljax.core.Crawler - Tried to follow 
18:36:12.473 [pool-1-thread-2] INFO  com.crawljax.core.Crawler - state94_56_state139state139_57_state140state140_58_state29state29_59_state142state142_63_state86state86_64_state146
18:36:12.473 [pool-1-thread-2] INFO  com.crawljax.core.Crawler - Saving failed backtracking path to 146
18:36:12.473 [pool-1-thread-2] INFO  com.crawljax.core.Crawler - backtrack status: false, reached NearDuplicate : -1 
18:36:15.284 [pool-1-thread-2] INFO  com.crawljax.core.Crawler - index has changed to: state382
18:36:15.284 [pool-1-thread-2] INFO  com.crawljax.core.Crawler - Did not add reload edge from state382 to state382
18:36:15.284 [pool-1-thread-2] INFO  c.crawljax.core.state.StateMachine - Cannot go to state: 'state232' from: 'state382'
18:36:15.284 [pool-1-thread-2] INFO  com.crawljax.core.Crawler - Not a valid path anymore state160: state146
18:36:15.284 [pool-1-thread-2] INFO  com.crawljax.core.Crawler - Tried to follow 
18:36:15.284 [pool-1-thread-2] INFO  com.crawljax.core.Crawler - state160_81_state232state232_118_state369state369_123_state372state372_125_state374state374_128_state146
18:36:15.284 [pool-1-thread-2] INFO  com.crawljax.core.Crawler - Saving failed backtracking path to 146
18:36:15.284 [pool-1-thread-2] INFO  com.crawljax.core.Crawler - backtrack status: false, reached NearDuplicate : -1 
18:36:18.098 [pool-1-thread-2] INFO  com.crawljax.core.Crawler - index has changed to: state382
18:36:18.098 [pool-1-thread-2] INFO  com.crawljax.core.Crawler - Did not add reload edge from state382 to state382
18:36:18.098 [pool-1-thread-2] INFO  c.crawljax.core.state.StateMachine - Cannot go to state: 'state232' from: 'state382'
18:36:18.098 [pool-1-thread-2] INFO  com.crawljax.core.Crawler - Not a valid path anymore state263: state146
18:36:18.098 [pool-1-thread-2] INFO  com.crawljax.core.Crawler - Tried to follow 
18:36:18.098 [pool-1-thread-2] INFO  com.crawljax.core.Crawler - state263_117_state232state232_118_state369state369_123_state372state372_125_state374state374_128_state146
18:36:18.098 [pool-1-thread-2] INFO  com.crawljax.core.Crawler - Saving failed backtracking path to 146
18:36:18.098 [pool-1-thread-2] INFO  com.crawljax.core.Crawler - backtrack status: false, reached NearDuplicate : -1 
18:36:20.917 [pool-1-thread-2] INFO  com.crawljax.core.Crawler - index has changed to: state382
18:36:20.918 [pool-1-thread-2] INFO  com.crawljax.core.Crawler - Did not add reload edge from state382 to state382
18:36:20.918 [pool-1-thread-2] INFO  com.crawljax.core.Crawler - state146 no path from state382
18:36:20.918 [pool-1-thread-2] INFO  com.crawljax.core.Crawler - state unreachable: Removing from candidate actions state146
18:36:20.918 [pool-1-thread-2] INFO  c.c.core.UnfiredFragmentCandidates - Placing purged actions in unreachable cache for state146
18:36:20.918 [pool-1-thread-2] INFO  com.crawljax.core.Crawler - Resetting the crawler and Going to state state4
18:36:23.731 [pool-1-thread-2] INFO  com.crawljax.core.Crawler - index has changed to: state382
18:36:23.731 [pool-1-thread-2] INFO  com.crawljax.core.Crawler - Did not add reload edge from state382 to state382
18:36:23.731 [pool-1-thread-2] INFO  com.crawljax.core.Crawler - Initial state not the same as current state : Getting shortest path from current state
18:36:23.732 [pool-1-thread-2] INFO  com.crawljax.core.Crawler - state4 no path from state382
18:36:23.732 [pool-1-thread-2] INFO  c.crawljax.core.state.StateMachine - Cannot go to state: 'state1' from: 'state382'
18:36:23.732 [pool-1-thread-2] INFO  com.crawljax.core.Crawler - Not a valid path anymore index: state4
18:36:23.732 [pool-1-thread-2] INFO  com.crawljax.core.Crawler - Tried to follow 
18:36:23.732 [pool-1-thread-2] INFO  com.crawljax.core.Crawler - index_1_state1state1_4_state3state3_5_state4
18:36:23.732 [pool-1-thread-2] INFO  com.crawljax.core.Crawler - Saving failed backtracking path to 4
18:36:23.732 [pool-1-thread-2] INFO  com.crawljax.core.Crawler - backtrack status: false, reached NearDuplicate : -1 
18:36:26.563 [pool-1-thread-2] INFO  com.crawljax.core.Crawler - index has changed to: state382
18:36:26.563 [pool-1-thread-2] INFO  com.crawljax.core.Crawler - Did not add reload edge from state382 to state382
18:36:26.563 [pool-1-thread-2] INFO  c.crawljax.core.state.StateMachine - Cannot go to state: 'state13' from: 'state382'
18:36:26.563 [pool-1-thread-2] INFO  com.crawljax.core.Crawler - Not a valid path anymore state12: state4
18:36:26.563 [pool-1-thread-2] INFO  com.crawljax.core.Crawler - Tried to follow 
18:36:26.563 [pool-1-thread-2] INFO  com.crawljax.core.Crawler - state12_0_state13state13_17_state27state27_18_state28state28_19_state29state29_21_state4
18:36:26.563 [pool-1-thread-2] INFO  com.crawljax.core.Crawler - Saving failed backtracking path to 4
18:36:26.563 [pool-1-thread-2] INFO  com.crawljax.core.Crawler - backtrack status: false, reached NearDuplicate : -1 
18:36:29.390 [pool-1-thread-2] INFO  com.crawljax.core.Crawler - index has changed to: state382
18:36:29.391 [pool-1-thread-2] INFO  com.crawljax.core.Crawler - Did not add reload edge from state382 to state382
18:36:29.391 [pool-1-thread-2] INFO  c.crawljax.core.state.StateMachine - Cannot go to state: 'state27' from: 'state382'
18:36:29.391 [pool-1-thread-2] INFO  com.crawljax.core.Crawler - Not a valid path anymore state13: state4
18:36:29.391 [pool-1-thread-2] INFO  com.crawljax.core.Crawler - Tried to follow 
18:36:29.391 [pool-1-thread-2] INFO  com.crawljax.core.Crawler - state13_17_state27state27_18_state28state28_19_state29state29_21_state4
18:36:29.391 [pool-1-thread-2] INFO  com.crawljax.core.Crawler - Saving failed backtracking path to 4
18:36:29.391 [pool-1-thread-2] INFO  com.crawljax.core.Crawler - backtrack status: false, reached NearDuplicate : -1 
18:36:32.236 [pool-1-thread-2] INFO  com.crawljax.core.Crawler - index has changed to: state382
18:36:32.236 [pool-1-thread-2] INFO  com.crawljax.core.Crawler - Did not add reload edge from state382 to state382
18:36:32.236 [pool-1-thread-2] INFO  c.crawljax.core.state.StateMachine - Cannot go to state: 'state5' from: 'state382'
18:36:32.236 [pool-1-thread-2] INFO  com.crawljax.core.Crawler - Not a valid path anymore state43: state4
18:36:32.236 [pool-1-thread-2] INFO  com.crawljax.core.Crawler - Tried to follow 
18:36:32.236 [pool-1-thread-2] INFO  com.crawljax.core.Crawler - state43_37_state5state5_7_state4
18:36:32.236 [pool-1-thread-2] INFO  com.crawljax.core.Crawler - Saving failed backtracking path to 4
18:36:32.237 [pool-1-thread-2] INFO  com.crawljax.core.Crawler - backtrack status: false, reached NearDuplicate : -1 
18:36:35.051 [pool-1-thread-2] INFO  com.crawljax.core.Crawler - index has changed to: state382
18:36:35.052 [pool-1-thread-2] INFO  com.crawljax.core.Crawler - Did not add reload edge from state382 to state382
18:36:35.052 [pool-1-thread-2] INFO  c.crawljax.core.state.StateMachine - Cannot go to state: 'state139' from: 'state382'
18:36:35.052 [pool-1-thread-2] INFO  com.crawljax.core.Crawler - Not a valid path anymore state94: state4
18:36:35.052 [pool-1-thread-2] INFO  com.crawljax.core.Crawler - Tried to follow 
18:36:35.052 [pool-1-thread-2] INFO  com.crawljax.core.Crawler - state94_56_state139state139_57_state140state140_58_state29state29_21_state4
18:36:35.052 [pool-1-thread-2] INFO  com.crawljax.core.Crawler - Saving failed backtracking path to 4
18:36:35.052 [pool-1-thread-2] INFO  com.crawljax.core.Crawler - backtrack status: false, reached NearDuplicate : -1 
18:36:37.869 [pool-1-thread-2] INFO  com.crawljax.core.Crawler - index has changed to: state382
18:36:37.869 [pool-1-thread-2] INFO  com.crawljax.core.Crawler - Did not add reload edge from state382 to state382
18:36:37.870 [pool-1-thread-2] INFO  c.crawljax.core.state.StateMachine - Cannot go to state: 'state232' from: 'state382'
18:36:37.870 [pool-1-thread-2] INFO  com.crawljax.core.Crawler - Not a valid path anymore state160: state4
18:36:37.870 [pool-1-thread-2] INFO  com.crawljax.core.Crawler - Tried to follow 
18:36:37.870 [pool-1-thread-2] INFO  com.crawljax.core.Crawler - state160_81_state232state232_83_state233state233_84_state234state234_85_state3state3_5_state4
18:36:37.870 [pool-1-thread-2] INFO  com.crawljax.core.Crawler - Saving failed backtracking path to 4
18:36:37.870 [pool-1-thread-2] INFO  com.crawljax.core.Crawler - backtrack status: false, reached NearDuplicate : -1 
18:36:40.692 [pool-1-thread-2] INFO  com.crawljax.core.Crawler - index has changed to: state382
18:36:40.692 [pool-1-thread-2] INFO  com.crawljax.core.Crawler - Did not add reload edge from state382 to state382
18:36:40.692 [pool-1-thread-2] INFO  c.crawljax.core.state.StateMachine - Cannot go to state: 'state232' from: 'state382'
18:36:40.692 [pool-1-thread-2] INFO  com.crawljax.core.Crawler - Not a valid path anymore state263: state4
18:36:40.693 [pool-1-thread-2] INFO  com.crawljax.core.Crawler - Tried to follow 
18:36:40.693 [pool-1-thread-2] INFO  com.crawljax.core.Crawler - state263_117_state232state232_83_state233state233_84_state234state234_85_state3state3_5_state4
18:36:40.693 [pool-1-thread-2] INFO  com.crawljax.core.Crawler - Saving failed backtracking path to 4
18:36:40.693 [pool-1-thread-2] INFO  com.crawljax.core.Crawler - backtrack status: false, reached NearDuplicate : -1 
18:36:43.518 [pool-1-thread-2] INFO  com.crawljax.core.Crawler - index has changed to: state382
18:36:43.518 [pool-1-thread-2] INFO  com.crawljax.core.Crawler - Did not add reload edge from state382 to state382
18:36:43.519 [pool-1-thread-2] INFO  com.crawljax.core.Crawler - state4 no path from state382
18:36:43.519 [pool-1-thread-2] INFO  com.crawljax.core.Crawler - state unreachable: Removing from candidate actions state4
18:36:43.519 [pool-1-thread-2] INFO  c.c.core.UnfiredFragmentCandidates - Placing purged actions in unreachable cache for state4
18:36:43.519 [pool-1-thread-2] INFO  com.crawljax.core.Crawler - Resetting the crawler and Going to state state378
18:36:46.328 [pool-1-thread-2] INFO  com.crawljax.core.Crawler - index has changed to: state382
18:36:46.329 [pool-1-thread-2] INFO  com.crawljax.core.Crawler - Did not add reload edge from state382 to state382
18:36:46.329 [pool-1-thread-2] INFO  com.crawljax.core.Crawler - Initial state not the same as current state : Getting shortest path from current state
18:36:46.329 [pool-1-thread-2] INFO  com.crawljax.core.Crawler - state378 no path from state382
18:36:46.329 [pool-1-thread-2] INFO  c.crawljax.core.state.StateMachine - Cannot go to state: 'state1' from: 'state382'
18:36:46.329 [pool-1-thread-2] INFO  com.crawljax.core.Crawler - Not a valid path anymore index: state378
18:36:46.329 [pool-1-thread-2] INFO  com.crawljax.core.Crawler - Tried to follow 
18:36:46.329 [pool-1-thread-2] INFO  com.crawljax.core.Crawler - index_1_state1state1_4_state3state3_5_state4state4_132_state241state241_133_state378
18:36:46.329 [pool-1-thread-2] INFO  com.crawljax.core.Crawler - Saving failed backtracking path to 378
18:36:46.329 [pool-1-thread-2] INFO  com.crawljax.core.Crawler - backtrack status: false, reached NearDuplicate : -1 
18:36:49.128 [pool-1-thread-2] INFO  com.crawljax.core.Crawler - index has changed to: state382
18:36:49.128 [pool-1-thread-2] INFO  com.crawljax.core.Crawler - Did not add reload edge from state382 to state382
18:36:49.128 [pool-1-thread-2] INFO  c.crawljax.core.state.StateMachine - Cannot go to state: 'state13' from: 'state382'
18:36:49.128 [pool-1-thread-2] INFO  com.crawljax.core.Crawler - Not a valid path anymore state12: state378
18:36:49.129 [pool-1-thread-2] INFO  com.crawljax.core.Crawler - Tried to follow 
18:36:49.129 [pool-1-thread-2] INFO  com.crawljax.core.Crawler - state12_0_state13state13_17_state27state27_18_state28state28_19_state29state29_21_state4state4_132_state241state241_133_state378
18:36:49.129 [pool-1-thread-2] INFO  com.crawljax.core.Crawler - Saving failed backtracking path to 378
18:36:49.129 [pool-1-thread-2] INFO  com.crawljax.core.Crawler - backtrack status: false, reached NearDuplicate : -1 
18:36:51.918 [pool-1-thread-2] INFO  com.crawljax.core.Crawler - index has changed to: state382
18:36:51.918 [pool-1-thread-2] INFO  com.crawljax.core.Crawler - Did not add reload edge from state382 to state382
18:36:51.918 [pool-1-thread-2] INFO  c.crawljax.core.state.StateMachine - Cannot go to state: 'state27' from: 'state382'
18:36:51.918 [pool-1-thread-2] INFO  com.crawljax.core.Crawler - Not a valid path anymore state13: state378
18:36:51.918 [pool-1-thread-2] INFO  com.crawljax.core.Crawler - Tried to follow 
18:36:51.918 [pool-1-thread-2] INFO  com.crawljax.core.Crawler - state13_17_state27state27_18_state28state28_19_state29state29_21_state4state4_132_state241state241_133_state378
18:36:51.918 [pool-1-thread-2] INFO  com.crawljax.core.Crawler - Saving failed backtracking path to 378
18:36:51.918 [pool-1-thread-2] INFO  com.crawljax.core.Crawler - backtrack status: false, reached NearDuplicate : -1 
18:36:54.744 [pool-1-thread-2] INFO  com.crawljax.core.Crawler - index has changed to: state382
18:36:54.744 [pool-1-thread-2] INFO  com.crawljax.core.Crawler - Did not add reload edge from state382 to state382
18:36:54.744 [pool-1-thread-2] INFO  c.crawljax.core.state.StateMachine - Cannot go to state: 'state5' from: 'state382'
18:36:54.744 [pool-1-thread-2] INFO  com.crawljax.core.Crawler - Not a valid path anymore state43: state378
18:36:54.745 [pool-1-thread-2] INFO  com.crawljax.core.Crawler - Tried to follow 
18:36:54.745 [pool-1-thread-2] INFO  com.crawljax.core.Crawler - state43_37_state5state5_7_state4state4_132_state241state241_133_state378
18:36:54.745 [pool-1-thread-2] INFO  com.crawljax.core.Crawler - Saving failed backtracking path to 378
18:36:54.745 [pool-1-thread-2] INFO  com.crawljax.core.Crawler - backtrack status: false, reached NearDuplicate : -1 
18:36:57.575 [pool-1-thread-2] INFO  com.crawljax.core.Crawler - index has changed to: state382
18:36:57.576 [pool-1-thread-2] INFO  com.crawljax.core.Crawler - Did not add reload edge from state382 to state382
18:36:57.576 [pool-1-thread-2] INFO  c.crawljax.core.state.StateMachine - Cannot go to state: 'state139' from: 'state382'
18:36:57.576 [pool-1-thread-2] INFO  com.crawljax.core.Crawler - Not a valid path anymore state94: state378
18:36:57.576 [pool-1-thread-2] INFO  com.crawljax.core.Crawler - Tried to follow 
18:36:57.576 [pool-1-thread-2] INFO  com.crawljax.core.Crawler - state94_56_state139state139_57_state140state140_58_state29state29_21_state4state4_132_state241state241_133_state378
18:36:57.576 [pool-1-thread-2] INFO  com.crawljax.core.Crawler - Saving failed backtracking path to 378
18:36:57.576 [pool-1-thread-2] INFO  com.crawljax.core.Crawler - backtrack status: false, reached NearDuplicate : -1 
18:37:00.366 [pool-1-thread-2] INFO  com.crawljax.core.Crawler - index has changed to: state382
18:37:00.366 [pool-1-thread-2] INFO  com.crawljax.core.Crawler - Did not add reload edge from state382 to state382
18:37:00.366 [pool-1-thread-2] INFO  c.crawljax.core.state.StateMachine - Cannot go to state: 'state232' from: 'state382'
18:37:00.366 [pool-1-thread-2] INFO  com.crawljax.core.Crawler - Not a valid path anymore state160: state378
18:37:00.366 [pool-1-thread-2] INFO  com.crawljax.core.Crawler - Tried to follow 
18:37:00.366 [pool-1-thread-2] INFO  com.crawljax.core.Crawler - state160_81_state232state232_118_state369state369_119_state241state241_133_state378
18:37:00.366 [pool-1-thread-2] INFO  com.crawljax.core.Crawler - Saving failed backtracking path to 378
18:37:00.366 [pool-1-thread-2] INFO  com.crawljax.core.Crawler - backtrack status: false, reached NearDuplicate : -1 
18:37:03.189 [pool-1-thread-2] INFO  com.crawljax.core.Crawler - index has changed to: state382
18:37:03.189 [pool-1-thread-2] INFO  com.crawljax.core.Crawler - Did not add reload edge from state382 to state382
18:37:03.189 [pool-1-thread-2] INFO  c.crawljax.core.state.StateMachine - Cannot go to state: 'state232' from: 'state382'
18:37:03.189 [pool-1-thread-2] INFO  com.crawljax.core.Crawler - Not a valid path anymore state263: state378
18:37:03.189 [pool-1-thread-2] INFO  com.crawljax.core.Crawler - Tried to follow 
18:37:03.189 [pool-1-thread-2] INFO  com.crawljax.core.Crawler - state263_117_state232state232_118_state369state369_119_state241state241_133_state378
18:37:03.189 [pool-1-thread-2] INFO  com.crawljax.core.Crawler - Saving failed backtracking path to 378
18:37:03.189 [pool-1-thread-2] INFO  com.crawljax.core.Crawler - backtrack status: false, reached NearDuplicate : -1 
18:37:06.002 [pool-1-thread-2] INFO  com.crawljax.core.Crawler - index has changed to: state382
18:37:06.002 [pool-1-thread-2] INFO  com.crawljax.core.Crawler - Did not add reload edge from state382 to state382
18:37:06.002 [pool-1-thread-2] INFO  com.crawljax.core.Crawler - state378 no path from state382
18:37:06.002 [pool-1-thread-2] INFO  com.crawljax.core.Crawler - state unreachable: Removing from candidate actions state378
18:37:06.002 [pool-1-thread-2] INFO  c.c.core.UnfiredFragmentCandidates - Placing purged actions in unreachable cache for state378
18:37:06.002 [pool-1-thread-2] INFO  com.crawljax.core.Crawler - Resetting the crawler and Going to state state142
18:37:08.812 [pool-1-thread-2] INFO  com.crawljax.core.Crawler - index has changed to: state382
18:37:08.812 [pool-1-thread-2] INFO  com.crawljax.core.Crawler - Did not add reload edge from state382 to state382
18:37:08.812 [pool-1-thread-2] INFO  com.crawljax.core.Crawler - Initial state not the same as current state : Getting shortest path from current state
18:37:08.812 [pool-1-thread-2] INFO  com.crawljax.core.Crawler - state142 no path from state382
18:37:08.812 [pool-1-thread-2] INFO  c.crawljax.core.state.StateMachine - Cannot go to state: 'state1' from: 'state382'
18:37:08.812 [pool-1-thread-2] INFO  com.crawljax.core.Crawler - Not a valid path anymore index: state142
18:37:08.812 [pool-1-thread-2] INFO  com.crawljax.core.Crawler - Tried to follow 
18:37:08.812 [pool-1-thread-2] INFO  com.crawljax.core.Crawler - index_1_state1state1_4_state3state3_5_state4state4_132_state241state241_133_state378state378_134_state142
18:37:08.812 [pool-1-thread-2] INFO  com.crawljax.core.Crawler - Saving failed backtracking path to 142
18:37:08.812 [pool-1-thread-2] INFO  com.crawljax.core.Crawler - backtrack status: false, reached NearDuplicate : -1 
18:37:11.625 [pool-1-thread-2] INFO  com.crawljax.core.Crawler - index has changed to: state382
18:37:11.626 [pool-1-thread-2] INFO  com.crawljax.core.Crawler - Did not add reload edge from state382 to state382
18:37:11.626 [pool-1-thread-2] INFO  c.crawljax.core.state.StateMachine - Cannot go to state: 'state13' from: 'state382'
18:37:11.626 [pool-1-thread-2] INFO  com.crawljax.core.Crawler - Not a valid path anymore state12: state142
18:37:11.626 [pool-1-thread-2] INFO  com.crawljax.core.Crawler - Tried to follow 
18:37:11.626 [pool-1-thread-2] INFO  com.crawljax.core.Crawler - state12_0_state13state13_17_state27state27_18_state28state28_19_state29state29_59_state142
18:37:11.626 [pool-1-thread-2] INFO  com.crawljax.core.Crawler - Saving failed backtracking path to 142
18:37:11.626 [pool-1-thread-2] INFO  com.crawljax.core.Crawler - backtrack status: false, reached NearDuplicate : -1 
18:37:14.436 [pool-1-thread-2] INFO  com.crawljax.core.Crawler - index has changed to: state382
18:37:14.436 [pool-1-thread-2] INFO  com.crawljax.core.Crawler - Did not add reload edge from state382 to state382
18:37:14.436 [pool-1-thread-2] INFO  c.crawljax.core.state.StateMachine - Cannot go to state: 'state27' from: 'state382'
18:37:14.436 [pool-1-thread-2] INFO  com.crawljax.core.Crawler - Not a valid path anymore state13: state142
18:37:14.436 [pool-1-thread-2] INFO  com.crawljax.core.Crawler - Tried to follow 
18:37:14.436 [pool-1-thread-2] INFO  com.crawljax.core.Crawler - state13_17_state27state27_18_state28state28_19_state29state29_59_state142
18:37:14.436 [pool-1-thread-2] INFO  com.crawljax.core.Crawler - Saving failed backtracking path to 142
18:37:14.436 [pool-1-thread-2] INFO  com.crawljax.core.Crawler - backtrack status: false, reached NearDuplicate : -1 
18:37:17.265 [pool-1-thread-2] INFO  com.crawljax.core.Crawler - index has changed to: state382
18:37:17.265 [pool-1-thread-2] INFO  com.crawljax.core.Crawler - Did not add reload edge from state382 to state382
18:37:17.266 [pool-1-thread-2] INFO  c.crawljax.core.state.StateMachine - Cannot go to state: 'state5' from: 'state382'
18:37:17.266 [pool-1-thread-2] INFO  com.crawljax.core.Crawler - Not a valid path anymore state43: state142
18:37:17.266 [pool-1-thread-2] INFO  com.crawljax.core.Crawler - Tried to follow 
18:37:17.266 [pool-1-thread-2] INFO  com.crawljax.core.Crawler - state43_37_state5state5_7_state4state4_132_state241state241_133_state378state378_134_state142
18:37:17.266 [pool-1-thread-2] INFO  com.crawljax.core.Crawler - Saving failed backtracking path to 142
18:37:17.266 [pool-1-thread-2] INFO  com.crawljax.core.Crawler - backtrack status: false, reached NearDuplicate : -1 
18:37:20.063 [pool-1-thread-2] INFO  com.crawljax.core.Crawler - index has changed to: state382
18:37:20.063 [pool-1-thread-2] INFO  com.crawljax.core.Crawler - Did not add reload edge from state382 to state382
18:37:20.063 [pool-1-thread-2] INFO  c.crawljax.core.state.StateMachine - Cannot go to state: 'state139' from: 'state382'
18:37:20.063 [pool-1-thread-2] INFO  com.crawljax.core.Crawler - Not a valid path anymore state94: state142
18:37:20.063 [pool-1-thread-2] INFO  com.crawljax.core.Crawler - Tried to follow 
18:37:20.063 [pool-1-thread-2] INFO  com.crawljax.core.Crawler - state94_56_state139state139_57_state140state140_58_state29state29_59_state142
18:37:20.063 [pool-1-thread-2] INFO  com.crawljax.core.Crawler - Saving failed backtracking path to 142
18:37:20.063 [pool-1-thread-2] INFO  com.crawljax.core.Crawler - backtrack status: false, reached NearDuplicate : -1 
18:37:22.866 [pool-1-thread-2] INFO  com.crawljax.core.Crawler - index has changed to: state382
18:37:22.866 [pool-1-thread-2] INFO  com.crawljax.core.Crawler - Did not add reload edge from state382 to state382
18:37:22.866 [pool-1-thread-2] INFO  c.crawljax.core.state.StateMachine - Cannot go to state: 'state232' from: 'state382'
18:37:22.866 [pool-1-thread-2] INFO  com.crawljax.core.Crawler - Not a valid path anymore state160: state142
18:37:22.866 [pool-1-thread-2] INFO  com.crawljax.core.Crawler - Tried to follow 
18:37:22.866 [pool-1-thread-2] INFO  com.crawljax.core.Crawler - state160_81_state232state232_118_state369state369_119_state241state241_133_state378state378_134_state142
18:37:22.866 [pool-1-thread-2] INFO  com.crawljax.core.Crawler - Saving failed backtracking path to 142
18:37:22.866 [pool-1-thread-2] INFO  com.crawljax.core.Crawler - backtrack status: false, reached NearDuplicate : -1 
18:37:25.667 [pool-1-thread-2] INFO  com.crawljax.core.Crawler - index has changed to: state382
18:37:25.667 [pool-1-thread-2] INFO  com.crawljax.core.Crawler - Did not add reload edge from state382 to state382
18:37:25.667 [pool-1-thread-2] INFO  c.crawljax.core.state.StateMachine - Cannot go to state: 'state232' from: 'state382'
18:37:25.667 [pool-1-thread-2] INFO  com.crawljax.core.Crawler - Not a valid path anymore state263: state142
18:37:25.667 [pool-1-thread-2] INFO  com.crawljax.core.Crawler - Tried to follow 
18:37:25.667 [pool-1-thread-2] INFO  com.crawljax.core.Crawler - state263_117_state232state232_118_state369state369_119_state241state241_133_state378state378_134_state142
18:37:25.667 [pool-1-thread-2] INFO  com.crawljax.core.Crawler - Saving failed backtracking path to 142
18:37:25.667 [pool-1-thread-2] INFO  com.crawljax.core.Crawler - backtrack status: false, reached NearDuplicate : -1 
18:37:28.499 [pool-1-thread-2] INFO  com.crawljax.core.Crawler - index has changed to: state382
18:37:28.499 [pool-1-thread-2] INFO  com.crawljax.core.Crawler - Did not add reload edge from state382 to state382
18:37:28.499 [pool-1-thread-2] INFO  com.crawljax.core.Crawler - state142 no path from state382
18:37:28.499 [pool-1-thread-2] INFO  com.crawljax.core.Crawler - state unreachable: Removing from candidate actions state142
18:37:28.499 [pool-1-thread-2] INFO  c.c.core.UnfiredFragmentCandidates - Placing purged actions in unreachable cache for state142
18:37:28.499 [pool-1-thread-2] INFO  com.crawljax.core.Crawler - Resetting the crawler and Going to state state380
18:37:31.334 [pool-1-thread-2] INFO  com.crawljax.core.Crawler - index has changed to: state382
18:37:31.335 [pool-1-thread-2] INFO  com.crawljax.core.Crawler - Did not add reload edge from state382 to state382
18:37:31.335 [pool-1-thread-2] INFO  com.crawljax.core.Crawler - Initial state not the same as current state : Getting shortest path from current state
18:37:31.335 [pool-1-thread-2] INFO  com.crawljax.core.Crawler - state380 no path from state382
18:37:31.335 [pool-1-thread-2] INFO  c.crawljax.core.state.StateMachine - Cannot go to state: 'state1' from: 'state382'
18:37:31.335 [pool-1-thread-2] INFO  com.crawljax.core.Crawler - Not a valid path anymore index: state380
18:37:31.335 [pool-1-thread-2] INFO  com.crawljax.core.Crawler - Tried to follow 
18:37:31.335 [pool-1-thread-2] INFO  com.crawljax.core.Crawler - index_1_state1state1_4_state3state3_5_state4state4_132_state241state241_133_state378state378_134_state142state142_136_state380
18:37:31.335 [pool-1-thread-2] INFO  com.crawljax.core.Crawler - Saving failed backtracking path to 380
18:37:31.335 [pool-1-thread-2] INFO  com.crawljax.core.Crawler - backtrack status: false, reached NearDuplicate : -1 
18:37:34.208 [pool-1-thread-2] INFO  com.crawljax.core.Crawler - index has changed to: state382
18:37:34.208 [pool-1-thread-2] INFO  com.crawljax.core.Crawler - Did not add reload edge from state382 to state382
18:37:34.208 [pool-1-thread-2] INFO  c.crawljax.core.state.StateMachine - Cannot go to state: 'state13' from: 'state382'
18:37:34.208 [pool-1-thread-2] INFO  com.crawljax.core.Crawler - Not a valid path anymore state12: state380
18:37:34.208 [pool-1-thread-2] INFO  com.crawljax.core.Crawler - Tried to follow 
18:37:34.208 [pool-1-thread-2] INFO  com.crawljax.core.Crawler - state12_0_state13state13_17_state27state27_18_state28state28_19_state29state29_59_state142state142_136_state380
18:37:34.208 [pool-1-thread-2] INFO  com.crawljax.core.Crawler - Saving failed backtracking path to 380
18:37:34.208 [pool-1-thread-2] INFO  com.crawljax.core.Crawler - backtrack status: false, reached NearDuplicate : -1 
18:37:37.054 [pool-1-thread-2] INFO  com.crawljax.core.Crawler - index has changed to: state382
18:37:37.054 [pool-1-thread-2] INFO  com.crawljax.core.Crawler - Did not add reload edge from state382 to state382
18:37:37.054 [pool-1-thread-2] INFO  c.crawljax.core.state.StateMachine - Cannot go to state: 'state27' from: 'state382'
18:37:37.054 [pool-1-thread-2] INFO  com.crawljax.core.Crawler - Not a valid path anymore state13: state380
18:37:37.054 [pool-1-thread-2] INFO  com.crawljax.core.Crawler - Tried to follow 
18:37:37.054 [pool-1-thread-2] INFO  com.crawljax.core.Crawler - state13_17_state27state27_18_state28state28_19_state29state29_59_state142state142_136_state380
18:37:37.054 [pool-1-thread-2] INFO  com.crawljax.core.Crawler - Saving failed backtracking path to 380
18:37:37.054 [pool-1-thread-2] INFO  com.crawljax.core.Crawler - backtrack status: false, reached NearDuplicate : -1 
18:37:39.886 [pool-1-thread-2] INFO  com.crawljax.core.Crawler - index has changed to: state382
18:37:39.886 [pool-1-thread-2] INFO  com.crawljax.core.Crawler - Did not add reload edge from state382 to state382
18:37:39.886 [pool-1-thread-2] INFO  c.crawljax.core.state.StateMachine - Cannot go to state: 'state5' from: 'state382'
18:37:39.886 [pool-1-thread-2] INFO  com.crawljax.core.Crawler - Not a valid path anymore state43: state380
18:37:39.886 [pool-1-thread-2] INFO  com.crawljax.core.Crawler - Tried to follow 
18:37:39.886 [pool-1-thread-2] INFO  com.crawljax.core.Crawler - state43_37_state5state5_7_state4state4_132_state241state241_133_state378state378_134_state142state142_136_state380
18:37:39.886 [pool-1-thread-2] INFO  com.crawljax.core.Crawler - Saving failed backtracking path to 380
18:37:39.886 [pool-1-thread-2] INFO  com.crawljax.core.Crawler - backtrack status: false, reached NearDuplicate : -1 
18:37:42.726 [pool-1-thread-2] INFO  com.crawljax.core.Crawler - index has changed to: state382
18:37:42.727 [pool-1-thread-2] INFO  com.crawljax.core.Crawler - Did not add reload edge from state382 to state382
18:37:42.727 [pool-1-thread-2] INFO  c.crawljax.core.state.StateMachine - Cannot go to state: 'state139' from: 'state382'
18:37:42.727 [pool-1-thread-2] INFO  com.crawljax.core.Crawler - Not a valid path anymore state94: state380
18:37:42.727 [pool-1-thread-2] INFO  com.crawljax.core.Crawler - Tried to follow 
18:37:42.727 [pool-1-thread-2] INFO  com.crawljax.core.Crawler - state94_56_state139state139_57_state140state140_58_state29state29_59_state142state142_136_state380
18:37:42.727 [pool-1-thread-2] INFO  com.crawljax.core.Crawler - Saving failed backtracking path to 380
18:37:42.727 [pool-1-thread-2] INFO  com.crawljax.core.Crawler - backtrack status: false, reached NearDuplicate : -1 
18:37:45.597 [pool-1-thread-2] INFO  com.crawljax.core.Crawler - index has changed to: state382
18:37:45.597 [pool-1-thread-2] INFO  com.crawljax.core.Crawler - Did not add reload edge from state382 to state382
18:37:45.597 [pool-1-thread-2] INFO  c.crawljax.core.state.StateMachine - Cannot go to state: 'state232' from: 'state382'
18:37:45.597 [pool-1-thread-2] INFO  com.crawljax.core.Crawler - Not a valid path anymore state160: state380
18:37:45.597 [pool-1-thread-2] INFO  com.crawljax.core.Crawler - Tried to follow 
18:37:45.597 [pool-1-thread-2] INFO  com.crawljax.core.Crawler - state160_81_state232state232_118_state369state369_119_state241state241_133_state378state378_134_state142state142_136_state380
18:37:45.597 [pool-1-thread-2] INFO  com.crawljax.core.Crawler - Saving failed backtracking path to 380
18:37:45.597 [pool-1-thread-2] INFO  com.crawljax.core.Crawler - backtrack status: false, reached NearDuplicate : -1 
18:37:48.433 [pool-1-thread-2] INFO  com.crawljax.core.Crawler - index has changed to: state382
18:37:48.433 [pool-1-thread-2] INFO  com.crawljax.core.Crawler - Did not add reload edge from state382 to state382
18:37:48.433 [pool-1-thread-2] INFO  c.crawljax.core.state.StateMachine - Cannot go to state: 'state232' from: 'state382'
18:37:48.433 [pool-1-thread-2] INFO  com.crawljax.core.Crawler - Not a valid path anymore state263: state380
18:37:48.433 [pool-1-thread-2] INFO  com.crawljax.core.Crawler - Tried to follow 
18:37:48.433 [pool-1-thread-2] INFO  com.crawljax.core.Crawler - state263_117_state232state232_118_state369state369_119_state241state241_133_state378state378_134_state142state142_136_state380
18:37:48.433 [pool-1-thread-2] INFO  com.crawljax.core.Crawler - Saving failed backtracking path to 380
18:37:48.433 [pool-1-thread-2] INFO  com.crawljax.core.Crawler - backtrack status: false, reached NearDuplicate : -1 
18:37:51.266 [pool-1-thread-2] INFO  com.crawljax.core.Crawler - index has changed to: state382
18:37:51.266 [pool-1-thread-2] INFO  com.crawljax.core.Crawler - Did not add reload edge from state382 to state382
18:37:51.266 [pool-1-thread-2] INFO  com.crawljax.core.Crawler - state380 no path from state382
18:37:51.266 [pool-1-thread-2] INFO  com.crawljax.core.Crawler - state unreachable: Removing from candidate actions state380
18:37:51.266 [pool-1-thread-2] INFO  c.c.core.UnfiredFragmentCandidates - Placing purged actions in unreachable cache for state380
18:37:51.267 [pool-1-thread-2] INFO  com.crawljax.core.Crawler - Resetting the crawler and Going to state state381
18:37:54.106 [pool-1-thread-2] INFO  com.crawljax.core.Crawler - index has changed to: state382
18:37:54.106 [pool-1-thread-2] INFO  com.crawljax.core.Crawler - Did not add reload edge from state382 to state382
18:37:54.106 [pool-1-thread-2] INFO  com.crawljax.core.Crawler - Initial state not the same as current state : Getting shortest path from current state
18:37:54.106 [pool-1-thread-2] INFO  com.crawljax.core.Crawler - state381 no path from state382
18:37:54.107 [pool-1-thread-2] INFO  c.crawljax.core.state.StateMachine - Cannot go to state: 'state1' from: 'state382'
18:37:54.107 [pool-1-thread-2] INFO  com.crawljax.core.Crawler - Not a valid path anymore index: state381
18:37:54.107 [pool-1-thread-2] INFO  com.crawljax.core.Crawler - Tried to follow 
18:37:54.107 [pool-1-thread-2] INFO  com.crawljax.core.Crawler - index_1_state1state1_4_state3state3_5_state4state4_132_state241state241_133_state378state378_134_state142state142_136_state380state380_139_state381
18:37:54.107 [pool-1-thread-2] INFO  com.crawljax.core.Crawler - Saving failed backtracking path to 381
18:37:54.107 [pool-1-thread-2] INFO  com.crawljax.core.Crawler - backtrack status: false, reached NearDuplicate : -1 
18:37:56.949 [pool-1-thread-2] INFO  com.crawljax.core.Crawler - index has changed to: state382
18:37:56.949 [pool-1-thread-2] INFO  com.crawljax.core.Crawler - Did not add reload edge from state382 to state382
18:37:56.950 [pool-1-thread-2] INFO  c.crawljax.core.state.StateMachine - Cannot go to state: 'state13' from: 'state382'
18:37:56.950 [pool-1-thread-2] INFO  com.crawljax.core.Crawler - Not a valid path anymore state12: state381
18:37:56.950 [pool-1-thread-2] INFO  com.crawljax.core.Crawler - Tried to follow 
18:37:56.950 [pool-1-thread-2] INFO  com.crawljax.core.Crawler - state12_0_state13state13_17_state27state27_18_state28state28_19_state29state29_59_state142state142_136_state380state380_139_state381
18:37:56.950 [pool-1-thread-2] INFO  com.crawljax.core.Crawler - Saving failed backtracking path to 381
18:37:56.950 [pool-1-thread-2] INFO  com.crawljax.core.Crawler - backtrack status: false, reached NearDuplicate : -1 
18:37:59.787 [pool-1-thread-2] INFO  com.crawljax.core.Crawler - index has changed to: state382
18:37:59.787 [pool-1-thread-2] INFO  com.crawljax.core.Crawler - Did not add reload edge from state382 to state382
18:37:59.787 [pool-1-thread-2] INFO  c.crawljax.core.state.StateMachine - Cannot go to state: 'state27' from: 'state382'
18:37:59.787 [pool-1-thread-2] INFO  com.crawljax.core.Crawler - Not a valid path anymore state13: state381
18:37:59.787 [pool-1-thread-2] INFO  com.crawljax.core.Crawler - Tried to follow 
18:37:59.787 [pool-1-thread-2] INFO  com.crawljax.core.Crawler - state13_17_state27state27_18_state28state28_19_state29state29_59_state142state142_136_state380state380_139_state381
18:37:59.787 [pool-1-thread-2] INFO  com.crawljax.core.Crawler - Saving failed backtracking path to 381
18:37:59.787 [pool-1-thread-2] INFO  com.crawljax.core.Crawler - backtrack status: false, reached NearDuplicate : -1 
18:38:02.600 [pool-1-thread-2] INFO  com.crawljax.core.Crawler - index has changed to: state382
18:38:02.600 [pool-1-thread-2] INFO  com.crawljax.core.Crawler - Did not add reload edge from state382 to state382
18:38:02.600 [pool-1-thread-2] INFO  c.crawljax.core.state.StateMachine - Cannot go to state: 'state5' from: 'state382'
18:38:02.600 [pool-1-thread-2] INFO  com.crawljax.core.Crawler - Not a valid path anymore state43: state381
18:38:02.600 [pool-1-thread-2] INFO  com.crawljax.core.Crawler - Tried to follow 
18:38:02.600 [pool-1-thread-2] INFO  com.crawljax.core.Crawler - state43_37_state5state5_7_state4state4_132_state241state241_133_state378state378_134_state142state142_136_state380state380_139_state381
18:38:02.600 [pool-1-thread-2] INFO  com.crawljax.core.Crawler - Saving failed backtracking path to 381
18:38:02.600 [pool-1-thread-2] INFO  com.crawljax.core.Crawler - backtrack status: false, reached NearDuplicate : -1 
18:38:05.513 [pool-1-thread-2] INFO  com.crawljax.core.Crawler - index has changed to: state382
18:38:05.513 [pool-1-thread-2] INFO  com.crawljax.core.Crawler - Did not add reload edge from state382 to state382
18:38:05.514 [pool-1-thread-2] INFO  c.crawljax.core.state.StateMachine - Cannot go to state: 'state139' from: 'state382'
18:38:05.514 [pool-1-thread-2] INFO  com.crawljax.core.Crawler - Not a valid path anymore state94: state381
18:38:05.514 [pool-1-thread-2] INFO  com.crawljax.core.Crawler - Tried to follow 
18:38:05.514 [pool-1-thread-2] INFO  com.crawljax.core.Crawler - state94_56_state139state139_57_state140state140_58_state29state29_59_state142state142_136_state380state380_139_state381
18:38:05.514 [pool-1-thread-2] INFO  com.crawljax.core.Crawler - Saving failed backtracking path to 381
18:38:05.514 [pool-1-thread-2] INFO  com.crawljax.core.Crawler - backtrack status: false, reached NearDuplicate : -1 
18:38:08.339 [pool-1-thread-2] INFO  com.crawljax.core.Crawler - index has changed to: state382
18:38:08.339 [pool-1-thread-2] INFO  com.crawljax.core.Crawler - Did not add reload edge from state382 to state382
18:38:08.339 [pool-1-thread-2] INFO  c.crawljax.core.state.StateMachine - Cannot go to state: 'state232' from: 'state382'
18:38:08.339 [pool-1-thread-2] INFO  com.crawljax.core.Crawler - Not a valid path anymore state160: state381
18:38:08.339 [pool-1-thread-2] INFO  com.crawljax.core.Crawler - Tried to follow 
18:38:08.339 [pool-1-thread-2] INFO  com.crawljax.core.Crawler - state160_81_state232state232_118_state369state369_119_state241state241_133_state378state378_134_state142state142_136_state380state380_139_state381
18:38:08.339 [pool-1-thread-2] INFO  com.crawljax.core.Crawler - Saving failed backtracking path to 381
18:38:08.339 [pool-1-thread-2] INFO  com.crawljax.core.Crawler - backtrack status: false, reached NearDuplicate : -1 
18:38:11.178 [pool-1-thread-2] INFO  com.crawljax.core.Crawler - index has changed to: state382
18:38:11.178 [pool-1-thread-2] INFO  com.crawljax.core.Crawler - Did not add reload edge from state382 to state382
18:38:11.178 [pool-1-thread-2] INFO  c.crawljax.core.state.StateMachine - Cannot go to state: 'state232' from: 'state382'
18:38:11.178 [pool-1-thread-2] INFO  com.crawljax.core.Crawler - Not a valid path anymore state263: state381
18:38:11.178 [pool-1-thread-2] INFO  com.crawljax.core.Crawler - Tried to follow 
18:38:11.178 [pool-1-thread-2] INFO  com.crawljax.core.Crawler - state263_117_state232state232_118_state369state369_119_state241state241_133_state378state378_134_state142state142_136_state380state380_139_state381
18:38:11.178 [pool-1-thread-2] INFO  com.crawljax.core.Crawler - Saving failed backtracking path to 381
18:38:11.178 [pool-1-thread-2] INFO  com.crawljax.core.Crawler - backtrack status: false, reached NearDuplicate : -1 
18:38:13.994 [pool-1-thread-2] INFO  com.crawljax.core.Crawler - index has changed to: state382
18:38:13.994 [pool-1-thread-2] INFO  com.crawljax.core.Crawler - Did not add reload edge from state382 to state382
18:38:13.994 [pool-1-thread-2] INFO  com.crawljax.core.Crawler - state381 no path from state382
18:38:13.994 [pool-1-thread-2] INFO  com.crawljax.core.Crawler - state unreachable: Removing from candidate actions state381
18:38:13.994 [pool-1-thread-2] INFO  c.c.core.UnfiredFragmentCandidates - Placing purged actions in unreachable cache for state381
18:38:13.994 [pool-1-thread-2] INFO  com.crawljax.core.Crawler - backtrack status: true, reached NearDuplicate : -1 
18:38:13.995 [pool-1-thread-2] INFO  com.crawljax.core.Crawler -  Event xpath /HTML[1]/BODY[1]/DIV[4]
18:38:14.014 [pool-1-thread-2] INFO  com.crawljax.core.Crawler - Changing related inputs for 142 with 0  to 0 
18:38:14.099 [pool-1-thread-2] INFO  c.c.core.UnfiredFragmentCandidates - Changing related inputs to worked inputs 0 for 142
18:38:14.099 [pool-1-thread-2] INFO  c.c.core.UnfiredFragmentCandidates - event 142 - Before 0
18:38:14.099 [pool-1-thread-2] INFO  c.c.core.UnfiredFragmentCandidates - event 142 - After 0
18:38:14.099 [pool-1-thread-2] INFO  c.c.core.UnfiredFragmentCandidates - input for 142, 0
18:38:17.231 [pool-1-thread-2] INFO  com.crawljax.core.Crawler -  Event xpath /HTML[1]/BODY[1]/DIV[4]/DIV[1]/DIV[4]/DIV[1]/DIV[3]/DIV[2]/DIV[1]/UL[1]/LI[13]
18:38:17.249 [pool-1-thread-2] INFO  com.crawljax.core.Crawler - Changing related inputs for 143 with 0  to 0 
18:38:17.325 [pool-1-thread-2] INFO  c.c.core.UnfiredFragmentCandidates - Changing related inputs to worked inputs 0 for 143
18:38:17.325 [pool-1-thread-2] INFO  c.c.core.UnfiredFragmentCandidates - event 143 - Before 0
18:38:17.325 [pool-1-thread-2] INFO  c.c.core.UnfiredFragmentCandidates - event 143 - After 0
18:38:17.325 [pool-1-thread-2] INFO  c.c.core.UnfiredFragmentCandidates - input for 143, 0
18:38:21.148 [pool-1-thread-2] INFO  c.c.c.state.InMemoryStateFlowGraph - Number of states in the graph is now 54
18:38:21.148 [pool-1-thread-2] INFO  c.crawljax.core.state.StateMachine - State state481 added to the StateMachine.
18:38:21.284 [pool-1-thread-2] INFO  com.crawljax.core.Crawler - New DOM is a new state! crawl depth is now 1
18:38:21.284 [pool-1-thread-2] INFO  com.crawljax.core.Crawler - Parsing DOM of state state481 for candidate elements
18:38:21.290 [pool-1-thread-2] INFO  c.c.core.UnfiredFragmentCandidates - There are 1 states with unfired actions: [481]
18:38:21.298 [pool-1-thread-2] INFO  com.crawljax.core.Crawler -  Event xpath /HTML[1]/BODY[1]/DIV[4]/DIV[1]/DIV[4]/DIV[1]/DIV[1]/DIV[2]
18:38:21.313 [pool-1-thread-2] INFO  com.crawljax.core.Crawler - Changing related inputs for 144 with 0  to 0 
18:38:21.382 [pool-1-thread-2] INFO  c.c.core.UnfiredFragmentCandidates - Changing related inputs to worked inputs 0 for 144
18:38:21.382 [pool-1-thread-2] INFO  c.c.core.UnfiredFragmentCandidates - event 144 - Before 0
18:38:21.382 [pool-1-thread-2] INFO  c.c.core.UnfiredFragmentCandidates - event 144 - After 0
18:38:21.382 [pool-1-thread-2] INFO  c.c.core.UnfiredFragmentCandidates - input for 144, 0
18:38:25.156 [pool-1-thread-2] INFO  c.crawljax.core.state.StateMachine - CLONE State detected: state482 and state3 are the same.
18:38:25.156 [pool-1-thread-2] INFO  c.c.core.UnfiredFragmentCandidates - Placing state3 back in queue as it is rediscovered
18:38:25.156 [pool-1-thread-2] INFO  c.c.core.UnfiredFragmentCandidates - There are 2 states with unfired actions: [481, 3]
18:38:25.156 [pool-1-thread-2] INFO  c.c.core.UnfiredFragmentCandidates - Rediscovered state3 has unexplored actions
18:38:25.164 [pool-1-thread-2] INFO  com.crawljax.core.Crawler -  Event xpath /HTML[1]/BODY[1]/DIV[4]/DIV[1]/DIV[4]/DIV[2]/DIV[2]/DIV[2]/DIV[3]/DIV[8]/DIV[1]/DIV[1]/A[1]
18:38:25.180 [pool-1-thread-2] INFO  com.crawljax.core.Crawler - Changing related inputs for 145 with 0  to 0 
18:38:25.251 [pool-1-thread-2] INFO  c.c.core.UnfiredFragmentCandidates - Changing related inputs to worked inputs 0 for 145
18:38:25.251 [pool-1-thread-2] INFO  c.c.core.UnfiredFragmentCandidates - event 145 - Before 0
18:38:25.251 [pool-1-thread-2] INFO  c.c.core.UnfiredFragmentCandidates - event 145 - After 0
18:38:25.251 [pool-1-thread-2] INFO  c.c.core.UnfiredFragmentCandidates - input for 145, 0
18:38:29.762 [pool-1-thread-2] INFO  c.c.c.state.InMemoryStateFlowGraph - Number of states in the graph is now 55
18:38:29.763 [pool-1-thread-2] INFO  c.crawljax.core.state.StateMachine - State state483 added to the StateMachine.
18:38:29.919 [pool-1-thread-2] INFO  com.crawljax.core.Crawler - New DOM is a new state! crawl depth is now 2
18:38:29.919 [pool-1-thread-2] INFO  com.crawljax.core.Crawler - Parsing DOM of state state483 for candidate elements
18:38:29.925 [pool-1-thread-2] INFO  c.c.core.UnfiredFragmentCandidates - There are 3 states with unfired actions: [481, 3, 483]
18:38:29.938 [pool-1-thread-2] INFO  com.crawljax.core.Crawler -  Event xpath /HTML[1]/BODY[1]/DIV[4]/DIV[1]/DIV[4]/DIV[1]/DIV[1]/DIV[2]/UL[1]/LI[6]/A[1]
18:38:29.955 [pool-1-thread-2] INFO  com.crawljax.core.Crawler - Changing related inputs for 146 with 0  to 0 
18:38:30.026 [pool-1-thread-2] INFO  c.c.core.UnfiredFragmentCandidates - Changing related inputs to worked inputs 0 for 146
18:38:30.026 [pool-1-thread-2] INFO  c.c.core.UnfiredFragmentCandidates - event 146 - Before 0
18:38:30.026 [pool-1-thread-2] INFO  c.c.core.UnfiredFragmentCandidates - event 146 - After 0
18:38:30.026 [pool-1-thread-2] INFO  c.c.core.UnfiredFragmentCandidates - input for 146, 0
18:38:34.021 [pool-1-thread-2] INFO  c.c.c.state.InMemoryStateFlowGraph - Number of states in the graph is now 56
18:38:34.021 [pool-1-thread-2] INFO  c.crawljax.core.state.StateMachine - State state484 added to the StateMachine.
18:38:34.149 [pool-1-thread-2] INFO  com.crawljax.core.Crawler - New DOM is a new state! crawl depth is now 3
18:38:34.149 [pool-1-thread-2] INFO  com.crawljax.core.Crawler - Parsing DOM of state state484 for candidate elements
18:38:34.154 [pool-1-thread-2] INFO  c.c.core.UnfiredFragmentCandidates - There are 4 states with unfired actions: [481, 3, 483, 484]
18:38:34.162 [pool-1-thread-2] INFO  com.crawljax.core.Crawler -  Event xpath /HTML[1]/BODY[1]/DIV[4]/DIV[1]/DIV[4]/DIV[1]/DIV[1]/DIV[2]/UL[1]/LI[1]
18:38:34.178 [pool-1-thread-2] INFO  com.crawljax.core.Crawler - Changing related inputs for 147 with 0  to 0 
18:38:34.252 [pool-1-thread-2] INFO  c.c.core.UnfiredFragmentCandidates - Changing related inputs to worked inputs 0 for 147
18:38:34.252 [pool-1-thread-2] INFO  c.c.core.UnfiredFragmentCandidates - event 147 - Before 0
18:38:34.252 [pool-1-thread-2] INFO  c.c.core.UnfiredFragmentCandidates - event 147 - After 0
18:38:34.252 [pool-1-thread-2] INFO  c.c.core.UnfiredFragmentCandidates - input for 147, 0
18:38:37.383 [pool-1-thread-2] INFO  com.crawljax.core.Crawler -  Event xpath /HTML[1]/BODY[1]/DIV[4]/DIV[1]/DIV[4]/DIV[2]/DIV[2]/DIV[2]/DIV[2]/DIV[1]/DIV[2]/UL[1]/LI[1]/A[1]/SPAN[1]
18:38:37.397 [pool-1-thread-2] INFO  com.crawljax.core.Crawler - Changing related inputs for 148 with 0  to 0 
18:38:37.467 [pool-1-thread-2] INFO  c.c.core.UnfiredFragmentCandidates - Changing related inputs to worked inputs 0 for 148
18:38:37.467 [pool-1-thread-2] INFO  c.c.core.UnfiredFragmentCandidates - event 148 - Before 0
18:38:37.467 [pool-1-thread-2] INFO  c.c.core.UnfiredFragmentCandidates - event 148 - After 0
18:38:37.467 [pool-1-thread-2] INFO  c.c.core.UnfiredFragmentCandidates - input for 148, 0
18:38:41.173 [pool-1-thread-2] INFO  c.c.c.state.InMemoryStateFlowGraph - Number of states in the graph is now 57
18:38:41.173 [pool-1-thread-2] INFO  c.crawljax.core.state.StateMachine - State state486 added to the StateMachine.
18:38:41.290 [pool-1-thread-2] INFO  com.crawljax.core.Crawler - New DOM is a new state! crawl depth is now 4
18:38:41.290 [pool-1-thread-2] INFO  com.crawljax.core.Crawler - Parsing DOM of state state486 for candidate elements
18:38:41.294 [pool-1-thread-2] INFO  c.c.core.UnfiredFragmentCandidates - There are 5 states with unfired actions: [481, 3, 483, 484, 486]
18:38:41.302 [pool-1-thread-2] INFO  com.crawljax.core.Crawler -  Event xpath /HTML[1]/BODY[1]/DIV[4]/DIV[1]/DIV[4]/DIV[1]/DIV[1]/DIV[2]/UL[1]/LI[6]
18:38:41.316 [pool-1-thread-2] INFO  com.crawljax.core.Crawler - Changing related inputs for 149 with 0  to 0 
18:38:41.386 [pool-1-thread-2] INFO  c.c.core.UnfiredFragmentCandidates - Changing related inputs to worked inputs 0 for 149
18:38:41.387 [pool-1-thread-2] INFO  c.c.core.UnfiredFragmentCandidates - event 149 - Before 0
18:38:41.387 [pool-1-thread-2] INFO  c.c.core.UnfiredFragmentCandidates - event 149 - After 0
18:38:41.387 [pool-1-thread-2] INFO  c.c.core.UnfiredFragmentCandidates - input for 149, 0
18:38:44.513 [pool-1-thread-2] INFO  com.crawljax.core.Crawler -  Event xpath /HTML[1]/BODY[1]/DIV[4]/DIV[1]/DIV[1]/DIV[1]/A[1]
18:38:44.526 [pool-1-thread-2] INFO  com.crawljax.core.Crawler - Changing related inputs for 150 with 0  to 0 
18:38:44.598 [pool-1-thread-2] INFO  c.c.core.UnfiredFragmentCandidates - Changing related inputs to worked inputs 0 for 150
18:38:44.598 [pool-1-thread-2] INFO  c.c.core.UnfiredFragmentCandidates - event 150 - Before 0
18:38:44.598 [pool-1-thread-2] INFO  c.c.core.UnfiredFragmentCandidates - event 150 - After 0
18:38:44.598 [pool-1-thread-2] INFO  c.c.core.UnfiredFragmentCandidates - input for 150, 0
18:38:48.373 [pool-1-thread-2] INFO  c.c.c.state.InMemoryStateFlowGraph - Number of states in the graph is now 58
18:38:48.373 [pool-1-thread-2] INFO  c.crawljax.core.state.StateMachine - State state488 added to the StateMachine.
18:38:48.503 [pool-1-thread-2] INFO  com.crawljax.core.Crawler - New DOM is a new state! crawl depth is now 5
18:38:48.503 [pool-1-thread-2] INFO  com.crawljax.core.Crawler - Parsing DOM of state state488 for candidate elements
18:38:48.510 [pool-1-thread-2] INFO  c.c.core.UnfiredFragmentCandidates - There are 6 states with unfired actions: [481, 3, 483, 484, 486, 488]
18:38:48.518 [pool-1-thread-2] INFO  com.crawljax.core.Crawler -  Event xpath /HTML[1]/BODY[1]/DIV[4]/DIV[1]/DIV[4]/DIV[2]/DIV[2]/DIV[2]/UL[1]/LI[1]/DIV[1]
18:38:48.534 [pool-1-thread-2] INFO  com.crawljax.core.Crawler - Changing related inputs for 151 with 0  to 0 
18:38:48.606 [pool-1-thread-2] INFO  c.c.core.UnfiredFragmentCandidates - Changing related inputs to worked inputs 0 for 151
18:38:48.606 [pool-1-thread-2] INFO  c.c.core.UnfiredFragmentCandidates - event 151 - Before 0
18:38:48.606 [pool-1-thread-2] INFO  c.c.core.UnfiredFragmentCandidates - event 151 - After 0
18:38:48.607 [pool-1-thread-2] INFO  c.c.core.UnfiredFragmentCandidates - input for 151, 0
18:38:52.319 [pool-1-thread-2] INFO  c.crawljax.core.state.StateMachine - CLONE State detected: state489 and state483 are the same.
18:38:52.327 [pool-1-thread-2] INFO  com.crawljax.core.Crawler -  Event xpath /HTML[1]/BODY[1]/DIV[4]/DIV[1]/DIV[4]/DIV[2]/DIV[2]/DIV[1]/FORM[1]/DIV[1]/DIV[1]/DIV[1]/DIV[1]
18:38:52.343 [pool-1-thread-2] INFO  com.crawljax.core.Crawler - Changing related inputs for 152 with 0  to 0 
18:38:52.415 [pool-1-thread-2] INFO  c.c.core.UnfiredFragmentCandidates - Changing related inputs to worked inputs 0 for 152
18:38:52.416 [pool-1-thread-2] INFO  c.c.core.UnfiredFragmentCandidates - event 152 - Before 0
18:38:52.416 [pool-1-thread-2] INFO  c.c.core.UnfiredFragmentCandidates - event 152 - After 0
18:38:52.416 [pool-1-thread-2] INFO  c.c.core.UnfiredFragmentCandidates - input for 152, 0
18:38:55.549 [pool-1-thread-2] INFO  com.crawljax.core.Crawler -  Event xpath /HTML[1]/BODY[1]/DIV[4]/DIV[1]/DIV[4]/DIV[2]/DIV[2]/DIV[1]/FORM[1]/DIV[1]/DIV[2]/DIV[2]/DIV[4]/DIV[1]/DIV[2]/DIV[2]
18:38:55.568 [pool-1-thread-2] INFO  com.crawljax.core.Crawler - Changing related inputs for 153 with 0  to 0 
18:38:55.643 [pool-1-thread-2] INFO  c.c.core.UnfiredFragmentCandidates - Changing related inputs to worked inputs 0 for 153
18:38:55.643 [pool-1-thread-2] INFO  c.c.core.UnfiredFragmentCandidates - event 153 - Before 0
18:38:55.643 [pool-1-thread-2] INFO  c.c.core.UnfiredFragmentCandidates - event 153 - After 0
18:38:55.643 [pool-1-thread-2] INFO  c.c.core.UnfiredFragmentCandidates - input for 153, 0
18:38:55.693 [pool-1-thread-2] INFO  com.crawljax.core.Crawler -  Event xpath /HTML[1]/BODY[1]/DIV[4]/DIV[1]/DIV[4]/DIV[1]/DIV[3]/DIV[2]/DIV[1]
18:38:55.711 [pool-1-thread-2] INFO  com.crawljax.core.Crawler - Changing related inputs for 154 with 0  to 0 
18:38:55.785 [pool-1-thread-2] INFO  c.c.core.UnfiredFragmentCandidates - Changing related inputs to worked inputs 0 for 154
18:38:55.785 [pool-1-thread-2] INFO  c.c.core.UnfiredFragmentCandidates - event 154 - Before 0
18:38:55.785 [pool-1-thread-2] INFO  c.c.core.UnfiredFragmentCandidates - event 154 - After 0
18:38:55.785 [pool-1-thread-2] INFO  c.c.core.UnfiredFragmentCandidates - input for 154, 0
18:38:58.921 [pool-1-thread-2] INFO  com.crawljax.core.Crawler -  Event xpath /HTML[1]/BODY[1]/DIV[4]/DIV[1]/DIV[4]/DIV[2]/DIV[2]/DIV[1]/FORM[1]/DIV[1]/DIV[2]/DIV[2]/DIV[3]/DIV[1]/DIV[2]/DIV[3]/DIV[2]/INPUT[1]
18:38:58.936 [pool-1-thread-2] INFO  com.crawljax.core.Crawler - Changing related inputs for 155 with 0  to 0 
18:38:59.010 [pool-1-thread-2] INFO  c.c.core.UnfiredFragmentCandidates - Changing related inputs to worked inputs 0 for 155
18:38:59.010 [pool-1-thread-2] INFO  c.c.core.UnfiredFragmentCandidates - event 155 - Before 0
18:38:59.010 [pool-1-thread-2] INFO  c.c.core.UnfiredFragmentCandidates - event 155 - After 0
18:38:59.010 [pool-1-thread-2] INFO  c.c.core.UnfiredFragmentCandidates - input for 155, 0
18:39:02.151 [pool-1-thread-2] INFO  c.c.c.state.InMemoryStateFlowGraph - Number of states in the graph is now 59
18:39:02.151 [pool-1-thread-2] INFO  c.crawljax.core.state.StateMachine - State state492 added to the StateMachine.
18:39:02.302 [pool-1-thread-2] INFO  com.crawljax.core.Crawler - New DOM is a new state! crawl depth is now 6
18:39:02.302 [pool-1-thread-2] INFO  com.crawljax.core.Crawler - Parsing DOM of state state492 for candidate elements
18:39:02.308 [pool-1-thread-2] INFO  c.c.core.UnfiredFragmentCandidates - There are 7 states with unfired actions: [481, 3, 483, 484, 486, 488, 492]
18:39:02.316 [pool-1-thread-2] INFO  com.crawljax.core.Crawler -  Event xpath /HTML[1]/BODY[1]/DIV[4]/DIV[1]/DIV[4]/DIV[1]/DIV[3]/DIV[1]
18:39:02.334 [pool-1-thread-2] INFO  com.crawljax.core.Crawler - Changing related inputs for 156 with 0  to 0 
18:39:02.406 [pool-1-thread-2] INFO  c.c.core.UnfiredFragmentCandidates - Changing related inputs to worked inputs 0 for 156
18:39:02.406 [pool-1-thread-2] INFO  c.c.core.UnfiredFragmentCandidates - event 156 - Before 0
18:39:02.406 [pool-1-thread-2] INFO  c.c.core.UnfiredFragmentCandidates - event 156 - After 0
18:39:02.406 [pool-1-thread-2] INFO  c.c.core.UnfiredFragmentCandidates - input for 156, 0
18:39:05.528 [pool-1-thread-2] INFO  c.c.c.state.InMemoryStateFlowGraph - Number of states in the graph is now 60
18:39:05.528 [pool-1-thread-2] INFO  c.crawljax.core.state.StateMachine - State state493 added to the StateMachine.
18:39:05.667 [pool-1-thread-2] INFO  com.crawljax.core.Crawler - New DOM is a new state! crawl depth is now 7
18:39:05.667 [pool-1-thread-2] INFO  com.crawljax.core.Crawler - Parsing DOM of state state493 for candidate elements
18:39:05.673 [pool-1-thread-2] INFO  c.c.core.UnfiredFragmentCandidates - There are 8 states with unfired actions: [481, 3, 483, 484, 486, 488, 492, 493]
18:39:05.681 [pool-1-thread-2] INFO  com.crawljax.core.Crawler -  Event xpath /HTML[1]/BODY[1]/DIV[4]/DIV[2]/DIV[1]/DIV[4]/UL[1]/LI[3]
18:39:05.698 [pool-1-thread-2] INFO  com.crawljax.core.Crawler - Changing related inputs for 157 with 0  to 0 
18:39:05.768 [pool-1-thread-2] INFO  c.c.core.UnfiredFragmentCandidates - Changing related inputs to worked inputs 0 for 157
18:39:05.768 [pool-1-thread-2] INFO  c.c.core.UnfiredFragmentCandidates - event 157 - Before 0
18:39:05.768 [pool-1-thread-2] INFO  c.c.core.UnfiredFragmentCandidates - event 157 - After 0
18:39:05.768 [pool-1-thread-2] INFO  c.c.core.UnfiredFragmentCandidates - input for 157, 0
18:39:08.900 [pool-1-thread-2] INFO  com.crawljax.core.Crawler -  Event xpath /HTML[1]/BODY[1]/DIV[4]/DIV[2]
18:39:08.917 [pool-1-thread-2] INFO  com.crawljax.core.Crawler - Changing related inputs for 158 with 0  to 0 
18:39:08.988 [pool-1-thread-2] INFO  c.c.core.UnfiredFragmentCandidates - Changing related inputs to worked inputs 0 for 158
18:39:08.988 [pool-1-thread-2] INFO  c.c.core.UnfiredFragmentCandidates - event 158 - Before 0
18:39:08.988 [pool-1-thread-2] INFO  c.c.core.UnfiredFragmentCandidates - event 158 - After 0
18:39:08.988 [pool-1-thread-2] INFO  c.c.core.UnfiredFragmentCandidates - input for 158, 0
18:39:12.118 [pool-1-thread-2] INFO  com.crawljax.core.Crawler -  Event xpath /HTML[1]/BODY[1]/DIV[4]/DIV[1]/DIV[4]/DIV[2]/DIV[2]/DIV[1]/FORM[1]/DIV[1]
18:39:12.135 [pool-1-thread-2] INFO  com.crawljax.core.Crawler - Changing related inputs for 159 with 0  to 0 
18:39:12.209 [pool-1-thread-2] INFO  c.c.core.UnfiredFragmentCandidates - Changing related inputs to worked inputs 0 for 159
18:39:12.209 [pool-1-thread-2] INFO  c.c.core.UnfiredFragmentCandidates - event 159 - Before 0
18:39:12.209 [pool-1-thread-2] INFO  c.c.core.UnfiredFragmentCandidates - event 159 - After 0
18:39:12.209 [pool-1-thread-2] INFO  c.c.core.UnfiredFragmentCandidates - input for 159, 0
18:39:15.343 [pool-1-thread-2] INFO  com.crawljax.core.Crawler -  Event xpath /HTML[1]/BODY[1]/DIV[4]/DIV[1]/DIV[4]/DIV[2]/DIV[2]/DIV[1]/FORM[1]/DIV[1]/DIV[1]/DIV[2]/DIV[5]
18:39:15.360 [pool-1-thread-2] INFO  com.crawljax.core.Crawler - Changing related inputs for 160 with 0  to 0 
18:39:15.438 [pool-1-thread-2] INFO  c.c.core.UnfiredFragmentCandidates - Changing related inputs to worked inputs 0 for 160
18:39:15.438 [pool-1-thread-2] INFO  c.c.core.UnfiredFragmentCandidates - event 160 - Before 0
18:39:15.438 [pool-1-thread-2] INFO  c.c.core.UnfiredFragmentCandidates - event 160 - After 0
18:39:15.438 [pool-1-thread-2] INFO  c.c.core.UnfiredFragmentCandidates - input for 160, 0
18:39:18.561 [pool-1-thread-2] INFO  com.crawljax.core.Crawler -  Event xpath /HTML[1]/BODY[1]/DIV[4]/DIV[1]/DIV[2]/UL[2]/LI[3]/UL[1]/LI[2]
18:39:18.583 [pool-1-thread-2] INFO  com.crawljax.core.Crawler - Changing related inputs for 161 with 0  to 0 
18:39:18.659 [pool-1-thread-2] INFO  c.c.core.UnfiredFragmentCandidates - Changing related inputs to worked inputs 0 for 161
18:39:18.659 [pool-1-thread-2] INFO  c.c.core.UnfiredFragmentCandidates - event 161 - Before 0
18:39:18.659 [pool-1-thread-2] INFO  c.c.core.UnfiredFragmentCandidates - event 161 - After 0
18:39:18.659 [pool-1-thread-2] INFO  c.c.core.UnfiredFragmentCandidates - input for 161, 0
18:39:18.702 [pool-1-thread-2] INFO  com.crawljax.core.Crawler -  Event xpath /HTML[1]/BODY[1]/DIV[4]/DIV[1]/DIV[4]/DIV[1]/DIV[2]/DIV[2]/UL[1]/LI[1]/A[1]
18:39:18.720 [pool-1-thread-2] INFO  com.crawljax.core.Crawler - Changing related inputs for 162 with 0  to 0 
18:39:18.791 [pool-1-thread-2] INFO  c.c.core.UnfiredFragmentCandidates - Changing related inputs to worked inputs 0 for 162
18:39:18.791 [pool-1-thread-2] INFO  c.c.core.UnfiredFragmentCandidates - event 162 - Before 0
18:39:18.791 [pool-1-thread-2] INFO  c.c.core.UnfiredFragmentCandidates - event 162 - After 0
18:39:18.791 [pool-1-thread-2] INFO  c.c.core.UnfiredFragmentCandidates - input for 162, 0
18:39:22.544 [pool-1-thread-2] INFO  c.c.c.state.InMemoryStateFlowGraph - Number of states in the graph is now 61
18:39:22.544 [pool-1-thread-2] INFO  c.crawljax.core.state.StateMachine - State state498 added to the StateMachine.
18:39:22.650 [pool-1-thread-2] INFO  com.crawljax.core.Crawler - New DOM is a new state! crawl depth is now 8
18:39:22.658 [pool-1-thread-2] INFO  com.crawljax.core.Crawler - Resetting the crawler and Going to state state382
18:39:22.666 [pool-1-thread-2] INFO  com.crawljax.core.CrawlSession - Adding CrawlPath to session !!
18:39:22.666 [pool-1-thread-2] INFO  com.crawljax.core.Crawler - BT-state381:-1state382_143_state481state481_144_state3state3_145_state483state483_146_state484state484_148_state486state486_150_state488state488_151_state483state483_155_state492state492_156_state493state493_162_state498
18:39:25.504 [pool-1-thread-2] INFO  c.c.c.state.InMemoryStateFlowGraph - Number of states in the graph is now 62
18:39:25.638 [pool-1-thread-2] INFO  com.crawljax.core.Crawler - Parsing DOM of state state499 for candidate elements
18:39:25.644 [pool-1-thread-2] INFO  c.c.core.UnfiredFragmentCandidates - There are 9 states with unfired actions: [481, 3, 483, 484, 486, 488, 492, 493, 499]
18:39:25.645 [pool-1-thread-2] INFO  com.crawljax.core.Crawler - Added a reload edge from state498 to state499
18:39:25.645 [pool-1-thread-2] INFO  com.crawljax.core.Crawler - Initial state not the same as current state : Getting shortest path from current state
18:39:25.645 [pool-1-thread-2] INFO  com.crawljax.core.Crawler - state382 no path from state499
18:39:25.645 [pool-1-thread-2] INFO  c.crawljax.core.state.StateMachine - Cannot go to state: 'state1' from: 'state499'
18:39:25.645 [pool-1-thread-2] INFO  com.crawljax.core.Crawler - Not a valid path anymore index: state382
18:39:25.645 [pool-1-thread-2] INFO  com.crawljax.core.Crawler - Tried to follow 
18:39:25.645 [pool-1-thread-2] INFO  com.crawljax.core.Crawler - index_1_state1state1_4_state3state3_5_state4state4_132_state241state241_133_state378state378_134_state142state142_136_state380state380_139_state381state381_140_state382
18:39:25.645 [pool-1-thread-2] INFO  com.crawljax.core.Crawler - Saving failed backtracking path to 382
18:39:25.645 [pool-1-thread-2] INFO  com.crawljax.core.Crawler - backtrack status: false, reached NearDuplicate : -1 
18:39:28.480 [pool-1-thread-2] INFO  com.crawljax.core.Crawler - index has changed to: state499
18:39:28.480 [pool-1-thread-2] INFO  com.crawljax.core.Crawler - Added a reload edge from state499 to state499
18:39:28.481 [pool-1-thread-2] INFO  c.crawljax.core.state.StateMachine - Cannot go to state: 'state13' from: 'state499'
18:39:28.481 [pool-1-thread-2] INFO  com.crawljax.core.Crawler - Not a valid path anymore state12: state382
18:39:28.481 [pool-1-thread-2] INFO  com.crawljax.core.Crawler - Tried to follow 
18:39:28.481 [pool-1-thread-2] INFO  com.crawljax.core.Crawler - state12_0_state13state13_17_state27state27_18_state28state28_19_state29state29_59_state142state142_136_state380state380_139_state381state381_140_state382
18:39:28.481 [pool-1-thread-2] INFO  com.crawljax.core.Crawler - Saving failed backtracking path to 382
18:39:28.481 [pool-1-thread-2] INFO  com.crawljax.core.Crawler - backtrack status: false, reached NearDuplicate : -1 
18:39:31.330 [pool-1-thread-2] INFO  com.crawljax.core.Crawler - index has changed to: state499
18:39:31.330 [pool-1-thread-2] INFO  com.crawljax.core.Crawler - Did not add reload edge from state499 to state499
18:39:31.330 [pool-1-thread-2] INFO  c.crawljax.core.state.StateMachine - Cannot go to state: 'state27' from: 'state499'
18:39:31.330 [pool-1-thread-2] INFO  com.crawljax.core.Crawler - Not a valid path anymore state13: state382
18:39:31.330 [pool-1-thread-2] INFO  com.crawljax.core.Crawler - Tried to follow 
18:39:31.330 [pool-1-thread-2] INFO  com.crawljax.core.Crawler - state13_17_state27state27_18_state28state28_19_state29state29_59_state142state142_136_state380state380_139_state381state381_140_state382
18:39:31.330 [pool-1-thread-2] INFO  com.crawljax.core.Crawler - Saving failed backtracking path to 382
18:39:31.330 [pool-1-thread-2] INFO  com.crawljax.core.Crawler - backtrack status: false, reached NearDuplicate : -1 
18:39:34.163 [pool-1-thread-2] INFO  com.crawljax.core.Crawler - index has changed to: state499
18:39:34.163 [pool-1-thread-2] INFO  com.crawljax.core.Crawler - Did not add reload edge from state499 to state499
18:39:34.164 [pool-1-thread-2] INFO  c.crawljax.core.state.StateMachine - Cannot go to state: 'state5' from: 'state499'
18:39:34.164 [pool-1-thread-2] INFO  com.crawljax.core.Crawler - Not a valid path anymore state43: state382
18:39:34.164 [pool-1-thread-2] INFO  com.crawljax.core.Crawler - Tried to follow 
18:39:34.164 [pool-1-thread-2] INFO  com.crawljax.core.Crawler - state43_37_state5state5_7_state4state4_132_state241state241_133_state378state378_134_state142state142_136_state380state380_139_state381state381_140_state382
18:39:34.164 [pool-1-thread-2] INFO  com.crawljax.core.Crawler - Saving failed backtracking path to 382
18:39:34.164 [pool-1-thread-2] INFO  com.crawljax.core.Crawler - backtrack status: false, reached NearDuplicate : -1 
18:39:37.000 [pool-1-thread-2] INFO  com.crawljax.core.Crawler - index has changed to: state499
18:39:37.000 [pool-1-thread-2] INFO  com.crawljax.core.Crawler - Did not add reload edge from state499 to state499
18:39:37.001 [pool-1-thread-2] INFO  c.crawljax.core.state.StateMachine - Cannot go to state: 'state139' from: 'state499'
18:39:37.001 [pool-1-thread-2] INFO  com.crawljax.core.Crawler - Not a valid path anymore state94: state382
18:39:37.001 [pool-1-thread-2] INFO  com.crawljax.core.Crawler - Tried to follow 
18:39:37.001 [pool-1-thread-2] INFO  com.crawljax.core.Crawler - state94_56_state139state139_57_state140state140_58_state29state29_59_state142state142_136_state380state380_139_state381state381_140_state382
18:39:37.001 [pool-1-thread-2] INFO  com.crawljax.core.Crawler - Saving failed backtracking path to 382
18:39:37.001 [pool-1-thread-2] INFO  com.crawljax.core.Crawler - backtrack status: false, reached NearDuplicate : -1 
18:39:39.891 [pool-1-thread-2] INFO  com.crawljax.core.Crawler - index has changed to: state499
18:39:39.892 [pool-1-thread-2] INFO  com.crawljax.core.Crawler - Did not add reload edge from state499 to state499
18:39:39.892 [pool-1-thread-2] INFO  c.crawljax.core.state.StateMachine - Cannot go to state: 'state232' from: 'state499'
18:39:39.892 [pool-1-thread-2] INFO  com.crawljax.core.Crawler - Not a valid path anymore state160: state382
18:39:39.892 [pool-1-thread-2] INFO  com.crawljax.core.Crawler - Tried to follow 
18:39:39.892 [pool-1-thread-2] INFO  com.crawljax.core.Crawler - state160_81_state232state232_118_state369state369_119_state241state241_133_state378state378_134_state142state142_136_state380state380_139_state381state381_140_state382
18:39:39.892 [pool-1-thread-2] INFO  com.crawljax.core.Crawler - Saving failed backtracking path to 382
18:39:39.892 [pool-1-thread-2] INFO  com.crawljax.core.Crawler - backtrack status: false, reached NearDuplicate : -1 
18:39:42.721 [pool-1-thread-2] INFO  com.crawljax.core.Crawler - index has changed to: state499
18:39:42.721 [pool-1-thread-2] INFO  com.crawljax.core.Crawler - Did not add reload edge from state499 to state499
18:39:42.721 [pool-1-thread-2] INFO  c.crawljax.core.state.StateMachine - Cannot go to state: 'state232' from: 'state499'
18:39:42.721 [pool-1-thread-2] INFO  com.crawljax.core.Crawler - Not a valid path anymore state263: state382
18:39:42.722 [pool-1-thread-2] INFO  com.crawljax.core.Crawler - Tried to follow 
18:39:42.722 [pool-1-thread-2] INFO  com.crawljax.core.Crawler - state263_117_state232state232_118_state369state369_119_state241state241_133_state378state378_134_state142state142_136_state380state380_139_state381state381_140_state382
18:39:42.722 [pool-1-thread-2] INFO  com.crawljax.core.Crawler - Saving failed backtracking path to 382
18:39:42.722 [pool-1-thread-2] INFO  com.crawljax.core.Crawler - backtrack status: false, reached NearDuplicate : -1 
18:39:45.567 [pool-1-thread-2] INFO  com.crawljax.core.Crawler - index has changed to: state499
18:39:45.567 [pool-1-thread-2] INFO  com.crawljax.core.Crawler - Did not add reload edge from state499 to state499
18:39:45.567 [pool-1-thread-2] INFO  com.crawljax.core.Crawler - Not a valid path anymore state382: state382
18:39:45.567 [pool-1-thread-2] INFO  com.crawljax.core.Crawler - Tried to follow 
18:39:45.567 [pool-1-thread-2] INFO  com.crawljax.core.Crawler - 
18:39:45.567 [pool-1-thread-2] INFO  com.crawljax.core.Crawler - Saving failed backtracking path to 382
18:39:45.567 [pool-1-thread-2] INFO  com.crawljax.core.Crawler - backtrack status: false, reached NearDuplicate : -1 
18:39:48.400 [pool-1-thread-2] INFO  com.crawljax.core.Crawler - index has changed to: state499
18:39:48.400 [pool-1-thread-2] INFO  com.crawljax.core.Crawler - Did not add reload edge from state499 to state499
18:39:48.400 [pool-1-thread-2] INFO  com.crawljax.core.Crawler - state382 no path from state499
18:39:48.400 [pool-1-thread-2] INFO  com.crawljax.core.Crawler - state unreachable: Removing from candidate actions state382
18:39:48.401 [pool-1-thread-2] INFO  c.c.core.UnfiredFragmentCandidates - Placing purged actions in unreachable cache for state382
18:39:48.401 [pool-1-thread-2] INFO  com.crawljax.core.Crawler - Resetting the crawler and Going to state state481
18:39:51.230 [pool-1-thread-2] INFO  com.crawljax.core.Crawler - index has changed to: state499
18:39:51.230 [pool-1-thread-2] INFO  com.crawljax.core.Crawler - Did not add reload edge from state499 to state499
18:39:51.230 [pool-1-thread-2] INFO  com.crawljax.core.Crawler - Initial state not the same as current state : Getting shortest path from current state
18:39:51.230 [pool-1-thread-2] INFO  com.crawljax.core.Crawler - state481 no path from state499
18:39:51.230 [pool-1-thread-2] INFO  c.crawljax.core.state.StateMachine - Cannot go to state: 'state1' from: 'state499'
18:39:51.230 [pool-1-thread-2] INFO  com.crawljax.core.Crawler - Not a valid path anymore index: state481
18:39:51.230 [pool-1-thread-2] INFO  com.crawljax.core.Crawler - Tried to follow 
18:39:51.230 [pool-1-thread-2] INFO  com.crawljax.core.Crawler - index_1_state1state1_4_state3state3_5_state4state4_132_state241state241_133_state378state378_134_state142state142_136_state380state380_139_state381state381_140_state382state382_143_state481
18:39:51.230 [pool-1-thread-2] INFO  com.crawljax.core.Crawler - Saving failed backtracking path to 481
18:39:51.230 [pool-1-thread-2] INFO  com.crawljax.core.Crawler - backtrack status: false, reached NearDuplicate : -1 
18:39:54.082 [pool-1-thread-2] INFO  com.crawljax.core.Crawler - index has changed to: state499
18:39:54.082 [pool-1-thread-2] INFO  com.crawljax.core.Crawler - Did not add reload edge from state499 to state499
18:39:54.082 [pool-1-thread-2] INFO  c.crawljax.core.state.StateMachine - Cannot go to state: 'state13' from: 'state499'
18:39:54.083 [pool-1-thread-2] INFO  com.crawljax.core.Crawler - Not a valid path anymore state12: state481
18:39:54.083 [pool-1-thread-2] INFO  com.crawljax.core.Crawler - Tried to follow 
18:39:54.083 [pool-1-thread-2] INFO  com.crawljax.core.Crawler - state12_0_state13state13_17_state27state27_18_state28state28_19_state29state29_59_state142state142_136_state380state380_139_state381state381_140_state382state382_143_state481
18:39:54.083 [pool-1-thread-2] INFO  com.crawljax.core.Crawler - Saving failed backtracking path to 481
18:39:54.083 [pool-1-thread-2] INFO  com.crawljax.core.Crawler - backtrack status: false, reached NearDuplicate : -1 
18:39:56.913 [pool-1-thread-2] INFO  com.crawljax.core.Crawler - index has changed to: state499
18:39:56.914 [pool-1-thread-2] INFO  com.crawljax.core.Crawler - Did not add reload edge from state499 to state499
18:39:56.914 [pool-1-thread-2] INFO  c.crawljax.core.state.StateMachine - Cannot go to state: 'state27' from: 'state499'
18:39:56.914 [pool-1-thread-2] INFO  com.crawljax.core.Crawler - Not a valid path anymore state13: state481
18:39:56.914 [pool-1-thread-2] INFO  com.crawljax.core.Crawler - Tried to follow 
18:39:56.914 [pool-1-thread-2] INFO  com.crawljax.core.Crawler - state13_17_state27state27_18_state28state28_19_state29state29_59_state142state142_136_state380state380_139_state381state381_140_state382state382_143_state481
18:39:56.914 [pool-1-thread-2] INFO  com.crawljax.core.Crawler - Saving failed backtracking path to 481
18:39:56.914 [pool-1-thread-2] INFO  com.crawljax.core.Crawler - backtrack status: false, reached NearDuplicate : -1 
18:39:59.726 [pool-1-thread-2] INFO  com.crawljax.core.Crawler - index has changed to: state499
18:39:59.726 [pool-1-thread-2] INFO  com.crawljax.core.Crawler - Did not add reload edge from state499 to state499
18:39:59.727 [pool-1-thread-2] INFO  c.crawljax.core.state.StateMachine - Cannot go to state: 'state5' from: 'state499'
18:39:59.727 [pool-1-thread-2] INFO  com.crawljax.core.Crawler - Not a valid path anymore state43: state481
18:39:59.727 [pool-1-thread-2] INFO  com.crawljax.core.Crawler - Tried to follow 
18:39:59.727 [pool-1-thread-2] INFO  com.crawljax.core.Crawler - state43_37_state5state5_7_state4state4_132_state241state241_133_state378state378_134_state142state142_136_state380state380_139_state381state381_140_state382state382_143_state481
18:39:59.727 [pool-1-thread-2] INFO  com.crawljax.core.Crawler - Saving failed backtracking path to 481
18:39:59.727 [pool-1-thread-2] INFO  com.crawljax.core.Crawler - backtrack status: false, reached NearDuplicate : -1 
18:40:02.545 [pool-1-thread-2] INFO  com.crawljax.core.Crawler - index has changed to: state499
18:40:02.546 [pool-1-thread-2] INFO  com.crawljax.core.Crawler - Did not add reload edge from state499 to state499
18:40:02.546 [pool-1-thread-2] INFO  c.crawljax.core.state.StateMachine - Cannot go to state: 'state139' from: 'state499'
18:40:02.546 [pool-1-thread-2] INFO  com.crawljax.core.Crawler - Not a valid path anymore state94: state481
18:40:02.546 [pool-1-thread-2] INFO  com.crawljax.core.Crawler - Tried to follow 
18:40:02.546 [pool-1-thread-2] INFO  com.crawljax.core.Crawler - state94_56_state139state139_57_state140state140_58_state29state29_59_state142state142_136_state380state380_139_state381state381_140_state382state382_143_state481
18:40:02.546 [pool-1-thread-2] INFO  com.crawljax.core.Crawler - Saving failed backtracking path to 481
18:40:02.546 [pool-1-thread-2] INFO  com.crawljax.core.Crawler - backtrack status: false, reached NearDuplicate : -1 
18:40:05.375 [pool-1-thread-2] INFO  com.crawljax.core.Crawler - index has changed to: state499
18:40:05.375 [pool-1-thread-2] INFO  com.crawljax.core.Crawler - Did not add reload edge from state499 to state499
18:40:05.375 [pool-1-thread-2] INFO  c.crawljax.core.state.StateMachine - Cannot go to state: 'state232' from: 'state499'
18:40:05.375 [pool-1-thread-2] INFO  com.crawljax.core.Crawler - Not a valid path anymore state160: state481
18:40:05.375 [pool-1-thread-2] INFO  com.crawljax.core.Crawler - Tried to follow 
18:40:05.375 [pool-1-thread-2] INFO  com.crawljax.core.Crawler - state160_81_state232state232_118_state369state369_119_state241state241_133_state378state378_134_state142state142_136_state380state380_139_state381state381_140_state382state382_143_state481
18:40:05.375 [pool-1-thread-2] INFO  com.crawljax.core.Crawler - Saving failed backtracking path to 481
18:40:05.375 [pool-1-thread-2] INFO  com.crawljax.core.Crawler - backtrack status: false, reached NearDuplicate : -1 
18:40:08.172 [pool-1-thread-2] INFO  com.crawljax.core.Crawler - index has changed to: state499
18:40:08.172 [pool-1-thread-2] INFO  com.crawljax.core.Crawler - Did not add reload edge from state499 to state499
18:40:08.172 [pool-1-thread-2] INFO  c.crawljax.core.state.StateMachine - Cannot go to state: 'state232' from: 'state499'
18:40:08.172 [pool-1-thread-2] INFO  com.crawljax.core.Crawler - Not a valid path anymore state263: state481
18:40:08.172 [pool-1-thread-2] INFO  com.crawljax.core.Crawler - Tried to follow 
18:40:08.172 [pool-1-thread-2] INFO  com.crawljax.core.Crawler - state263_117_state232state232_118_state369state369_119_state241state241_133_state378state378_134_state142state142_136_state380state380_139_state381state381_140_state382state382_143_state481
18:40:08.172 [pool-1-thread-2] INFO  com.crawljax.core.Crawler - Saving failed backtracking path to 481
18:40:08.172 [pool-1-thread-2] INFO  com.crawljax.core.Crawler - backtrack status: false, reached NearDuplicate : -1 
18:40:10.991 [pool-1-thread-2] INFO  com.crawljax.core.Crawler - index has changed to: state499
18:40:10.992 [pool-1-thread-2] INFO  com.crawljax.core.Crawler - Did not add reload edge from state499 to state499
18:40:10.992 [pool-1-thread-2] INFO  c.crawljax.core.state.StateMachine - Cannot go to state: 'state481' from: 'state499'
18:40:10.992 [pool-1-thread-2] INFO  com.crawljax.core.Crawler - Not a valid path anymore state382: state481
18:40:10.992 [pool-1-thread-2] INFO  com.crawljax.core.Crawler - Tried to follow 
18:40:10.992 [pool-1-thread-2] INFO  com.crawljax.core.Crawler - state382_143_state481
18:40:10.992 [pool-1-thread-2] INFO  com.crawljax.core.Crawler - Saving failed backtracking path to 481
18:40:10.992 [pool-1-thread-2] INFO  com.crawljax.core.Crawler - backtrack status: false, reached NearDuplicate : -1 
18:40:13.815 [pool-1-thread-2] INFO  com.crawljax.core.Crawler - index has changed to: state499
18:40:13.816 [pool-1-thread-2] INFO  com.crawljax.core.Crawler - Did not add reload edge from state499 to state499
18:40:13.816 [pool-1-thread-2] INFO  com.crawljax.core.Crawler - state481 no path from state499
18:40:13.816 [pool-1-thread-2] INFO  com.crawljax.core.Crawler - state unreachable: Removing from candidate actions state481
18:40:13.816 [pool-1-thread-2] INFO  c.c.core.UnfiredFragmentCandidates - Placing purged actions in unreachable cache for state481
18:40:13.816 [pool-1-thread-2] INFO  com.crawljax.core.Crawler - Resetting the crawler and Going to state state3
18:40:16.626 [pool-1-thread-2] INFO  com.crawljax.core.Crawler - index has changed to: state499
18:40:16.627 [pool-1-thread-2] INFO  com.crawljax.core.Crawler - Did not add reload edge from state499 to state499
18:40:16.627 [pool-1-thread-2] INFO  com.crawljax.core.Crawler - Initial state not the same as current state : Getting shortest path from current state
18:40:16.627 [pool-1-thread-2] INFO  com.crawljax.core.Crawler - state3 no path from state499
18:40:16.627 [pool-1-thread-2] INFO  c.crawljax.core.state.StateMachine - Cannot go to state: 'state1' from: 'state499'
18:40:16.627 [pool-1-thread-2] INFO  com.crawljax.core.Crawler - Not a valid path anymore index: state3
18:40:16.627 [pool-1-thread-2] INFO  com.crawljax.core.Crawler - Tried to follow 
18:40:16.627 [pool-1-thread-2] INFO  com.crawljax.core.Crawler - index_1_state1state1_4_state3
18:40:16.627 [pool-1-thread-2] INFO  com.crawljax.core.Crawler - Saving failed backtracking path to 3
18:40:16.627 [pool-1-thread-2] INFO  com.crawljax.core.Crawler - backtrack status: false, reached NearDuplicate : -1 
18:40:19.452 [pool-1-thread-2] INFO  com.crawljax.core.Crawler - index has changed to: state499
18:40:19.452 [pool-1-thread-2] INFO  com.crawljax.core.Crawler - Did not add reload edge from state499 to state499
18:40:19.452 [pool-1-thread-2] INFO  c.crawljax.core.state.StateMachine - Cannot go to state: 'state13' from: 'state499'
18:40:19.453 [pool-1-thread-2] INFO  com.crawljax.core.Crawler - Not a valid path anymore state12: state3
18:40:19.453 [pool-1-thread-2] INFO  com.crawljax.core.Crawler - Tried to follow 
18:40:19.453 [pool-1-thread-2] INFO  com.crawljax.core.Crawler - state12_0_state13state13_17_state27state27_18_state28state28_19_state29state29_59_state142state142_136_state380state380_139_state381state381_140_state382state382_143_state481state481_144_state3
18:40:19.453 [pool-1-thread-2] INFO  com.crawljax.core.Crawler - Saving failed backtracking path to 3
18:40:19.453 [pool-1-thread-2] INFO  com.crawljax.core.Crawler - backtrack status: false, reached NearDuplicate : -1 
18:40:22.287 [pool-1-thread-2] INFO  com.crawljax.core.Crawler - index has changed to: state499
18:40:22.288 [pool-1-thread-2] INFO  com.crawljax.core.Crawler - Did not add reload edge from state499 to state499
18:40:22.288 [pool-1-thread-2] INFO  c.crawljax.core.state.StateMachine - Cannot go to state: 'state27' from: 'state499'
18:40:22.288 [pool-1-thread-2] INFO  com.crawljax.core.Crawler - Not a valid path anymore state13: state3
18:40:22.288 [pool-1-thread-2] INFO  com.crawljax.core.Crawler - Tried to follow 
18:40:22.288 [pool-1-thread-2] INFO  com.crawljax.core.Crawler - state13_17_state27state27_18_state28state28_19_state29state29_59_state142state142_136_state380state380_139_state381state381_140_state382state382_143_state481state481_144_state3
18:40:22.288 [pool-1-thread-2] INFO  com.crawljax.core.Crawler - Saving failed backtracking path to 3
18:40:22.288 [pool-1-thread-2] INFO  com.crawljax.core.Crawler - backtrack status: false, reached NearDuplicate : -1 
18:40:25.125 [pool-1-thread-2] INFO  com.crawljax.core.Crawler - index has changed to: state499
18:40:25.125 [pool-1-thread-2] INFO  com.crawljax.core.Crawler - Did not add reload edge from state499 to state499
18:40:25.125 [pool-1-thread-2] INFO  c.crawljax.core.state.StateMachine - Cannot go to state: 'state5' from: 'state499'
18:40:25.125 [pool-1-thread-2] INFO  com.crawljax.core.Crawler - Not a valid path anymore state43: state3
18:40:25.125 [pool-1-thread-2] INFO  com.crawljax.core.Crawler - Tried to follow 
18:40:25.125 [pool-1-thread-2] INFO  com.crawljax.core.Crawler - state43_37_state5state5_7_state4state4_23_state32state32_30_state37state37_31_state38state38_88_state234state234_85_state3
18:40:25.125 [pool-1-thread-2] INFO  com.crawljax.core.Crawler - Saving failed backtracking path to 3
18:40:25.125 [pool-1-thread-2] INFO  com.crawljax.core.Crawler - backtrack status: false, reached NearDuplicate : -1 
18:40:27.942 [pool-1-thread-2] INFO  com.crawljax.core.Crawler - index has changed to: state499
18:40:27.942 [pool-1-thread-2] INFO  com.crawljax.core.Crawler - Did not add reload edge from state499 to state499
18:40:27.942 [pool-1-thread-2] INFO  c.crawljax.core.state.StateMachine - Cannot go to state: 'state139' from: 'state499'
18:40:27.942 [pool-1-thread-2] INFO  com.crawljax.core.Crawler - Not a valid path anymore state94: state3
18:40:27.942 [pool-1-thread-2] INFO  com.crawljax.core.Crawler - Tried to follow 
18:40:27.942 [pool-1-thread-2] INFO  com.crawljax.core.Crawler - state94_56_state139state139_57_state140state140_58_state29state29_59_state142state142_136_state380state380_139_state381state381_140_state382state382_143_state481state481_144_state3
18:40:27.942 [pool-1-thread-2] INFO  com.crawljax.core.Crawler - Saving failed backtracking path to 3
18:40:27.942 [pool-1-thread-2] INFO  com.crawljax.core.Crawler - backtrack status: false, reached NearDuplicate : -1 
18:40:30.775 [pool-1-thread-2] INFO  com.crawljax.core.Crawler - index has changed to: state499
18:40:30.775 [pool-1-thread-2] INFO  com.crawljax.core.Crawler - Did not add reload edge from state499 to state499
18:40:30.775 [pool-1-thread-2] INFO  c.crawljax.core.state.StateMachine - Cannot go to state: 'state232' from: 'state499'
18:40:30.775 [pool-1-thread-2] INFO  com.crawljax.core.Crawler - Not a valid path anymore state160: state3
18:40:30.775 [pool-1-thread-2] INFO  com.crawljax.core.Crawler - Tried to follow 
18:40:30.775 [pool-1-thread-2] INFO  com.crawljax.core.Crawler - state160_81_state232state232_83_state233state233_84_state234state234_85_state3
18:40:30.775 [pool-1-thread-2] INFO  com.crawljax.core.Crawler - Saving failed backtracking path to 3
18:40:30.775 [pool-1-thread-2] INFO  com.crawljax.core.Crawler - backtrack status: false, reached NearDuplicate : -1 
18:40:33.586 [pool-1-thread-2] INFO  com.crawljax.core.Crawler - index has changed to: state499
18:40:33.586 [pool-1-thread-2] INFO  com.crawljax.core.Crawler - Did not add reload edge from state499 to state499
18:40:33.586 [pool-1-thread-2] INFO  c.crawljax.core.state.StateMachine - Cannot go to state: 'state232' from: 'state499'
18:40:33.586 [pool-1-thread-2] INFO  com.crawljax.core.Crawler - Not a valid path anymore state263: state3
18:40:33.586 [pool-1-thread-2] INFO  com.crawljax.core.Crawler - Tried to follow 
18:40:33.586 [pool-1-thread-2] INFO  com.crawljax.core.Crawler - state263_117_state232state232_83_state233state233_84_state234state234_85_state3
18:40:33.586 [pool-1-thread-2] INFO  com.crawljax.core.Crawler - Saving failed backtracking path to 3
18:40:33.586 [pool-1-thread-2] INFO  com.crawljax.core.Crawler - backtrack status: false, reached NearDuplicate : -1 
18:40:36.410 [pool-1-thread-2] INFO  com.crawljax.core.Crawler - index has changed to: state499
18:40:36.410 [pool-1-thread-2] INFO  com.crawljax.core.Crawler - Did not add reload edge from state499 to state499
18:40:36.410 [pool-1-thread-2] INFO  c.crawljax.core.state.StateMachine - Cannot go to state: 'state481' from: 'state499'
18:40:36.410 [pool-1-thread-2] INFO  com.crawljax.core.Crawler - Not a valid path anymore state382: state3
18:40:36.410 [pool-1-thread-2] INFO  com.crawljax.core.Crawler - Tried to follow 
18:40:36.410 [pool-1-thread-2] INFO  com.crawljax.core.Crawler - state382_143_state481state481_144_state3
18:40:36.410 [pool-1-thread-2] INFO  com.crawljax.core.Crawler - Saving failed backtracking path to 3
18:40:36.410 [pool-1-thread-2] INFO  com.crawljax.core.Crawler - backtrack status: false, reached NearDuplicate : -1 
18:40:39.242 [pool-1-thread-2] INFO  com.crawljax.core.Crawler - index has changed to: state499
18:40:39.243 [pool-1-thread-2] INFO  com.crawljax.core.Crawler - Did not add reload edge from state499 to state499
18:40:39.243 [pool-1-thread-2] INFO  com.crawljax.core.Crawler - state3 no path from state499
18:40:39.243 [pool-1-thread-2] INFO  com.crawljax.core.Crawler - state unreachable: Removing from candidate actions state3
18:40:39.243 [pool-1-thread-2] INFO  c.c.core.UnfiredFragmentCandidates - Placing purged actions in unreachable cache for state3
18:40:39.243 [pool-1-thread-2] INFO  com.crawljax.core.Crawler - Resetting the crawler and Going to state state483
18:40:42.041 [pool-1-thread-2] INFO  com.crawljax.core.Crawler - index has changed to: state499
18:40:42.041 [pool-1-thread-2] INFO  com.crawljax.core.Crawler - Did not add reload edge from state499 to state499
18:40:42.041 [pool-1-thread-2] INFO  com.crawljax.core.Crawler - Initial state not the same as current state : Getting shortest path from current state
18:40:42.041 [pool-1-thread-2] INFO  com.crawljax.core.Crawler - state483 no path from state499
18:40:42.041 [pool-1-thread-2] INFO  c.crawljax.core.state.StateMachine - Cannot go to state: 'state1' from: 'state499'
18:40:42.041 [pool-1-thread-2] INFO  com.crawljax.core.Crawler - Not a valid path anymore index: state483
18:40:42.042 [pool-1-thread-2] INFO  com.crawljax.core.Crawler - Tried to follow 
18:40:42.042 [pool-1-thread-2] INFO  com.crawljax.core.Crawler - index_1_state1state1_4_state3state3_145_state483
18:40:42.042 [pool-1-thread-2] INFO  com.crawljax.core.Crawler - Saving failed backtracking path to 483
18:40:42.042 [pool-1-thread-2] INFO  com.crawljax.core.Crawler - backtrack status: false, reached NearDuplicate : -1 
18:40:44.883 [pool-1-thread-2] INFO  com.crawljax.core.Crawler - index has changed to: state499
18:40:44.883 [pool-1-thread-2] INFO  com.crawljax.core.Crawler - Did not add reload edge from state499 to state499
18:40:44.883 [pool-1-thread-2] INFO  c.crawljax.core.state.StateMachine - Cannot go to state: 'state13' from: 'state499'
18:40:44.883 [pool-1-thread-2] INFO  com.crawljax.core.Crawler - Not a valid path anymore state12: state483
18:40:44.883 [pool-1-thread-2] INFO  com.crawljax.core.Crawler - Tried to follow 
18:40:44.883 [pool-1-thread-2] INFO  com.crawljax.core.Crawler - state12_0_state13state13_17_state27state27_18_state28state28_19_state29state29_59_state142state142_136_state380state380_139_state381state381_140_state382state382_143_state481state481_144_state3state3_145_state483
18:40:44.883 [pool-1-thread-2] INFO  com.crawljax.core.Crawler - Saving failed backtracking path to 483
18:40:44.883 [pool-1-thread-2] INFO  com.crawljax.core.Crawler - backtrack status: false, reached NearDuplicate : -1 
18:40:47.710 [pool-1-thread-2] INFO  com.crawljax.core.Crawler - index has changed to: state499
18:40:47.710 [pool-1-thread-2] INFO  com.crawljax.core.Crawler - Did not add reload edge from state499 to state499
18:40:47.710 [pool-1-thread-2] INFO  c.crawljax.core.state.StateMachine - Cannot go to state: 'state27' from: 'state499'
18:40:47.710 [pool-1-thread-2] INFO  com.crawljax.core.Crawler - Not a valid path anymore state13: state483
18:40:47.710 [pool-1-thread-2] INFO  com.crawljax.core.Crawler - Tried to follow 
18:40:47.710 [pool-1-thread-2] INFO  com.crawljax.core.Crawler - state13_17_state27state27_18_state28state28_19_state29state29_59_state142state142_136_state380state380_139_state381state381_140_state382state382_143_state481state481_144_state3state3_145_state483
18:40:47.710 [pool-1-thread-2] INFO  com.crawljax.core.Crawler - Saving failed backtracking path to 483
18:40:47.710 [pool-1-thread-2] INFO  com.crawljax.core.Crawler - backtrack status: false, reached NearDuplicate : -1 
18:40:50.536 [pool-1-thread-2] INFO  com.crawljax.core.Crawler - index has changed to: state499
18:40:50.536 [pool-1-thread-2] INFO  com.crawljax.core.Crawler - Did not add reload edge from state499 to state499
18:40:50.536 [pool-1-thread-2] INFO  c.crawljax.core.state.StateMachine - Cannot go to state: 'state5' from: 'state499'
18:40:50.536 [pool-1-thread-2] INFO  com.crawljax.core.Crawler - Not a valid path anymore state43: state483
18:40:50.536 [pool-1-thread-2] INFO  com.crawljax.core.Crawler - Tried to follow 
18:40:50.536 [pool-1-thread-2] INFO  com.crawljax.core.Crawler - state43_37_state5state5_7_state4state4_23_state32state32_30_state37state37_31_state38state38_88_state234state234_85_state3state3_145_state483
18:40:50.537 [pool-1-thread-2] INFO  com.crawljax.core.Crawler - Saving failed backtracking path to 483
18:40:50.537 [pool-1-thread-2] INFO  com.crawljax.core.Crawler - backtrack status: false, reached NearDuplicate : -1 
18:40:53.368 [pool-1-thread-2] INFO  com.crawljax.core.Crawler - index has changed to: state499
18:40:53.368 [pool-1-thread-2] INFO  com.crawljax.core.Crawler - Did not add reload edge from state499 to state499
18:40:53.368 [pool-1-thread-2] INFO  c.crawljax.core.state.StateMachine - Cannot go to state: 'state139' from: 'state499'
18:40:53.368 [pool-1-thread-2] INFO  com.crawljax.core.Crawler - Not a valid path anymore state94: state483
18:40:53.368 [pool-1-thread-2] INFO  com.crawljax.core.Crawler - Tried to follow 
18:40:53.368 [pool-1-thread-2] INFO  com.crawljax.core.Crawler - state94_56_state139state139_57_state140state140_58_state29state29_59_state142state142_136_state380state380_139_state381state381_140_state382state382_143_state481state481_144_state3state3_145_state483
18:40:53.368 [pool-1-thread-2] INFO  com.crawljax.core.Crawler - Saving failed backtracking path to 483
18:40:53.368 [pool-1-thread-2] INFO  com.crawljax.core.Crawler - backtrack status: false, reached NearDuplicate : -1 
18:40:56.193 [pool-1-thread-2] INFO  com.crawljax.core.Crawler - index has changed to: state499
18:40:56.193 [pool-1-thread-2] INFO  com.crawljax.core.Crawler - Did not add reload edge from state499 to state499
18:40:56.193 [pool-1-thread-2] INFO  c.crawljax.core.state.StateMachine - Cannot go to state: 'state232' from: 'state499'
18:40:56.193 [pool-1-thread-2] INFO  com.crawljax.core.Crawler - Not a valid path anymore state160: state483
18:40:56.193 [pool-1-thread-2] INFO  com.crawljax.core.Crawler - Tried to follow 
18:40:56.193 [pool-1-thread-2] INFO  com.crawljax.core.Crawler - state160_81_state232state232_83_state233state233_84_state234state234_85_state3state3_145_state483
18:40:56.193 [pool-1-thread-2] INFO  com.crawljax.core.Crawler - Saving failed backtracking path to 483
18:40:56.193 [pool-1-thread-2] INFO  com.crawljax.core.Crawler - backtrack status: false, reached NearDuplicate : -1 
18:40:59.021 [pool-1-thread-2] INFO  com.crawljax.core.Crawler - index has changed to: state499
18:40:59.021 [pool-1-thread-2] INFO  com.crawljax.core.Crawler - Did not add reload edge from state499 to state499
18:40:59.021 [pool-1-thread-2] INFO  c.crawljax.core.state.StateMachine - Cannot go to state: 'state232' from: 'state499'
18:40:59.021 [pool-1-thread-2] INFO  com.crawljax.core.Crawler - Not a valid path anymore state263: state483
18:40:59.021 [pool-1-thread-2] INFO  com.crawljax.core.Crawler - Tried to follow 
18:40:59.021 [pool-1-thread-2] INFO  com.crawljax.core.Crawler - state263_117_state232state232_83_state233state233_84_state234state234_85_state3state3_145_state483
18:40:59.021 [pool-1-thread-2] INFO  com.crawljax.core.Crawler - Saving failed backtracking path to 483
18:40:59.021 [pool-1-thread-2] INFO  com.crawljax.core.Crawler - backtrack status: false, reached NearDuplicate : -1 
18:41:01.857 [pool-1-thread-2] INFO  com.crawljax.core.Crawler - index has changed to: state499
18:41:01.857 [pool-1-thread-2] INFO  com.crawljax.core.Crawler - Did not add reload edge from state499 to state499
18:41:01.857 [pool-1-thread-2] INFO  c.crawljax.core.state.StateMachine - Cannot go to state: 'state481' from: 'state499'
18:41:01.857 [pool-1-thread-2] INFO  com.crawljax.core.Crawler - Not a valid path anymore state382: state483
18:41:01.857 [pool-1-thread-2] INFO  com.crawljax.core.Crawler - Tried to follow 
18:41:01.857 [pool-1-thread-2] INFO  com.crawljax.core.Crawler - state382_143_state481state481_144_state3state3_145_state483
18:41:01.857 [pool-1-thread-2] INFO  com.crawljax.core.Crawler - Saving failed backtracking path to 483
18:41:01.857 [pool-1-thread-2] INFO  com.crawljax.core.Crawler - backtrack status: false, reached NearDuplicate : -1 
18:41:04.685 [pool-1-thread-2] INFO  com.crawljax.core.Crawler - index has changed to: state499
18:41:04.685 [pool-1-thread-2] INFO  com.crawljax.core.Crawler - Did not add reload edge from state499 to state499
18:41:04.685 [pool-1-thread-2] INFO  com.crawljax.core.Crawler - state483 no path from state499
18:41:04.685 [pool-1-thread-2] INFO  com.crawljax.core.Crawler - state unreachable: Removing from candidate actions state483
18:41:04.685 [pool-1-thread-2] INFO  c.c.core.UnfiredFragmentCandidates - Placing purged actions in unreachable cache for state483
18:41:04.685 [pool-1-thread-2] INFO  com.crawljax.core.Crawler - Resetting the crawler and Going to state state484
18:41:07.506 [pool-1-thread-2] INFO  com.crawljax.core.Crawler - index has changed to: state499
18:41:07.506 [pool-1-thread-2] INFO  com.crawljax.core.Crawler - Did not add reload edge from state499 to state499
18:41:07.506 [pool-1-thread-2] INFO  com.crawljax.core.Crawler - Initial state not the same as current state : Getting shortest path from current state
18:41:07.507 [pool-1-thread-2] INFO  com.crawljax.core.Crawler - state484 no path from state499
18:41:07.507 [pool-1-thread-2] INFO  c.crawljax.core.state.StateMachine - Cannot go to state: 'state1' from: 'state499'
18:41:07.507 [pool-1-thread-2] INFO  com.crawljax.core.Crawler - Not a valid path anymore index: state484
18:41:07.507 [pool-1-thread-2] INFO  com.crawljax.core.Crawler - Tried to follow 
18:41:07.507 [pool-1-thread-2] INFO  com.crawljax.core.Crawler - index_1_state1state1_4_state3state3_145_state483state483_146_state484
18:41:07.507 [pool-1-thread-2] INFO  com.crawljax.core.Crawler - Saving failed backtracking path to 484
18:41:07.507 [pool-1-thread-2] INFO  com.crawljax.core.Crawler - backtrack status: false, reached NearDuplicate : -1 
18:41:10.322 [pool-1-thread-2] INFO  com.crawljax.core.Crawler - index has changed to: state499
18:41:10.322 [pool-1-thread-2] INFO  com.crawljax.core.Crawler - Did not add reload edge from state499 to state499
18:41:10.322 [pool-1-thread-2] INFO  c.crawljax.core.state.StateMachine - Cannot go to state: 'state13' from: 'state499'
18:41:10.322 [pool-1-thread-2] INFO  com.crawljax.core.Crawler - Not a valid path anymore state12: state484
18:41:10.322 [pool-1-thread-2] INFO  com.crawljax.core.Crawler - Tried to follow 
18:41:10.322 [pool-1-thread-2] INFO  com.crawljax.core.Crawler - state12_0_state13state13_17_state27state27_18_state28state28_19_state29state29_59_state142state142_136_state380state380_139_state381state381_140_state382state382_143_state481state481_144_state3state3_145_state483state483_146_state484
18:41:10.323 [pool-1-thread-2] INFO  com.crawljax.core.Crawler - Saving failed backtracking path to 484
18:41:10.323 [pool-1-thread-2] INFO  com.crawljax.core.Crawler - backtrack status: false, reached NearDuplicate : -1 
18:41:13.135 [pool-1-thread-2] INFO  com.crawljax.core.Crawler - index has changed to: state499
18:41:13.135 [pool-1-thread-2] INFO  com.crawljax.core.Crawler - Did not add reload edge from state499 to state499
18:41:13.136 [pool-1-thread-2] INFO  c.crawljax.core.state.StateMachine - Cannot go to state: 'state27' from: 'state499'
18:41:13.136 [pool-1-thread-2] INFO  com.crawljax.core.Crawler - Not a valid path anymore state13: state484
18:41:13.136 [pool-1-thread-2] INFO  com.crawljax.core.Crawler - Tried to follow 
18:41:13.136 [pool-1-thread-2] INFO  com.crawljax.core.Crawler - state13_17_state27state27_18_state28state28_19_state29state29_59_state142state142_136_state380state380_139_state381state381_140_state382state382_143_state481state481_144_state3state3_145_state483state483_146_state484
18:41:13.136 [pool-1-thread-2] INFO  com.crawljax.core.Crawler - Saving failed backtracking path to 484
18:41:13.136 [pool-1-thread-2] INFO  com.crawljax.core.Crawler - backtrack status: false, reached NearDuplicate : -1 
18:41:15.961 [pool-1-thread-2] INFO  com.crawljax.core.Crawler - index has changed to: state499
18:41:15.961 [pool-1-thread-2] INFO  com.crawljax.core.Crawler - Did not add reload edge from state499 to state499
18:41:15.961 [pool-1-thread-2] INFO  c.crawljax.core.state.StateMachine - Cannot go to state: 'state5' from: 'state499'
18:41:15.961 [pool-1-thread-2] INFO  com.crawljax.core.Crawler - Not a valid path anymore state43: state484
18:41:15.961 [pool-1-thread-2] INFO  com.crawljax.core.Crawler - Tried to follow 
18:41:15.961 [pool-1-thread-2] INFO  com.crawljax.core.Crawler - state43_37_state5state5_7_state4state4_23_state32state32_30_state37state37_31_state38state38_88_state234state234_85_state3state3_145_state483state483_146_state484
18:41:15.961 [pool-1-thread-2] INFO  com.crawljax.core.Crawler - Saving failed backtracking path to 484
18:41:15.961 [pool-1-thread-2] INFO  com.crawljax.core.Crawler - backtrack status: false, reached NearDuplicate : -1 
18:41:18.784 [pool-1-thread-2] INFO  com.crawljax.core.Crawler - index has changed to: state499
18:41:18.784 [pool-1-thread-2] INFO  com.crawljax.core.Crawler - Did not add reload edge from state499 to state499
18:41:18.784 [pool-1-thread-2] INFO  c.crawljax.core.state.StateMachine - Cannot go to state: 'state139' from: 'state499'
18:41:18.784 [pool-1-thread-2] INFO  com.crawljax.core.Crawler - Not a valid path anymore state94: state484
18:41:18.784 [pool-1-thread-2] INFO  com.crawljax.core.Crawler - Tried to follow 
18:41:18.784 [pool-1-thread-2] INFO  com.crawljax.core.Crawler - state94_56_state139state139_57_state140state140_58_state29state29_59_state142state142_136_state380state380_139_state381state381_140_state382state382_143_state481state481_144_state3state3_145_state483state483_146_state484
18:41:18.784 [pool-1-thread-2] INFO  com.crawljax.core.Crawler - Saving failed backtracking path to 484
18:41:18.784 [pool-1-thread-2] INFO  com.crawljax.core.Crawler - backtrack status: false, reached NearDuplicate : -1 
18:41:21.602 [pool-1-thread-2] INFO  com.crawljax.core.Crawler - index has changed to: state499
18:41:21.602 [pool-1-thread-2] INFO  com.crawljax.core.Crawler - Did not add reload edge from state499 to state499
18:41:21.602 [pool-1-thread-2] INFO  c.crawljax.core.state.StateMachine - Cannot go to state: 'state232' from: 'state499'
18:41:21.602 [pool-1-thread-2] INFO  com.crawljax.core.Crawler - Not a valid path anymore state160: state484
18:41:21.602 [pool-1-thread-2] INFO  com.crawljax.core.Crawler - Tried to follow 
18:41:21.602 [pool-1-thread-2] INFO  com.crawljax.core.Crawler - state160_81_state232state232_83_state233state233_84_state234state234_85_state3state3_145_state483state483_146_state484
18:41:21.602 [pool-1-thread-2] INFO  com.crawljax.core.Crawler - Saving failed backtracking path to 484
18:41:21.602 [pool-1-thread-2] INFO  com.crawljax.core.Crawler - backtrack status: false, reached NearDuplicate : -1 
18:41:24.443 [pool-1-thread-2] INFO  com.crawljax.core.Crawler - index has changed to: state499
18:41:24.443 [pool-1-thread-2] INFO  com.crawljax.core.Crawler - Did not add reload edge from state499 to state499
18:41:24.443 [pool-1-thread-2] INFO  c.crawljax.core.state.StateMachine - Cannot go to state: 'state232' from: 'state499'
18:41:24.443 [pool-1-thread-2] INFO  com.crawljax.core.Crawler - Not a valid path anymore state263: state484
18:41:24.443 [pool-1-thread-2] INFO  com.crawljax.core.Crawler - Tried to follow 
18:41:24.443 [pool-1-thread-2] INFO  com.crawljax.core.Crawler - state263_117_state232state232_83_state233state233_84_state234state234_85_state3state3_145_state483state483_146_state484
18:41:24.443 [pool-1-thread-2] INFO  com.crawljax.core.Crawler - Saving failed backtracking path to 484
18:41:24.443 [pool-1-thread-2] INFO  com.crawljax.core.Crawler - backtrack status: false, reached NearDuplicate : -1 
18:41:27.272 [pool-1-thread-2] INFO  com.crawljax.core.Crawler - index has changed to: state499
18:41:27.272 [pool-1-thread-2] INFO  com.crawljax.core.Crawler - Did not add reload edge from state499 to state499
18:41:27.273 [pool-1-thread-2] INFO  c.crawljax.core.state.StateMachine - Cannot go to state: 'state481' from: 'state499'
18:41:27.273 [pool-1-thread-2] INFO  com.crawljax.core.Crawler - Not a valid path anymore state382: state484
18:41:27.273 [pool-1-thread-2] INFO  com.crawljax.core.Crawler - Tried to follow 
18:41:27.273 [pool-1-thread-2] INFO  com.crawljax.core.Crawler - state382_143_state481state481_144_state3state3_145_state483state483_146_state484
18:41:27.273 [pool-1-thread-2] INFO  com.crawljax.core.Crawler - Saving failed backtracking path to 484
18:41:27.273 [pool-1-thread-2] INFO  com.crawljax.core.Crawler - backtrack status: false, reached NearDuplicate : -1 
18:41:30.086 [pool-1-thread-2] INFO  com.crawljax.core.Crawler - index has changed to: state499
18:41:30.087 [pool-1-thread-2] INFO  com.crawljax.core.Crawler - Did not add reload edge from state499 to state499
18:41:30.087 [pool-1-thread-2] INFO  com.crawljax.core.Crawler - state484 no path from state499
18:41:30.087 [pool-1-thread-2] INFO  com.crawljax.core.Crawler - state unreachable: Removing from candidate actions state484
18:41:30.087 [pool-1-thread-2] INFO  c.c.core.UnfiredFragmentCandidates - Placing purged actions in unreachable cache for state484
18:41:30.087 [pool-1-thread-2] INFO  com.crawljax.core.Crawler - Resetting the crawler and Going to state state486
18:41:32.895 [pool-1-thread-2] INFO  com.crawljax.core.Crawler - index has changed to: state499
18:41:32.895 [pool-1-thread-2] INFO  com.crawljax.core.Crawler - Did not add reload edge from state499 to state499
18:41:32.895 [pool-1-thread-2] INFO  com.crawljax.core.Crawler - Initial state not the same as current state : Getting shortest path from current state
18:41:32.895 [pool-1-thread-2] INFO  com.crawljax.core.Crawler - state486 no path from state499
18:41:32.895 [pool-1-thread-2] INFO  c.crawljax.core.state.StateMachine - Cannot go to state: 'state1' from: 'state499'
18:41:32.895 [pool-1-thread-2] INFO  com.crawljax.core.Crawler - Not a valid path anymore index: state486
18:41:32.895 [pool-1-thread-2] INFO  com.crawljax.core.Crawler - Tried to follow 
18:41:32.895 [pool-1-thread-2] INFO  com.crawljax.core.Crawler - index_1_state1state1_4_state3state3_145_state483state483_146_state484state484_148_state486
18:41:32.895 [pool-1-thread-2] INFO  com.crawljax.core.Crawler - Saving failed backtracking path to 486
18:41:32.895 [pool-1-thread-2] INFO  com.crawljax.core.Crawler - backtrack status: false, reached NearDuplicate : -1 
18:41:35.710 [pool-1-thread-2] INFO  com.crawljax.core.Crawler - index has changed to: state499
18:41:35.710 [pool-1-thread-2] INFO  com.crawljax.core.Crawler - Did not add reload edge from state499 to state499
18:41:35.710 [pool-1-thread-2] INFO  c.crawljax.core.state.StateMachine - Cannot go to state: 'state13' from: 'state499'
18:41:35.710 [pool-1-thread-2] INFO  com.crawljax.core.Crawler - Not a valid path anymore state12: state486
18:41:35.710 [pool-1-thread-2] INFO  com.crawljax.core.Crawler - Tried to follow 
18:41:35.711 [pool-1-thread-2] INFO  com.crawljax.core.Crawler - state12_0_state13state13_17_state27state27_18_state28state28_19_state29state29_59_state142state142_136_state380state380_139_state381state381_140_state382state382_143_state481state481_144_state3state3_145_state483state483_146_state484state484_148_state486
18:41:35.711 [pool-1-thread-2] INFO  com.crawljax.core.Crawler - Saving failed backtracking path to 486
18:41:35.711 [pool-1-thread-2] INFO  com.crawljax.core.Crawler - backtrack status: false, reached NearDuplicate : -1 
18:41:38.514 [pool-1-thread-2] INFO  com.crawljax.core.Crawler - index has changed to: state499
18:41:38.514 [pool-1-thread-2] INFO  com.crawljax.core.Crawler - Did not add reload edge from state499 to state499
18:41:38.514 [pool-1-thread-2] INFO  c.crawljax.core.state.StateMachine - Cannot go to state: 'state27' from: 'state499'
18:41:38.514 [pool-1-thread-2] INFO  com.crawljax.core.Crawler - Not a valid path anymore state13: state486
18:41:38.515 [pool-1-thread-2] INFO  com.crawljax.core.Crawler - Tried to follow 
18:41:38.515 [pool-1-thread-2] INFO  com.crawljax.core.Crawler - state13_17_state27state27_18_state28state28_19_state29state29_59_state142state142_136_state380state380_139_state381state381_140_state382state382_143_state481state481_144_state3state3_145_state483state483_146_state484state484_148_state486
18:41:38.515 [pool-1-thread-2] INFO  com.crawljax.core.Crawler - Saving failed backtracking path to 486
18:41:38.515 [pool-1-thread-2] INFO  com.crawljax.core.Crawler - backtrack status: false, reached NearDuplicate : -1 
18:41:41.333 [pool-1-thread-2] INFO  com.crawljax.core.Crawler - index has changed to: state499
18:41:41.333 [pool-1-thread-2] INFO  com.crawljax.core.Crawler - Did not add reload edge from state499 to state499
18:41:41.333 [pool-1-thread-2] INFO  c.crawljax.core.state.StateMachine - Cannot go to state: 'state5' from: 'state499'
18:41:41.333 [pool-1-thread-2] INFO  com.crawljax.core.Crawler - Not a valid path anymore state43: state486
18:41:41.333 [pool-1-thread-2] INFO  com.crawljax.core.Crawler - Tried to follow 
18:41:41.333 [pool-1-thread-2] INFO  com.crawljax.core.Crawler - state43_37_state5state5_7_state4state4_23_state32state32_30_state37state37_31_state38state38_88_state234state234_85_state3state3_145_state483state483_146_state484state484_148_state486
18:41:41.333 [pool-1-thread-2] INFO  com.crawljax.core.Crawler - Saving failed backtracking path to 486
18:41:41.333 [pool-1-thread-2] INFO  com.crawljax.core.Crawler - backtrack status: false, reached NearDuplicate : -1 
18:41:44.157 [pool-1-thread-2] INFO  com.crawljax.core.Crawler - index has changed to: state499
18:41:44.157 [pool-1-thread-2] INFO  com.crawljax.core.Crawler - Did not add reload edge from state499 to state499
18:41:44.157 [pool-1-thread-2] INFO  c.crawljax.core.state.StateMachine - Cannot go to state: 'state139' from: 'state499'
18:41:44.157 [pool-1-thread-2] INFO  com.crawljax.core.Crawler - Not a valid path anymore state94: state486
18:41:44.157 [pool-1-thread-2] INFO  com.crawljax.core.Crawler - Tried to follow 
18:41:44.157 [pool-1-thread-2] INFO  com.crawljax.core.Crawler - state94_56_state139state139_57_state140state140_58_state29state29_59_state142state142_136_state380state380_139_state381state381_140_state382state382_143_state481state481_144_state3state3_145_state483state483_146_state484state484_148_state486
18:41:44.157 [pool-1-thread-2] INFO  com.crawljax.core.Crawler - Saving failed backtracking path to 486
18:41:44.157 [pool-1-thread-2] INFO  com.crawljax.core.Crawler - backtrack status: false, reached NearDuplicate : -1 
18:41:46.994 [pool-1-thread-2] INFO  com.crawljax.core.Crawler - index has changed to: state499
18:41:46.994 [pool-1-thread-2] INFO  com.crawljax.core.Crawler - Did not add reload edge from state499 to state499
18:41:46.994 [pool-1-thread-2] INFO  c.crawljax.core.state.StateMachine - Cannot go to state: 'state232' from: 'state499'
18:41:46.995 [pool-1-thread-2] INFO  com.crawljax.core.Crawler - Not a valid path anymore state160: state486
18:41:46.995 [pool-1-thread-2] INFO  com.crawljax.core.Crawler - Tried to follow 
18:41:46.995 [pool-1-thread-2] INFO  com.crawljax.core.Crawler - state160_81_state232state232_83_state233state233_84_state234state234_85_state3state3_145_state483state483_146_state484state484_148_state486
18:41:46.995 [pool-1-thread-2] INFO  com.crawljax.core.Crawler - Saving failed backtracking path to 486
18:41:46.995 [pool-1-thread-2] INFO  com.crawljax.core.Crawler - backtrack status: false, reached NearDuplicate : -1 
18:41:49.836 [pool-1-thread-2] INFO  com.crawljax.core.Crawler - index has changed to: state499
18:41:49.836 [pool-1-thread-2] INFO  com.crawljax.core.Crawler - Did not add reload edge from state499 to state499
18:41:49.837 [pool-1-thread-2] INFO  c.crawljax.core.state.StateMachine - Cannot go to state: 'state232' from: 'state499'
18:41:49.837 [pool-1-thread-2] INFO  com.crawljax.core.Crawler - Not a valid path anymore state263: state486
18:41:49.837 [pool-1-thread-2] INFO  com.crawljax.core.Crawler - Tried to follow 
18:41:49.837 [pool-1-thread-2] INFO  com.crawljax.core.Crawler - state263_117_state232state232_83_state233state233_84_state234state234_85_state3state3_145_state483state483_146_state484state484_148_state486
18:41:49.837 [pool-1-thread-2] INFO  com.crawljax.core.Crawler - Saving failed backtracking path to 486
18:41:49.837 [pool-1-thread-2] INFO  com.crawljax.core.Crawler - backtrack status: false, reached NearDuplicate : -1 
18:41:52.669 [pool-1-thread-2] INFO  com.crawljax.core.Crawler - index has changed to: state499
18:41:52.669 [pool-1-thread-2] INFO  com.crawljax.core.Crawler - Did not add reload edge from state499 to state499
18:41:52.669 [pool-1-thread-2] INFO  c.crawljax.core.state.StateMachine - Cannot go to state: 'state481' from: 'state499'
18:41:52.669 [pool-1-thread-2] INFO  com.crawljax.core.Crawler - Not a valid path anymore state382: state486
18:41:52.669 [pool-1-thread-2] INFO  com.crawljax.core.Crawler - Tried to follow 
18:41:52.669 [pool-1-thread-2] INFO  com.crawljax.core.Crawler - state382_143_state481state481_144_state3state3_145_state483state483_146_state484state484_148_state486
18:41:52.669 [pool-1-thread-2] INFO  com.crawljax.core.Crawler - Saving failed backtracking path to 486
18:41:52.669 [pool-1-thread-2] INFO  com.crawljax.core.Crawler - backtrack status: false, reached NearDuplicate : -1 
18:41:55.494 [pool-1-thread-2] INFO  com.crawljax.core.Crawler - index has changed to: state499
18:41:55.494 [pool-1-thread-2] INFO  com.crawljax.core.Crawler - Did not add reload edge from state499 to state499
18:41:55.494 [pool-1-thread-2] INFO  com.crawljax.core.Crawler - state486 no path from state499
18:41:55.494 [pool-1-thread-2] INFO  com.crawljax.core.Crawler - state unreachable: Removing from candidate actions state486
18:41:55.494 [pool-1-thread-2] INFO  c.c.core.UnfiredFragmentCandidates - Placing purged actions in unreachable cache for state486
18:41:55.494 [pool-1-thread-2] INFO  com.crawljax.core.Crawler - Resetting the crawler and Going to state state488
18:41:58.340 [pool-1-thread-2] INFO  com.crawljax.core.Crawler - index has changed to: state499
18:41:58.340 [pool-1-thread-2] INFO  com.crawljax.core.Crawler - Did not add reload edge from state499 to state499
18:41:58.340 [pool-1-thread-2] INFO  com.crawljax.core.Crawler - Initial state not the same as current state : Getting shortest path from current state
18:41:58.340 [pool-1-thread-2] INFO  com.crawljax.core.Crawler - state488 no path from state499
18:41:58.340 [pool-1-thread-2] INFO  c.crawljax.core.state.StateMachine - Cannot go to state: 'state1' from: 'state499'
18:41:58.340 [pool-1-thread-2] INFO  com.crawljax.core.Crawler - Not a valid path anymore index: state488
18:41:58.340 [pool-1-thread-2] INFO  com.crawljax.core.Crawler - Tried to follow 
18:41:58.340 [pool-1-thread-2] INFO  com.crawljax.core.Crawler - index_1_state1state1_4_state3state3_145_state483state483_146_state484state484_148_state486state486_150_state488
18:41:58.340 [pool-1-thread-2] INFO  com.crawljax.core.Crawler - Saving failed backtracking path to 488
18:41:58.340 [pool-1-thread-2] INFO  com.crawljax.core.Crawler - backtrack status: false, reached NearDuplicate : -1 
18:42:01.173 [pool-1-thread-2] INFO  com.crawljax.core.Crawler - index has changed to: state499
18:42:01.173 [pool-1-thread-2] INFO  com.crawljax.core.Crawler - Did not add reload edge from state499 to state499
18:42:01.173 [pool-1-thread-2] INFO  c.crawljax.core.state.StateMachine - Cannot go to state: 'state13' from: 'state499'
18:42:01.173 [pool-1-thread-2] INFO  com.crawljax.core.Crawler - Not a valid path anymore state12: state488
18:42:01.173 [pool-1-thread-2] INFO  com.crawljax.core.Crawler - Tried to follow 
18:42:01.173 [pool-1-thread-2] INFO  com.crawljax.core.Crawler - state12_0_state13state13_17_state27state27_18_state28state28_19_state29state29_59_state142state142_136_state380state380_139_state381state381_140_state382state382_143_state481state481_144_state3state3_145_state483state483_146_state484state484_148_state486state486_150_state488
18:42:01.173 [pool-1-thread-2] INFO  com.crawljax.core.Crawler - Saving failed backtracking path to 488
18:42:01.173 [pool-1-thread-2] INFO  com.crawljax.core.Crawler - backtrack status: false, reached NearDuplicate : -1 
18:42:04.005 [pool-1-thread-2] INFO  com.crawljax.core.Crawler - index has changed to: state499
18:42:04.005 [pool-1-thread-2] INFO  com.crawljax.core.Crawler - Did not add reload edge from state499 to state499
18:42:04.005 [pool-1-thread-2] INFO  c.crawljax.core.state.StateMachine - Cannot go to state: 'state27' from: 'state499'
18:42:04.005 [pool-1-thread-2] INFO  com.crawljax.core.Crawler - Not a valid path anymore state13: state488
18:42:04.005 [pool-1-thread-2] INFO  com.crawljax.core.Crawler - Tried to follow 
18:42:04.005 [pool-1-thread-2] INFO  com.crawljax.core.Crawler - state13_17_state27state27_18_state28state28_19_state29state29_59_state142state142_136_state380state380_139_state381state381_140_state382state382_143_state481state481_144_state3state3_145_state483state483_146_state484state484_148_state486state486_150_state488
18:42:04.005 [pool-1-thread-2] INFO  com.crawljax.core.Crawler - Saving failed backtracking path to 488
18:42:04.005 [pool-1-thread-2] INFO  com.crawljax.core.Crawler - backtrack status: false, reached NearDuplicate : -1 
18:42:06.789 [pool-1-thread-2] INFO  com.crawljax.core.Crawler - index has changed to: state499
18:42:06.789 [pool-1-thread-2] INFO  com.crawljax.core.Crawler - Did not add reload edge from state499 to state499
18:42:06.790 [pool-1-thread-2] INFO  c.crawljax.core.state.StateMachine - Cannot go to state: 'state5' from: 'state499'
18:42:06.790 [pool-1-thread-2] INFO  com.crawljax.core.Crawler - Not a valid path anymore state43: state488
18:42:06.790 [pool-1-thread-2] INFO  com.crawljax.core.Crawler - Tried to follow 
18:42:06.790 [pool-1-thread-2] INFO  com.crawljax.core.Crawler - state43_37_state5state5_7_state4state4_23_state32state32_30_state37state37_31_state38state38_88_state234state234_85_state3state3_145_state483state483_146_state484state484_148_state486state486_150_state488
18:42:06.790 [pool-1-thread-2] INFO  com.crawljax.core.Crawler - Saving failed backtracking path to 488
18:42:06.790 [pool-1-thread-2] INFO  com.crawljax.core.Crawler - backtrack status: false, reached NearDuplicate : -1 
18:42:09.563 [pool-1-thread-2] INFO  com.crawljax.core.Crawler - index has changed to: state499
18:42:09.563 [pool-1-thread-2] INFO  com.crawljax.core.Crawler - Did not add reload edge from state499 to state499
18:42:09.563 [pool-1-thread-2] INFO  c.crawljax.core.state.StateMachine - Cannot go to state: 'state139' from: 'state499'
18:42:09.563 [pool-1-thread-2] INFO  com.crawljax.core.Crawler - Not a valid path anymore state94: state488
18:42:09.563 [pool-1-thread-2] INFO  com.crawljax.core.Crawler - Tried to follow 
18:42:09.563 [pool-1-thread-2] INFO  com.crawljax.core.Crawler - state94_56_state139state139_57_state140state140_58_state29state29_59_state142state142_136_state380state380_139_state381state381_140_state382state382_143_state481state481_144_state3state3_145_state483state483_146_state484state484_148_state486state486_150_state488
18:42:09.563 [pool-1-thread-2] INFO  com.crawljax.core.Crawler - Saving failed backtracking path to 488
18:42:09.563 [pool-1-thread-2] INFO  com.crawljax.core.Crawler - backtrack status: false, reached NearDuplicate : -1 
18:42:12.337 [pool-1-thread-2] INFO  com.crawljax.core.Crawler - index has changed to: state499
18:42:12.337 [pool-1-thread-2] INFO  com.crawljax.core.Crawler - Did not add reload edge from state499 to state499
18:42:12.337 [pool-1-thread-2] INFO  c.crawljax.core.state.StateMachine - Cannot go to state: 'state232' from: 'state499'
18:42:12.337 [pool-1-thread-2] INFO  com.crawljax.core.Crawler - Not a valid path anymore state160: state488
18:42:12.337 [pool-1-thread-2] INFO  com.crawljax.core.Crawler - Tried to follow 
18:42:12.337 [pool-1-thread-2] INFO  com.crawljax.core.Crawler - state160_81_state232state232_83_state233state233_84_state234state234_85_state3state3_145_state483state483_146_state484state484_148_state486state486_150_state488
18:42:12.337 [pool-1-thread-2] INFO  com.crawljax.core.Crawler - Saving failed backtracking path to 488
18:42:12.337 [pool-1-thread-2] INFO  com.crawljax.core.Crawler - backtrack status: false, reached NearDuplicate : -1 
18:42:15.104 [pool-1-thread-2] INFO  com.crawljax.core.Crawler - index has changed to: state499
18:42:15.104 [pool-1-thread-2] INFO  com.crawljax.core.Crawler - Did not add reload edge from state499 to state499
18:42:15.104 [pool-1-thread-2] INFO  c.crawljax.core.state.StateMachine - Cannot go to state: 'state232' from: 'state499'
18:42:15.104 [pool-1-thread-2] INFO  com.crawljax.core.Crawler - Not a valid path anymore state263: state488
18:42:15.104 [pool-1-thread-2] INFO  com.crawljax.core.Crawler - Tried to follow 
18:42:15.104 [pool-1-thread-2] INFO  com.crawljax.core.Crawler - state263_117_state232state232_83_state233state233_84_state234state234_85_state3state3_145_state483state483_146_state484state484_148_state486state486_150_state488
18:42:15.104 [pool-1-thread-2] INFO  com.crawljax.core.Crawler - Saving failed backtracking path to 488
18:42:15.104 [pool-1-thread-2] INFO  com.crawljax.core.Crawler - backtrack status: false, reached NearDuplicate : -1 
18:42:17.875 [pool-1-thread-2] INFO  com.crawljax.core.Crawler - index has changed to: state499
18:42:17.876 [pool-1-thread-2] INFO  com.crawljax.core.Crawler - Did not add reload edge from state499 to state499
18:42:17.876 [pool-1-thread-2] INFO  c.crawljax.core.state.StateMachine - Cannot go to state: 'state481' from: 'state499'
18:42:17.876 [pool-1-thread-2] INFO  com.crawljax.core.Crawler - Not a valid path anymore state382: state488
18:42:17.876 [pool-1-thread-2] INFO  com.crawljax.core.Crawler - Tried to follow 
18:42:17.876 [pool-1-thread-2] INFO  com.crawljax.core.Crawler - state382_143_state481state481_144_state3state3_145_state483state483_146_state484state484_148_state486state486_150_state488
18:42:17.876 [pool-1-thread-2] INFO  com.crawljax.core.Crawler - Saving failed backtracking path to 488
18:42:17.876 [pool-1-thread-2] INFO  com.crawljax.core.Crawler - backtrack status: false, reached NearDuplicate : -1 
18:42:20.663 [pool-1-thread-2] INFO  com.crawljax.core.Crawler - index has changed to: state499
18:42:20.663 [pool-1-thread-2] INFO  com.crawljax.core.Crawler - Did not add reload edge from state499 to state499
18:42:20.663 [pool-1-thread-2] INFO  com.crawljax.core.Crawler - state488 no path from state499
18:42:20.663 [pool-1-thread-2] INFO  com.crawljax.core.Crawler - state unreachable: Removing from candidate actions state488
18:42:20.663 [pool-1-thread-2] INFO  c.c.core.UnfiredFragmentCandidates - Placing purged actions in unreachable cache for state488
18:42:20.663 [pool-1-thread-2] INFO  com.crawljax.core.Crawler - Resetting the crawler and Going to state state492
18:42:23.421 [pool-1-thread-2] INFO  com.crawljax.core.Crawler - index has changed to: state499
18:42:23.421 [pool-1-thread-2] INFO  com.crawljax.core.Crawler - Did not add reload edge from state499 to state499
18:42:23.422 [pool-1-thread-2] INFO  com.crawljax.core.Crawler - Initial state not the same as current state : Getting shortest path from current state
18:42:23.422 [pool-1-thread-2] INFO  com.crawljax.core.Crawler - state492 no path from state499
18:42:23.422 [pool-1-thread-2] INFO  c.crawljax.core.state.StateMachine - Cannot go to state: 'state1' from: 'state499'
18:42:23.422 [pool-1-thread-2] INFO  com.crawljax.core.Crawler - Not a valid path anymore index: state492
18:42:23.422 [pool-1-thread-2] INFO  com.crawljax.core.Crawler - Tried to follow 
18:42:23.422 [pool-1-thread-2] INFO  com.crawljax.core.Crawler - index_1_state1state1_4_state3state3_145_state483state483_155_state492
18:42:23.422 [pool-1-thread-2] INFO  com.crawljax.core.Crawler - Saving failed backtracking path to 492
18:42:23.422 [pool-1-thread-2] INFO  com.crawljax.core.Crawler - backtrack status: false, reached NearDuplicate : -1 
18:42:26.198 [pool-1-thread-2] INFO  com.crawljax.core.Crawler - index has changed to: state499
18:42:26.198 [pool-1-thread-2] INFO  com.crawljax.core.Crawler - Did not add reload edge from state499 to state499
18:42:26.199 [pool-1-thread-2] INFO  c.crawljax.core.state.StateMachine - Cannot go to state: 'state13' from: 'state499'
18:42:26.199 [pool-1-thread-2] INFO  com.crawljax.core.Crawler - Not a valid path anymore state12: state492
18:42:26.199 [pool-1-thread-2] INFO  com.crawljax.core.Crawler - Tried to follow 
18:42:26.199 [pool-1-thread-2] INFO  com.crawljax.core.Crawler - state12_0_state13state13_17_state27state27_18_state28state28_19_state29state29_59_state142state142_136_state380state380_139_state381state381_140_state382state382_143_state481state481_144_state3state3_145_state483state483_155_state492
18:42:26.199 [pool-1-thread-2] INFO  com.crawljax.core.Crawler - Saving failed backtracking path to 492
18:42:26.199 [pool-1-thread-2] INFO  com.crawljax.core.Crawler - backtrack status: false, reached NearDuplicate : -1 
18:42:28.956 [pool-1-thread-2] INFO  com.crawljax.core.Crawler - index has changed to: state499
18:42:28.956 [pool-1-thread-2] INFO  com.crawljax.core.Crawler - Did not add reload edge from state499 to state499
18:42:28.956 [pool-1-thread-2] INFO  c.crawljax.core.state.StateMachine - Cannot go to state: 'state27' from: 'state499'
18:42:28.956 [pool-1-thread-2] INFO  com.crawljax.core.Crawler - Not a valid path anymore state13: state492
18:42:28.956 [pool-1-thread-2] INFO  com.crawljax.core.Crawler - Tried to follow 
18:42:28.956 [pool-1-thread-2] INFO  com.crawljax.core.Crawler - state13_17_state27state27_18_state28state28_19_state29state29_59_state142state142_136_state380state380_139_state381state381_140_state382state382_143_state481state481_144_state3state3_145_state483state483_155_state492
18:42:28.956 [pool-1-thread-2] INFO  com.crawljax.core.Crawler - Saving failed backtracking path to 492
18:42:28.956 [pool-1-thread-2] INFO  com.crawljax.core.Crawler - backtrack status: false, reached NearDuplicate : -1 
18:42:31.701 [pool-1-thread-2] INFO  com.crawljax.core.Crawler - index has changed to: state499
18:42:31.702 [pool-1-thread-2] INFO  com.crawljax.core.Crawler - Did not add reload edge from state499 to state499
18:42:31.702 [pool-1-thread-2] INFO  c.crawljax.core.state.StateMachine - Cannot go to state: 'state5' from: 'state499'
18:42:31.702 [pool-1-thread-2] INFO  com.crawljax.core.Crawler - Not a valid path anymore state43: state492
18:42:31.702 [pool-1-thread-2] INFO  com.crawljax.core.Crawler - Tried to follow 
18:42:31.702 [pool-1-thread-2] INFO  com.crawljax.core.Crawler - state43_37_state5state5_7_state4state4_23_state32state32_30_state37state37_31_state38state38_88_state234state234_85_state3state3_145_state483state483_155_state492
18:42:31.702 [pool-1-thread-2] INFO  com.crawljax.core.Crawler - Saving failed backtracking path to 492
18:42:31.702 [pool-1-thread-2] INFO  com.crawljax.core.Crawler - backtrack status: false, reached NearDuplicate : -1 
18:42:34.488 [pool-1-thread-2] INFO  com.crawljax.core.Crawler - index has changed to: state499
18:42:34.488 [pool-1-thread-2] INFO  com.crawljax.core.Crawler - Did not add reload edge from state499 to state499
18:42:34.488 [pool-1-thread-2] INFO  c.crawljax.core.state.StateMachine - Cannot go to state: 'state139' from: 'state499'
18:42:34.488 [pool-1-thread-2] INFO  com.crawljax.core.Crawler - Not a valid path anymore state94: state492
18:42:34.488 [pool-1-thread-2] INFO  com.crawljax.core.Crawler - Tried to follow 
18:42:34.488 [pool-1-thread-2] INFO  com.crawljax.core.Crawler - state94_56_state139state139_57_state140state140_58_state29state29_59_state142state142_136_state380state380_139_state381state381_140_state382state382_143_state481state481_144_state3state3_145_state483state483_155_state492
18:42:34.488 [pool-1-thread-2] INFO  com.crawljax.core.Crawler - Saving failed backtracking path to 492
18:42:34.488 [pool-1-thread-2] INFO  com.crawljax.core.Crawler - backtrack status: false, reached NearDuplicate : -1 
18:42:37.251 [pool-1-thread-2] INFO  com.crawljax.core.Crawler - index has changed to: state499
18:42:37.251 [pool-1-thread-2] INFO  com.crawljax.core.Crawler - Did not add reload edge from state499 to state499
18:42:37.251 [pool-1-thread-2] INFO  c.crawljax.core.state.StateMachine - Cannot go to state: 'state232' from: 'state499'
18:42:37.251 [pool-1-thread-2] INFO  com.crawljax.core.Crawler - Not a valid path anymore state160: state492
18:42:37.251 [pool-1-thread-2] INFO  com.crawljax.core.Crawler - Tried to follow 
18:42:37.251 [pool-1-thread-2] INFO  com.crawljax.core.Crawler - state160_81_state232state232_83_state233state233_84_state234state234_85_state3state3_145_state483state483_155_state492
18:42:37.251 [pool-1-thread-2] INFO  com.crawljax.core.Crawler - Saving failed backtracking path to 492
18:42:37.251 [pool-1-thread-2] INFO  com.crawljax.core.Crawler - backtrack status: false, reached NearDuplicate : -1 
18:42:40.043 [pool-1-thread-2] INFO  com.crawljax.core.Crawler - index has changed to: state499
18:42:40.043 [pool-1-thread-2] INFO  com.crawljax.core.Crawler - Did not add reload edge from state499 to state499
18:42:40.043 [pool-1-thread-2] INFO  c.crawljax.core.state.StateMachine - Cannot go to state: 'state232' from: 'state499'
18:42:40.043 [pool-1-thread-2] INFO  com.crawljax.core.Crawler - Not a valid path anymore state263: state492
18:42:40.043 [pool-1-thread-2] INFO  com.crawljax.core.Crawler - Tried to follow 
18:42:40.043 [pool-1-thread-2] INFO  com.crawljax.core.Crawler - state263_117_state232state232_83_state233state233_84_state234state234_85_state3state3_145_state483state483_155_state492
18:42:40.043 [pool-1-thread-2] INFO  com.crawljax.core.Crawler - Saving failed backtracking path to 492
18:42:40.043 [pool-1-thread-2] INFO  com.crawljax.core.Crawler - backtrack status: false, reached NearDuplicate : -1 
18:42:42.818 [pool-1-thread-2] INFO  com.crawljax.core.Crawler - index has changed to: state499
18:42:42.818 [pool-1-thread-2] INFO  com.crawljax.core.Crawler - Did not add reload edge from state499 to state499
18:42:42.818 [pool-1-thread-2] INFO  c.crawljax.core.state.StateMachine - Cannot go to state: 'state481' from: 'state499'
18:42:42.818 [pool-1-thread-2] INFO  com.crawljax.core.Crawler - Not a valid path anymore state382: state492
18:42:42.818 [pool-1-thread-2] INFO  com.crawljax.core.Crawler - Tried to follow 
18:42:42.818 [pool-1-thread-2] INFO  com.crawljax.core.Crawler - state382_143_state481state481_144_state3state3_145_state483state483_155_state492
18:42:42.818 [pool-1-thread-2] INFO  com.crawljax.core.Crawler - Saving failed backtracking path to 492
18:42:42.818 [pool-1-thread-2] INFO  com.crawljax.core.Crawler - backtrack status: false, reached NearDuplicate : -1 
18:42:45.581 [pool-1-thread-2] INFO  com.crawljax.core.Crawler - index has changed to: state499
18:42:45.582 [pool-1-thread-2] INFO  com.crawljax.core.Crawler - Did not add reload edge from state499 to state499
18:42:45.582 [pool-1-thread-2] INFO  com.crawljax.core.Crawler - state492 no path from state499
18:42:45.582 [pool-1-thread-2] INFO  com.crawljax.core.Crawler - state unreachable: Removing from candidate actions state492
18:42:45.582 [pool-1-thread-2] INFO  c.c.core.UnfiredFragmentCandidates - Placing purged actions in unreachable cache for state492
18:42:45.582 [pool-1-thread-2] INFO  com.crawljax.core.Crawler - Resetting the crawler and Going to state state493
18:42:48.350 [pool-1-thread-2] INFO  com.crawljax.core.Crawler - index has changed to: state499
18:42:48.350 [pool-1-thread-2] INFO  com.crawljax.core.Crawler - Did not add reload edge from state499 to state499
18:42:48.350 [pool-1-thread-2] INFO  com.crawljax.core.Crawler - Initial state not the same as current state : Getting shortest path from current state
18:42:48.350 [pool-1-thread-2] INFO  com.crawljax.core.Crawler - state493 no path from state499
18:42:48.350 [pool-1-thread-2] INFO  c.crawljax.core.state.StateMachine - Cannot go to state: 'state1' from: 'state499'
18:42:48.350 [pool-1-thread-2] INFO  com.crawljax.core.Crawler - Not a valid path anymore index: state493
18:42:48.350 [pool-1-thread-2] INFO  com.crawljax.core.Crawler - Tried to follow 
18:42:48.350 [pool-1-thread-2] INFO  com.crawljax.core.Crawler - index_1_state1state1_4_state3state3_145_state483state483_155_state492state492_156_state493
18:42:48.350 [pool-1-thread-2] INFO  com.crawljax.core.Crawler - Saving failed backtracking path to 493
18:42:48.350 [pool-1-thread-2] INFO  com.crawljax.core.Crawler - backtrack status: false, reached NearDuplicate : -1 
18:42:51.124 [pool-1-thread-2] INFO  com.crawljax.core.Crawler - index has changed to: state499
18:42:51.124 [pool-1-thread-2] INFO  com.crawljax.core.Crawler - Did not add reload edge from state499 to state499
18:42:51.124 [pool-1-thread-2] INFO  c.crawljax.core.state.StateMachine - Cannot go to state: 'state13' from: 'state499'
18:42:51.124 [pool-1-thread-2] INFO  com.crawljax.core.Crawler - Not a valid path anymore state12: state493
18:42:51.124 [pool-1-thread-2] INFO  com.crawljax.core.Crawler - Tried to follow 
18:42:51.124 [pool-1-thread-2] INFO  com.crawljax.core.Crawler - state12_0_state13state13_17_state27state27_18_state28state28_19_state29state29_59_state142state142_136_state380state380_139_state381state381_140_state382state382_143_state481state481_144_state3state3_145_state483state483_155_state492state492_156_state493
18:42:51.124 [pool-1-thread-2] INFO  com.crawljax.core.Crawler - Saving failed backtracking path to 493
18:42:51.124 [pool-1-thread-2] INFO  com.crawljax.core.Crawler - backtrack status: false, reached NearDuplicate : -1 
18:42:53.892 [pool-1-thread-2] INFO  com.crawljax.core.Crawler - index has changed to: state499
18:42:53.892 [pool-1-thread-2] INFO  com.crawljax.core.Crawler - Did not add reload edge from state499 to state499
18:42:53.892 [pool-1-thread-2] INFO  c.crawljax.core.state.StateMachine - Cannot go to state: 'state27' from: 'state499'
18:42:53.892 [pool-1-thread-2] INFO  com.crawljax.core.Crawler - Not a valid path anymore state13: state493
18:42:53.892 [pool-1-thread-2] INFO  com.crawljax.core.Crawler - Tried to follow 
18:42:53.892 [pool-1-thread-2] INFO  com.crawljax.core.Crawler - state13_17_state27state27_18_state28state28_19_state29state29_59_state142state142_136_state380state380_139_state381state381_140_state382state382_143_state481state481_144_state3state3_145_state483state483_155_state492state492_156_state493
18:42:53.892 [pool-1-thread-2] INFO  com.crawljax.core.Crawler - Saving failed backtracking path to 493
18:42:53.892 [pool-1-thread-2] INFO  com.crawljax.core.Crawler - backtrack status: false, reached NearDuplicate : -1 
18:42:56.655 [pool-1-thread-2] INFO  com.crawljax.core.Crawler - index has changed to: state499
18:42:56.655 [pool-1-thread-2] INFO  com.crawljax.core.Crawler - Did not add reload edge from state499 to state499
18:42:56.655 [pool-1-thread-2] INFO  c.crawljax.core.state.StateMachine - Cannot go to state: 'state5' from: 'state499'
18:42:56.656 [pool-1-thread-2] INFO  com.crawljax.core.Crawler - Not a valid path anymore state43: state493
18:42:56.656 [pool-1-thread-2] INFO  com.crawljax.core.Crawler - Tried to follow 
18:42:56.656 [pool-1-thread-2] INFO  com.crawljax.core.Crawler - state43_37_state5state5_7_state4state4_23_state32state32_30_state37state37_31_state38state38_88_state234state234_85_state3state3_145_state483state483_155_state492state492_156_state493
18:42:56.656 [pool-1-thread-2] INFO  com.crawljax.core.Crawler - Saving failed backtracking path to 493
18:42:56.656 [pool-1-thread-2] INFO  com.crawljax.core.Crawler - backtrack status: false, reached NearDuplicate : -1 
18:42:59.412 [pool-1-thread-2] INFO  com.crawljax.core.Crawler - index has changed to: state499
18:42:59.412 [pool-1-thread-2] INFO  com.crawljax.core.Crawler - Did not add reload edge from state499 to state499
18:42:59.412 [pool-1-thread-2] INFO  c.crawljax.core.state.StateMachine - Cannot go to state: 'state139' from: 'state499'
18:42:59.412 [pool-1-thread-2] INFO  com.crawljax.core.Crawler - Not a valid path anymore state94: state493
18:42:59.412 [pool-1-thread-2] INFO  com.crawljax.core.Crawler - Tried to follow 
18:42:59.412 [pool-1-thread-2] INFO  com.crawljax.core.Crawler - state94_56_state139state139_57_state140state140_58_state29state29_59_state142state142_136_state380state380_139_state381state381_140_state382state382_143_state481state481_144_state3state3_145_state483state483_155_state492state492_156_state493
18:42:59.412 [pool-1-thread-2] INFO  com.crawljax.core.Crawler - Saving failed backtracking path to 493
18:42:59.412 [pool-1-thread-2] INFO  com.crawljax.core.Crawler - backtrack status: false, reached NearDuplicate : -1 
18:43:02.194 [pool-1-thread-2] INFO  com.crawljax.core.Crawler - index has changed to: state499
18:43:02.194 [pool-1-thread-2] INFO  com.crawljax.core.Crawler - Did not add reload edge from state499 to state499
18:43:02.194 [pool-1-thread-2] INFO  c.crawljax.core.state.StateMachine - Cannot go to state: 'state232' from: 'state499'
18:43:02.194 [pool-1-thread-2] INFO  com.crawljax.core.Crawler - Not a valid path anymore state160: state493
18:43:02.195 [pool-1-thread-2] INFO  com.crawljax.core.Crawler - Tried to follow 
18:43:02.195 [pool-1-thread-2] INFO  com.crawljax.core.Crawler - state160_81_state232state232_83_state233state233_84_state234state234_85_state3state3_145_state483state483_155_state492state492_156_state493
18:43:02.195 [pool-1-thread-2] INFO  com.crawljax.core.Crawler - Saving failed backtracking path to 493
18:43:02.195 [pool-1-thread-2] INFO  com.crawljax.core.Crawler - backtrack status: false, reached NearDuplicate : -1 
18:43:04.965 [pool-1-thread-2] INFO  com.crawljax.core.Crawler - index has changed to: state499
18:43:04.965 [pool-1-thread-2] INFO  com.crawljax.core.Crawler - Did not add reload edge from state499 to state499
18:43:04.965 [pool-1-thread-2] INFO  c.crawljax.core.state.StateMachine - Cannot go to state: 'state232' from: 'state499'
18:43:04.965 [pool-1-thread-2] INFO  com.crawljax.core.Crawler - Not a valid path anymore state263: state493
18:43:04.965 [pool-1-thread-2] INFO  com.crawljax.core.Crawler - Tried to follow 
18:43:04.965 [pool-1-thread-2] INFO  com.crawljax.core.Crawler - state263_117_state232state232_83_state233state233_84_state234state234_85_state3state3_145_state483state483_155_state492state492_156_state493
18:43:04.965 [pool-1-thread-2] INFO  com.crawljax.core.Crawler - Saving failed backtracking path to 493
18:43:04.965 [pool-1-thread-2] INFO  com.crawljax.core.Crawler - backtrack status: false, reached NearDuplicate : -1 
18:43:07.725 [pool-1-thread-2] INFO  com.crawljax.core.Crawler - index has changed to: state499
18:43:07.725 [pool-1-thread-2] INFO  com.crawljax.core.Crawler - Did not add reload edge from state499 to state499
18:43:07.725 [pool-1-thread-2] INFO  c.crawljax.core.state.StateMachine - Cannot go to state: 'state481' from: 'state499'
18:43:07.725 [pool-1-thread-2] INFO  com.crawljax.core.Crawler - Not a valid path anymore state382: state493
18:43:07.726 [pool-1-thread-2] INFO  com.crawljax.core.Crawler - Tried to follow 
18:43:07.726 [pool-1-thread-2] INFO  com.crawljax.core.Crawler - state382_143_state481state481_144_state3state3_145_state483state483_155_state492state492_156_state493
18:43:07.726 [pool-1-thread-2] INFO  com.crawljax.core.Crawler - Saving failed backtracking path to 493
18:43:07.726 [pool-1-thread-2] INFO  com.crawljax.core.Crawler - backtrack status: false, reached NearDuplicate : -1 
18:43:10.483 [pool-1-thread-2] INFO  com.crawljax.core.Crawler - index has changed to: state499
18:43:10.483 [pool-1-thread-2] INFO  com.crawljax.core.Crawler - Did not add reload edge from state499 to state499
18:43:10.483 [pool-1-thread-2] INFO  com.crawljax.core.Crawler - state493 no path from state499
18:43:10.484 [pool-1-thread-2] INFO  com.crawljax.core.Crawler - state unreachable: Removing from candidate actions state493
18:43:10.484 [pool-1-thread-2] INFO  c.c.core.UnfiredFragmentCandidates - Placing purged actions in unreachable cache for state493
18:43:10.484 [pool-1-thread-2] INFO  com.crawljax.core.Crawler - backtrack status: true, reached NearDuplicate : -1 
18:43:10.484 [pool-1-thread-2] INFO  com.crawljax.core.Crawler -  Event xpath /HTML[1]/BODY[1]/DIV[4]/DIV[1]/DIV[4]/DIV[3]/DIV[1]/DIV[1]/DIV[3]/DIV[2]/DIV[1]/DIV[2]/DIV[1]
18:43:10.501 [pool-1-thread-2] INFO  com.crawljax.core.Crawler - Changing related inputs for 163 with 0  to 0 
18:43:10.578 [pool-1-thread-2] INFO  c.c.core.UnfiredFragmentCandidates - Changing related inputs to worked inputs 0 for 163
18:43:10.579 [pool-1-thread-2] INFO  c.c.core.UnfiredFragmentCandidates - event 163 - Before 0
18:43:10.579 [pool-1-thread-2] INFO  c.c.core.UnfiredFragmentCandidates - event 163 - After 0
18:43:10.579 [pool-1-thread-2] INFO  c.c.core.UnfiredFragmentCandidates - input for 163, 0
18:43:13.728 [pool-1-thread-2] INFO  c.c.c.state.InMemoryStateFlowGraph - Number of states in the graph is now 63
18:43:13.729 [pool-1-thread-2] INFO  c.crawljax.core.state.StateMachine - State state580 added to the StateMachine.
18:43:13.910 [pool-1-thread-2] INFO  com.crawljax.core.Crawler - New DOM is a new state! crawl depth is now 1
18:43:13.910 [pool-1-thread-2] INFO  com.crawljax.core.Crawler - Parsing DOM of state state580 for candidate elements
18:43:13.917 [pool-1-thread-2] INFO  c.c.core.UnfiredFragmentCandidates - There are 1 states with unfired actions: [580]
18:43:13.927 [pool-1-thread-2] INFO  com.crawljax.core.Crawler -  Event xpath /HTML[1]/BODY[1]/DIV[4]/DIV[1]/DIV[2]/UL[1]/LI[2]/A[1]
18:43:13.946 [pool-1-thread-2] INFO  com.crawljax.core.Crawler - Changing related inputs for 164 with 0  to 0 
18:43:14.028 [pool-1-thread-2] INFO  c.c.core.UnfiredFragmentCandidates - Changing related inputs to worked inputs 0 for 164
18:43:14.028 [pool-1-thread-2] INFO  c.c.core.UnfiredFragmentCandidates - event 164 - Before 0
18:43:14.028 [pool-1-thread-2] INFO  c.c.core.UnfiredFragmentCandidates - event 164 - After 0
18:43:14.028 [pool-1-thread-2] INFO  c.c.core.UnfiredFragmentCandidates - input for 164, 0
18:43:17.681 [pool-1-thread-2] INFO  c.c.c.state.InMemoryStateFlowGraph - Number of states in the graph is now 64
18:43:17.681 [pool-1-thread-2] INFO  c.crawljax.core.state.StateMachine - State state581 added to the StateMachine.
18:43:17.810 [pool-1-thread-2] INFO  com.crawljax.core.Crawler - New DOM is a new state! crawl depth is now 2
18:43:17.810 [pool-1-thread-2] INFO  com.crawljax.core.Crawler - Parsing DOM of state state581 for candidate elements
18:43:17.814 [pool-1-thread-2] INFO  c.c.core.UnfiredFragmentCandidates - There are 2 states with unfired actions: [580, 581]
18:43:17.822 [pool-1-thread-2] INFO  com.crawljax.core.Crawler -  Event xpath /HTML[1]/BODY[1]/DIV[1]
18:43:17.836 [pool-1-thread-2] INFO  com.crawljax.core.Crawler - Changing related inputs for 165 with 0  to 0 
18:43:17.906 [pool-1-thread-2] INFO  c.c.core.UnfiredFragmentCandidates - Changing related inputs to worked inputs 0 for 165
18:43:17.906 [pool-1-thread-2] INFO  c.c.core.UnfiredFragmentCandidates - event 165 - Before 0
18:43:17.906 [pool-1-thread-2] INFO  c.c.core.UnfiredFragmentCandidates - event 165 - After 0
18:43:17.906 [pool-1-thread-2] INFO  c.c.core.UnfiredFragmentCandidates - input for 165, 0
18:43:17.949 [pool-1-thread-2] INFO  com.crawljax.core.Crawler -  Event xpath /HTML[1]/BODY[1]/DIV[4]/DIV[1]/DIV[4]/DIV[2]/DIV[1]/UL[1]/LI[1]/SPAN[1]
18:43:17.963 [pool-1-thread-2] INFO  com.crawljax.core.Crawler - Changing related inputs for 166 with 0  to 0 
18:43:18.034 [pool-1-thread-2] INFO  c.c.core.UnfiredFragmentCandidates - Changing related inputs to worked inputs 0 for 166
18:43:18.034 [pool-1-thread-2] INFO  c.c.core.UnfiredFragmentCandidates - event 166 - Before 0
18:43:18.034 [pool-1-thread-2] INFO  c.c.core.UnfiredFragmentCandidates - event 166 - After 0
18:43:18.034 [pool-1-thread-2] INFO  c.c.core.UnfiredFragmentCandidates - input for 166, 0
18:43:21.155 [pool-1-thread-2] INFO  com.crawljax.core.Crawler -  Event xpath /HTML[1]/BODY[1]/DIV[4]/DIV[2]/DIV[1]/DIV[2]/UL[1]/LI[3]/A[1]
18:43:21.168 [pool-1-thread-2] INFO  com.crawljax.core.Crawler - Changing related inputs for 167 with 0  to 0 
18:43:21.237 [pool-1-thread-2] INFO  c.c.core.UnfiredFragmentCandidates - Changing related inputs to worked inputs 0 for 167
18:43:21.237 [pool-1-thread-2] INFO  c.c.core.UnfiredFragmentCandidates - event 167 - Before 0
18:43:21.237 [pool-1-thread-2] INFO  c.c.core.UnfiredFragmentCandidates - event 167 - After 0
18:43:21.237 [pool-1-thread-2] INFO  c.c.core.UnfiredFragmentCandidates - input for 167, 0
18:43:24.831 [pool-1-thread-2] INFO  c.c.c.state.InMemoryStateFlowGraph - Number of states in the graph is now 65
18:43:24.832 [pool-1-thread-2] INFO  c.crawljax.core.state.StateMachine - State state583 added to the StateMachine.
18:43:24.966 [pool-1-thread-2] INFO  com.crawljax.core.Crawler - New DOM is a new state! crawl depth is now 3
18:43:24.966 [pool-1-thread-2] INFO  com.crawljax.core.Crawler - Parsing DOM of state state583 for candidate elements
18:43:24.975 [pool-1-thread-2] INFO  c.c.core.UnfiredFragmentCandidates - There are 3 states with unfired actions: [580, 581, 583]
18:43:24.983 [pool-1-thread-2] INFO  com.crawljax.core.Crawler -  Event xpath /HTML[1]/BODY[1]/DIV[4]/DIV[1]/DIV[4]/DIV[2]/DIV[1]/DIV[2]/DIV[1]/DIV[1]/DIV[3]/UL[1]/LI[6]
18:43:25.003 [pool-1-thread-2] INFO  com.crawljax.core.Crawler - Changing related inputs for 168 with 0  to 0 
18:43:25.079 [pool-1-thread-2] INFO  c.c.core.UnfiredFragmentCandidates - Changing related inputs to worked inputs 0 for 168
18:43:25.079 [pool-1-thread-2] INFO  c.c.core.UnfiredFragmentCandidates - event 168 - Before 0
18:43:25.079 [pool-1-thread-2] INFO  c.c.core.UnfiredFragmentCandidates - event 168 - After 0
18:43:25.079 [pool-1-thread-2] INFO  c.c.core.UnfiredFragmentCandidates - input for 168, 0
18:43:28.203 [pool-1-thread-2] INFO  com.crawljax.core.Crawler -  Event xpath /HTML[1]/BODY[1]/DIV[4]/DIV[2]/DIV[1]/DIV[2]
18:43:28.217 [pool-1-thread-2] INFO  com.crawljax.core.Crawler - Changing related inputs for 169 with 0  to 0 
18:43:28.289 [pool-1-thread-2] INFO  c.c.core.UnfiredFragmentCandidates - Changing related inputs to worked inputs 0 for 169
18:43:28.289 [pool-1-thread-2] INFO  c.c.core.UnfiredFragmentCandidates - event 169 - Before 0
18:43:28.289 [pool-1-thread-2] INFO  c.c.core.UnfiredFragmentCandidates - event 169 - After 0
18:43:28.289 [pool-1-thread-2] INFO  c.c.core.UnfiredFragmentCandidates - input for 169, 0
18:43:31.415 [pool-1-thread-2] INFO  com.crawljax.core.Crawler -  Event xpath /HTML[1]/BODY[1]/DIV[4]/DIV[1]/DIV[2]/UL[1]/LI[6]/A[1]
18:43:31.429 [pool-1-thread-2] INFO  com.crawljax.core.Crawler - Changing related inputs for 170 with 0  to 0 
18:43:31.502 [pool-1-thread-2] INFO  c.c.core.UnfiredFragmentCandidates - Changing related inputs to worked inputs 0 for 170
18:43:31.502 [pool-1-thread-2] INFO  c.c.core.UnfiredFragmentCandidates - event 170 - Before 0
18:43:31.502 [pool-1-thread-2] INFO  c.c.core.UnfiredFragmentCandidates - event 170 - After 0
18:43:31.502 [pool-1-thread-2] INFO  c.c.core.UnfiredFragmentCandidates - input for 170, 0
18:43:35.163 [pool-1-thread-2] INFO  c.c.c.state.InMemoryStateFlowGraph - Number of states in the graph is now 66
18:43:35.164 [pool-1-thread-2] INFO  c.crawljax.core.state.StateMachine - State state586 added to the StateMachine.
18:43:35.281 [pool-1-thread-2] INFO  com.crawljax.core.Crawler - New DOM is a new state! crawl depth is now 4
18:43:35.282 [pool-1-thread-2] INFO  com.crawljax.core.Crawler - Parsing DOM of state state586 for candidate elements
18:43:35.288 [pool-1-thread-2] INFO  c.c.core.UnfiredFragmentCandidates - There are 4 states with unfired actions: [580, 581, 583, 586]
18:43:35.295 [pool-1-thread-2] INFO  com.crawljax.core.Crawler -  Event xpath /HTML[1]/BODY[1]/DIV[4]/DIV[2]/DIV[1]/DIV[3]/UL[1]/LI[1]
18:43:35.310 [pool-1-thread-2] INFO  com.crawljax.core.Crawler - Changing related inputs for 171 with 0  to 0 
18:43:35.380 [pool-1-thread-2] INFO  c.c.core.UnfiredFragmentCandidates - Changing related inputs to worked inputs 0 for 171
18:43:35.380 [pool-1-thread-2] INFO  c.c.core.UnfiredFragmentCandidates - event 171 - Before 0
18:43:35.380 [pool-1-thread-2] INFO  c.c.core.UnfiredFragmentCandidates - event 171 - After 0
18:43:35.380 [pool-1-thread-2] INFO  c.c.core.UnfiredFragmentCandidates - input for 171, 0
18:43:38.512 [pool-1-thread-2] INFO  com.crawljax.core.Crawler -  Event xpath /HTML[1]/BODY[1]/DIV[4]/DIV[2]/DIV[1]/DIV[4]/UL[1]/LI[4]
18:43:38.527 [pool-1-thread-2] INFO  com.crawljax.core.Crawler - Changing related inputs for 172 with 0  to 0 
18:43:38.596 [pool-1-thread-2] INFO  c.c.core.UnfiredFragmentCandidates - Changing related inputs to worked inputs 0 for 172
18:43:38.596 [pool-1-thread-2] INFO  c.c.core.UnfiredFragmentCandidates - event 172 - Before 0
18:43:38.597 [pool-1-thread-2] INFO  c.c.core.UnfiredFragmentCandidates - event 172 - After 0
18:43:38.597 [pool-1-thread-2] INFO  c.c.core.UnfiredFragmentCandidates - input for 172, 0
18:43:41.726 [pool-1-thread-2] INFO  com.crawljax.core.Crawler -  Event xpath /HTML[1]/BODY[1]/DIV[4]/DIV[2]/DIV[1]/DIV[2]/UL[1]/LI[4]/A[1]
18:43:41.742 [pool-1-thread-2] INFO  com.crawljax.core.Crawler - Changing related inputs for 173 with 0  to 0 
18:43:41.813 [pool-1-thread-2] INFO  c.c.core.UnfiredFragmentCandidates - Changing related inputs to worked inputs 0 for 173
18:43:41.813 [pool-1-thread-2] INFO  c.c.core.UnfiredFragmentCandidates - event 173 - Before 0
18:43:41.813 [pool-1-thread-2] INFO  c.c.core.UnfiredFragmentCandidates - event 173 - After 0
18:43:41.813 [pool-1-thread-2] INFO  c.c.core.UnfiredFragmentCandidates - input for 173, 0
18:43:45.364 [pool-1-thread-2] INFO  c.c.c.state.InMemoryStateFlowGraph - Number of states in the graph is now 67
18:43:45.365 [pool-1-thread-2] INFO  c.crawljax.core.state.StateMachine - State state589 added to the StateMachine.
18:43:45.511 [pool-1-thread-2] INFO  com.crawljax.core.Crawler - New DOM is a new state! crawl depth is now 5
18:43:45.511 [pool-1-thread-2] INFO  com.crawljax.core.Crawler - Parsing DOM of state state589 for candidate elements
18:43:45.525 [pool-1-thread-2] INFO  c.c.core.UnfiredFragmentCandidates - There are 5 states with unfired actions: [580, 581, 583, 586, 589]
18:43:45.535 [pool-1-thread-2] INFO  com.crawljax.core.Crawler -  Event xpath /HTML[1]/BODY[1]/DIV[4]/DIV[2]/DIV[1]/DIV[1]/UL[1]/LI[5]
18:43:45.549 [pool-1-thread-2] INFO  com.crawljax.core.Crawler - Changing related inputs for 174 with 0  to 0 
18:43:45.619 [pool-1-thread-2] INFO  c.c.core.UnfiredFragmentCandidates - Changing related inputs to worked inputs 0 for 174
18:43:45.619 [pool-1-thread-2] INFO  c.c.core.UnfiredFragmentCandidates - event 174 - Before 0
18:43:45.619 [pool-1-thread-2] INFO  c.c.core.UnfiredFragmentCandidates - event 174 - After 0
18:43:45.619 [pool-1-thread-2] INFO  c.c.core.UnfiredFragmentCandidates - input for 174, 0
18:43:48.739 [pool-1-thread-2] INFO  com.crawljax.core.Crawler -  Event xpath /HTML[1]/BODY[1]/DIV[4]/DIV[1]/DIV[2]/DIV[1]/A[1]/SPAN[2]
18:43:48.756 [pool-1-thread-2] INFO  com.crawljax.core.Crawler - Changing related inputs for 175 with 0  to 0 
18:43:48.831 [pool-1-thread-2] INFO  c.c.core.UnfiredFragmentCandidates - Changing related inputs to worked inputs 0 for 175
18:43:48.831 [pool-1-thread-2] INFO  c.c.core.UnfiredFragmentCandidates - event 175 - Before 0
18:43:48.831 [pool-1-thread-2] INFO  c.c.core.UnfiredFragmentCandidates - event 175 - After 0
18:43:48.831 [pool-1-thread-2] INFO  c.c.core.UnfiredFragmentCandidates - input for 175, 0
18:43:48.873 [pool-1-thread-2] INFO  com.crawljax.core.Crawler -  Event xpath /HTML[1]/BODY[1]/DIV[4]/DIV[1]/DIV[2]/UL[2]/LI[4]
18:43:48.888 [pool-1-thread-2] INFO  com.crawljax.core.Crawler - Changing related inputs for 176 with 0  to 0 
18:43:48.954 [pool-1-thread-2] INFO  c.c.core.UnfiredFragmentCandidates - Changing related inputs to worked inputs 0 for 176
18:43:48.954 [pool-1-thread-2] INFO  c.c.core.UnfiredFragmentCandidates - event 176 - Before 0
18:43:48.954 [pool-1-thread-2] INFO  c.c.core.UnfiredFragmentCandidates - event 176 - After 0
18:43:48.954 [pool-1-thread-2] INFO  c.c.core.UnfiredFragmentCandidates - input for 176, 0
18:43:48.996 [pool-1-thread-2] INFO  com.crawljax.core.Crawler -  Event xpath /HTML[1]/BODY[1]/DIV[4]/DIV[1]/DIV[2]/UL[1]/LI[2]/UL[1]/LI[1]/A[1]
18:43:49.010 [pool-1-thread-2] INFO  com.crawljax.core.Crawler - Changing related inputs for 177 with 0  to 0 
18:43:49.086 [pool-1-thread-2] INFO  c.c.core.UnfiredFragmentCandidates - Changing related inputs to worked inputs 0 for 177
18:43:49.086 [pool-1-thread-2] INFO  c.c.core.UnfiredFragmentCandidates - event 177 - Before 0
18:43:49.086 [pool-1-thread-2] INFO  c.c.core.UnfiredFragmentCandidates - event 177 - After 0
18:43:49.086 [pool-1-thread-2] INFO  c.c.core.UnfiredFragmentCandidates - input for 177, 0
18:43:49.121 [pool-1-thread-2] INFO  com.crawljax.core.Crawler - Found an invisible link with href=/desktops
18:43:51.961 [pool-1-thread-2] INFO  c.c.c.state.InMemoryStateFlowGraph - Number of states in the graph is now 68
18:43:51.961 [pool-1-thread-2] INFO  c.crawljax.core.state.StateMachine - State state591 added to the StateMachine.
18:43:52.089 [pool-1-thread-2] INFO  com.crawljax.core.Crawler - New DOM is a new state! crawl depth is now 6
18:43:52.089 [pool-1-thread-2] INFO  com.crawljax.core.Crawler - Parsing DOM of state state591 for candidate elements
18:43:52.095 [pool-1-thread-2] INFO  c.c.core.UnfiredFragmentCandidates - There are 6 states with unfired actions: [580, 581, 583, 586, 589, 591]
18:43:52.109 [pool-1-thread-2] INFO  com.crawljax.core.Crawler -  Event xpath /HTML[1]/BODY[1]/DIV[4]/DIV[1]/DIV[4]/DIV[2]/DIV[2]/DIV[2]/DIV[3]/DIV[6]/DIV[1]/DIV[2]/DIV[3]/DIV[1]
18:43:52.124 [pool-1-thread-2] INFO  com.crawljax.core.Crawler - Changing related inputs for 178 with 0  to 0 
18:43:52.195 [pool-1-thread-2] INFO  c.c.core.UnfiredFragmentCandidates - Changing related inputs to worked inputs 0 for 178
18:43:52.195 [pool-1-thread-2] INFO  c.c.core.UnfiredFragmentCandidates - event 178 - Before 0
18:43:52.195 [pool-1-thread-2] INFO  c.c.core.UnfiredFragmentCandidates - event 178 - After 0
18:43:52.195 [pool-1-thread-2] INFO  c.c.core.UnfiredFragmentCandidates - input for 178, 0
18:43:55.316 [pool-1-thread-2] INFO  com.crawljax.core.Crawler -  Event xpath /HTML[1]/BODY[1]/DIV[4]/DIV[1]/DIV[4]/DIV[1]/DIV[3]/DIV[2]/DIV[2]
18:43:55.336 [pool-1-thread-2] INFO  com.crawljax.core.Crawler - Changing related inputs for 179 with 0  to 0 
18:43:55.413 [pool-1-thread-2] INFO  c.c.core.UnfiredFragmentCandidates - Changing related inputs to worked inputs 0 for 179
18:43:55.413 [pool-1-thread-2] INFO  c.c.core.UnfiredFragmentCandidates - event 179 - Before 0
18:43:55.413 [pool-1-thread-2] INFO  c.c.core.UnfiredFragmentCandidates - event 179 - After 0
18:43:55.413 [pool-1-thread-2] INFO  c.c.core.UnfiredFragmentCandidates - input for 179, 0
18:43:55.460 [pool-1-thread-2] INFO  com.crawljax.core.Crawler -  Event xpath /HTML[1]/BODY[1]/DIV[4]/DIV[1]/DIV[1]/DIV[2]/DIV[2]/DIV[1]/DIV[1]
18:43:55.476 [pool-1-thread-2] INFO  com.crawljax.core.Crawler - Changing related inputs for 180 with 0  to 0 
18:43:55.547 [pool-1-thread-2] INFO  c.c.core.UnfiredFragmentCandidates - Changing related inputs to worked inputs 0 for 180
18:43:55.547 [pool-1-thread-2] INFO  c.c.core.UnfiredFragmentCandidates - event 180 - Before 0
18:43:55.547 [pool-1-thread-2] INFO  c.c.core.UnfiredFragmentCandidates - event 180 - After 0
18:43:55.547 [pool-1-thread-2] INFO  c.c.core.UnfiredFragmentCandidates - input for 180, 0
18:43:55.589 [pool-1-thread-2] INFO  com.crawljax.core.Crawler -  Event xpath /HTML[1]/BODY[1]/DIV[4]/DIV[1]/DIV[4]/DIV[2]/DIV[2]/DIV[2]/DIV[3]/DIV[6]/DIV[1]/DIV[2]/DIV[3]
18:43:55.604 [pool-1-thread-2] INFO  com.crawljax.core.Crawler - Changing related inputs for 181 with 0  to 0 
18:43:55.680 [pool-1-thread-2] INFO  c.c.core.UnfiredFragmentCandidates - Changing related inputs to worked inputs 0 for 181
18:43:55.680 [pool-1-thread-2] INFO  c.c.core.UnfiredFragmentCandidates - event 181 - Before 0
18:43:55.680 [pool-1-thread-2] INFO  c.c.core.UnfiredFragmentCandidates - event 181 - After 0
18:43:55.680 [pool-1-thread-2] INFO  c.c.core.UnfiredFragmentCandidates - input for 181, 0
18:43:58.796 [pool-1-thread-2] INFO  com.crawljax.core.Crawler -  Event xpath /HTML[1]/BODY[1]/DIV[4]/DIV[1]/DIV[4]/DIV[1]/DIV[1]/DIV[2]/UL[1]/LI[2]/UL[1]/LI[1]
18:43:58.811 [pool-1-thread-2] INFO  com.crawljax.core.Crawler - Changing related inputs for 182 with 0  to 0 
18:43:58.887 [pool-1-thread-2] INFO  c.c.core.UnfiredFragmentCandidates - Changing related inputs to worked inputs 0 for 182
18:43:58.887 [pool-1-thread-2] INFO  c.c.core.UnfiredFragmentCandidates - event 182 - Before 0
18:43:58.887 [pool-1-thread-2] INFO  c.c.core.UnfiredFragmentCandidates - event 182 - After 0
18:43:58.887 [pool-1-thread-2] INFO  c.c.core.UnfiredFragmentCandidates - input for 182, 0
18:44:02.006 [pool-1-thread-2] INFO  com.crawljax.core.Crawler -  Event xpath /HTML[1]/BODY[1]/DIV[4]/DIV[1]/DIV[2]/UL[1]/LI[1]
18:44:02.022 [pool-1-thread-2] INFO  com.crawljax.core.Crawler - Changing related inputs for 183 with 0  to 0 
18:44:02.098 [pool-1-thread-2] INFO  c.c.core.UnfiredFragmentCandidates - Changing related inputs to worked inputs 0 for 183
18:44:02.098 [pool-1-thread-2] INFO  c.c.core.UnfiredFragmentCandidates - event 183 - Before 0
18:44:02.098 [pool-1-thread-2] INFO  c.c.core.UnfiredFragmentCandidates - event 183 - After 0
18:44:02.098 [pool-1-thread-2] INFO  c.c.core.UnfiredFragmentCandidates - input for 183, 0
18:44:05.761 [pool-1-thread-2] INFO  c.c.c.state.InMemoryStateFlowGraph - Number of states in the graph is now 69
18:44:05.761 [pool-1-thread-2] INFO  c.crawljax.core.state.StateMachine - State state595 added to the StateMachine.
18:44:05.895 [pool-1-thread-2] INFO  com.crawljax.core.Crawler - New DOM is a new state! crawl depth is now 7
18:44:05.895 [pool-1-thread-2] INFO  com.crawljax.core.Crawler - Parsing DOM of state state595 for candidate elements
18:44:05.901 [pool-1-thread-2] INFO  c.c.core.UnfiredFragmentCandidates - There are 7 states with unfired actions: [580, 581, 583, 586, 589, 591, 595]
18:44:05.909 [pool-1-thread-2] INFO  com.crawljax.core.Crawler -  Event xpath /HTML[1]/BODY[1]/DIV[4]/DIV[1]/DIV[4]/DIV[2]/DIV[2]/DIV[2]/DIV[3]/DIV[1]/DIV[1]/DIV[1]
18:44:05.924 [pool-1-thread-2] INFO  com.crawljax.core.Crawler - Changing related inputs for 184 with 0  to 0 
18:44:06.004 [pool-1-thread-2] INFO  c.c.core.UnfiredFragmentCandidates - Changing related inputs to worked inputs 0 for 184
18:44:06.004 [pool-1-thread-2] INFO  c.c.core.UnfiredFragmentCandidates - event 184 - Before 0
18:44:06.004 [pool-1-thread-2] INFO  c.c.core.UnfiredFragmentCandidates - event 184 - After 0
18:44:06.004 [pool-1-thread-2] INFO  c.c.core.UnfiredFragmentCandidates - input for 184, 0
18:44:10.498 [pool-1-thread-2] INFO  c.c.c.state.InMemoryStateFlowGraph - Number of states in the graph is now 70
18:44:10.498 [pool-1-thread-2] INFO  c.crawljax.core.state.StateMachine - State state596 added to the StateMachine.
18:44:10.641 [pool-1-thread-2] INFO  com.crawljax.core.Crawler - New DOM is a new state! crawl depth is now 8
18:44:10.648 [pool-1-thread-2] INFO  com.crawljax.core.Crawler - Resetting the crawler and Going to state state499
18:44:10.656 [pool-1-thread-2] INFO  com.crawljax.core.CrawlSession - Adding CrawlPath to session !!
18:44:10.656 [pool-1-thread-2] INFO  com.crawljax.core.Crawler - BT-state493:-1state499_163_state580state580_164_state581state581_167_state583state583_170_state586state586_173_state589state589_177_state591state591_183_state595state595_184_state596
18:44:13.585 [pool-1-thread-2] INFO  c.c.c.state.InMemoryStateFlowGraph - Number of states in the graph is now 71
18:44:13.724 [pool-1-thread-2] INFO  com.crawljax.core.Crawler - Parsing DOM of state state597 for candidate elements
18:44:13.731 [pool-1-thread-2] INFO  c.c.core.UnfiredFragmentCandidates - There are 8 states with unfired actions: [580, 581, 583, 586, 589, 591, 595, 597]
18:44:13.731 [pool-1-thread-2] INFO  com.crawljax.core.Crawler - Added a reload edge from state596 to state597
18:44:13.731 [pool-1-thread-2] INFO  com.crawljax.core.Crawler - Initial state not the same as current state : Getting shortest path from current state
18:44:13.731 [pool-1-thread-2] INFO  com.crawljax.core.Crawler - state499 no path from state597
18:44:13.731 [pool-1-thread-2] INFO  c.crawljax.core.state.StateMachine - Cannot go to state: 'state1' from: 'state597'
18:44:13.731 [pool-1-thread-2] INFO  com.crawljax.core.Crawler - Not a valid path anymore index: state499
18:44:13.731 [pool-1-thread-2] INFO  com.crawljax.core.Crawler - Tried to follow 
18:44:13.731 [pool-1-thread-2] INFO  com.crawljax.core.Crawler - index_1_state1state1_4_state3state3_145_state483state483_155_state492state492_156_state493state493_162_state498state498_0_state499
18:44:13.731 [pool-1-thread-2] INFO  com.crawljax.core.Crawler - Saving failed backtracking path to 499
18:44:13.731 [pool-1-thread-2] INFO  com.crawljax.core.Crawler - backtrack status: false, reached NearDuplicate : -1 
18:44:16.481 [pool-1-thread-2] INFO  c.c.c.state.InMemoryStateFlowGraph - Number of states in the graph is now 72
18:44:16.606 [pool-1-thread-2] INFO  com.crawljax.core.Crawler - Parsing DOM of state state598 for candidate elements
18:44:16.613 [pool-1-thread-2] INFO  c.c.core.UnfiredFragmentCandidates - There are 9 states with unfired actions: [580, 581, 583, 586, 589, 591, 595, 597, 598]
18:44:16.613 [pool-1-thread-2] INFO  com.crawljax.core.Crawler - Added a reload edge from state597 to state598
18:44:16.613 [pool-1-thread-2] INFO  c.crawljax.core.state.StateMachine - Cannot go to state: 'state13' from: 'state598'
18:44:16.614 [pool-1-thread-2] INFO  com.crawljax.core.Crawler - Not a valid path anymore state12: state499
18:44:16.614 [pool-1-thread-2] INFO  com.crawljax.core.Crawler - Tried to follow 
18:44:16.614 [pool-1-thread-2] INFO  com.crawljax.core.Crawler - state12_0_state13state13_17_state27state27_18_state28state28_19_state29state29_59_state142state142_136_state380state380_139_state381state381_140_state382state382_143_state481state481_144_state3state3_145_state483state483_155_state492state492_156_state493state493_162_state498state498_0_state499
18:44:16.614 [pool-1-thread-2] INFO  com.crawljax.core.Crawler - Saving failed backtracking path to 499
18:44:16.614 [pool-1-thread-2] INFO  com.crawljax.core.Crawler - backtrack status: false, reached NearDuplicate : -1 
18:44:19.374 [pool-1-thread-2] INFO  com.crawljax.core.Crawler - index has changed to: state598
18:44:19.374 [pool-1-thread-2] INFO  com.crawljax.core.Crawler - Added a reload edge from state598 to state598
18:44:19.374 [pool-1-thread-2] INFO  c.crawljax.core.state.StateMachine - Cannot go to state: 'state27' from: 'state598'
18:44:19.374 [pool-1-thread-2] INFO  com.crawljax.core.Crawler - Not a valid path anymore state13: state499
18:44:19.374 [pool-1-thread-2] INFO  com.crawljax.core.Crawler - Tried to follow 
18:44:19.374 [pool-1-thread-2] INFO  com.crawljax.core.Crawler - state13_17_state27state27_18_state28state28_19_state29state29_59_state142state142_136_state380state380_139_state381state381_140_state382state382_143_state481state481_144_state3state3_145_state483state483_155_state492state492_156_state493state493_162_state498state498_0_state499
18:44:19.374 [pool-1-thread-2] INFO  com.crawljax.core.Crawler - Saving failed backtracking path to 499
18:44:19.374 [pool-1-thread-2] INFO  com.crawljax.core.Crawler - backtrack status: false, reached NearDuplicate : -1 
18:44:22.159 [pool-1-thread-2] INFO  com.crawljax.core.Crawler - index has changed to: state598
18:44:22.160 [pool-1-thread-2] INFO  com.crawljax.core.Crawler - Did not add reload edge from state598 to state598
18:44:22.160 [pool-1-thread-2] INFO  c.crawljax.core.state.StateMachine - Cannot go to state: 'state5' from: 'state598'
18:44:22.160 [pool-1-thread-2] INFO  com.crawljax.core.Crawler - Not a valid path anymore state43: state499
18:44:22.160 [pool-1-thread-2] INFO  com.crawljax.core.Crawler - Tried to follow 
18:44:22.160 [pool-1-thread-2] INFO  com.crawljax.core.Crawler - state43_37_state5state5_7_state4state4_23_state32state32_30_state37state37_31_state38state38_88_state234state234_85_state3state3_145_state483state483_155_state492state492_156_state493state493_162_state498state498_0_state499
18:44:22.160 [pool-1-thread-2] INFO  com.crawljax.core.Crawler - Saving failed backtracking path to 499
18:44:22.160 [pool-1-thread-2] INFO  com.crawljax.core.Crawler - backtrack status: false, reached NearDuplicate : -1 
18:44:24.932 [pool-1-thread-2] INFO  com.crawljax.core.Crawler - index has changed to: state598
18:44:24.932 [pool-1-thread-2] INFO  com.crawljax.core.Crawler - Did not add reload edge from state598 to state598
18:44:24.932 [pool-1-thread-2] INFO  c.crawljax.core.state.StateMachine - Cannot go to state: 'state139' from: 'state598'
18:44:24.932 [pool-1-thread-2] INFO  com.crawljax.core.Crawler - Not a valid path anymore state94: state499
18:44:24.932 [pool-1-thread-2] INFO  com.crawljax.core.Crawler - Tried to follow 
18:44:24.932 [pool-1-thread-2] INFO  com.crawljax.core.Crawler - state94_56_state139state139_57_state140state140_58_state29state29_59_state142state142_136_state380state380_139_state381state381_140_state382state382_143_state481state481_144_state3state3_145_state483state483_155_state492state492_156_state493state493_162_state498state498_0_state499
18:44:24.932 [pool-1-thread-2] INFO  com.crawljax.core.Crawler - Saving failed backtracking path to 499
18:44:24.932 [pool-1-thread-2] INFO  com.crawljax.core.Crawler - backtrack status: false, reached NearDuplicate : -1 
18:44:27.692 [pool-1-thread-2] INFO  com.crawljax.core.Crawler - index has changed to: state598
18:44:27.693 [pool-1-thread-2] INFO  com.crawljax.core.Crawler - Did not add reload edge from state598 to state598
18:44:27.693 [pool-1-thread-2] INFO  c.crawljax.core.state.StateMachine - Cannot go to state: 'state232' from: 'state598'
18:44:27.693 [pool-1-thread-2] INFO  com.crawljax.core.Crawler - Not a valid path anymore state160: state499
18:44:27.693 [pool-1-thread-2] INFO  com.crawljax.core.Crawler - Tried to follow 
18:44:27.693 [pool-1-thread-2] INFO  com.crawljax.core.Crawler - state160_81_state232state232_83_state233state233_84_state234state234_85_state3state3_145_state483state483_155_state492state492_156_state493state493_162_state498state498_0_state499
18:44:27.693 [pool-1-thread-2] INFO  com.crawljax.core.Crawler - Saving failed backtracking path to 499
18:44:27.693 [pool-1-thread-2] INFO  com.crawljax.core.Crawler - backtrack status: false, reached NearDuplicate : -1 
18:44:30.464 [pool-1-thread-2] INFO  com.crawljax.core.Crawler - index has changed to: state598
18:44:30.464 [pool-1-thread-2] INFO  com.crawljax.core.Crawler - Did not add reload edge from state598 to state598
18:44:30.465 [pool-1-thread-2] INFO  c.crawljax.core.state.StateMachine - Cannot go to state: 'state232' from: 'state598'
18:44:30.465 [pool-1-thread-2] INFO  com.crawljax.core.Crawler - Not a valid path anymore state263: state499
18:44:30.465 [pool-1-thread-2] INFO  com.crawljax.core.Crawler - Tried to follow 
18:44:30.465 [pool-1-thread-2] INFO  com.crawljax.core.Crawler - state263_117_state232state232_83_state233state233_84_state234state234_85_state3state3_145_state483state483_155_state492state492_156_state493state493_162_state498state498_0_state499
18:44:30.465 [pool-1-thread-2] INFO  com.crawljax.core.Crawler - Saving failed backtracking path to 499
18:44:30.465 [pool-1-thread-2] INFO  com.crawljax.core.Crawler - backtrack status: false, reached NearDuplicate : -1 
18:44:33.227 [pool-1-thread-2] INFO  com.crawljax.core.Crawler - index has changed to: state598
18:44:33.227 [pool-1-thread-2] INFO  com.crawljax.core.Crawler - Did not add reload edge from state598 to state598
18:44:33.228 [pool-1-thread-2] INFO  c.crawljax.core.state.StateMachine - Cannot go to state: 'state481' from: 'state598'
18:44:33.228 [pool-1-thread-2] INFO  com.crawljax.core.Crawler - Not a valid path anymore state382: state499
18:44:33.228 [pool-1-thread-2] INFO  com.crawljax.core.Crawler - Tried to follow 
18:44:33.228 [pool-1-thread-2] INFO  com.crawljax.core.Crawler - state382_143_state481state481_144_state3state3_145_state483state483_155_state492state492_156_state493state493_162_state498state498_0_state499
18:44:33.228 [pool-1-thread-2] INFO  com.crawljax.core.Crawler - Saving failed backtracking path to 499
18:44:33.228 [pool-1-thread-2] INFO  com.crawljax.core.Crawler - backtrack status: false, reached NearDuplicate : -1 
18:44:35.993 [pool-1-thread-2] INFO  com.crawljax.core.Crawler - index has changed to: state598
18:44:35.993 [pool-1-thread-2] INFO  com.crawljax.core.Crawler - Did not add reload edge from state598 to state598
18:44:35.993 [pool-1-thread-2] INFO  com.crawljax.core.Crawler - Not a valid path anymore state499: state499
18:44:35.993 [pool-1-thread-2] INFO  com.crawljax.core.Crawler - Tried to follow 
18:44:35.993 [pool-1-thread-2] INFO  com.crawljax.core.Crawler - 
18:44:35.993 [pool-1-thread-2] INFO  com.crawljax.core.Crawler - Saving failed backtracking path to 499
18:44:35.993 [pool-1-thread-2] INFO  com.crawljax.core.Crawler - backtrack status: false, reached NearDuplicate : -1 
18:44:38.751 [pool-1-thread-2] INFO  com.crawljax.core.Crawler - index has changed to: state598
18:44:38.751 [pool-1-thread-2] INFO  com.crawljax.core.Crawler - Did not add reload edge from state598 to state598
18:44:38.751 [pool-1-thread-2] INFO  com.crawljax.core.Crawler - state499 no path from state597
18:44:38.751 [pool-1-thread-2] INFO  com.crawljax.core.Crawler - state unreachable: Removing from candidate actions state499
18:44:38.751 [pool-1-thread-2] INFO  c.c.core.UnfiredFragmentCandidates - Placing purged actions in unreachable cache for state499
18:44:38.751 [pool-1-thread-2] INFO  com.crawljax.core.Crawler - Resetting the crawler and Going to state state580
18:44:41.514 [pool-1-thread-2] INFO  com.crawljax.core.Crawler - index has changed to: state598
18:44:41.514 [pool-1-thread-2] INFO  com.crawljax.core.Crawler - Did not add reload edge from state598 to state598
18:44:41.514 [pool-1-thread-2] INFO  com.crawljax.core.Crawler - Initial state not the same as current state : Getting shortest path from current state
18:44:41.514 [pool-1-thread-2] INFO  com.crawljax.core.Crawler - state580 no path from state598
18:44:41.514 [pool-1-thread-2] INFO  c.crawljax.core.state.StateMachine - Cannot go to state: 'state1' from: 'state598'
18:44:41.514 [pool-1-thread-2] INFO  com.crawljax.core.Crawler - Not a valid path anymore index: state580
18:44:41.514 [pool-1-thread-2] INFO  com.crawljax.core.Crawler - Tried to follow 
18:44:41.514 [pool-1-thread-2] INFO  com.crawljax.core.Crawler - index_1_state1state1_4_state3state3_145_state483state483_155_state492state492_156_state493state493_162_state498state498_0_state499state499_163_state580
18:44:41.514 [pool-1-thread-2] INFO  com.crawljax.core.Crawler - Saving failed backtracking path to 580
18:44:41.514 [pool-1-thread-2] INFO  com.crawljax.core.Crawler - backtrack status: false, reached NearDuplicate : -1 
18:44:44.290 [pool-1-thread-2] INFO  com.crawljax.core.Crawler - index has changed to: state598
18:44:44.290 [pool-1-thread-2] INFO  com.crawljax.core.Crawler - Did not add reload edge from state598 to state598
18:44:44.290 [pool-1-thread-2] INFO  c.crawljax.core.state.StateMachine - Cannot go to state: 'state13' from: 'state598'
18:44:44.290 [pool-1-thread-2] INFO  com.crawljax.core.Crawler - Not a valid path anymore state12: state580
18:44:44.290 [pool-1-thread-2] INFO  com.crawljax.core.Crawler - Tried to follow 
18:44:44.290 [pool-1-thread-2] INFO  com.crawljax.core.Crawler - state12_0_state13state13_17_state27state27_18_state28state28_19_state29state29_59_state142state142_136_state380state380_139_state381state381_140_state382state382_143_state481state481_144_state3state3_145_state483state483_155_state492state492_156_state493state493_162_state498state498_0_state499state499_163_state580
18:44:44.290 [pool-1-thread-2] INFO  com.crawljax.core.Crawler - Saving failed backtracking path to 580
18:44:44.290 [pool-1-thread-2] INFO  com.crawljax.core.Crawler - backtrack status: false, reached NearDuplicate : -1 
18:44:47.070 [pool-1-thread-2] INFO  com.crawljax.core.Crawler - index has changed to: state598
18:44:47.071 [pool-1-thread-2] INFO  com.crawljax.core.Crawler - Did not add reload edge from state598 to state598
18:44:47.071 [pool-1-thread-2] INFO  c.crawljax.core.state.StateMachine - Cannot go to state: 'state27' from: 'state598'
18:44:47.071 [pool-1-thread-2] INFO  com.crawljax.core.Crawler - Not a valid path anymore state13: state580
18:44:47.071 [pool-1-thread-2] INFO  com.crawljax.core.Crawler - Tried to follow 
18:44:47.071 [pool-1-thread-2] INFO  com.crawljax.core.Crawler - state13_17_state27state27_18_state28state28_19_state29state29_59_state142state142_136_state380state380_139_state381state381_140_state382state382_143_state481state481_144_state3state3_145_state483state483_155_state492state492_156_state493state493_162_state498state498_0_state499state499_163_state580
18:44:47.071 [pool-1-thread-2] INFO  com.crawljax.core.Crawler - Saving failed backtracking path to 580
18:44:47.071 [pool-1-thread-2] INFO  com.crawljax.core.Crawler - backtrack status: false, reached NearDuplicate : -1 
18:44:49.845 [pool-1-thread-2] INFO  com.crawljax.core.Crawler - index has changed to: state598
18:44:49.845 [pool-1-thread-2] INFO  com.crawljax.core.Crawler - Did not add reload edge from state598 to state598
18:44:49.845 [pool-1-thread-2] INFO  c.crawljax.core.state.StateMachine - Cannot go to state: 'state5' from: 'state598'
18:44:49.846 [pool-1-thread-2] INFO  com.crawljax.core.Crawler - Not a valid path anymore state43: state580
18:44:49.846 [pool-1-thread-2] INFO  com.crawljax.core.Crawler - Tried to follow 
18:44:49.846 [pool-1-thread-2] INFO  com.crawljax.core.Crawler - state43_37_state5state5_7_state4state4_23_state32state32_30_state37state37_31_state38state38_88_state234state234_85_state3state3_145_state483state483_155_state492state492_156_state493state493_162_state498state498_0_state499state499_163_state580
18:44:49.846 [pool-1-thread-2] INFO  com.crawljax.core.Crawler - Saving failed backtracking path to 580
18:44:49.846 [pool-1-thread-2] INFO  com.crawljax.core.Crawler - backtrack status: false, reached NearDuplicate : -1 
18:44:52.580 [pool-1-thread-2] INFO  com.crawljax.core.Crawler - index has changed to: state598
18:44:52.581 [pool-1-thread-2] INFO  com.crawljax.core.Crawler - Did not add reload edge from state598 to state598
18:44:52.581 [pool-1-thread-2] INFO  c.crawljax.core.state.StateMachine - Cannot go to state: 'state139' from: 'state598'
18:44:52.581 [pool-1-thread-2] INFO  com.crawljax.core.Crawler - Not a valid path anymore state94: state580
18:44:52.581 [pool-1-thread-2] INFO  com.crawljax.core.Crawler - Tried to follow 
18:44:52.581 [pool-1-thread-2] INFO  com.crawljax.core.Crawler - state94_56_state139state139_57_state140state140_58_state29state29_59_state142state142_136_state380state380_139_state381state381_140_state382state382_143_state481state481_144_state3state3_145_state483state483_155_state492state492_156_state493state493_162_state498state498_0_state499state499_163_state580
18:44:52.581 [pool-1-thread-2] INFO  com.crawljax.core.Crawler - Saving failed backtracking path to 580
18:44:52.581 [pool-1-thread-2] INFO  com.crawljax.core.Crawler - backtrack status: false, reached NearDuplicate : -1 
18:44:55.359 [pool-1-thread-2] INFO  com.crawljax.core.Crawler - index has changed to: state598
18:44:55.359 [pool-1-thread-2] INFO  com.crawljax.core.Crawler - Did not add reload edge from state598 to state598
18:44:55.359 [pool-1-thread-2] INFO  c.crawljax.core.state.StateMachine - Cannot go to state: 'state232' from: 'state598'
18:44:55.359 [pool-1-thread-2] INFO  com.crawljax.core.Crawler - Not a valid path anymore state160: state580
18:44:55.359 [pool-1-thread-2] INFO  com.crawljax.core.Crawler - Tried to follow 
18:44:55.359 [pool-1-thread-2] INFO  com.crawljax.core.Crawler - state160_81_state232state232_83_state233state233_84_state234state234_85_state3state3_145_state483state483_155_state492state492_156_state493state493_162_state498state498_0_state499state499_163_state580
18:44:55.359 [pool-1-thread-2] INFO  com.crawljax.core.Crawler - Saving failed backtracking path to 580
18:44:55.359 [pool-1-thread-2] INFO  com.crawljax.core.Crawler - backtrack status: false, reached NearDuplicate : -1 
18:44:58.123 [pool-1-thread-2] INFO  com.crawljax.core.Crawler - index has changed to: state598
18:44:58.123 [pool-1-thread-2] INFO  com.crawljax.core.Crawler - Did not add reload edge from state598 to state598
18:44:58.123 [pool-1-thread-2] INFO  c.crawljax.core.state.StateMachine - Cannot go to state: 'state232' from: 'state598'
18:44:58.123 [pool-1-thread-2] INFO  com.crawljax.core.Crawler - Not a valid path anymore state263: state580
18:44:58.123 [pool-1-thread-2] INFO  com.crawljax.core.Crawler - Tried to follow 
18:44:58.123 [pool-1-thread-2] INFO  com.crawljax.core.Crawler - state263_117_state232state232_83_state233state233_84_state234state234_85_state3state3_145_state483state483_155_state492state492_156_state493state493_162_state498state498_0_state499state499_163_state580
18:44:58.123 [pool-1-thread-2] INFO  com.crawljax.core.Crawler - Saving failed backtracking path to 580
18:44:58.123 [pool-1-thread-2] INFO  com.crawljax.core.Crawler - backtrack status: false, reached NearDuplicate : -1 
18:45:00.882 [pool-1-thread-2] INFO  com.crawljax.core.Crawler - index has changed to: state598
18:45:00.882 [pool-1-thread-2] INFO  com.crawljax.core.Crawler - Did not add reload edge from state598 to state598
18:45:00.882 [pool-1-thread-2] INFO  c.crawljax.core.state.StateMachine - Cannot go to state: 'state481' from: 'state598'
18:45:00.882 [pool-1-thread-2] INFO  com.crawljax.core.Crawler - Not a valid path anymore state382: state580
18:45:00.882 [pool-1-thread-2] INFO  com.crawljax.core.Crawler - Tried to follow 
18:45:00.882 [pool-1-thread-2] INFO  com.crawljax.core.Crawler - state382_143_state481state481_144_state3state3_145_state483state483_155_state492state492_156_state493state493_162_state498state498_0_state499state499_163_state580
18:45:00.882 [pool-1-thread-2] INFO  com.crawljax.core.Crawler - Saving failed backtracking path to 580
18:45:00.882 [pool-1-thread-2] INFO  com.crawljax.core.Crawler - backtrack status: false, reached NearDuplicate : -1 
18:45:03.643 [pool-1-thread-2] INFO  com.crawljax.core.Crawler - index has changed to: state598
18:45:03.643 [pool-1-thread-2] INFO  com.crawljax.core.Crawler - Did not add reload edge from state598 to state598
18:45:03.643 [pool-1-thread-2] INFO  c.crawljax.core.state.StateMachine - Cannot go to state: 'state580' from: 'state598'
18:45:03.643 [pool-1-thread-2] INFO  com.crawljax.core.Crawler - Not a valid path anymore state499: state580
18:45:03.643 [pool-1-thread-2] INFO  com.crawljax.core.Crawler - Tried to follow 
18:45:03.643 [pool-1-thread-2] INFO  com.crawljax.core.Crawler - state499_163_state580
18:45:03.643 [pool-1-thread-2] INFO  com.crawljax.core.Crawler - Saving failed backtracking path to 580
18:45:03.643 [pool-1-thread-2] INFO  com.crawljax.core.Crawler - backtrack status: false, reached NearDuplicate : -1 
18:45:06.430 [pool-1-thread-2] INFO  com.crawljax.core.Crawler - index has changed to: state598
18:45:06.431 [pool-1-thread-2] INFO  com.crawljax.core.Crawler - Did not add reload edge from state598 to state598
18:45:06.431 [pool-1-thread-2] INFO  com.crawljax.core.Crawler - state580 no path from state597
18:45:06.431 [pool-1-thread-2] INFO  com.crawljax.core.Crawler - state580 no path from state598
18:45:06.431 [pool-1-thread-2] INFO  com.crawljax.core.Crawler - state unreachable: Removing from candidate actions state580
18:45:06.431 [pool-1-thread-2] INFO  c.c.core.UnfiredFragmentCandidates - Placing purged actions in unreachable cache for state580
18:45:06.431 [pool-1-thread-2] INFO  com.crawljax.core.Crawler - Resetting the crawler and Going to state state581
18:45:09.199 [pool-1-thread-2] INFO  com.crawljax.core.Crawler - index has changed to: state598
18:45:09.199 [pool-1-thread-2] INFO  com.crawljax.core.Crawler - Did not add reload edge from state598 to state598
18:45:09.199 [pool-1-thread-2] INFO  com.crawljax.core.Crawler - Initial state not the same as current state : Getting shortest path from current state
18:45:09.199 [pool-1-thread-2] INFO  com.crawljax.core.Crawler - state581 no path from state598
18:45:09.199 [pool-1-thread-2] INFO  c.crawljax.core.state.StateMachine - Cannot go to state: 'state1' from: 'state598'
18:45:09.199 [pool-1-thread-2] INFO  com.crawljax.core.Crawler - Not a valid path anymore index: state581
18:45:09.199 [pool-1-thread-2] INFO  com.crawljax.core.Crawler - Tried to follow 
18:45:09.200 [pool-1-thread-2] INFO  com.crawljax.core.Crawler - index_1_state1state1_4_state3state3_145_state483state483_155_state492state492_156_state493state493_162_state498state498_0_state499state499_163_state580state580_164_state581
18:45:09.200 [pool-1-thread-2] INFO  com.crawljax.core.Crawler - Saving failed backtracking path to 581
18:45:09.200 [pool-1-thread-2] INFO  com.crawljax.core.Crawler - backtrack status: false, reached NearDuplicate : -1 
18:45:11.948 [pool-1-thread-2] INFO  com.crawljax.core.Crawler - index has changed to: state598
18:45:11.948 [pool-1-thread-2] INFO  com.crawljax.core.Crawler - Did not add reload edge from state598 to state598
18:45:11.949 [pool-1-thread-2] INFO  c.crawljax.core.state.StateMachine - Cannot go to state: 'state13' from: 'state598'
18:45:11.949 [pool-1-thread-2] INFO  com.crawljax.core.Crawler - Not a valid path anymore state12: state581
18:45:11.949 [pool-1-thread-2] INFO  com.crawljax.core.Crawler - Tried to follow 
18:45:11.949 [pool-1-thread-2] INFO  com.crawljax.core.Crawler - state12_0_state13state13_17_state27state27_18_state28state28_19_state29state29_59_state142state142_136_state380state380_139_state381state381_140_state382state382_143_state481state481_144_state3state3_145_state483state483_155_state492state492_156_state493state493_162_state498state498_0_state499state499_163_state580state580_164_state581
18:45:11.949 [pool-1-thread-2] INFO  com.crawljax.core.Crawler - Saving failed backtracking path to 581
18:45:11.949 [pool-1-thread-2] INFO  com.crawljax.core.Crawler - backtrack status: false, reached NearDuplicate : -1 
18:45:14.706 [pool-1-thread-2] INFO  com.crawljax.core.Crawler - index has changed to: state598
18:45:14.706 [pool-1-thread-2] INFO  com.crawljax.core.Crawler - Did not add reload edge from state598 to state598
18:45:14.707 [pool-1-thread-2] INFO  c.crawljax.core.state.StateMachine - Cannot go to state: 'state27' from: 'state598'
18:45:14.707 [pool-1-thread-2] INFO  com.crawljax.core.Crawler - Not a valid path anymore state13: state581
18:45:14.707 [pool-1-thread-2] INFO  com.crawljax.core.Crawler - Tried to follow 
18:45:14.707 [pool-1-thread-2] INFO  com.crawljax.core.Crawler - state13_17_state27state27_18_state28state28_19_state29state29_59_state142state142_136_state380state380_139_state381state381_140_state382state382_143_state481state481_144_state3state3_145_state483state483_155_state492state492_156_state493state493_162_state498state498_0_state499state499_163_state580state580_164_state581
18:45:14.707 [pool-1-thread-2] INFO  com.crawljax.core.Crawler - Saving failed backtracking path to 581
18:45:14.707 [pool-1-thread-2] INFO  com.crawljax.core.Crawler - backtrack status: false, reached NearDuplicate : -1 
18:45:17.484 [pool-1-thread-2] INFO  com.crawljax.core.Crawler - index has changed to: state598
18:45:17.485 [pool-1-thread-2] INFO  com.crawljax.core.Crawler - Did not add reload edge from state598 to state598
18:45:17.485 [pool-1-thread-2] INFO  c.crawljax.core.state.StateMachine - Cannot go to state: 'state5' from: 'state598'
18:45:17.485 [pool-1-thread-2] INFO  com.crawljax.core.Crawler - Not a valid path anymore state43: state581
18:45:17.485 [pool-1-thread-2] INFO  com.crawljax.core.Crawler - Tried to follow 
18:45:17.485 [pool-1-thread-2] INFO  com.crawljax.core.Crawler - state43_37_state5state5_7_state4state4_23_state32state32_30_state37state37_31_state38state38_88_state234state234_85_state3state3_145_state483state483_155_state492state492_156_state493state493_162_state498state498_0_state499state499_163_state580state580_164_state581
18:45:17.485 [pool-1-thread-2] INFO  com.crawljax.core.Crawler - Saving failed backtracking path to 581
18:45:17.485 [pool-1-thread-2] INFO  com.crawljax.core.Crawler - backtrack status: false, reached NearDuplicate : -1 
18:45:20.240 [pool-1-thread-2] INFO  com.crawljax.core.Crawler - index has changed to: state598
18:45:20.241 [pool-1-thread-2] INFO  com.crawljax.core.Crawler - Did not add reload edge from state598 to state598
18:45:20.241 [pool-1-thread-2] INFO  c.crawljax.core.state.StateMachine - Cannot go to state: 'state139' from: 'state598'
18:45:20.241 [pool-1-thread-2] INFO  com.crawljax.core.Crawler - Not a valid path anymore state94: state581
18:45:20.241 [pool-1-thread-2] INFO  com.crawljax.core.Crawler - Tried to follow 
18:45:20.241 [pool-1-thread-2] INFO  com.crawljax.core.Crawler - state94_56_state139state139_57_state140state140_58_state29state29_59_state142state142_136_state380state380_139_state381state381_140_state382state382_143_state481state481_144_state3state3_145_state483state483_155_state492state492_156_state493state493_162_state498state498_0_state499state499_163_state580state580_164_state581
18:45:20.241 [pool-1-thread-2] INFO  com.crawljax.core.Crawler - Saving failed backtracking path to 581
18:45:20.241 [pool-1-thread-2] INFO  com.crawljax.core.Crawler - backtrack status: false, reached NearDuplicate : -1 
18:45:23.052 [pool-1-thread-2] INFO  com.crawljax.core.Crawler - index has changed to: state598
18:45:23.052 [pool-1-thread-2] INFO  com.crawljax.core.Crawler - Did not add reload edge from state598 to state598
18:45:23.052 [pool-1-thread-2] INFO  c.crawljax.core.state.StateMachine - Cannot go to state: 'state232' from: 'state598'
18:45:23.053 [pool-1-thread-2] INFO  com.crawljax.core.Crawler - Not a valid path anymore state160: state581
18:45:23.053 [pool-1-thread-2] INFO  com.crawljax.core.Crawler - Tried to follow 
18:45:23.053 [pool-1-thread-2] INFO  com.crawljax.core.Crawler - state160_81_state232state232_83_state233state233_84_state234state234_85_state3state3_145_state483state483_155_state492state492_156_state493state493_162_state498state498_0_state499state499_163_state580state580_164_state581
18:45:23.053 [pool-1-thread-2] INFO  com.crawljax.core.Crawler - Saving failed backtracking path to 581
18:45:23.053 [pool-1-thread-2] INFO  com.crawljax.core.Crawler - backtrack status: false, reached NearDuplicate : -1 
18:45:25.833 [pool-1-thread-2] INFO  com.crawljax.core.Crawler - index has changed to: state598
18:45:25.833 [pool-1-thread-2] INFO  com.crawljax.core.Crawler - Did not add reload edge from state598 to state598
18:45:25.833 [pool-1-thread-2] INFO  c.crawljax.core.state.StateMachine - Cannot go to state: 'state232' from: 'state598'
18:45:25.834 [pool-1-thread-2] INFO  com.crawljax.core.Crawler - Not a valid path anymore state263: state581
18:45:25.834 [pool-1-thread-2] INFO  com.crawljax.core.Crawler - Tried to follow 
18:45:25.834 [pool-1-thread-2] INFO  com.crawljax.core.Crawler - state263_117_state232state232_83_state233state233_84_state234state234_85_state3state3_145_state483state483_155_state492state492_156_state493state493_162_state498state498_0_state499state499_163_state580state580_164_state581
18:45:25.834 [pool-1-thread-2] INFO  com.crawljax.core.Crawler - Saving failed backtracking path to 581
18:45:25.834 [pool-1-thread-2] INFO  com.crawljax.core.Crawler - backtrack status: false, reached NearDuplicate : -1 
18:45:28.608 [pool-1-thread-2] INFO  com.crawljax.core.Crawler - index has changed to: state598
18:45:28.608 [pool-1-thread-2] INFO  com.crawljax.core.Crawler - Did not add reload edge from state598 to state598
18:45:28.608 [pool-1-thread-2] INFO  c.crawljax.core.state.StateMachine - Cannot go to state: 'state481' from: 'state598'
18:45:28.608 [pool-1-thread-2] INFO  com.crawljax.core.Crawler - Not a valid path anymore state382: state581
18:45:28.608 [pool-1-thread-2] INFO  com.crawljax.core.Crawler - Tried to follow 
18:45:28.609 [pool-1-thread-2] INFO  com.crawljax.core.Crawler - state382_143_state481state481_144_state3state3_145_state483state483_155_state492state492_156_state493state493_162_state498state498_0_state499state499_163_state580state580_164_state581
18:45:28.609 [pool-1-thread-2] INFO  com.crawljax.core.Crawler - Saving failed backtracking path to 581
18:45:28.609 [pool-1-thread-2] INFO  com.crawljax.core.Crawler - backtrack status: false, reached NearDuplicate : -1 
18:45:31.375 [pool-1-thread-2] INFO  com.crawljax.core.Crawler - index has changed to: state598
18:45:31.375 [pool-1-thread-2] INFO  com.crawljax.core.Crawler - Did not add reload edge from state598 to state598
18:45:31.375 [pool-1-thread-2] INFO  c.crawljax.core.state.StateMachine - Cannot go to state: 'state580' from: 'state598'
18:45:31.375 [pool-1-thread-2] INFO  com.crawljax.core.Crawler - Not a valid path anymore state499: state581
18:45:31.375 [pool-1-thread-2] INFO  com.crawljax.core.Crawler - Tried to follow 
18:45:31.375 [pool-1-thread-2] INFO  com.crawljax.core.Crawler - state499_163_state580state580_164_state581
18:45:31.375 [pool-1-thread-2] INFO  com.crawljax.core.Crawler - Saving failed backtracking path to 581
18:45:31.375 [pool-1-thread-2] INFO  com.crawljax.core.Crawler - backtrack status: false, reached NearDuplicate : -1 
18:45:34.127 [pool-1-thread-2] INFO  com.crawljax.core.Crawler - index has changed to: state598
18:45:34.127 [pool-1-thread-2] INFO  com.crawljax.core.Crawler - Did not add reload edge from state598 to state598
18:45:34.127 [pool-1-thread-2] INFO  com.crawljax.core.Crawler - state581 no path from state597
18:45:34.127 [pool-1-thread-2] INFO  com.crawljax.core.Crawler - state581 no path from state598
18:45:34.127 [pool-1-thread-2] INFO  com.crawljax.core.Crawler - state unreachable: Removing from candidate actions state581
18:45:34.127 [pool-1-thread-2] INFO  c.c.core.UnfiredFragmentCandidates - Placing purged actions in unreachable cache for state581
18:45:34.127 [pool-1-thread-2] INFO  com.crawljax.core.Crawler - Resetting the crawler and Going to state state583
18:45:36.894 [pool-1-thread-2] INFO  com.crawljax.core.Crawler - index has changed to: state598
18:45:36.895 [pool-1-thread-2] INFO  com.crawljax.core.Crawler - Did not add reload edge from state598 to state598
18:45:36.895 [pool-1-thread-2] INFO  com.crawljax.core.Crawler - Initial state not the same as current state : Getting shortest path from current state
18:45:36.895 [pool-1-thread-2] INFO  com.crawljax.core.Crawler - state583 no path from state598
18:45:36.895 [pool-1-thread-2] INFO  c.crawljax.core.state.StateMachine - Cannot go to state: 'state1' from: 'state598'
18:45:36.895 [pool-1-thread-2] INFO  com.crawljax.core.Crawler - Not a valid path anymore index: state583
18:45:36.895 [pool-1-thread-2] INFO  com.crawljax.core.Crawler - Tried to follow 
18:45:36.895 [pool-1-thread-2] INFO  com.crawljax.core.Crawler - index_1_state1state1_4_state3state3_145_state483state483_155_state492state492_156_state493state493_162_state498state498_0_state499state499_163_state580state580_164_state581state581_167_state583
18:45:36.895 [pool-1-thread-2] INFO  com.crawljax.core.Crawler - Saving failed backtracking path to 583
18:45:36.895 [pool-1-thread-2] INFO  com.crawljax.core.Crawler - backtrack status: false, reached NearDuplicate : -1 
18:45:39.661 [pool-1-thread-2] INFO  com.crawljax.core.Crawler - index has changed to: state598
18:45:39.661 [pool-1-thread-2] INFO  com.crawljax.core.Crawler - Did not add reload edge from state598 to state598
18:45:39.661 [pool-1-thread-2] INFO  c.crawljax.core.state.StateMachine - Cannot go to state: 'state13' from: 'state598'
18:45:39.661 [pool-1-thread-2] INFO  com.crawljax.core.Crawler - Not a valid path anymore state12: state583
18:45:39.661 [pool-1-thread-2] INFO  com.crawljax.core.Crawler - Tried to follow 
18:45:39.661 [pool-1-thread-2] INFO  com.crawljax.core.Crawler - state12_0_state13state13_17_state27state27_18_state28state28_19_state29state29_59_state142state142_136_state380state380_139_state381state381_140_state382state382_143_state481state481_144_state3state3_145_state483state483_155_state492state492_156_state493state493_162_state498state498_0_state499state499_163_state580state580_164_state581state581_167_state583
18:45:39.661 [pool-1-thread-2] INFO  com.crawljax.core.Crawler - Saving failed backtracking path to 583
18:45:39.661 [pool-1-thread-2] INFO  com.crawljax.core.Crawler - backtrack status: false, reached NearDuplicate : -1 
18:45:42.408 [pool-1-thread-2] INFO  com.crawljax.core.Crawler - index has changed to: state598
18:45:42.408 [pool-1-thread-2] INFO  com.crawljax.core.Crawler - Did not add reload edge from state598 to state598
18:45:42.408 [pool-1-thread-2] INFO  c.crawljax.core.state.StateMachine - Cannot go to state: 'state27' from: 'state598'
18:45:42.408 [pool-1-thread-2] INFO  com.crawljax.core.Crawler - Not a valid path anymore state13: state583
18:45:42.408 [pool-1-thread-2] INFO  com.crawljax.core.Crawler - Tried to follow 
18:45:42.408 [pool-1-thread-2] INFO  com.crawljax.core.Crawler - state13_17_state27state27_18_state28state28_19_state29state29_59_state142state142_136_state380state380_139_state381state381_140_state382state382_143_state481state481_144_state3state3_145_state483state483_155_state492state492_156_state493state493_162_state498state498_0_state499state499_163_state580state580_164_state581state581_167_state583
18:45:42.408 [pool-1-thread-2] INFO  com.crawljax.core.Crawler - Saving failed backtracking path to 583
18:45:42.408 [pool-1-thread-2] INFO  com.crawljax.core.Crawler - backtrack status: false, reached NearDuplicate : -1 
18:45:45.174 [pool-1-thread-2] INFO  com.crawljax.core.Crawler - index has changed to: state598
18:45:45.174 [pool-1-thread-2] INFO  com.crawljax.core.Crawler - Did not add reload edge from state598 to state598
18:45:45.175 [pool-1-thread-2] INFO  c.crawljax.core.state.StateMachine - Cannot go to state: 'state5' from: 'state598'
18:45:45.175 [pool-1-thread-2] INFO  com.crawljax.core.Crawler - Not a valid path anymore state43: state583
18:45:45.175 [pool-1-thread-2] INFO  com.crawljax.core.Crawler - Tried to follow 
18:45:45.175 [pool-1-thread-2] INFO  com.crawljax.core.Crawler - state43_37_state5state5_7_state4state4_23_state32state32_30_state37state37_31_state38state38_88_state234state234_85_state3state3_145_state483state483_155_state492state492_156_state493state493_162_state498state498_0_state499state499_163_state580state580_164_state581state581_167_state583
18:45:45.175 [pool-1-thread-2] INFO  com.crawljax.core.Crawler - Saving failed backtracking path to 583
18:45:45.175 [pool-1-thread-2] INFO  com.crawljax.core.Crawler - backtrack status: false, reached NearDuplicate : -1 
18:45:47.930 [pool-1-thread-2] INFO  com.crawljax.core.Crawler - index has changed to: state598
18:45:47.930 [pool-1-thread-2] INFO  com.crawljax.core.Crawler - Did not add reload edge from state598 to state598
18:45:47.930 [pool-1-thread-2] INFO  c.crawljax.core.state.StateMachine - Cannot go to state: 'state139' from: 'state598'
18:45:47.930 [pool-1-thread-2] INFO  com.crawljax.core.Crawler - Not a valid path anymore state94: state583
18:45:47.930 [pool-1-thread-2] INFO  com.crawljax.core.Crawler - Tried to follow 
18:45:47.930 [pool-1-thread-2] INFO  com.crawljax.core.Crawler - state94_56_state139state139_57_state140state140_58_state29state29_59_state142state142_136_state380state380_139_state381state381_140_state382state382_143_state481state481_144_state3state3_145_state483state483_155_state492state492_156_state493state493_162_state498state498_0_state499state499_163_state580state580_164_state581state581_167_state583
18:45:47.930 [pool-1-thread-2] INFO  com.crawljax.core.Crawler - Saving failed backtracking path to 583
18:45:47.930 [pool-1-thread-2] INFO  com.crawljax.core.Crawler - backtrack status: false, reached NearDuplicate : -1 
18:45:50.708 [pool-1-thread-2] INFO  com.crawljax.core.Crawler - index has changed to: state598
18:45:50.708 [pool-1-thread-2] INFO  com.crawljax.core.Crawler - Did not add reload edge from state598 to state598
18:45:50.709 [pool-1-thread-2] INFO  c.crawljax.core.state.StateMachine - Cannot go to state: 'state232' from: 'state598'
18:45:50.709 [pool-1-thread-2] INFO  com.crawljax.core.Crawler - Not a valid path anymore state160: state583
18:45:50.709 [pool-1-thread-2] INFO  com.crawljax.core.Crawler - Tried to follow 
18:45:50.709 [pool-1-thread-2] INFO  com.crawljax.core.Crawler - state160_81_state232state232_83_state233state233_84_state234state234_85_state3state3_145_state483state483_155_state492state492_156_state493state493_162_state498state498_0_state499state499_163_state580state580_164_state581state581_167_state583
18:45:50.709 [pool-1-thread-2] INFO  com.crawljax.core.Crawler - Saving failed backtracking path to 583
18:45:50.709 [pool-1-thread-2] INFO  com.crawljax.core.Crawler - backtrack status: false, reached NearDuplicate : -1 
18:45:53.460 [pool-1-thread-2] INFO  com.crawljax.core.Crawler - index has changed to: state598
18:45:53.461 [pool-1-thread-2] INFO  com.crawljax.core.Crawler - Did not add reload edge from state598 to state598
18:45:53.461 [pool-1-thread-2] INFO  c.crawljax.core.state.StateMachine - Cannot go to state: 'state232' from: 'state598'
18:45:53.461 [pool-1-thread-2] INFO  com.crawljax.core.Crawler - Not a valid path anymore state263: state583
18:45:53.461 [pool-1-thread-2] INFO  com.crawljax.core.Crawler - Tried to follow 
18:45:53.461 [pool-1-thread-2] INFO  com.crawljax.core.Crawler - state263_117_state232state232_83_state233state233_84_state234state234_85_state3state3_145_state483state483_155_state492state492_156_state493state493_162_state498state498_0_state499state499_163_state580state580_164_state581state581_167_state583
18:45:53.461 [pool-1-thread-2] INFO  com.crawljax.core.Crawler - Saving failed backtracking path to 583
18:45:53.461 [pool-1-thread-2] INFO  com.crawljax.core.Crawler - backtrack status: false, reached NearDuplicate : -1 
18:45:56.211 [pool-1-thread-2] INFO  com.crawljax.core.Crawler - index has changed to: state598
18:45:56.211 [pool-1-thread-2] INFO  com.crawljax.core.Crawler - Did not add reload edge from state598 to state598
18:45:56.211 [pool-1-thread-2] INFO  c.crawljax.core.state.StateMachine - Cannot go to state: 'state481' from: 'state598'
18:45:56.211 [pool-1-thread-2] INFO  com.crawljax.core.Crawler - Not a valid path anymore state382: state583
18:45:56.211 [pool-1-thread-2] INFO  com.crawljax.core.Crawler - Tried to follow 
18:45:56.211 [pool-1-thread-2] INFO  com.crawljax.core.Crawler - state382_143_state481state481_144_state3state3_145_state483state483_155_state492state492_156_state493state493_162_state498state498_0_state499state499_163_state580state580_164_state581state581_167_state583
18:45:56.211 [pool-1-thread-2] INFO  com.crawljax.core.Crawler - Saving failed backtracking path to 583
18:45:56.211 [pool-1-thread-2] INFO  com.crawljax.core.Crawler - backtrack status: false, reached NearDuplicate : -1 
18:45:59.002 [pool-1-thread-2] INFO  com.crawljax.core.Crawler - index has changed to: state598
18:45:59.002 [pool-1-thread-2] INFO  com.crawljax.core.Crawler - Did not add reload edge from state598 to state598
18:45:59.002 [pool-1-thread-2] INFO  c.crawljax.core.state.StateMachine - Cannot go to state: 'state580' from: 'state598'
18:45:59.002 [pool-1-thread-2] INFO  com.crawljax.core.Crawler - Not a valid path anymore state499: state583
18:45:59.002 [pool-1-thread-2] INFO  com.crawljax.core.Crawler - Tried to follow 
18:45:59.002 [pool-1-thread-2] INFO  com.crawljax.core.Crawler - state499_163_state580state580_164_state581state581_167_state583
18:45:59.002 [pool-1-thread-2] INFO  com.crawljax.core.Crawler - Saving failed backtracking path to 583
18:45:59.002 [pool-1-thread-2] INFO  com.crawljax.core.Crawler - backtrack status: false, reached NearDuplicate : -1 
18:46:01.759 [pool-1-thread-2] INFO  com.crawljax.core.Crawler - index has changed to: state598
18:46:01.759 [pool-1-thread-2] INFO  com.crawljax.core.Crawler - Did not add reload edge from state598 to state598
18:46:01.759 [pool-1-thread-2] INFO  com.crawljax.core.Crawler - state583 no path from state597
18:46:01.760 [pool-1-thread-2] INFO  com.crawljax.core.Crawler - state583 no path from state598
18:46:01.760 [pool-1-thread-2] INFO  com.crawljax.core.Crawler - state unreachable: Removing from candidate actions state583
18:46:01.760 [pool-1-thread-2] INFO  c.c.core.UnfiredFragmentCandidates - Placing purged actions in unreachable cache for state583
18:46:01.760 [pool-1-thread-2] INFO  com.crawljax.core.Crawler - Resetting the crawler and Going to state state586
18:46:04.520 [pool-1-thread-2] INFO  com.crawljax.core.Crawler - index has changed to: state598
18:46:04.520 [pool-1-thread-2] INFO  com.crawljax.core.Crawler - Did not add reload edge from state598 to state598
18:46:04.520 [pool-1-thread-2] INFO  com.crawljax.core.Crawler - Initial state not the same as current state : Getting shortest path from current state
18:46:04.520 [pool-1-thread-2] INFO  com.crawljax.core.Crawler - state586 no path from state598
18:46:04.520 [pool-1-thread-2] INFO  c.crawljax.core.state.StateMachine - Cannot go to state: 'state1' from: 'state598'
18:46:04.521 [pool-1-thread-2] INFO  com.crawljax.core.Crawler - Not a valid path anymore index: state586
18:46:04.521 [pool-1-thread-2] INFO  com.crawljax.core.Crawler - Tried to follow 
18:46:04.521 [pool-1-thread-2] INFO  com.crawljax.core.Crawler - index_1_state1state1_4_state3state3_145_state483state483_155_state492state492_156_state493state493_162_state498state498_0_state499state499_163_state580state580_164_state581state581_167_state583state583_170_state586
18:46:04.521 [pool-1-thread-2] INFO  com.crawljax.core.Crawler - Saving failed backtracking path to 586
18:46:04.521 [pool-1-thread-2] INFO  com.crawljax.core.Crawler - backtrack status: false, reached NearDuplicate : -1 
18:46:07.284 [pool-1-thread-2] INFO  com.crawljax.core.Crawler - index has changed to: state598
18:46:07.284 [pool-1-thread-2] INFO  com.crawljax.core.Crawler - Did not add reload edge from state598 to state598
18:46:07.284 [pool-1-thread-2] INFO  c.crawljax.core.state.StateMachine - Cannot go to state: 'state13' from: 'state598'
18:46:07.284 [pool-1-thread-2] INFO  com.crawljax.core.Crawler - Not a valid path anymore state12: state586
18:46:07.284 [pool-1-thread-2] INFO  com.crawljax.core.Crawler - Tried to follow 
18:46:07.284 [pool-1-thread-2] INFO  com.crawljax.core.Crawler - state12_0_state13state13_17_state27state27_18_state28state28_19_state29state29_59_state142state142_136_state380state380_139_state381state381_140_state382state382_143_state481state481_144_state3state3_145_state483state483_155_state492state492_156_state493state493_162_state498state498_0_state499state499_163_state580state580_164_state581state581_167_state583state583_170_state586
18:46:07.284 [pool-1-thread-2] INFO  com.crawljax.core.Crawler - Saving failed backtracking path to 586
18:46:07.284 [pool-1-thread-2] INFO  com.crawljax.core.Crawler - backtrack status: false, reached NearDuplicate : -1 
18:46:10.046 [pool-1-thread-2] INFO  com.crawljax.core.Crawler - index has changed to: state598
18:46:10.047 [pool-1-thread-2] INFO  com.crawljax.core.Crawler - Did not add reload edge from state598 to state598
18:46:10.047 [pool-1-thread-2] INFO  c.crawljax.core.state.StateMachine - Cannot go to state: 'state27' from: 'state598'
18:46:10.047 [pool-1-thread-2] INFO  com.crawljax.core.Crawler - Not a valid path anymore state13: state586
18:46:10.047 [pool-1-thread-2] INFO  com.crawljax.core.Crawler - Tried to follow 
18:46:10.047 [pool-1-thread-2] INFO  com.crawljax.core.Crawler - state13_17_state27state27_18_state28state28_19_state29state29_59_state142state142_136_state380state380_139_state381state381_140_state382state382_143_state481state481_144_state3state3_145_state483state483_155_state492state492_156_state493state493_162_state498state498_0_state499state499_163_state580state580_164_state581state581_167_state583state583_170_state586
18:46:10.047 [pool-1-thread-2] INFO  com.crawljax.core.Crawler - Saving failed backtracking path to 586
18:46:10.047 [pool-1-thread-2] INFO  com.crawljax.core.Crawler - backtrack status: false, reached NearDuplicate : -1 
18:46:12.824 [pool-1-thread-2] INFO  com.crawljax.core.Crawler - index has changed to: state598
18:46:12.824 [pool-1-thread-2] INFO  com.crawljax.core.Crawler - Did not add reload edge from state598 to state598
18:46:12.824 [pool-1-thread-2] INFO  c.crawljax.core.state.StateMachine - Cannot go to state: 'state5' from: 'state598'
18:46:12.824 [pool-1-thread-2] INFO  com.crawljax.core.Crawler - Not a valid path anymore state43: state586
18:46:12.824 [pool-1-thread-2] INFO  com.crawljax.core.Crawler - Tried to follow 
18:46:12.824 [pool-1-thread-2] INFO  com.crawljax.core.Crawler - state43_37_state5state5_7_state4state4_23_state32state32_30_state37state37_31_state38state38_88_state234state234_85_state3state3_145_state483state483_155_state492state492_156_state493state493_162_state498state498_0_state499state499_163_state580state580_164_state581state581_167_state583state583_170_state586
18:46:12.824 [pool-1-thread-2] INFO  com.crawljax.core.Crawler - Saving failed backtracking path to 586
18:46:12.824 [pool-1-thread-2] INFO  com.crawljax.core.Crawler - backtrack status: false, reached NearDuplicate : -1 
18:46:15.595 [pool-1-thread-2] INFO  com.crawljax.core.Crawler - index has changed to: state598
18:46:15.595 [pool-1-thread-2] INFO  com.crawljax.core.Crawler - Did not add reload edge from state598 to state598
18:46:15.595 [pool-1-thread-2] INFO  c.crawljax.core.state.StateMachine - Cannot go to state: 'state139' from: 'state598'
18:46:15.595 [pool-1-thread-2] INFO  com.crawljax.core.Crawler - Not a valid path anymore state94: state586
18:46:15.595 [pool-1-thread-2] INFO  com.crawljax.core.Crawler - Tried to follow 
18:46:15.595 [pool-1-thread-2] INFO  com.crawljax.core.Crawler - state94_56_state139state139_57_state140state140_58_state29state29_59_state142state142_136_state380state380_139_state381state381_140_state382state382_143_state481state481_144_state3state3_145_state483state483_155_state492state492_156_state493state493_162_state498state498_0_state499state499_163_state580state580_164_state581state581_167_state583state583_170_state586
18:46:15.595 [pool-1-thread-2] INFO  com.crawljax.core.Crawler - Saving failed backtracking path to 586
18:46:15.595 [pool-1-thread-2] INFO  com.crawljax.core.Crawler - backtrack status: false, reached NearDuplicate : -1 
18:46:18.358 [pool-1-thread-2] INFO  com.crawljax.core.Crawler - index has changed to: state598
18:46:18.358 [pool-1-thread-2] INFO  com.crawljax.core.Crawler - Did not add reload edge from state598 to state598
18:46:18.358 [pool-1-thread-2] INFO  c.crawljax.core.state.StateMachine - Cannot go to state: 'state232' from: 'state598'
18:46:18.358 [pool-1-thread-2] INFO  com.crawljax.core.Crawler - Not a valid path anymore state160: state586
18:46:18.358 [pool-1-thread-2] INFO  com.crawljax.core.Crawler - Tried to follow 
18:46:18.358 [pool-1-thread-2] INFO  com.crawljax.core.Crawler - state160_81_state232state232_83_state233state233_84_state234state234_85_state3state3_145_state483state483_155_state492state492_156_state493state493_162_state498state498_0_state499state499_163_state580state580_164_state581state581_167_state583state583_170_state586
18:46:18.358 [pool-1-thread-2] INFO  com.crawljax.core.Crawler - Saving failed backtracking path to 586
18:46:18.358 [pool-1-thread-2] INFO  com.crawljax.core.Crawler - backtrack status: false, reached NearDuplicate : -1 
18:46:21.112 [pool-1-thread-2] INFO  com.crawljax.core.Crawler - index has changed to: state598
18:46:21.112 [pool-1-thread-2] INFO  com.crawljax.core.Crawler - Did not add reload edge from state598 to state598
18:46:21.112 [pool-1-thread-2] INFO  c.crawljax.core.state.StateMachine - Cannot go to state: 'state232' from: 'state598'
18:46:21.113 [pool-1-thread-2] INFO  com.crawljax.core.Crawler - Not a valid path anymore state263: state586
18:46:21.113 [pool-1-thread-2] INFO  com.crawljax.core.Crawler - Tried to follow 
18:46:21.113 [pool-1-thread-2] INFO  com.crawljax.core.Crawler - state263_117_state232state232_83_state233state233_84_state234state234_85_state3state3_145_state483state483_155_state492state492_156_state493state493_162_state498state498_0_state499state499_163_state580state580_164_state581state581_167_state583state583_170_state586
18:46:21.113 [pool-1-thread-2] INFO  com.crawljax.core.Crawler - Saving failed backtracking path to 586
18:46:21.113 [pool-1-thread-2] INFO  com.crawljax.core.Crawler - backtrack status: false, reached NearDuplicate : -1 
18:46:23.878 [pool-1-thread-2] INFO  com.crawljax.core.Crawler - index has changed to: state598
18:46:23.878 [pool-1-thread-2] INFO  com.crawljax.core.Crawler - Did not add reload edge from state598 to state598
18:46:23.878 [pool-1-thread-2] INFO  c.crawljax.core.state.StateMachine - Cannot go to state: 'state481' from: 'state598'
18:46:23.878 [pool-1-thread-2] INFO  com.crawljax.core.Crawler - Not a valid path anymore state382: state586
18:46:23.878 [pool-1-thread-2] INFO  com.crawljax.core.Crawler - Tried to follow 
18:46:23.878 [pool-1-thread-2] INFO  com.crawljax.core.Crawler - state382_143_state481state481_144_state3state3_145_state483state483_155_state492state492_156_state493state493_162_state498state498_0_state499state499_163_state580state580_164_state581state581_167_state583state583_170_state586
18:46:23.878 [pool-1-thread-2] INFO  com.crawljax.core.Crawler - Saving failed backtracking path to 586
18:46:23.878 [pool-1-thread-2] INFO  com.crawljax.core.Crawler - backtrack status: false, reached NearDuplicate : -1 
18:46:26.627 [pool-1-thread-2] INFO  com.crawljax.core.Crawler - index has changed to: state598
18:46:26.628 [pool-1-thread-2] INFO  com.crawljax.core.Crawler - Did not add reload edge from state598 to state598
18:46:26.628 [pool-1-thread-2] INFO  c.crawljax.core.state.StateMachine - Cannot go to state: 'state580' from: 'state598'
18:46:26.628 [pool-1-thread-2] INFO  com.crawljax.core.Crawler - Not a valid path anymore state499: state586
18:46:26.628 [pool-1-thread-2] INFO  com.crawljax.core.Crawler - Tried to follow 
18:46:26.628 [pool-1-thread-2] INFO  com.crawljax.core.Crawler - state499_163_state580state580_164_state581state581_167_state583state583_170_state586
18:46:26.628 [pool-1-thread-2] INFO  com.crawljax.core.Crawler - Saving failed backtracking path to 586
18:46:26.628 [pool-1-thread-2] INFO  com.crawljax.core.Crawler - backtrack status: false, reached NearDuplicate : -1 
18:46:29.393 [pool-1-thread-2] INFO  com.crawljax.core.Crawler - index has changed to: state598
18:46:29.394 [pool-1-thread-2] INFO  com.crawljax.core.Crawler - Did not add reload edge from state598 to state598
18:46:29.394 [pool-1-thread-2] INFO  com.crawljax.core.Crawler - state586 no path from state597
18:46:29.394 [pool-1-thread-2] INFO  com.crawljax.core.Crawler - state586 no path from state598
18:46:29.394 [pool-1-thread-2] INFO  com.crawljax.core.Crawler - state unreachable: Removing from candidate actions state586
18:46:29.394 [pool-1-thread-2] INFO  c.c.core.UnfiredFragmentCandidates - Placing purged actions in unreachable cache for state586
18:46:29.394 [pool-1-thread-2] INFO  com.crawljax.core.Crawler - Resetting the crawler and Going to state state589
18:46:32.182 [pool-1-thread-2] INFO  com.crawljax.core.Crawler - index has changed to: state598
18:46:32.182 [pool-1-thread-2] INFO  com.crawljax.core.Crawler - Did not add reload edge from state598 to state598
18:46:32.182 [pool-1-thread-2] INFO  com.crawljax.core.Crawler - Initial state not the same as current state : Getting shortest path from current state
18:46:32.182 [pool-1-thread-2] INFO  com.crawljax.core.Crawler - state589 no path from state598
18:46:32.182 [pool-1-thread-2] INFO  c.crawljax.core.state.StateMachine - Cannot go to state: 'state1' from: 'state598'
18:46:32.182 [pool-1-thread-2] INFO  com.crawljax.core.Crawler - Not a valid path anymore index: state589
18:46:32.182 [pool-1-thread-2] INFO  com.crawljax.core.Crawler - Tried to follow 
18:46:32.182 [pool-1-thread-2] INFO  com.crawljax.core.Crawler - index_1_state1state1_4_state3state3_145_state483state483_155_state492state492_156_state493state493_162_state498state498_0_state499state499_163_state580state580_164_state581state581_167_state583state583_170_state586state586_173_state589
18:46:32.182 [pool-1-thread-2] INFO  com.crawljax.core.Crawler - Saving failed backtracking path to 589
18:46:32.182 [pool-1-thread-2] INFO  com.crawljax.core.Crawler - backtrack status: false, reached NearDuplicate : -1 
18:46:34.959 [pool-1-thread-2] INFO  com.crawljax.core.Crawler - index has changed to: state598
18:46:34.959 [pool-1-thread-2] INFO  com.crawljax.core.Crawler - Did not add reload edge from state598 to state598
18:46:34.959 [pool-1-thread-2] INFO  c.crawljax.core.state.StateMachine - Cannot go to state: 'state13' from: 'state598'
18:46:34.959 [pool-1-thread-2] INFO  com.crawljax.core.Crawler - Not a valid path anymore state12: state589
18:46:34.959 [pool-1-thread-2] INFO  com.crawljax.core.Crawler - Tried to follow 
18:46:34.959 [pool-1-thread-2] INFO  com.crawljax.core.Crawler - state12_0_state13state13_17_state27state27_18_state28state28_19_state29state29_59_state142state142_136_state380state380_139_state381state381_140_state382state382_143_state481state481_144_state3state3_145_state483state483_155_state492state492_156_state493state493_162_state498state498_0_state499state499_163_state580state580_164_state581state581_167_state583state583_170_state586state586_173_state589
18:46:34.959 [pool-1-thread-2] INFO  com.crawljax.core.Crawler - Saving failed backtracking path to 589
18:46:34.959 [pool-1-thread-2] INFO  com.crawljax.core.Crawler - backtrack status: false, reached NearDuplicate : -1 
18:46:37.713 [pool-1-thread-2] INFO  com.crawljax.core.Crawler - index has changed to: state598
18:46:37.713 [pool-1-thread-2] INFO  com.crawljax.core.Crawler - Did not add reload edge from state598 to state598
18:46:37.714 [pool-1-thread-2] INFO  c.crawljax.core.state.StateMachine - Cannot go to state: 'state27' from: 'state598'
18:46:37.714 [pool-1-thread-2] INFO  com.crawljax.core.Crawler - Not a valid path anymore state13: state589
18:46:37.714 [pool-1-thread-2] INFO  com.crawljax.core.Crawler - Tried to follow 
18:46:37.714 [pool-1-thread-2] INFO  com.crawljax.core.Crawler - state13_17_state27state27_18_state28state28_19_state29state29_59_state142state142_136_state380state380_139_state381state381_140_state382state382_143_state481state481_144_state3state3_145_state483state483_155_state492state492_156_state493state493_162_state498state498_0_state499state499_163_state580state580_164_state581state581_167_state583state583_170_state586state586_173_state589
18:46:37.714 [pool-1-thread-2] INFO  com.crawljax.core.Crawler - Saving failed backtracking path to 589
18:46:37.714 [pool-1-thread-2] INFO  com.crawljax.core.Crawler - backtrack status: false, reached NearDuplicate : -1 
18:46:40.468 [pool-1-thread-2] INFO  com.crawljax.core.Crawler - index has changed to: state598
18:46:40.468 [pool-1-thread-2] INFO  com.crawljax.core.Crawler - Did not add reload edge from state598 to state598
18:46:40.468 [pool-1-thread-2] INFO  c.crawljax.core.state.StateMachine - Cannot go to state: 'state5' from: 'state598'
18:46:40.468 [pool-1-thread-2] INFO  com.crawljax.core.Crawler - Not a valid path anymore state43: state589
18:46:40.468 [pool-1-thread-2] INFO  com.crawljax.core.Crawler - Tried to follow 
18:46:40.468 [pool-1-thread-2] INFO  com.crawljax.core.Crawler - state43_37_state5state5_7_state4state4_23_state32state32_30_state37state37_31_state38state38_88_state234state234_85_state3state3_145_state483state483_155_state492state492_156_state493state493_162_state498state498_0_state499state499_163_state580state580_164_state581state581_167_state583state583_170_state586state586_173_state589
18:46:40.468 [pool-1-thread-2] INFO  com.crawljax.core.Crawler - Saving failed backtracking path to 589
18:46:40.468 [pool-1-thread-2] INFO  com.crawljax.core.Crawler - backtrack status: false, reached NearDuplicate : -1 
18:46:43.247 [pool-1-thread-2] INFO  com.crawljax.core.Crawler - index has changed to: state598
18:46:43.247 [pool-1-thread-2] INFO  com.crawljax.core.Crawler - Did not add reload edge from state598 to state598
18:46:43.247 [pool-1-thread-2] INFO  c.crawljax.core.state.StateMachine - Cannot go to state: 'state139' from: 'state598'
18:46:43.247 [pool-1-thread-2] INFO  com.crawljax.core.Crawler - Not a valid path anymore state94: state589
18:46:43.247 [pool-1-thread-2] INFO  com.crawljax.core.Crawler - Tried to follow 
18:46:43.247 [pool-1-thread-2] INFO  com.crawljax.core.Crawler - state94_56_state139state139_57_state140state140_58_state29state29_59_state142state142_136_state380state380_139_state381state381_140_state382state382_143_state481state481_144_state3state3_145_state483state483_155_state492state492_156_state493state493_162_state498state498_0_state499state499_163_state580state580_164_state581state581_167_state583state583_170_state586state586_173_state589
18:46:43.247 [pool-1-thread-2] INFO  com.crawljax.core.Crawler - Saving failed backtracking path to 589
18:46:43.247 [pool-1-thread-2] INFO  com.crawljax.core.Crawler - backtrack status: false, reached NearDuplicate : -1 
18:46:46.003 [pool-1-thread-2] INFO  com.crawljax.core.Crawler - index has changed to: state598
18:46:46.003 [pool-1-thread-2] INFO  com.crawljax.core.Crawler - Did not add reload edge from state598 to state598
18:46:46.003 [pool-1-thread-2] INFO  c.crawljax.core.state.StateMachine - Cannot go to state: 'state232' from: 'state598'
18:46:46.003 [pool-1-thread-2] INFO  com.crawljax.core.Crawler - Not a valid path anymore state160: state589
18:46:46.003 [pool-1-thread-2] INFO  com.crawljax.core.Crawler - Tried to follow 
18:46:46.003 [pool-1-thread-2] INFO  com.crawljax.core.Crawler - state160_81_state232state232_83_state233state233_84_state234state234_85_state3state3_145_state483state483_155_state492state492_156_state493state493_162_state498state498_0_state499state499_163_state580state580_164_state581state581_167_state583state583_170_state586state586_173_state589
18:46:46.003 [pool-1-thread-2] INFO  com.crawljax.core.Crawler - Saving failed backtracking path to 589
18:46:46.003 [pool-1-thread-2] INFO  com.crawljax.core.Crawler - backtrack status: false, reached NearDuplicate : -1 
18:46:48.741 [pool-1-thread-2] INFO  com.crawljax.core.Crawler - index has changed to: state598
18:46:48.742 [pool-1-thread-2] INFO  com.crawljax.core.Crawler - Did not add reload edge from state598 to state598
18:46:48.742 [pool-1-thread-2] INFO  c.crawljax.core.state.StateMachine - Cannot go to state: 'state232' from: 'state598'
18:46:48.742 [pool-1-thread-2] INFO  com.crawljax.core.Crawler - Not a valid path anymore state263: state589
18:46:48.742 [pool-1-thread-2] INFO  com.crawljax.core.Crawler - Tried to follow 
18:46:48.742 [pool-1-thread-2] INFO  com.crawljax.core.Crawler - state263_117_state232state232_83_state233state233_84_state234state234_85_state3state3_145_state483state483_155_state492state492_156_state493state493_162_state498state498_0_state499state499_163_state580state580_164_state581state581_167_state583state583_170_state586state586_173_state589
18:46:48.742 [pool-1-thread-2] INFO  com.crawljax.core.Crawler - Saving failed backtracking path to 589
18:46:48.742 [pool-1-thread-2] INFO  com.crawljax.core.Crawler - backtrack status: false, reached NearDuplicate : -1 
18:46:51.485 [pool-1-thread-2] INFO  com.crawljax.core.Crawler - index has changed to: state598
18:46:51.485 [pool-1-thread-2] INFO  com.crawljax.core.Crawler - Did not add reload edge from state598 to state598
18:46:51.485 [pool-1-thread-2] INFO  c.crawljax.core.state.StateMachine - Cannot go to state: 'state481' from: 'state598'
18:46:51.485 [pool-1-thread-2] INFO  com.crawljax.core.Crawler - Not a valid path anymore state382: state589
18:46:51.485 [pool-1-thread-2] INFO  com.crawljax.core.Crawler - Tried to follow 
18:46:51.485 [pool-1-thread-2] INFO  com.crawljax.core.Crawler - state382_143_state481state481_144_state3state3_145_state483state483_155_state492state492_156_state493state493_162_state498state498_0_state499state499_163_state580state580_164_state581state581_167_state583state583_170_state586state586_173_state589
18:46:51.485 [pool-1-thread-2] INFO  com.crawljax.core.Crawler - Saving failed backtracking path to 589
18:46:51.485 [pool-1-thread-2] INFO  com.crawljax.core.Crawler - backtrack status: false, reached NearDuplicate : -1 
18:46:54.242 [pool-1-thread-2] INFO  com.crawljax.core.Crawler - index has changed to: state598
18:46:54.242 [pool-1-thread-2] INFO  com.crawljax.core.Crawler - Did not add reload edge from state598 to state598
18:46:54.242 [pool-1-thread-2] INFO  c.crawljax.core.state.StateMachine - Cannot go to state: 'state580' from: 'state598'
18:46:54.242 [pool-1-thread-2] INFO  com.crawljax.core.Crawler - Not a valid path anymore state499: state589
18:46:54.242 [pool-1-thread-2] INFO  com.crawljax.core.Crawler - Tried to follow 
18:46:54.242 [pool-1-thread-2] INFO  com.crawljax.core.Crawler - state499_163_state580state580_164_state581state581_167_state583state583_170_state586state586_173_state589
18:46:54.242 [pool-1-thread-2] INFO  com.crawljax.core.Crawler - Saving failed backtracking path to 589
18:46:54.242 [pool-1-thread-2] INFO  com.crawljax.core.Crawler - backtrack status: false, reached NearDuplicate : -1 
18:46:57.020 [pool-1-thread-2] INFO  com.crawljax.core.Crawler - index has changed to: state598
18:46:57.021 [pool-1-thread-2] INFO  com.crawljax.core.Crawler - Did not add reload edge from state598 to state598
18:46:57.021 [pool-1-thread-2] INFO  com.crawljax.core.Crawler - state589 no path from state597
18:46:57.021 [pool-1-thread-2] INFO  com.crawljax.core.Crawler - state589 no path from state598
18:46:57.021 [pool-1-thread-2] INFO  com.crawljax.core.Crawler - state unreachable: Removing from candidate actions state589
18:46:57.021 [pool-1-thread-2] INFO  c.c.core.UnfiredFragmentCandidates - Placing purged actions in unreachable cache for state589
18:46:57.021 [pool-1-thread-2] INFO  com.crawljax.core.Crawler - Resetting the crawler and Going to state state591
18:46:59.785 [pool-1-thread-2] INFO  com.crawljax.core.Crawler - index has changed to: state598
18:46:59.785 [pool-1-thread-2] INFO  com.crawljax.core.Crawler - Did not add reload edge from state598 to state598
18:46:59.785 [pool-1-thread-2] INFO  com.crawljax.core.Crawler - Initial state not the same as current state : Getting shortest path from current state
18:46:59.785 [pool-1-thread-2] INFO  com.crawljax.core.Crawler - state591 no path from state598
18:46:59.786 [pool-1-thread-2] INFO  c.crawljax.core.state.StateMachine - Cannot go to state: 'state1' from: 'state598'
18:46:59.786 [pool-1-thread-2] INFO  com.crawljax.core.Crawler - Not a valid path anymore index: state591
18:46:59.786 [pool-1-thread-2] INFO  com.crawljax.core.Crawler - Tried to follow 
18:46:59.786 [pool-1-thread-2] INFO  com.crawljax.core.Crawler - index_1_state1state1_4_state3state3_145_state483state483_155_state492state492_156_state493state493_162_state498state498_0_state499state499_163_state580state580_164_state581state581_167_state583state583_170_state586state586_173_state589state589_177_state591
18:46:59.786 [pool-1-thread-2] INFO  com.crawljax.core.Crawler - Saving failed backtracking path to 591
18:46:59.786 [pool-1-thread-2] INFO  com.crawljax.core.Crawler - backtrack status: false, reached NearDuplicate : -1 
18:47:02.547 [pool-1-thread-2] INFO  com.crawljax.core.Crawler - index has changed to: state598
18:47:02.547 [pool-1-thread-2] INFO  com.crawljax.core.Crawler - Did not add reload edge from state598 to state598
18:47:02.547 [pool-1-thread-2] INFO  c.crawljax.core.state.StateMachine - Cannot go to state: 'state13' from: 'state598'
18:47:02.547 [pool-1-thread-2] INFO  com.crawljax.core.Crawler - Not a valid path anymore state12: state591
18:47:02.547 [pool-1-thread-2] INFO  com.crawljax.core.Crawler - Tried to follow 
18:47:02.547 [pool-1-thread-2] INFO  com.crawljax.core.Crawler - state12_0_state13state13_17_state27state27_18_state28state28_19_state29state29_59_state142state142_136_state380state380_139_state381state381_140_state382state382_143_state481state481_144_state3state3_145_state483state483_155_state492state492_156_state493state493_162_state498state498_0_state499state499_163_state580state580_164_state581state581_167_state583state583_170_state586state586_173_state589state589_177_state591
18:47:02.547 [pool-1-thread-2] INFO  com.crawljax.core.Crawler - Saving failed backtracking path to 591
18:47:02.547 [pool-1-thread-2] INFO  com.crawljax.core.Crawler - backtrack status: false, reached NearDuplicate : -1 
18:47:05.293 [pool-1-thread-2] INFO  com.crawljax.core.Crawler - index has changed to: state598
18:47:05.293 [pool-1-thread-2] INFO  com.crawljax.core.Crawler - Did not add reload edge from state598 to state598
18:47:05.293 [pool-1-thread-2] INFO  c.crawljax.core.state.StateMachine - Cannot go to state: 'state27' from: 'state598'
18:47:05.293 [pool-1-thread-2] INFO  com.crawljax.core.Crawler - Not a valid path anymore state13: state591
18:47:05.293 [pool-1-thread-2] INFO  com.crawljax.core.Crawler - Tried to follow 
18:47:05.293 [pool-1-thread-2] INFO  com.crawljax.core.Crawler - state13_17_state27state27_18_state28state28_19_state29state29_59_state142state142_136_state380state380_139_state381state381_140_state382state382_143_state481state481_144_state3state3_145_state483state483_155_state492state492_156_state493state493_162_state498state498_0_state499state499_163_state580state580_164_state581state581_167_state583state583_170_state586state586_173_state589state589_177_state591
18:47:05.293 [pool-1-thread-2] INFO  com.crawljax.core.Crawler - Saving failed backtracking path to 591
18:47:05.293 [pool-1-thread-2] INFO  com.crawljax.core.Crawler - backtrack status: false, reached NearDuplicate : -1 
18:47:08.060 [pool-1-thread-2] INFO  com.crawljax.core.Crawler - index has changed to: state598
18:47:08.060 [pool-1-thread-2] INFO  com.crawljax.core.Crawler - Did not add reload edge from state598 to state598
18:47:08.060 [pool-1-thread-2] INFO  c.crawljax.core.state.StateMachine - Cannot go to state: 'state5' from: 'state598'
18:47:08.061 [pool-1-thread-2] INFO  com.crawljax.core.Crawler - Not a valid path anymore state43: state591
18:47:08.061 [pool-1-thread-2] INFO  com.crawljax.core.Crawler - Tried to follow 
18:47:08.061 [pool-1-thread-2] INFO  com.crawljax.core.Crawler - state43_37_state5state5_7_state4state4_23_state32state32_30_state37state37_31_state38state38_88_state234state234_85_state3state3_145_state483state483_155_state492state492_156_state493state493_162_state498state498_0_state499state499_163_state580state580_164_state581state581_167_state583state583_170_state586state586_173_state589state589_177_state591
18:47:08.061 [pool-1-thread-2] INFO  com.crawljax.core.Crawler - Saving failed backtracking path to 591
18:47:08.061 [pool-1-thread-2] INFO  com.crawljax.core.Crawler - backtrack status: false, reached NearDuplicate : -1 
18:47:10.809 [pool-1-thread-2] INFO  com.crawljax.core.Crawler - index has changed to: state598
18:47:10.809 [pool-1-thread-2] INFO  com.crawljax.core.Crawler - Did not add reload edge from state598 to state598
18:47:10.809 [pool-1-thread-2] INFO  c.crawljax.core.state.StateMachine - Cannot go to state: 'state139' from: 'state598'
18:47:10.809 [pool-1-thread-2] INFO  com.crawljax.core.Crawler - Not a valid path anymore state94: state591
18:47:10.809 [pool-1-thread-2] INFO  com.crawljax.core.Crawler - Tried to follow 
18:47:10.809 [pool-1-thread-2] INFO  com.crawljax.core.Crawler - state94_56_state139state139_57_state140state140_58_state29state29_59_state142state142_136_state380state380_139_state381state381_140_state382state382_143_state481state481_144_state3state3_145_state483state483_155_state492state492_156_state493state493_162_state498state498_0_state499state499_163_state580state580_164_state581state581_167_state583state583_170_state586state586_173_state589state589_177_state591
18:47:10.809 [pool-1-thread-2] INFO  com.crawljax.core.Crawler - Saving failed backtracking path to 591
18:47:10.809 [pool-1-thread-2] INFO  com.crawljax.core.Crawler - backtrack status: false, reached NearDuplicate : -1 
18:47:13.540 [pool-1-thread-2] INFO  com.crawljax.core.Crawler - index has changed to: state598
18:47:13.540 [pool-1-thread-2] INFO  com.crawljax.core.Crawler - Did not add reload edge from state598 to state598
18:47:13.540 [pool-1-thread-2] INFO  c.crawljax.core.state.StateMachine - Cannot go to state: 'state232' from: 'state598'
18:47:13.540 [pool-1-thread-2] INFO  com.crawljax.core.Crawler - Not a valid path anymore state160: state591
18:47:13.540 [pool-1-thread-2] INFO  com.crawljax.core.Crawler - Tried to follow 
18:47:13.540 [pool-1-thread-2] INFO  com.crawljax.core.Crawler - state160_81_state232state232_83_state233state233_84_state234state234_85_state3state3_145_state483state483_155_state492state492_156_state493state493_162_state498state498_0_state499state499_163_state580state580_164_state581state581_167_state583state583_170_state586state586_173_state589state589_177_state591
18:47:13.540 [pool-1-thread-2] INFO  com.crawljax.core.Crawler - Saving failed backtracking path to 591
18:47:13.540 [pool-1-thread-2] INFO  com.crawljax.core.Crawler - backtrack status: false, reached NearDuplicate : -1 
18:47:16.327 [pool-1-thread-2] INFO  com.crawljax.core.Crawler - index has changed to: state598
18:47:16.327 [pool-1-thread-2] INFO  com.crawljax.core.Crawler - Did not add reload edge from state598 to state598
18:47:16.328 [pool-1-thread-2] INFO  c.crawljax.core.state.StateMachine - Cannot go to state: 'state232' from: 'state598'
18:47:16.328 [pool-1-thread-2] INFO  com.crawljax.core.Crawler - Not a valid path anymore state263: state591
18:47:16.328 [pool-1-thread-2] INFO  com.crawljax.core.Crawler - Tried to follow 
18:47:16.328 [pool-1-thread-2] INFO  com.crawljax.core.Crawler - state263_117_state232state232_83_state233state233_84_state234state234_85_state3state3_145_state483state483_155_state492state492_156_state493state493_162_state498state498_0_state499state499_163_state580state580_164_state581state581_167_state583state583_170_state586state586_173_state589state589_177_state591
18:47:16.328 [pool-1-thread-2] INFO  com.crawljax.core.Crawler - Saving failed backtracking path to 591
18:47:16.328 [pool-1-thread-2] INFO  com.crawljax.core.Crawler - backtrack status: false, reached NearDuplicate : -1 
18:47:19.106 [pool-1-thread-2] INFO  com.crawljax.core.Crawler - index has changed to: state598
18:47:19.106 [pool-1-thread-2] INFO  com.crawljax.core.Crawler - Did not add reload edge from state598 to state598
18:47:19.107 [pool-1-thread-2] INFO  c.crawljax.core.state.StateMachine - Cannot go to state: 'state481' from: 'state598'
18:47:19.107 [pool-1-thread-2] INFO  com.crawljax.core.Crawler - Not a valid path anymore state382: state591
18:47:19.107 [pool-1-thread-2] INFO  com.crawljax.core.Crawler - Tried to follow 
18:47:19.107 [pool-1-thread-2] INFO  com.crawljax.core.Crawler - state382_143_state481state481_144_state3state3_145_state483state483_155_state492state492_156_state493state493_162_state498state498_0_state499state499_163_state580state580_164_state581state581_167_state583state583_170_state586state586_173_state589state589_177_state591
18:47:19.107 [pool-1-thread-2] INFO  com.crawljax.core.Crawler - Saving failed backtracking path to 591
18:47:19.107 [pool-1-thread-2] INFO  com.crawljax.core.Crawler - backtrack status: false, reached NearDuplicate : -1 
18:47:21.861 [pool-1-thread-2] INFO  com.crawljax.core.Crawler - index has changed to: state598
18:47:21.861 [pool-1-thread-2] INFO  com.crawljax.core.Crawler - Did not add reload edge from state598 to state598
18:47:21.862 [pool-1-thread-2] INFO  c.crawljax.core.state.StateMachine - Cannot go to state: 'state580' from: 'state598'
18:47:21.862 [pool-1-thread-2] INFO  com.crawljax.core.Crawler - Not a valid path anymore state499: state591
18:47:21.862 [pool-1-thread-2] INFO  com.crawljax.core.Crawler - Tried to follow 
18:47:21.862 [pool-1-thread-2] INFO  com.crawljax.core.Crawler - state499_163_state580state580_164_state581state581_167_state583state583_170_state586state586_173_state589state589_177_state591
18:47:21.862 [pool-1-thread-2] INFO  com.crawljax.core.Crawler - Saving failed backtracking path to 591
18:47:21.862 [pool-1-thread-2] INFO  com.crawljax.core.Crawler - backtrack status: false, reached NearDuplicate : -1 
18:47:24.695 [pool-1-thread-2] INFO  com.crawljax.core.Crawler - index has changed to: state598
18:47:24.695 [pool-1-thread-2] INFO  com.crawljax.core.Crawler - Did not add reload edge from state598 to state598
18:47:24.695 [pool-1-thread-2] INFO  com.crawljax.core.Crawler - state591 no path from state597
18:47:24.695 [pool-1-thread-2] INFO  com.crawljax.core.Crawler - state591 no path from state598
18:47:24.695 [pool-1-thread-2] INFO  com.crawljax.core.Crawler - state unreachable: Removing from candidate actions state591
18:47:24.695 [pool-1-thread-2] INFO  c.c.core.UnfiredFragmentCandidates - Placing purged actions in unreachable cache for state591
18:47:24.695 [pool-1-thread-2] INFO  com.crawljax.core.Crawler - Resetting the crawler and Going to state state595
18:47:27.485 [pool-1-thread-2] INFO  com.crawljax.core.Crawler - index has changed to: state598
18:47:27.485 [pool-1-thread-2] INFO  com.crawljax.core.Crawler - Did not add reload edge from state598 to state598
18:47:27.485 [pool-1-thread-2] INFO  com.crawljax.core.Crawler - Initial state not the same as current state : Getting shortest path from current state
18:47:27.485 [pool-1-thread-2] INFO  com.crawljax.core.Crawler - state595 no path from state598
18:47:27.486 [pool-1-thread-2] INFO  c.crawljax.core.state.StateMachine - Cannot go to state: 'state1' from: 'state598'
18:47:27.486 [pool-1-thread-2] INFO  com.crawljax.core.Crawler - Not a valid path anymore index: state595
18:47:27.486 [pool-1-thread-2] INFO  com.crawljax.core.Crawler - Tried to follow 
18:47:27.486 [pool-1-thread-2] INFO  com.crawljax.core.Crawler - index_1_state1state1_4_state3state3_145_state483state483_155_state492state492_156_state493state493_162_state498state498_0_state499state499_163_state580state580_164_state581state581_167_state583state583_170_state586state586_173_state589state589_177_state591state591_183_state595
18:47:27.486 [pool-1-thread-2] INFO  com.crawljax.core.Crawler - Saving failed backtracking path to 595
18:47:27.486 [pool-1-thread-2] INFO  com.crawljax.core.Crawler - backtrack status: false, reached NearDuplicate : -1 
18:47:30.251 [pool-1-thread-2] INFO  com.crawljax.core.Crawler - index has changed to: state598
18:47:30.251 [pool-1-thread-2] INFO  com.crawljax.core.Crawler - Did not add reload edge from state598 to state598
18:47:30.251 [pool-1-thread-2] INFO  c.crawljax.core.state.StateMachine - Cannot go to state: 'state13' from: 'state598'
18:47:30.251 [pool-1-thread-2] INFO  com.crawljax.core.Crawler - Not a valid path anymore state12: state595
18:47:30.251 [pool-1-thread-2] INFO  com.crawljax.core.Crawler - Tried to follow 
18:47:30.251 [pool-1-thread-2] INFO  com.crawljax.core.Crawler - state12_0_state13state13_17_state27state27_18_state28state28_19_state29state29_59_state142state142_136_state380state380_139_state381state381_140_state382state382_143_state481state481_144_state3state3_145_state483state483_155_state492state492_156_state493state493_162_state498state498_0_state499state499_163_state580state580_164_state581state581_167_state583state583_170_state586state586_173_state589state589_177_state591state591_183_state595
18:47:30.251 [pool-1-thread-2] INFO  com.crawljax.core.Crawler - Saving failed backtracking path to 595
18:47:30.251 [pool-1-thread-2] INFO  com.crawljax.core.Crawler - backtrack status: false, reached NearDuplicate : -1 
18:47:33.020 [pool-1-thread-2] INFO  com.crawljax.core.Crawler - index has changed to: state598
18:47:33.021 [pool-1-thread-2] INFO  com.crawljax.core.Crawler - Did not add reload edge from state598 to state598
18:47:33.021 [pool-1-thread-2] INFO  c.crawljax.core.state.StateMachine - Cannot go to state: 'state27' from: 'state598'
18:47:33.021 [pool-1-thread-2] INFO  com.crawljax.core.Crawler - Not a valid path anymore state13: state595
18:47:33.021 [pool-1-thread-2] INFO  com.crawljax.core.Crawler - Tried to follow 
18:47:33.021 [pool-1-thread-2] INFO  com.crawljax.core.Crawler - state13_17_state27state27_18_state28state28_19_state29state29_59_state142state142_136_state380state380_139_state381state381_140_state382state382_143_state481state481_144_state3state3_145_state483state483_155_state492state492_156_state493state493_162_state498state498_0_state499state499_163_state580state580_164_state581state581_167_state583state583_170_state586state586_173_state589state589_177_state591state591_183_state595
18:47:33.021 [pool-1-thread-2] INFO  com.crawljax.core.Crawler - Saving failed backtracking path to 595
18:47:33.021 [pool-1-thread-2] INFO  com.crawljax.core.Crawler - backtrack status: false, reached NearDuplicate : -1 
18:47:35.781 [pool-1-thread-2] INFO  com.crawljax.core.Crawler - index has changed to: state598
18:47:35.781 [pool-1-thread-2] INFO  com.crawljax.core.Crawler - Did not add reload edge from state598 to state598
18:47:35.781 [pool-1-thread-2] INFO  c.crawljax.core.state.StateMachine - Cannot go to state: 'state5' from: 'state598'
18:47:35.781 [pool-1-thread-2] INFO  com.crawljax.core.Crawler - Not a valid path anymore state43: state595
18:47:35.781 [pool-1-thread-2] INFO  com.crawljax.core.Crawler - Tried to follow 
18:47:35.781 [pool-1-thread-2] INFO  com.crawljax.core.Crawler - state43_37_state5state5_7_state4state4_23_state32state32_30_state37state37_31_state38state38_88_state234state234_85_state3state3_145_state483state483_155_state492state492_156_state493state493_162_state498state498_0_state499state499_163_state580state580_164_state581state581_167_state583state583_170_state586state586_173_state589state589_177_state591state591_183_state595
18:47:35.781 [pool-1-thread-2] INFO  com.crawljax.core.Crawler - Saving failed backtracking path to 595
18:47:35.781 [pool-1-thread-2] INFO  com.crawljax.core.Crawler - backtrack status: false, reached NearDuplicate : -1 
18:47:38.557 [pool-1-thread-2] INFO  com.crawljax.core.Crawler - index has changed to: state598
18:47:38.557 [pool-1-thread-2] INFO  com.crawljax.core.Crawler - Did not add reload edge from state598 to state598
18:47:38.557 [pool-1-thread-2] INFO  c.crawljax.core.state.StateMachine - Cannot go to state: 'state139' from: 'state598'
18:47:38.558 [pool-1-thread-2] INFO  com.crawljax.core.Crawler - Not a valid path anymore state94: state595
18:47:38.558 [pool-1-thread-2] INFO  com.crawljax.core.Crawler - Tried to follow 
18:47:38.558 [pool-1-thread-2] INFO  com.crawljax.core.Crawler - state94_56_state139state139_57_state140state140_58_state29state29_59_state142state142_136_state380state380_139_state381state381_140_state382state382_143_state481state481_144_state3state3_145_state483state483_155_state492state492_156_state493state493_162_state498state498_0_state499state499_163_state580state580_164_state581state581_167_state583state583_170_state586state586_173_state589state589_177_state591state591_183_state595
18:47:38.558 [pool-1-thread-2] INFO  com.crawljax.core.Crawler - Saving failed backtracking path to 595
18:47:38.558 [pool-1-thread-2] INFO  com.crawljax.core.Crawler - backtrack status: false, reached NearDuplicate : -1 
18:47:41.335 [pool-1-thread-2] INFO  com.crawljax.core.Crawler - index has changed to: state598
18:47:41.335 [pool-1-thread-2] INFO  com.crawljax.core.Crawler - Did not add reload edge from state598 to state598
18:47:41.335 [pool-1-thread-2] INFO  c.crawljax.core.state.StateMachine - Cannot go to state: 'state232' from: 'state598'
18:47:41.335 [pool-1-thread-2] INFO  com.crawljax.core.Crawler - Not a valid path anymore state160: state595
18:47:41.335 [pool-1-thread-2] INFO  com.crawljax.core.Crawler - Tried to follow 
18:47:41.335 [pool-1-thread-2] INFO  com.crawljax.core.Crawler - state160_81_state232state232_83_state233state233_84_state234state234_85_state3state3_145_state483state483_155_state492state492_156_state493state493_162_state498state498_0_state499state499_163_state580state580_164_state581state581_167_state583state583_170_state586state586_173_state589state589_177_state591state591_183_state595
18:47:41.335 [pool-1-thread-2] INFO  com.crawljax.core.Crawler - Saving failed backtracking path to 595
18:47:41.335 [pool-1-thread-2] INFO  com.crawljax.core.Crawler - backtrack status: false, reached NearDuplicate : -1 
18:47:44.108 [pool-1-thread-2] INFO  com.crawljax.core.Crawler - index has changed to: state598
18:47:44.108 [pool-1-thread-2] INFO  com.crawljax.core.Crawler - Did not add reload edge from state598 to state598
18:47:44.109 [pool-1-thread-2] INFO  c.crawljax.core.state.StateMachine - Cannot go to state: 'state232' from: 'state598'
18:47:44.109 [pool-1-thread-2] INFO  com.crawljax.core.Crawler - Not a valid path anymore state263: state595
18:47:44.109 [pool-1-thread-2] INFO  com.crawljax.core.Crawler - Tried to follow 
18:47:44.109 [pool-1-thread-2] INFO  com.crawljax.core.Crawler - state263_117_state232state232_83_state233state233_84_state234state234_85_state3state3_145_state483state483_155_state492state492_156_state493state493_162_state498state498_0_state499state499_163_state580state580_164_state581state581_167_state583state583_170_state586state586_173_state589state589_177_state591state591_183_state595
18:47:44.109 [pool-1-thread-2] INFO  com.crawljax.core.Crawler - Saving failed backtracking path to 595
18:47:44.109 [pool-1-thread-2] INFO  com.crawljax.core.Crawler - backtrack status: false, reached NearDuplicate : -1 
18:47:47.058 [pool-1-thread-2] INFO  com.crawljax.core.Crawler - index has changed to: state598
18:47:47.058 [pool-1-thread-2] INFO  com.crawljax.core.Crawler - Did not add reload edge from state598 to state598
18:47:47.058 [pool-1-thread-2] INFO  c.crawljax.core.state.StateMachine - Cannot go to state: 'state481' from: 'state598'
18:47:47.058 [pool-1-thread-2] INFO  com.crawljax.core.Crawler - Not a valid path anymore state382: state595
18:47:47.058 [pool-1-thread-2] INFO  com.crawljax.core.Crawler - Tried to follow 
18:47:47.058 [pool-1-thread-2] INFO  com.crawljax.core.Crawler - state382_143_state481state481_144_state3state3_145_state483state483_155_state492state492_156_state493state493_162_state498state498_0_state499state499_163_state580state580_164_state581state581_167_state583state583_170_state586state586_173_state589state589_177_state591state591_183_state595
18:47:47.058 [pool-1-thread-2] INFO  com.crawljax.core.Crawler - Saving failed backtracking path to 595
18:47:47.058 [pool-1-thread-2] INFO  com.crawljax.core.Crawler - backtrack status: false, reached NearDuplicate : -1 
18:47:49.825 [pool-1-thread-2] INFO  com.crawljax.core.Crawler - index has changed to: state598
18:47:49.825 [pool-1-thread-2] INFO  com.crawljax.core.Crawler - Did not add reload edge from state598 to state598
18:47:49.825 [pool-1-thread-2] INFO  c.crawljax.core.state.StateMachine - Cannot go to state: 'state580' from: 'state598'
18:47:49.825 [pool-1-thread-2] INFO  com.crawljax.core.Crawler - Not a valid path anymore state499: state595
18:47:49.825 [pool-1-thread-2] INFO  com.crawljax.core.Crawler - Tried to follow 
18:47:49.825 [pool-1-thread-2] INFO  com.crawljax.core.Crawler - state499_163_state580state580_164_state581state581_167_state583state583_170_state586state586_173_state589state589_177_state591state591_183_state595
18:47:49.825 [pool-1-thread-2] INFO  com.crawljax.core.Crawler - Saving failed backtracking path to 595
18:47:49.825 [pool-1-thread-2] INFO  com.crawljax.core.Crawler - backtrack status: false, reached NearDuplicate : -1 
18:47:52.621 [pool-1-thread-2] INFO  com.crawljax.core.Crawler - index has changed to: state598
18:47:52.621 [pool-1-thread-2] INFO  com.crawljax.core.Crawler - Did not add reload edge from state598 to state598
18:47:52.621 [pool-1-thread-2] INFO  com.crawljax.core.Crawler - state595 no path from state597
18:47:52.621 [pool-1-thread-2] INFO  com.crawljax.core.Crawler - state595 no path from state598
18:47:52.621 [pool-1-thread-2] INFO  com.crawljax.core.Crawler - state unreachable: Removing from candidate actions state595
18:47:52.621 [pool-1-thread-2] INFO  c.c.core.UnfiredFragmentCandidates - Placing purged actions in unreachable cache for state595
18:47:52.621 [pool-1-thread-2] INFO  com.crawljax.core.Crawler - Resetting the crawler and Going to state state597
18:47:55.387 [pool-1-thread-2] INFO  com.crawljax.core.Crawler - index has changed to: state598
18:47:55.387 [pool-1-thread-2] INFO  com.crawljax.core.Crawler - Did not add reload edge from state598 to state598
18:47:55.387 [pool-1-thread-2] INFO  com.crawljax.core.Crawler - Initial state not the same as current state : Getting shortest path from current state
18:47:55.388 [pool-1-thread-2] INFO  com.crawljax.core.Crawler - state597 no path from state598
18:47:55.388 [pool-1-thread-2] INFO  c.crawljax.core.state.StateMachine - Cannot go to state: 'state1' from: 'state598'
18:47:55.388 [pool-1-thread-2] INFO  com.crawljax.core.Crawler - Not a valid path anymore index: state597
18:47:55.388 [pool-1-thread-2] INFO  com.crawljax.core.Crawler - Tried to follow 
18:47:55.388 [pool-1-thread-2] INFO  com.crawljax.core.Crawler - index_1_state1state1_4_state3state3_145_state483state483_155_state492state492_156_state493state493_162_state498state498_0_state499state499_163_state580state580_164_state581state581_167_state583state583_170_state586state586_173_state589state589_177_state591state591_183_state595state595_184_state596state596_0_state597
18:47:55.388 [pool-1-thread-2] INFO  com.crawljax.core.Crawler - Saving failed backtracking path to 597
18:47:55.388 [pool-1-thread-2] INFO  com.crawljax.core.Crawler - backtrack status: false, reached NearDuplicate : -1 
18:47:58.138 [pool-1-thread-2] INFO  com.crawljax.core.Crawler - index has changed to: state598
18:47:58.138 [pool-1-thread-2] INFO  com.crawljax.core.Crawler - Did not add reload edge from state598 to state598
18:47:58.138 [pool-1-thread-2] INFO  c.crawljax.core.state.StateMachine - Cannot go to state: 'state13' from: 'state598'
18:47:58.138 [pool-1-thread-2] INFO  com.crawljax.core.Crawler - Not a valid path anymore state12: state597
18:47:58.138 [pool-1-thread-2] INFO  com.crawljax.core.Crawler - Tried to follow 
18:47:58.138 [pool-1-thread-2] INFO  com.crawljax.core.Crawler - state12_0_state13state13_17_state27state27_18_state28state28_19_state29state29_59_state142state142_136_state380state380_139_state381state381_140_state382state382_143_state481state481_144_state3state3_145_state483state483_155_state492state492_156_state493state493_162_state498state498_0_state499state499_163_state580state580_164_state581state581_167_state583state583_170_state586state586_173_state589state589_177_state591state591_183_state595state595_184_state596state596_0_state597
18:47:58.138 [pool-1-thread-2] INFO  com.crawljax.core.Crawler - Saving failed backtracking path to 597
18:47:58.139 [pool-1-thread-2] INFO  com.crawljax.core.Crawler - backtrack status: false, reached NearDuplicate : -1 
18:48:00.917 [pool-1-thread-2] INFO  com.crawljax.core.Crawler - index has changed to: state598
18:48:00.917 [pool-1-thread-2] INFO  com.crawljax.core.Crawler - Did not add reload edge from state598 to state598
18:48:00.917 [pool-1-thread-2] INFO  c.crawljax.core.state.StateMachine - Cannot go to state: 'state27' from: 'state598'
18:48:00.917 [pool-1-thread-2] INFO  com.crawljax.core.Crawler - Not a valid path anymore state13: state597
18:48:00.917 [pool-1-thread-2] INFO  com.crawljax.core.Crawler - Tried to follow 
18:48:00.917 [pool-1-thread-2] INFO  com.crawljax.core.Crawler - state13_17_state27state27_18_state28state28_19_state29state29_59_state142state142_136_state380state380_139_state381state381_140_state382state382_143_state481state481_144_state3state3_145_state483state483_155_state492state492_156_state493state493_162_state498state498_0_state499state499_163_state580state580_164_state581state581_167_state583state583_170_state586state586_173_state589state589_177_state591state591_183_state595state595_184_state596state596_0_state597
18:48:00.917 [pool-1-thread-2] INFO  com.crawljax.core.Crawler - Saving failed backtracking path to 597
18:48:00.917 [pool-1-thread-2] INFO  com.crawljax.core.Crawler - backtrack status: false, reached NearDuplicate : -1 
18:48:03.684 [pool-1-thread-2] INFO  com.crawljax.core.Crawler - index has changed to: state598
18:48:03.684 [pool-1-thread-2] INFO  com.crawljax.core.Crawler - Did not add reload edge from state598 to state598
18:48:03.685 [pool-1-thread-2] INFO  c.crawljax.core.state.StateMachine - Cannot go to state: 'state5' from: 'state598'
18:48:03.685 [pool-1-thread-2] INFO  com.crawljax.core.Crawler - Not a valid path anymore state43: state597
18:48:03.685 [pool-1-thread-2] INFO  com.crawljax.core.Crawler - Tried to follow 
18:48:03.685 [pool-1-thread-2] INFO  com.crawljax.core.Crawler - state43_37_state5state5_7_state4state4_23_state32state32_30_state37state37_31_state38state38_88_state234state234_85_state3state3_145_state483state483_155_state492state492_156_state493state493_162_state498state498_0_state499state499_163_state580state580_164_state581state581_167_state583state583_170_state586state586_173_state589state589_177_state591state591_183_state595state595_184_state596state596_0_state597
18:48:03.685 [pool-1-thread-2] INFO  com.crawljax.core.Crawler - Saving failed backtracking path to 597
18:48:03.685 [pool-1-thread-2] INFO  com.crawljax.core.Crawler - backtrack status: false, reached NearDuplicate : -1 
18:48:06.448 [pool-1-thread-2] INFO  com.crawljax.core.Crawler - index has changed to: state598
18:48:06.448 [pool-1-thread-2] INFO  com.crawljax.core.Crawler - Did not add reload edge from state598 to state598
18:48:06.448 [pool-1-thread-2] INFO  c.crawljax.core.state.StateMachine - Cannot go to state: 'state139' from: 'state598'
18:48:06.448 [pool-1-thread-2] INFO  com.crawljax.core.Crawler - Not a valid path anymore state94: state597
18:48:06.448 [pool-1-thread-2] INFO  com.crawljax.core.Crawler - Tried to follow 
18:48:06.448 [pool-1-thread-2] INFO  com.crawljax.core.Crawler - state94_56_state139state139_57_state140state140_58_state29state29_59_state142state142_136_state380state380_139_state381state381_140_state382state382_143_state481state481_144_state3state3_145_state483state483_155_state492state492_156_state493state493_162_state498state498_0_state499state499_163_state580state580_164_state581state581_167_state583state583_170_state586state586_173_state589state589_177_state591state591_183_state595state595_184_state596state596_0_state597
18:48:06.448 [pool-1-thread-2] INFO  com.crawljax.core.Crawler - Saving failed backtracking path to 597
18:48:06.448 [pool-1-thread-2] INFO  com.crawljax.core.Crawler - backtrack status: false, reached NearDuplicate : -1 
18:48:09.226 [pool-1-thread-2] INFO  com.crawljax.core.Crawler - index has changed to: state598
18:48:09.226 [pool-1-thread-2] INFO  com.crawljax.core.Crawler - Did not add reload edge from state598 to state598
18:48:09.226 [pool-1-thread-2] INFO  c.crawljax.core.state.StateMachine - Cannot go to state: 'state232' from: 'state598'
18:48:09.226 [pool-1-thread-2] INFO  com.crawljax.core.Crawler - Not a valid path anymore state160: state597
18:48:09.227 [pool-1-thread-2] INFO  com.crawljax.core.Crawler - Tried to follow 
18:48:09.227 [pool-1-thread-2] INFO  com.crawljax.core.Crawler - state160_81_state232state232_83_state233state233_84_state234state234_85_state3state3_145_state483state483_155_state492state492_156_state493state493_162_state498state498_0_state499state499_163_state580state580_164_state581state581_167_state583state583_170_state586state586_173_state589state589_177_state591state591_183_state595state595_184_state596state596_0_state597
18:48:09.227 [pool-1-thread-2] INFO  com.crawljax.core.Crawler - Saving failed backtracking path to 597
18:48:09.227 [pool-1-thread-2] INFO  com.crawljax.core.Crawler - backtrack status: false, reached NearDuplicate : -1 
18:48:11.981 [pool-1-thread-2] INFO  com.crawljax.core.Crawler - index has changed to: state598
18:48:11.981 [pool-1-thread-2] INFO  com.crawljax.core.Crawler - Did not add reload edge from state598 to state598
18:48:11.982 [pool-1-thread-2] INFO  c.crawljax.core.state.StateMachine - Cannot go to state: 'state232' from: 'state598'
18:48:11.982 [pool-1-thread-2] INFO  com.crawljax.core.Crawler - Not a valid path anymore state263: state597
18:48:11.982 [pool-1-thread-2] INFO  com.crawljax.core.Crawler - Tried to follow 
18:48:11.982 [pool-1-thread-2] INFO  com.crawljax.core.Crawler - state263_117_state232state232_83_state233state233_84_state234state234_85_state3state3_145_state483state483_155_state492state492_156_state493state493_162_state498state498_0_state499state499_163_state580state580_164_state581state581_167_state583state583_170_state586state586_173_state589state589_177_state591state591_183_state595state595_184_state596state596_0_state597
18:48:11.982 [pool-1-thread-2] INFO  com.crawljax.core.Crawler - Saving failed backtracking path to 597
18:48:11.982 [pool-1-thread-2] INFO  com.crawljax.core.Crawler - backtrack status: false, reached NearDuplicate : -1 
18:48:14.773 [pool-1-thread-2] INFO  com.crawljax.core.Crawler - index has changed to: state598
18:48:14.773 [pool-1-thread-2] INFO  com.crawljax.core.Crawler - Did not add reload edge from state598 to state598
18:48:14.773 [pool-1-thread-2] INFO  c.crawljax.core.state.StateMachine - Cannot go to state: 'state481' from: 'state598'
18:48:14.773 [pool-1-thread-2] INFO  com.crawljax.core.Crawler - Not a valid path anymore state382: state597
18:48:14.773 [pool-1-thread-2] INFO  com.crawljax.core.Crawler - Tried to follow 
18:48:14.773 [pool-1-thread-2] INFO  com.crawljax.core.Crawler - state382_143_state481state481_144_state3state3_145_state483state483_155_state492state492_156_state493state493_162_state498state498_0_state499state499_163_state580state580_164_state581state581_167_state583state583_170_state586state586_173_state589state589_177_state591state591_183_state595state595_184_state596state596_0_state597
18:48:14.773 [pool-1-thread-2] INFO  com.crawljax.core.Crawler - Saving failed backtracking path to 597
18:48:14.773 [pool-1-thread-2] INFO  com.crawljax.core.Crawler - backtrack status: false, reached NearDuplicate : -1 
18:48:17.533 [pool-1-thread-2] INFO  com.crawljax.core.Crawler - index has changed to: state598
18:48:17.533 [pool-1-thread-2] INFO  com.crawljax.core.Crawler - Did not add reload edge from state598 to state598
18:48:17.534 [pool-1-thread-2] INFO  c.crawljax.core.state.StateMachine - Cannot go to state: 'state580' from: 'state598'
18:48:17.534 [pool-1-thread-2] INFO  com.crawljax.core.Crawler - Not a valid path anymore state499: state597
18:48:17.534 [pool-1-thread-2] INFO  com.crawljax.core.Crawler - Tried to follow 
18:48:17.534 [pool-1-thread-2] INFO  com.crawljax.core.Crawler - state499_163_state580state580_164_state581state581_167_state583state583_170_state586state586_173_state589state589_177_state591state591_183_state595state595_184_state596state596_0_state597
18:48:17.534 [pool-1-thread-2] INFO  com.crawljax.core.Crawler - Saving failed backtracking path to 597
18:48:17.534 [pool-1-thread-2] INFO  com.crawljax.core.Crawler - backtrack status: false, reached NearDuplicate : -1 
18:48:20.303 [pool-1-thread-2] INFO  com.crawljax.core.Crawler - index has changed to: state598
18:48:20.304 [pool-1-thread-2] INFO  com.crawljax.core.Crawler - Did not add reload edge from state598 to state598
18:48:20.304 [pool-1-thread-2] INFO  com.crawljax.core.Crawler - Not a valid path anymore state597: state597
18:48:20.304 [pool-1-thread-2] INFO  com.crawljax.core.Crawler - Tried to follow 
18:48:20.304 [pool-1-thread-2] INFO  com.crawljax.core.Crawler - 
18:48:20.304 [pool-1-thread-2] INFO  com.crawljax.core.Crawler - Saving failed backtracking path to 597
18:48:20.304 [pool-1-thread-2] INFO  com.crawljax.core.Crawler - backtrack status: false, reached NearDuplicate : -1 
18:48:23.075 [pool-1-thread-2] INFO  com.crawljax.core.Crawler - index has changed to: state598
18:48:23.075 [pool-1-thread-2] INFO  com.crawljax.core.Crawler - Did not add reload edge from state598 to state598
18:48:23.075 [pool-1-thread-2] INFO  com.crawljax.core.Crawler - state597 no path from state598
18:48:23.075 [pool-1-thread-2] INFO  com.crawljax.core.Crawler - state unreachable: Removing from candidate actions state597
18:48:23.075 [pool-1-thread-2] INFO  c.c.core.UnfiredFragmentCandidates - Placing purged actions in unreachable cache for state597
18:48:23.075 [pool-1-thread-2] INFO  com.crawljax.core.Crawler - backtrack status: true, reached NearDuplicate : -1 
18:48:23.075 [pool-1-thread-2] INFO  com.crawljax.core.Crawler -  Event xpath /HTML[1]/BODY[1]/DIV[4]/DIV[1]/DIV[1]/DIV[4]/DIV[3]
18:48:23.092 [pool-1-thread-2] INFO  com.crawljax.core.Crawler - Changing related inputs for 185 with 0  to 0 
18:48:23.174 [pool-1-thread-2] INFO  c.c.core.UnfiredFragmentCandidates - Changing related inputs to worked inputs 0 for 185
18:48:23.174 [pool-1-thread-2] INFO  c.c.core.UnfiredFragmentCandidates - event 185 - Before 0
18:48:23.174 [pool-1-thread-2] INFO  c.c.core.UnfiredFragmentCandidates - event 185 - After 0
18:48:23.174 [pool-1-thread-2] INFO  c.c.core.UnfiredFragmentCandidates - input for 185, 0
18:48:23.227 [pool-1-thread-2] INFO  com.crawljax.core.Crawler -  Event xpath /HTML[1]/BODY[1]/DIV[4]/DIV[2]/DIV[1]/DIV[4]/UL[1]/LI[3]
18:48:23.244 [pool-1-thread-2] INFO  com.crawljax.core.Crawler - Changing related inputs for 186 with 0  to 0 
18:48:23.315 [pool-1-thread-2] INFO  c.c.core.UnfiredFragmentCandidates - Changing related inputs to worked inputs 0 for 186
18:48:23.315 [pool-1-thread-2] INFO  c.c.core.UnfiredFragmentCandidates - event 186 - Before 0
18:48:23.315 [pool-1-thread-2] INFO  c.c.core.UnfiredFragmentCandidates - event 186 - After 0
18:48:23.315 [pool-1-thread-2] INFO  c.c.core.UnfiredFragmentCandidates - input for 186, 0
18:48:26.451 [pool-1-thread-2] INFO  c.c.c.state.InMemoryStateFlowGraph - Number of states in the graph is now 73
18:48:26.452 [pool-1-thread-2] INFO  c.crawljax.core.state.StateMachine - State state688 added to the StateMachine.
18:48:26.585 [pool-1-thread-2] INFO  com.crawljax.core.Crawler - New DOM is a new state! crawl depth is now 1
18:48:26.585 [pool-1-thread-2] INFO  com.crawljax.core.Crawler - Parsing DOM of state state688 for candidate elements
18:48:26.595 [pool-1-thread-2] INFO  c.c.core.UnfiredFragmentCandidates - There are 1 states with unfired actions: [688]
18:48:26.602 [pool-1-thread-2] INFO  com.crawljax.core.Crawler -  Event xpath /HTML[1]/BODY[1]/DIV[4]/DIV[1]/DIV[2]/UL[1]/LI[3]/DIV[1]
18:48:26.621 [pool-1-thread-2] INFO  com.crawljax.core.Crawler - Changing related inputs for 187 with 0  to 0 
18:48:26.695 [pool-1-thread-2] INFO  c.c.core.UnfiredFragmentCandidates - Changing related inputs to worked inputs 0 for 187
18:48:26.695 [pool-1-thread-2] INFO  c.c.core.UnfiredFragmentCandidates - event 187 - Before 0
18:48:26.695 [pool-1-thread-2] INFO  c.c.core.UnfiredFragmentCandidates - event 187 - After 0
18:48:26.695 [pool-1-thread-2] INFO  c.c.core.UnfiredFragmentCandidates - input for 187, 0
18:48:26.737 [pool-1-thread-2] INFO  com.crawljax.core.Crawler -  Event xpath /HTML[1]/BODY[1]/DIV[4]/DIV[1]/DIV[4]/DIV[3]/DIV[1]/DIV[1]/DIV[1]/DIV[1]/DIV[34]/IMG[1]
18:48:26.756 [pool-1-thread-2] INFO  com.crawljax.core.Crawler - Changing related inputs for 188 with 0  to 0 
18:48:26.838 [pool-1-thread-2] INFO  c.c.core.UnfiredFragmentCandidates - Changing related inputs to worked inputs 0 for 188
18:48:26.838 [pool-1-thread-2] INFO  c.c.core.UnfiredFragmentCandidates - event 188 - Before 0
18:48:26.838 [pool-1-thread-2] INFO  c.c.core.UnfiredFragmentCandidates - event 188 - After 0
18:48:26.838 [pool-1-thread-2] INFO  c.c.core.UnfiredFragmentCandidates - input for 188, 0
18:48:27.968 [pool-1-thread-2] INFO  com.crawljax.core.Crawler -  Event xpath /HTML[1]/BODY[1]/DIV[4]/DIV[1]/DIV[4]/DIV[3]/DIV[1]/DIV[1]/DIV[3]/DIV[4]/DIV[1]/DIV[1]
18:48:27.988 [pool-1-thread-2] INFO  com.crawljax.core.Crawler - Changing related inputs for 189 with 0  to 0 
18:48:28.062 [pool-1-thread-2] INFO  c.c.core.UnfiredFragmentCandidates - Changing related inputs to worked inputs 0 for 189
18:48:28.062 [pool-1-thread-2] INFO  c.c.core.UnfiredFragmentCandidates - event 189 - Before 0
18:48:28.062 [pool-1-thread-2] INFO  c.c.core.UnfiredFragmentCandidates - event 189 - After 0
18:48:28.062 [pool-1-thread-2] INFO  c.c.core.UnfiredFragmentCandidates - input for 189, 0
18:48:32.707 [pool-1-thread-2] INFO  c.c.c.state.InMemoryStateFlowGraph - Number of states in the graph is now 74
18:48:32.708 [pool-1-thread-2] INFO  c.crawljax.core.state.StateMachine - State state689 added to the StateMachine.
18:48:32.849 [pool-1-thread-2] INFO  com.crawljax.core.Crawler - New DOM is a new state! crawl depth is now 2
18:48:32.849 [pool-1-thread-2] INFO  com.crawljax.core.Crawler - Parsing DOM of state state689 for candidate elements
18:48:32.856 [pool-1-thread-2] INFO  c.c.core.UnfiredFragmentCandidates - There are 2 states with unfired actions: [688, 689]
18:48:32.866 [pool-1-thread-2] INFO  com.crawljax.core.Crawler -  Event xpath /HTML[1]/BODY[1]/DIV[4]/DIV[1]/DIV[3]
18:48:32.885 [pool-1-thread-2] INFO  com.crawljax.core.Crawler - Changing related inputs for 190 with 0  to 0 
18:48:32.956 [pool-1-thread-2] INFO  c.c.core.UnfiredFragmentCandidates - Changing related inputs to worked inputs 0 for 190
18:48:32.956 [pool-1-thread-2] INFO  c.c.core.UnfiredFragmentCandidates - event 190 - Before 0
18:48:32.956 [pool-1-thread-2] INFO  c.c.core.UnfiredFragmentCandidates - event 190 - After 0
18:48:32.956 [pool-1-thread-2] INFO  c.c.core.UnfiredFragmentCandidates - input for 190, 0
18:48:32.997 [pool-1-thread-2] INFO  com.crawljax.core.Crawler -  Event xpath /HTML[1]/BODY[1]/DIV[4]/DIV[2]/DIV[1]/DIV[1]/UL[1]/LI[3]
18:48:33.020 [pool-1-thread-2] INFO  com.crawljax.core.Crawler - Changing related inputs for 191 with 0  to 0 
18:48:33.091 [pool-1-thread-2] INFO  c.c.core.UnfiredFragmentCandidates - Changing related inputs to worked inputs 0 for 191
18:48:33.092 [pool-1-thread-2] INFO  c.c.core.UnfiredFragmentCandidates - event 191 - Before 0
18:48:33.092 [pool-1-thread-2] INFO  c.c.core.UnfiredFragmentCandidates - event 191 - After 0
18:48:33.092 [pool-1-thread-2] INFO  c.c.core.UnfiredFragmentCandidates - input for 191, 0
18:48:36.224 [pool-1-thread-2] INFO  com.crawljax.core.Crawler -  Event xpath /HTML[1]/BODY[1]/DIV[4]/DIV[2]/DIV[1]/DIV[2]
18:48:36.243 [pool-1-thread-2] INFO  com.crawljax.core.Crawler - Changing related inputs for 192 with 0  to 0 
18:48:36.323 [pool-1-thread-2] INFO  c.c.core.UnfiredFragmentCandidates - Changing related inputs to worked inputs 0 for 192
18:48:36.323 [pool-1-thread-2] INFO  c.c.core.UnfiredFragmentCandidates - event 192 - Before 0
18:48:36.323 [pool-1-thread-2] INFO  c.c.core.UnfiredFragmentCandidates - event 192 - After 0
18:48:36.323 [pool-1-thread-2] INFO  c.c.core.UnfiredFragmentCandidates - input for 192, 0
18:48:39.455 [pool-1-thread-2] INFO  com.crawljax.core.Crawler -  Event xpath /HTML[1]/BODY[1]/DIV[4]/DIV[1]/DIV[4]/DIV[2]/DIV[2]/DIV[1]/FORM[1]/DIV[1]/DIV[1]/DIV[2]/DIV[6]/DL[1]/DD[3]/UL[1]/LI[2]
18:48:39.472 [pool-1-thread-2] INFO  com.crawljax.core.Crawler - Changing related inputs for 193 with 0  to 0 
18:48:39.545 [pool-1-thread-2] INFO  c.c.core.UnfiredFragmentCandidates - Changing related inputs to worked inputs 0 for 193
18:48:39.545 [pool-1-thread-2] INFO  c.c.core.UnfiredFragmentCandidates - event 193 - Before 0
18:48:39.545 [pool-1-thread-2] INFO  c.c.core.UnfiredFragmentCandidates - event 193 - After 0
18:48:39.546 [pool-1-thread-2] INFO  c.c.core.UnfiredFragmentCandidates - input for 193, 0
18:48:42.682 [pool-1-thread-2] INFO  com.crawljax.core.Crawler -  Event xpath /HTML[1]/BODY[1]/DIV[4]/DIV[1]/DIV[4]/DIV[1]/DIV[1]/DIV[2]/UL[1]/LI[2]
18:48:42.699 [pool-1-thread-2] INFO  com.crawljax.core.Crawler - Changing related inputs for 194 with 0  to 0 
18:48:42.771 [pool-1-thread-2] INFO  c.c.core.UnfiredFragmentCandidates - Changing related inputs to worked inputs 0 for 194
18:48:42.771 [pool-1-thread-2] INFO  c.c.core.UnfiredFragmentCandidates - event 194 - Before 0
18:48:42.771 [pool-1-thread-2] INFO  c.c.core.UnfiredFragmentCandidates - event 194 - After 0
18:48:42.771 [pool-1-thread-2] INFO  c.c.core.UnfiredFragmentCandidates - input for 194, 0
18:48:45.909 [pool-1-thread-2] INFO  com.crawljax.core.Crawler -  Event xpath /HTML[1]/BODY[1]/DIV[4]/DIV[1]/DIV[4]/DIV[2]/DIV[2]/DIV[1]/FORM[1]/DIV[1]/DIV[1]/DIV[2]/DIV[6]/DL[1]/DD[3]/UL[1]/LI[1]/LABEL[1]
18:48:45.928 [pool-1-thread-2] INFO  com.crawljax.core.Crawler - Changing related inputs for 195 with 0  to 0 
18:48:46.005 [pool-1-thread-2] INFO  c.c.core.UnfiredFragmentCandidates - Changing related inputs to worked inputs 0 for 195
18:48:46.006 [pool-1-thread-2] INFO  c.c.core.UnfiredFragmentCandidates - event 195 - Before 0
18:48:46.006 [pool-1-thread-2] INFO  c.c.core.UnfiredFragmentCandidates - event 195 - After 0
18:48:46.006 [pool-1-thread-2] INFO  c.c.core.UnfiredFragmentCandidates - input for 195, 0
18:48:49.141 [pool-1-thread-2] INFO  com.crawljax.core.Crawler -  Event xpath /HTML[1]/BODY[1]/DIV[4]/DIV[1]/DIV[4]/DIV[2]/DIV[2]/DIV[1]/FORM[1]/DIV[1]/DIV[1]/DIV[2]/DIV[11]/DIV[1]/A[5]
18:48:49.161 [pool-1-thread-2] INFO  com.crawljax.core.Crawler - Changing related inputs for 196 with 0  to 0 
18:48:49.233 [pool-1-thread-2] INFO  c.c.core.UnfiredFragmentCandidates - Changing related inputs to worked inputs 0 for 196
18:48:49.233 [pool-1-thread-2] INFO  c.c.core.UnfiredFragmentCandidates - event 196 - Before 0
18:48:49.233 [pool-1-thread-2] INFO  c.c.core.UnfiredFragmentCandidates - event 196 - After 0
18:48:49.233 [pool-1-thread-2] INFO  c.c.core.UnfiredFragmentCandidates - input for 196, 0
18:48:49.268 [pool-1-thread-2] INFO  com.crawljax.core.Crawler - Anchor Element{node=[A: null], tag=A, text=, attributes={class=addthis_button_compact}} has no href and is invisible so it will be ignored
18:48:49.276 [pool-1-thread-2] INFO  com.crawljax.core.Crawler -  Event xpath /HTML[1]/BODY[1]/DIV[4]/DIV[1]/DIV[4]/DIV[2]/DIV[2]/DIV[1]/FORM[1]/DIV[1]/DIV[2]/DIV[2]/DIV[4]/DIV[1]/DIV[2]/DIV[3]/DIV[2]/INPUT[1]
18:48:49.294 [pool-1-thread-2] INFO  com.crawljax.core.Crawler - Changing related inputs for 197 with 0  to 0 
18:48:49.365 [pool-1-thread-2] INFO  c.c.core.UnfiredFragmentCandidates - Changing related inputs to worked inputs 0 for 197
18:48:49.365 [pool-1-thread-2] INFO  c.c.core.UnfiredFragmentCandidates - event 197 - Before 0
18:48:49.365 [pool-1-thread-2] INFO  c.c.core.UnfiredFragmentCandidates - event 197 - After 0
18:48:49.365 [pool-1-thread-2] INFO  c.c.core.UnfiredFragmentCandidates - input for 197, 0
18:48:52.508 [pool-1-thread-2] INFO  c.c.c.state.InMemoryStateFlowGraph - Number of states in the graph is now 75
18:48:52.508 [pool-1-thread-2] INFO  c.crawljax.core.state.StateMachine - State state695 added to the StateMachine.
18:48:52.656 [pool-1-thread-2] INFO  com.crawljax.core.Crawler - New DOM is a new state! crawl depth is now 3
18:48:52.656 [pool-1-thread-2] INFO  com.crawljax.core.Crawler - Parsing DOM of state state695 for candidate elements
18:48:52.662 [pool-1-thread-2] INFO  c.c.core.UnfiredFragmentCandidates - There are 3 states with unfired actions: [688, 689, 695]
18:48:52.670 [pool-1-thread-2] INFO  com.crawljax.core.Crawler -  Event xpath /HTML[1]/BODY[1]/DIV[4]/DIV[1]/DIV[2]/UL[1]/LI[4]/A[1]
18:48:52.687 [pool-1-thread-2] INFO  com.crawljax.core.Crawler - Changing related inputs for 198 with 0  to 0 
18:48:52.759 [pool-1-thread-2] INFO  c.c.core.UnfiredFragmentCandidates - Changing related inputs to worked inputs 0 for 198
18:48:52.759 [pool-1-thread-2] INFO  c.c.core.UnfiredFragmentCandidates - event 198 - Before 0
18:48:52.759 [pool-1-thread-2] INFO  c.c.core.UnfiredFragmentCandidates - event 198 - After 0
18:48:52.759 [pool-1-thread-2] INFO  c.c.core.UnfiredFragmentCandidates - input for 198, 0
18:48:56.459 [pool-1-thread-2] INFO  c.c.c.state.InMemoryStateFlowGraph - Number of states in the graph is now 76
18:48:56.459 [pool-1-thread-2] INFO  c.crawljax.core.state.StateMachine - State state696 added to the StateMachine.
18:48:56.612 [pool-1-thread-2] INFO  com.crawljax.core.Crawler - New DOM is a new state! crawl depth is now 4
18:48:56.612 [pool-1-thread-2] INFO  com.crawljax.core.Crawler - Parsing DOM of state state696 for candidate elements
18:48:56.623 [pool-1-thread-2] INFO  c.c.core.UnfiredFragmentCandidates - There are 4 states with unfired actions: [688, 689, 695, 696]
18:48:56.631 [pool-1-thread-2] INFO  com.crawljax.core.Crawler -  Event xpath /HTML[1]/BODY[1]/DIV[4]/DIV[1]/DIV[4]/DIV[2]/DIV[2]/DIV[2]/DIV[3]/DIV[7]/DIV[1]
18:48:56.648 [pool-1-thread-2] INFO  com.crawljax.core.Crawler - Changing related inputs for 199 with 0  to 0 
18:48:56.717 [pool-1-thread-2] INFO  c.c.core.UnfiredFragmentCandidates - Changing related inputs to worked inputs 0 for 199
18:48:56.717 [pool-1-thread-2] INFO  c.c.core.UnfiredFragmentCandidates - event 199 - Before 0
18:48:56.717 [pool-1-thread-2] INFO  c.c.core.UnfiredFragmentCandidates - event 199 - After 0
18:48:56.717 [pool-1-thread-2] INFO  c.c.core.UnfiredFragmentCandidates - input for 199, 0
18:49:02.133 [pool-1-thread-2] INFO  c.c.c.state.InMemoryStateFlowGraph - Number of states in the graph is now 77
18:49:02.133 [pool-1-thread-2] INFO  c.crawljax.core.state.StateMachine - State state697 added to the StateMachine.
18:49:02.278 [pool-1-thread-2] INFO  com.crawljax.core.Crawler - New DOM is a new state! crawl depth is now 5
18:49:02.278 [pool-1-thread-2] INFO  com.crawljax.core.Crawler - Parsing DOM of state state697 for candidate elements
18:49:02.284 [pool-1-thread-2] INFO  c.c.core.UnfiredFragmentCandidates - There are 5 states with unfired actions: [688, 689, 695, 696, 697]
18:49:02.293 [pool-1-thread-2] INFO  com.crawljax.core.Crawler -  Event xpath /HTML[1]/BODY[1]/DIV[4]/DIV[1]/DIV[4]/DIV[1]/DIV[1]/DIV[2]/UL[1]/LI[7]
18:49:02.309 [pool-1-thread-2] INFO  com.crawljax.core.Crawler - Changing related inputs for 200 with 0  to 0 
18:49:02.380 [pool-1-thread-2] INFO  c.c.core.UnfiredFragmentCandidates - Changing related inputs to worked inputs 0 for 200
18:49:02.380 [pool-1-thread-2] INFO  c.c.core.UnfiredFragmentCandidates - event 200 - Before 0
18:49:02.380 [pool-1-thread-2] INFO  c.c.core.UnfiredFragmentCandidates - event 200 - After 0
18:49:02.380 [pool-1-thread-2] INFO  c.c.core.UnfiredFragmentCandidates - input for 200, 0
18:49:05.506 [pool-1-thread-2] INFO  com.crawljax.core.Crawler -  Event xpath /HTML[1]/BODY[1]/DIV[4]/DIV[1]/DIV[4]/DIV[2]/DIV[2]/DIV[1]/FORM[1]/DIV[1]/DIV[2]/DIV[2]/DIV[2]/DIV[1]/DIV[2]/DIV[1]/DIV[1]
18:49:05.521 [pool-1-thread-2] INFO  com.crawljax.core.Crawler - Changing related inputs for 201 with 0  to 0 
18:49:05.590 [pool-1-thread-2] INFO  c.c.core.UnfiredFragmentCandidates - Changing related inputs to worked inputs 0 for 201
18:49:05.590 [pool-1-thread-2] INFO  c.c.core.UnfiredFragmentCandidates - event 201 - Before 0
18:49:05.590 [pool-1-thread-2] INFO  c.c.core.UnfiredFragmentCandidates - event 201 - After 0
18:49:05.590 [pool-1-thread-2] INFO  c.c.core.UnfiredFragmentCandidates - input for 201, 0
18:49:08.719 [pool-1-thread-2] INFO  com.crawljax.core.Crawler -  Event xpath /HTML[1]/BODY[1]/DIV[4]/DIV[1]/DIV[2]/DIV[1]/A[1]/SPAN[1]
18:49:08.734 [pool-1-thread-2] INFO  com.crawljax.core.Crawler - Changing related inputs for 202 with 0  to 0 
18:49:08.803 [pool-1-thread-2] INFO  c.c.core.UnfiredFragmentCandidates - Changing related inputs to worked inputs 0 for 202
18:49:08.803 [pool-1-thread-2] INFO  c.c.core.UnfiredFragmentCandidates - event 202 - Before 0
18:49:08.803 [pool-1-thread-2] INFO  c.c.core.UnfiredFragmentCandidates - event 202 - After 0
18:49:08.803 [pool-1-thread-2] INFO  c.c.core.UnfiredFragmentCandidates - input for 202, 0
18:49:08.854 [pool-1-thread-2] INFO  com.crawljax.core.Crawler -  Event xpath /HTML[1]/BODY[1]/DIV[4]/DIV[1]/DIV[4]/DIV[2]/DIV[2]/DIV[1]/FORM[1]/DIV[1]/DIV[2]
18:49:08.873 [pool-1-thread-2] INFO  com.crawljax.core.Crawler - Changing related inputs for 203 with 0  to 0 
18:49:08.952 [pool-1-thread-2] INFO  c.c.core.UnfiredFragmentCandidates - Changing related inputs to worked inputs 0 for 203
18:49:08.952 [pool-1-thread-2] INFO  c.c.core.UnfiredFragmentCandidates - event 203 - Before 0
18:49:08.952 [pool-1-thread-2] INFO  c.c.core.UnfiredFragmentCandidates - event 203 - After 0
18:49:08.952 [pool-1-thread-2] INFO  c.c.core.UnfiredFragmentCandidates - input for 203, 0
18:49:12.070 [pool-1-thread-2] INFO  com.crawljax.core.Crawler -  Event xpath /HTML[1]/BODY[1]/DIV[4]/DIV[1]/DIV[2]/UL[1]/LI[3]/UL[1]/LI[1]/A[1]
18:49:12.086 [pool-1-thread-2] INFO  com.crawljax.core.Crawler - Changing related inputs for 204 with 0  to 0 
18:49:12.155 [pool-1-thread-2] INFO  c.c.core.UnfiredFragmentCandidates - Changing related inputs to worked inputs 0 for 204
18:49:12.155 [pool-1-thread-2] INFO  c.c.core.UnfiredFragmentCandidates - event 204 - Before 0
18:49:12.155 [pool-1-thread-2] INFO  c.c.core.UnfiredFragmentCandidates - event 204 - After 0
18:49:12.155 [pool-1-thread-2] INFO  c.c.core.UnfiredFragmentCandidates - input for 204, 0
18:49:12.195 [pool-1-thread-2] INFO  com.crawljax.core.Crawler - Found an invisible link with href=/camera-photo
18:49:15.192 [pool-1-thread-2] INFO  c.c.c.state.InMemoryStateFlowGraph - Number of states in the graph is now 78
18:49:15.192 [pool-1-thread-2] INFO  c.crawljax.core.state.StateMachine - State state701 added to the StateMachine.
18:49:15.305 [pool-1-thread-2] INFO  com.crawljax.core.Crawler - New DOM is a new state! crawl depth is now 6
18:49:15.305 [pool-1-thread-2] INFO  com.crawljax.core.Crawler - Parsing DOM of state state701 for candidate elements
18:49:15.310 [pool-1-thread-2] INFO  c.c.core.UnfiredFragmentCandidates - There are 6 states with unfired actions: [688, 689, 695, 696, 697, 701]
18:49:15.318 [pool-1-thread-2] INFO  com.crawljax.core.Crawler -  Event xpath /HTML[1]/BODY[1]/DIV[4]/DIV[2]/DIV[1]/DIV[3]
18:49:15.332 [pool-1-thread-2] INFO  com.crawljax.core.Crawler - Changing related inputs for 205 with 0  to 0 
18:49:15.409 [pool-1-thread-2] INFO  c.c.core.UnfiredFragmentCandidates - Changing related inputs to worked inputs 0 for 205
18:49:15.409 [pool-1-thread-2] INFO  c.c.core.UnfiredFragmentCandidates - event 205 - Before 0
18:49:15.409 [pool-1-thread-2] INFO  c.c.core.UnfiredFragmentCandidates - event 205 - After 0
18:49:15.409 [pool-1-thread-2] INFO  c.c.core.UnfiredFragmentCandidates - input for 205, 0
18:49:18.531 [pool-1-thread-2] INFO  com.crawljax.core.Crawler -  Event xpath /HTML[1]/BODY[1]/DIV[4]/DIV[1]/DIV[1]/DIV[3]/FORM[1]/INPUT[2]
18:49:18.546 [pool-1-thread-2] INFO  com.crawljax.core.Crawler - Changing related inputs for 206 with 0  to 0 
18:49:18.621 [pool-1-thread-2] INFO  c.c.core.UnfiredFragmentCandidates - Changing related inputs to worked inputs 0 for 206
18:49:18.622 [pool-1-thread-2] INFO  c.c.core.UnfiredFragmentCandidates - event 206 - Before 0
18:49:18.622 [pool-1-thread-2] INFO  c.c.core.UnfiredFragmentCandidates - event 206 - After 0
18:49:18.622 [pool-1-thread-2] INFO  c.c.core.UnfiredFragmentCandidates - input for 206, 0
18:49:21.765 [pool-1-thread-2] INFO  c.c.b.WebDriverBackedEmbeddedBrowser - Alert accepted
18:49:21.855 [pool-1-thread-2] INFO  com.crawljax.core.Crawler -  Event xpath /HTML[1]/BODY[1]/DIV[4]/DIV[1]/DIV[4]/DIV[1]/DIV[3]/DIV[2]/DIV[1]/DIV[1]/SPAN[1]
18:49:21.877 [pool-1-thread-2] INFO  com.crawljax.core.Crawler - Changing related inputs for 207 with 0  to 0 
18:49:21.991 [pool-1-thread-2] INFO  c.c.core.UnfiredFragmentCandidates - Changing related inputs to worked inputs 0 for 207
18:49:21.991 [pool-1-thread-2] INFO  c.c.core.UnfiredFragmentCandidates - event 207 - Before 0
18:49:21.991 [pool-1-thread-2] INFO  c.c.core.UnfiredFragmentCandidates - event 207 - After 0
18:49:21.991 [pool-1-thread-2] INFO  c.c.core.UnfiredFragmentCandidates - input for 207, 0
18:49:22.052 [pool-1-thread-2] INFO  com.crawljax.core.Crawler -  Event xpath /HTML[1]/BODY[1]/DIV[4]/DIV[1]/DIV[4]/DIV[2]/DIV[2]/DIV[2]/DIV[3]/DIV[3]/DIV[1]/DIV[2]/DIV[1]/DIV[1]/DIV[1]
18:49:22.069 [pool-1-thread-2] INFO  com.crawljax.core.Crawler - Changing related inputs for 208 with 0  to 0 
18:49:22.154 [pool-1-thread-2] INFO  c.c.core.UnfiredFragmentCandidates - Changing related inputs to worked inputs 0 for 208
18:49:22.154 [pool-1-thread-2] INFO  c.c.core.UnfiredFragmentCandidates - event 208 - Before 0
18:49:22.154 [pool-1-thread-2] INFO  c.c.core.UnfiredFragmentCandidates - event 208 - After 0
18:49:22.154 [pool-1-thread-2] INFO  c.c.core.UnfiredFragmentCandidates - input for 208, 0
18:49:25.303 [pool-1-thread-2] INFO  com.crawljax.core.Crawler -  Event xpath /HTML[1]/BODY[1]/DIV[4]/DIV[1]/DIV[4]/DIV[1]/DIV[2]
18:49:25.323 [pool-1-thread-2] INFO  com.crawljax.core.Crawler - Changing related inputs for 209 with 0  to 0 
18:49:25.402 [pool-1-thread-2] INFO  c.c.core.UnfiredFragmentCandidates - Changing related inputs to worked inputs 0 for 209
18:49:25.402 [pool-1-thread-2] INFO  c.c.core.UnfiredFragmentCandidates - event 209 - Before 0
18:49:25.402 [pool-1-thread-2] INFO  c.c.core.UnfiredFragmentCandidates - event 209 - After 0
18:49:25.402 [pool-1-thread-2] INFO  c.c.core.UnfiredFragmentCandidates - input for 209, 0
18:49:28.529 [pool-1-thread-2] INFO  com.crawljax.core.Crawler -  Event xpath /HTML[1]/BODY[1]/DIV[4]/DIV[1]/DIV[4]/DIV[2]/DIV[2]/DIV[2]/DIV[2]
18:49:28.551 [pool-1-thread-2] INFO  com.crawljax.core.Crawler - Changing related inputs for 210 with 0  to 0 
18:49:28.631 [pool-1-thread-2] INFO  c.c.core.UnfiredFragmentCandidates - Changing related inputs to worked inputs 0 for 210
18:49:28.631 [pool-1-thread-2] INFO  c.c.core.UnfiredFragmentCandidates - event 210 - Before 0
18:49:28.631 [pool-1-thread-2] INFO  c.c.core.UnfiredFragmentCandidates - event 210 - After 0
18:49:28.631 [pool-1-thread-2] INFO  c.c.core.UnfiredFragmentCandidates - input for 210, 0
18:49:31.771 [pool-1-thread-2] INFO  com.crawljax.core.Crawler -  Event xpath /HTML[1]/BODY[1]/DIV[4]/DIV[1]/DIV[4]/DIV[2]/DIV[2]/DIV[2]/DIV[3]/DIV[4]/DIV[1]/DIV[1]/A[1]
18:49:31.793 [pool-1-thread-2] INFO  com.crawljax.core.Crawler - Changing related inputs for 211 with 0  to 0 
18:49:31.895 [pool-1-thread-2] INFO  c.c.core.UnfiredFragmentCandidates - Changing related inputs to worked inputs 0 for 211
18:49:31.895 [pool-1-thread-2] INFO  c.c.core.UnfiredFragmentCandidates - event 211 - Before 0
18:49:31.895 [pool-1-thread-2] INFO  c.c.core.UnfiredFragmentCandidates - event 211 - After 0
18:49:31.895 [pool-1-thread-2] INFO  c.c.core.UnfiredFragmentCandidates - input for 211, 0
18:49:36.407 [pool-1-thread-2] INFO  c.c.c.state.InMemoryStateFlowGraph - Number of states in the graph is now 79
18:49:36.407 [pool-1-thread-2] INFO  c.crawljax.core.state.StateMachine - State state707 added to the StateMachine.
18:49:36.544 [pool-1-thread-2] INFO  com.crawljax.core.Crawler - New DOM is a new state! crawl depth is now 7
18:49:36.544 [pool-1-thread-2] INFO  com.crawljax.core.Crawler - Parsing DOM of state state707 for candidate elements
18:49:36.551 [pool-1-thread-2] INFO  c.c.core.UnfiredFragmentCandidates - There are 7 states with unfired actions: [688, 689, 695, 696, 697, 701, 707]
18:49:36.559 [pool-1-thread-2] INFO  com.crawljax.core.Crawler -  Event xpath /HTML[1]/BODY[1]/DIV[4]/DIV[2]/DIV[1]/DIV[1]
18:49:36.580 [pool-1-thread-2] INFO  com.crawljax.core.Crawler - Changing related inputs for 212 with 0  to 0 
18:49:36.659 [pool-1-thread-2] INFO  c.c.core.UnfiredFragmentCandidates - Changing related inputs to worked inputs 0 for 212
18:49:36.660 [pool-1-thread-2] INFO  c.c.core.UnfiredFragmentCandidates - event 212 - Before 0
18:49:36.660 [pool-1-thread-2] INFO  c.c.core.UnfiredFragmentCandidates - event 212 - After 0
18:49:36.660 [pool-1-thread-2] INFO  c.c.core.UnfiredFragmentCandidates - input for 212, 0
18:49:39.791 [pool-1-thread-2] INFO  com.crawljax.core.Crawler -  Event xpath /HTML[1]/BODY[1]/DIV[4]/DIV[1]/DIV[2]/UL[2]/LI[4]/DIV[1]
18:49:39.811 [pool-1-thread-2] INFO  com.crawljax.core.Crawler - Changing related inputs for 213 with 0  to 0 
18:49:39.890 [pool-1-thread-2] INFO  c.c.core.UnfiredFragmentCandidates - Changing related inputs to worked inputs 0 for 213
18:49:39.890 [pool-1-thread-2] INFO  c.c.core.UnfiredFragmentCandidates - event 213 - Before 0
18:49:39.890 [pool-1-thread-2] INFO  c.c.core.UnfiredFragmentCandidates - event 213 - After 0
18:49:39.890 [pool-1-thread-2] INFO  c.c.core.UnfiredFragmentCandidates - input for 213, 0
18:49:39.933 [pool-1-thread-2] INFO  com.crawljax.core.Crawler -  Event xpath /HTML[1]/BODY[1]/DIV[4]/DIV[2]/DIV[1]/DIV[1]/UL[1]/LI[3]
18:49:39.954 [pool-1-thread-2] INFO  com.crawljax.core.Crawler - Changing related inputs for 214 with 0  to 0 
18:49:40.027 [pool-1-thread-2] INFO  c.c.core.UnfiredFragmentCandidates - Changing related inputs to worked inputs 0 for 214
18:49:40.027 [pool-1-thread-2] INFO  c.c.core.UnfiredFragmentCandidates - event 214 - Before 0
18:49:40.027 [pool-1-thread-2] INFO  c.c.core.UnfiredFragmentCandidates - event 214 - After 0
18:49:40.027 [pool-1-thread-2] INFO  c.c.core.UnfiredFragmentCandidates - input for 214, 0
18:49:43.161 [pool-1-thread-2] INFO  com.crawljax.core.Crawler -  Event xpath /HTML[1]/BODY[1]/DIV[4]/DIV[1]/DIV[4]/DIV[2]/DIV[2]/DIV[1]/FORM[1]/DIV[1]/DIV[1]/DIV[2]/DIV[2]
18:49:43.184 [pool-1-thread-2] INFO  com.crawljax.core.Crawler - Changing related inputs for 215 with 0  to 0 
18:49:43.272 [pool-1-thread-2] INFO  c.c.core.UnfiredFragmentCandidates - Changing related inputs to worked inputs 0 for 215
18:49:43.272 [pool-1-thread-2] INFO  c.c.core.UnfiredFragmentCandidates - event 215 - Before 0
18:49:43.272 [pool-1-thread-2] INFO  c.c.core.UnfiredFragmentCandidates - event 215 - After 0
18:49:43.272 [pool-1-thread-2] INFO  c.c.core.UnfiredFragmentCandidates - input for 215, 0
18:49:46.414 [pool-1-thread-2] INFO  com.crawljax.core.Crawler -  Event xpath /HTML[1]/BODY[1]/DIV[4]/DIV[2]/DIV[1]/DIV[1]/UL[1]/LI[2]
18:49:46.435 [pool-1-thread-2] INFO  com.crawljax.core.Crawler - Changing related inputs for 216 with 0  to 0 
18:49:46.511 [pool-1-thread-2] INFO  c.c.core.UnfiredFragmentCandidates - Changing related inputs to worked inputs 0 for 216
18:49:46.511 [pool-1-thread-2] INFO  c.c.core.UnfiredFragmentCandidates - event 216 - Before 0
18:49:46.511 [pool-1-thread-2] INFO  c.c.core.UnfiredFragmentCandidates - event 216 - After 0
18:49:46.511 [pool-1-thread-2] INFO  c.c.core.UnfiredFragmentCandidates - input for 216, 0
18:49:49.637 [pool-1-thread-2] INFO  com.crawljax.core.Crawler -  Event xpath /HTML[1]/BODY[1]/DIV[4]/DIV[1]/DIV[4]/DIV[2]/DIV[1]/UL[1]/LI[1]/SPAN[1]
18:49:49.657 [pool-1-thread-2] INFO  com.crawljax.core.Crawler - Changing related inputs for 217 with 0  to 0 
18:49:49.735 [pool-1-thread-2] INFO  c.c.core.UnfiredFragmentCandidates - Changing related inputs to worked inputs 0 for 217
18:49:49.735 [pool-1-thread-2] INFO  c.c.core.UnfiredFragmentCandidates - event 217 - Before 0
18:49:49.735 [pool-1-thread-2] INFO  c.c.core.UnfiredFragmentCandidates - event 217 - After 0
18:49:49.735 [pool-1-thread-2] INFO  c.c.core.UnfiredFragmentCandidates - input for 217, 0
18:49:53.550 [pool-1-thread-2] INFO  c.c.c.state.InMemoryStateFlowGraph - Number of states in the graph is now 80
18:49:53.550 [pool-1-thread-2] INFO  c.crawljax.core.state.StateMachine - State state712 added to the StateMachine.
18:49:53.679 [pool-1-thread-2] INFO  com.crawljax.core.Crawler - New DOM is a new state! crawl depth is now 8
18:49:53.687 [pool-1-thread-2] INFO  com.crawljax.core.Crawler - Resetting the crawler and Going to state state598
18:49:53.696 [pool-1-thread-2] INFO  com.crawljax.core.CrawlSession - Adding CrawlPath to session !!
18:49:53.696 [pool-1-thread-2] INFO  com.crawljax.core.Crawler - BT-state597:-1state598_186_state688state688_189_state689state689_197_state695state695_198_state696state696_199_state697state697_204_state701state701_211_state707state707_217_state712
18:49:56.469 [pool-1-thread-2] INFO  c.c.c.state.InMemoryStateFlowGraph - Number of states in the graph is now 81
18:49:56.595 [pool-1-thread-2] INFO  com.crawljax.core.Crawler - Parsing DOM of state state713 for candidate elements
18:49:56.602 [pool-1-thread-2] INFO  c.c.core.UnfiredFragmentCandidates - There are 8 states with unfired actions: [688, 689, 695, 696, 697, 701, 707, 713]
18:49:56.602 [pool-1-thread-2] INFO  com.crawljax.core.Crawler - Added a reload edge from state712 to state713
18:49:56.602 [pool-1-thread-2] INFO  com.crawljax.core.Crawler - Initial state not the same as current state : Getting shortest path from current state
18:49:56.602 [pool-1-thread-2] INFO  com.crawljax.core.Crawler - state598 no path from state713
18:49:56.603 [pool-1-thread-2] INFO  c.crawljax.core.state.StateMachine - Cannot go to state: 'state1' from: 'state713'
18:49:56.603 [pool-1-thread-2] INFO  com.crawljax.core.Crawler - Not a valid path anymore index: state598
18:49:56.603 [pool-1-thread-2] INFO  com.crawljax.core.Crawler - Tried to follow 
18:49:56.603 [pool-1-thread-2] INFO  com.crawljax.core.Crawler - index_1_state1state1_4_state3state3_145_state483state483_155_state492state492_156_state493state493_162_state498state498_0_state499state499_163_state580state580_164_state581state581_167_state583state583_170_state586state586_173_state589state589_177_state591state591_183_state595state595_184_state596state596_0_state597state597_0_state598
18:49:56.603 [pool-1-thread-2] INFO  com.crawljax.core.Crawler - Saving failed backtracking path to 598
18:49:56.603 [pool-1-thread-2] INFO  com.crawljax.core.Crawler - backtrack status: false, reached NearDuplicate : -1 
18:49:59.349 [pool-1-thread-2] INFO  com.crawljax.core.Crawler - index has changed to: state713
18:49:59.349 [pool-1-thread-2] INFO  com.crawljax.core.Crawler - Added a reload edge from state713 to state713
18:49:59.349 [pool-1-thread-2] INFO  c.crawljax.core.state.StateMachine - Cannot go to state: 'state13' from: 'state713'
18:49:59.349 [pool-1-thread-2] INFO  com.crawljax.core.Crawler - Not a valid path anymore state12: state598
18:49:59.350 [pool-1-thread-2] INFO  com.crawljax.core.Crawler - Tried to follow 
18:49:59.350 [pool-1-thread-2] INFO  com.crawljax.core.Crawler - state12_0_state13state13_17_state27state27_18_state28state28_19_state29state29_59_state142state142_136_state380state380_139_state381state381_140_state382state382_143_state481state481_144_state3state3_145_state483state483_155_state492state492_156_state493state493_162_state498state498_0_state499state499_163_state580state580_164_state581state581_167_state583state583_170_state586state586_173_state589state589_177_state591state591_183_state595state595_184_state596state596_0_state597state597_0_state598
18:49:59.350 [pool-1-thread-2] INFO  com.crawljax.core.Crawler - Saving failed backtracking path to 598
18:49:59.350 [pool-1-thread-2] INFO  com.crawljax.core.Crawler - backtrack status: false, reached NearDuplicate : -1 
18:50:02.114 [pool-1-thread-2] INFO  com.crawljax.core.Crawler - index has changed to: state713
18:50:02.114 [pool-1-thread-2] INFO  com.crawljax.core.Crawler - Did not add reload edge from state713 to state713
18:50:02.114 [pool-1-thread-2] INFO  c.crawljax.core.state.StateMachine - Cannot go to state: 'state27' from: 'state713'
18:50:02.114 [pool-1-thread-2] INFO  com.crawljax.core.Crawler - Not a valid path anymore state13: state598
18:50:02.114 [pool-1-thread-2] INFO  com.crawljax.core.Crawler - Tried to follow 
18:50:02.114 [pool-1-thread-2] INFO  com.crawljax.core.Crawler - state13_17_state27state27_18_state28state28_19_state29state29_59_state142state142_136_state380state380_139_state381state381_140_state382state382_143_state481state481_144_state3state3_145_state483state483_155_state492state492_156_state493state493_162_state498state498_0_state499state499_163_state580state580_164_state581state581_167_state583state583_170_state586state586_173_state589state589_177_state591state591_183_state595state595_184_state596state596_0_state597state597_0_state598
18:50:02.114 [pool-1-thread-2] INFO  com.crawljax.core.Crawler - Saving failed backtracking path to 598
18:50:02.114 [pool-1-thread-2] INFO  com.crawljax.core.Crawler - backtrack status: false, reached NearDuplicate : -1 
18:50:04.896 [pool-1-thread-2] INFO  com.crawljax.core.Crawler - index has changed to: state713
18:50:04.896 [pool-1-thread-2] INFO  com.crawljax.core.Crawler - Did not add reload edge from state713 to state713
18:50:04.896 [pool-1-thread-2] INFO  c.crawljax.core.state.StateMachine - Cannot go to state: 'state5' from: 'state713'
18:50:04.897 [pool-1-thread-2] INFO  com.crawljax.core.Crawler - Not a valid path anymore state43: state598
18:50:04.897 [pool-1-thread-2] INFO  com.crawljax.core.Crawler - Tried to follow 
18:50:04.897 [pool-1-thread-2] INFO  com.crawljax.core.Crawler - state43_37_state5state5_7_state4state4_23_state32state32_30_state37state37_31_state38state38_88_state234state234_85_state3state3_145_state483state483_155_state492state492_156_state493state493_162_state498state498_0_state499state499_163_state580state580_164_state581state581_167_state583state583_170_state586state586_173_state589state589_177_state591state591_183_state595state595_184_state596state596_0_state597state597_0_state598
18:50:04.897 [pool-1-thread-2] INFO  com.crawljax.core.Crawler - Saving failed backtracking path to 598
18:50:04.897 [pool-1-thread-2] INFO  com.crawljax.core.Crawler - backtrack status: false, reached NearDuplicate : -1 
18:50:07.663 [pool-1-thread-2] INFO  com.crawljax.core.Crawler - index has changed to: state713
18:50:07.663 [pool-1-thread-2] INFO  com.crawljax.core.Crawler - Did not add reload edge from state713 to state713
18:50:07.663 [pool-1-thread-2] INFO  c.crawljax.core.state.StateMachine - Cannot go to state: 'state139' from: 'state713'
18:50:07.663 [pool-1-thread-2] INFO  com.crawljax.core.Crawler - Not a valid path anymore state94: state598
18:50:07.663 [pool-1-thread-2] INFO  com.crawljax.core.Crawler - Tried to follow 
18:50:07.663 [pool-1-thread-2] INFO  com.crawljax.core.Crawler - state94_56_state139state139_57_state140state140_58_state29state29_59_state142state142_136_state380state380_139_state381state381_140_state382state382_143_state481state481_144_state3state3_145_state483state483_155_state492state492_156_state493state493_162_state498state498_0_state499state499_163_state580state580_164_state581state581_167_state583state583_170_state586state586_173_state589state589_177_state591state591_183_state595state595_184_state596state596_0_state597state597_0_state598
18:50:07.663 [pool-1-thread-2] INFO  com.crawljax.core.Crawler - Saving failed backtracking path to 598
18:50:07.663 [pool-1-thread-2] INFO  com.crawljax.core.Crawler - backtrack status: false, reached NearDuplicate : -1 
18:50:10.432 [pool-1-thread-2] INFO  com.crawljax.core.Crawler - index has changed to: state713
18:50:10.432 [pool-1-thread-2] INFO  com.crawljax.core.Crawler - Did not add reload edge from state713 to state713
18:50:10.433 [pool-1-thread-2] INFO  c.crawljax.core.state.StateMachine - Cannot go to state: 'state232' from: 'state713'
18:50:10.433 [pool-1-thread-2] INFO  com.crawljax.core.Crawler - Not a valid path anymore state160: state598
18:50:10.433 [pool-1-thread-2] INFO  com.crawljax.core.Crawler - Tried to follow 
18:50:10.433 [pool-1-thread-2] INFO  com.crawljax.core.Crawler - state160_81_state232state232_83_state233state233_84_state234state234_85_state3state3_145_state483state483_155_state492state492_156_state493state493_162_state498state498_0_state499state499_163_state580state580_164_state581state581_167_state583state583_170_state586state586_173_state589state589_177_state591state591_183_state595state595_184_state596state596_0_state597state597_0_state598
18:50:10.433 [pool-1-thread-2] INFO  com.crawljax.core.Crawler - Saving failed backtracking path to 598
18:50:10.433 [pool-1-thread-2] INFO  com.crawljax.core.Crawler - backtrack status: false, reached NearDuplicate : -1 
18:50:13.203 [pool-1-thread-2] INFO  com.crawljax.core.Crawler - index has changed to: state713
18:50:13.203 [pool-1-thread-2] INFO  com.crawljax.core.Crawler - Did not add reload edge from state713 to state713
18:50:13.203 [pool-1-thread-2] INFO  c.crawljax.core.state.StateMachine - Cannot go to state: 'state232' from: 'state713'
18:50:13.203 [pool-1-thread-2] INFO  com.crawljax.core.Crawler - Not a valid path anymore state263: state598
18:50:13.203 [pool-1-thread-2] INFO  com.crawljax.core.Crawler - Tried to follow 
18:50:13.203 [pool-1-thread-2] INFO  com.crawljax.core.Crawler - state263_117_state232state232_83_state233state233_84_state234state234_85_state3state3_145_state483state483_155_state492state492_156_state493state493_162_state498state498_0_state499state499_163_state580state580_164_state581state581_167_state583state583_170_state586state586_173_state589state589_177_state591state591_183_state595state595_184_state596state596_0_state597state597_0_state598
18:50:13.203 [pool-1-thread-2] INFO  com.crawljax.core.Crawler - Saving failed backtracking path to 598
18:50:13.203 [pool-1-thread-2] INFO  com.crawljax.core.Crawler - backtrack status: false, reached NearDuplicate : -1 
18:50:15.985 [pool-1-thread-2] INFO  com.crawljax.core.Crawler - index has changed to: state713
18:50:15.985 [pool-1-thread-2] INFO  com.crawljax.core.Crawler - Did not add reload edge from state713 to state713
18:50:15.985 [pool-1-thread-2] INFO  c.crawljax.core.state.StateMachine - Cannot go to state: 'state481' from: 'state713'
18:50:15.985 [pool-1-thread-2] INFO  com.crawljax.core.Crawler - Not a valid path anymore state382: state598
18:50:15.985 [pool-1-thread-2] INFO  com.crawljax.core.Crawler - Tried to follow 
18:50:15.985 [pool-1-thread-2] INFO  com.crawljax.core.Crawler - state382_143_state481state481_144_state3state3_145_state483state483_155_state492state492_156_state493state493_162_state498state498_0_state499state499_163_state580state580_164_state581state581_167_state583state583_170_state586state586_173_state589state589_177_state591state591_183_state595state595_184_state596state596_0_state597state597_0_state598
18:50:15.985 [pool-1-thread-2] INFO  com.crawljax.core.Crawler - Saving failed backtracking path to 598
18:50:15.985 [pool-1-thread-2] INFO  com.crawljax.core.Crawler - backtrack status: false, reached NearDuplicate : -1 
18:50:18.734 [pool-1-thread-2] INFO  com.crawljax.core.Crawler - index has changed to: state713
18:50:18.734 [pool-1-thread-2] INFO  com.crawljax.core.Crawler - Did not add reload edge from state713 to state713
18:50:18.734 [pool-1-thread-2] INFO  c.crawljax.core.state.StateMachine - Cannot go to state: 'state580' from: 'state713'
18:50:18.734 [pool-1-thread-2] INFO  com.crawljax.core.Crawler - Not a valid path anymore state499: state598
18:50:18.734 [pool-1-thread-2] INFO  com.crawljax.core.Crawler - Tried to follow 
18:50:18.734 [pool-1-thread-2] INFO  com.crawljax.core.Crawler - state499_163_state580state580_164_state581state581_167_state583state583_170_state586state586_173_state589state589_177_state591state591_183_state595state595_184_state596state596_0_state597state597_0_state598
18:50:18.734 [pool-1-thread-2] INFO  com.crawljax.core.Crawler - Saving failed backtracking path to 598
18:50:18.734 [pool-1-thread-2] INFO  com.crawljax.core.Crawler - backtrack status: false, reached NearDuplicate : -1 
18:50:21.526 [pool-1-thread-2] INFO  com.crawljax.core.Crawler - index has changed to: state713
18:50:21.526 [pool-1-thread-2] INFO  com.crawljax.core.Crawler - Did not add reload edge from state713 to state713
18:50:21.526 [pool-1-thread-2] INFO  c.crawljax.core.state.StateMachine - Cannot go to state: 'state598' from: 'state713'
18:50:21.526 [pool-1-thread-2] INFO  com.crawljax.core.Crawler - Not a valid path anymore state597: state598
18:50:21.526 [pool-1-thread-2] INFO  com.crawljax.core.Crawler - Tried to follow 
18:50:21.526 [pool-1-thread-2] INFO  com.crawljax.core.Crawler - state597_0_state598
18:50:21.526 [pool-1-thread-2] INFO  com.crawljax.core.Crawler - Saving failed backtracking path to 598
18:50:21.526 [pool-1-thread-2] INFO  com.crawljax.core.Crawler - backtrack status: false, reached NearDuplicate : -1 
18:50:24.279 [pool-1-thread-2] INFO  com.crawljax.core.Crawler - index has changed to: state713
18:50:24.279 [pool-1-thread-2] INFO  com.crawljax.core.Crawler - Did not add reload edge from state713 to state713
18:50:24.279 [pool-1-thread-2] INFO  com.crawljax.core.Crawler - Not a valid path anymore state598: state598
18:50:24.279 [pool-1-thread-2] INFO  com.crawljax.core.Crawler - Tried to follow 
18:50:24.279 [pool-1-thread-2] INFO  com.crawljax.core.Crawler - 
18:50:24.279 [pool-1-thread-2] INFO  com.crawljax.core.Crawler - Saving failed backtracking path to 598
18:50:24.279 [pool-1-thread-2] INFO  com.crawljax.core.Crawler - backtrack status: false, reached NearDuplicate : -1 
18:50:27.058 [pool-1-thread-2] INFO  com.crawljax.core.Crawler - index has changed to: state713
18:50:27.058 [pool-1-thread-2] INFO  com.crawljax.core.Crawler - Did not add reload edge from state713 to state713
18:50:27.059 [pool-1-thread-2] INFO  com.crawljax.core.Crawler - state598 no path from state713
18:50:27.059 [pool-1-thread-2] INFO  com.crawljax.core.Crawler - state unreachable: Removing from candidate actions state598
18:50:27.059 [pool-1-thread-2] INFO  c.c.core.UnfiredFragmentCandidates - Placing purged actions in unreachable cache for state598
18:50:27.059 [pool-1-thread-2] INFO  com.crawljax.core.Crawler - Resetting the crawler and Going to state state688
18:50:29.844 [pool-1-thread-2] INFO  com.crawljax.core.Crawler - index has changed to: state713
18:50:29.844 [pool-1-thread-2] INFO  com.crawljax.core.Crawler - Did not add reload edge from state713 to state713
18:50:29.844 [pool-1-thread-2] INFO  com.crawljax.core.Crawler - Initial state not the same as current state : Getting shortest path from current state
18:50:29.844 [pool-1-thread-2] INFO  com.crawljax.core.Crawler - state688 no path from state713
18:50:29.845 [pool-1-thread-2] INFO  c.crawljax.core.state.StateMachine - Cannot go to state: 'state1' from: 'state713'
18:50:29.845 [pool-1-thread-2] INFO  com.crawljax.core.Crawler - Not a valid path anymore index: state688
18:50:29.845 [pool-1-thread-2] INFO  com.crawljax.core.Crawler - Tried to follow 
18:50:29.845 [pool-1-thread-2] INFO  com.crawljax.core.Crawler - index_1_state1state1_4_state3state3_145_state483state483_155_state492state492_156_state493state493_162_state498state498_0_state499state499_163_state580state580_164_state581state581_167_state583state583_170_state586state586_173_state589state589_177_state591state591_183_state595state595_184_state596state596_0_state597state597_0_state598state598_186_state688
18:50:29.845 [pool-1-thread-2] INFO  com.crawljax.core.Crawler - Saving failed backtracking path to 688
18:50:29.845 [pool-1-thread-2] INFO  com.crawljax.core.Crawler - backtrack status: false, reached NearDuplicate : -1 
18:50:32.642 [pool-1-thread-2] INFO  com.crawljax.core.Crawler - index has changed to: state713
18:50:32.642 [pool-1-thread-2] INFO  com.crawljax.core.Crawler - Did not add reload edge from state713 to state713
18:50:32.643 [pool-1-thread-2] INFO  c.crawljax.core.state.StateMachine - Cannot go to state: 'state13' from: 'state713'
18:50:32.643 [pool-1-thread-2] INFO  com.crawljax.core.Crawler - Not a valid path anymore state12: state688
18:50:32.643 [pool-1-thread-2] INFO  com.crawljax.core.Crawler - Tried to follow 
18:50:32.643 [pool-1-thread-2] INFO  com.crawljax.core.Crawler - state12_0_state13state13_17_state27state27_18_state28state28_19_state29state29_59_state142state142_136_state380state380_139_state381state381_140_state382state382_143_state481state481_144_state3state3_145_state483state483_155_state492state492_156_state493state493_162_state498state498_0_state499state499_163_state580state580_164_state581state581_167_state583state583_170_state586state586_173_state589state589_177_state591state591_183_state595state595_184_state596state596_0_state597state597_0_state598state598_186_state688
18:50:32.643 [pool-1-thread-2] INFO  com.crawljax.core.Crawler - Saving failed backtracking path to 688
18:50:32.643 [pool-1-thread-2] INFO  com.crawljax.core.Crawler - backtrack status: false, reached NearDuplicate : -1 
18:50:35.418 [pool-1-thread-2] INFO  com.crawljax.core.Crawler - index has changed to: state713
18:50:35.418 [pool-1-thread-2] INFO  com.crawljax.core.Crawler - Did not add reload edge from state713 to state713
18:50:35.418 [pool-1-thread-2] INFO  c.crawljax.core.state.StateMachine - Cannot go to state: 'state27' from: 'state713'
18:50:35.418 [pool-1-thread-2] INFO  com.crawljax.core.Crawler - Not a valid path anymore state13: state688
18:50:35.418 [pool-1-thread-2] INFO  com.crawljax.core.Crawler - Tried to follow 
18:50:35.418 [pool-1-thread-2] INFO  com.crawljax.core.Crawler - state13_17_state27state27_18_state28state28_19_state29state29_59_state142state142_136_state380state380_139_state381state381_140_state382state382_143_state481state481_144_state3state3_145_state483state483_155_state492state492_156_state493state493_162_state498state498_0_state499state499_163_state580state580_164_state581state581_167_state583state583_170_state586state586_173_state589state589_177_state591state591_183_state595state595_184_state596state596_0_state597state597_0_state598state598_186_state688
18:50:35.418 [pool-1-thread-2] INFO  com.crawljax.core.Crawler - Saving failed backtracking path to 688
18:50:35.418 [pool-1-thread-2] INFO  com.crawljax.core.Crawler - backtrack status: false, reached NearDuplicate : -1 
18:50:38.196 [pool-1-thread-2] INFO  com.crawljax.core.Crawler - index has changed to: state713
18:50:38.196 [pool-1-thread-2] INFO  com.crawljax.core.Crawler - Did not add reload edge from state713 to state713
18:50:38.196 [pool-1-thread-2] INFO  c.crawljax.core.state.StateMachine - Cannot go to state: 'state5' from: 'state713'
18:50:38.196 [pool-1-thread-2] INFO  com.crawljax.core.Crawler - Not a valid path anymore state43: state688
18:50:38.196 [pool-1-thread-2] INFO  com.crawljax.core.Crawler - Tried to follow 
18:50:38.196 [pool-1-thread-2] INFO  com.crawljax.core.Crawler - state43_37_state5state5_7_state4state4_23_state32state32_30_state37state37_31_state38state38_88_state234state234_85_state3state3_145_state483state483_155_state492state492_156_state493state493_162_state498state498_0_state499state499_163_state580state580_164_state581state581_167_state583state583_170_state586state586_173_state589state589_177_state591state591_183_state595state595_184_state596state596_0_state597state597_0_state598state598_186_state688
18:50:38.196 [pool-1-thread-2] INFO  com.crawljax.core.Crawler - Saving failed backtracking path to 688
18:50:38.196 [pool-1-thread-2] INFO  com.crawljax.core.Crawler - backtrack status: false, reached NearDuplicate : -1 
18:50:40.977 [pool-1-thread-2] INFO  com.crawljax.core.Crawler - index has changed to: state713
18:50:40.977 [pool-1-thread-2] INFO  com.crawljax.core.Crawler - Did not add reload edge from state713 to state713
18:50:40.977 [pool-1-thread-2] INFO  c.crawljax.core.state.StateMachine - Cannot go to state: 'state139' from: 'state713'
18:50:40.977 [pool-1-thread-2] INFO  com.crawljax.core.Crawler - Not a valid path anymore state94: state688
18:50:40.977 [pool-1-thread-2] INFO  com.crawljax.core.Crawler - Tried to follow 
18:50:40.977 [pool-1-thread-2] INFO  com.crawljax.core.Crawler - state94_56_state139state139_57_state140state140_58_state29state29_59_state142state142_136_state380state380_139_state381state381_140_state382state382_143_state481state481_144_state3state3_145_state483state483_155_state492state492_156_state493state493_162_state498state498_0_state499state499_163_state580state580_164_state581state581_167_state583state583_170_state586state586_173_state589state589_177_state591state591_183_state595state595_184_state596state596_0_state597state597_0_state598state598_186_state688
18:50:40.977 [pool-1-thread-2] INFO  com.crawljax.core.Crawler - Saving failed backtracking path to 688
18:50:40.977 [pool-1-thread-2] INFO  com.crawljax.core.Crawler - backtrack status: false, reached NearDuplicate : -1 
18:50:43.750 [pool-1-thread-2] INFO  com.crawljax.core.Crawler - index has changed to: state713
18:50:43.750 [pool-1-thread-2] INFO  com.crawljax.core.Crawler - Did not add reload edge from state713 to state713
18:50:43.751 [pool-1-thread-2] INFO  c.crawljax.core.state.StateMachine - Cannot go to state: 'state232' from: 'state713'
18:50:43.751 [pool-1-thread-2] INFO  com.crawljax.core.Crawler - Not a valid path anymore state160: state688
18:50:43.751 [pool-1-thread-2] INFO  com.crawljax.core.Crawler - Tried to follow 
18:50:43.751 [pool-1-thread-2] INFO  com.crawljax.core.Crawler - state160_81_state232state232_83_state233state233_84_state234state234_85_state3state3_145_state483state483_155_state492state492_156_state493state493_162_state498state498_0_state499state499_163_state580state580_164_state581state581_167_state583state583_170_state586state586_173_state589state589_177_state591state591_183_state595state595_184_state596state596_0_state597state597_0_state598state598_186_state688
18:50:43.751 [pool-1-thread-2] INFO  com.crawljax.core.Crawler - Saving failed backtracking path to 688
18:50:43.751 [pool-1-thread-2] INFO  com.crawljax.core.Crawler - backtrack status: false, reached NearDuplicate : -1 
18:50:46.512 [pool-1-thread-2] INFO  com.crawljax.core.Crawler - index has changed to: state713
18:50:46.512 [pool-1-thread-2] INFO  com.crawljax.core.Crawler - Did not add reload edge from state713 to state713
18:50:46.512 [pool-1-thread-2] INFO  c.crawljax.core.state.StateMachine - Cannot go to state: 'state232' from: 'state713'
18:50:46.512 [pool-1-thread-2] INFO  com.crawljax.core.Crawler - Not a valid path anymore state263: state688
18:50:46.512 [pool-1-thread-2] INFO  com.crawljax.core.Crawler - Tried to follow 
18:50:46.512 [pool-1-thread-2] INFO  com.crawljax.core.Crawler - state263_117_state232state232_83_state233state233_84_state234state234_85_state3state3_145_state483state483_155_state492state492_156_state493state493_162_state498state498_0_state499state499_163_state580state580_164_state581state581_167_state583state583_170_state586state586_173_state589state589_177_state591state591_183_state595state595_184_state596state596_0_state597state597_0_state598state598_186_state688
18:50:46.512 [pool-1-thread-2] INFO  com.crawljax.core.Crawler - Saving failed backtracking path to 688
18:50:46.512 [pool-1-thread-2] INFO  com.crawljax.core.Crawler - backtrack status: false, reached NearDuplicate : -1 
18:50:49.280 [pool-1-thread-2] INFO  com.crawljax.core.Crawler - index has changed to: state713
18:50:49.280 [pool-1-thread-2] INFO  com.crawljax.core.Crawler - Did not add reload edge from state713 to state713
18:50:49.280 [pool-1-thread-2] INFO  c.crawljax.core.state.StateMachine - Cannot go to state: 'state481' from: 'state713'
18:50:49.280 [pool-1-thread-2] INFO  com.crawljax.core.Crawler - Not a valid path anymore state382: state688
18:50:49.280 [pool-1-thread-2] INFO  com.crawljax.core.Crawler - Tried to follow 
18:50:49.280 [pool-1-thread-2] INFO  com.crawljax.core.Crawler - state382_143_state481state481_144_state3state3_145_state483state483_155_state492state492_156_state493state493_162_state498state498_0_state499state499_163_state580state580_164_state581state581_167_state583state583_170_state586state586_173_state589state589_177_state591state591_183_state595state595_184_state596state596_0_state597state597_0_state598state598_186_state688
18:50:49.280 [pool-1-thread-2] INFO  com.crawljax.core.Crawler - Saving failed backtracking path to 688
18:50:49.280 [pool-1-thread-2] INFO  com.crawljax.core.Crawler - backtrack status: false, reached NearDuplicate : -1 
18:50:52.068 [pool-1-thread-2] INFO  com.crawljax.core.Crawler - index has changed to: state713
18:50:52.068 [pool-1-thread-2] INFO  com.crawljax.core.Crawler - Did not add reload edge from state713 to state713
18:50:52.068 [pool-1-thread-2] INFO  c.crawljax.core.state.StateMachine - Cannot go to state: 'state580' from: 'state713'
18:50:52.068 [pool-1-thread-2] INFO  com.crawljax.core.Crawler - Not a valid path anymore state499: state688
18:50:52.068 [pool-1-thread-2] INFO  com.crawljax.core.Crawler - Tried to follow 
18:50:52.068 [pool-1-thread-2] INFO  com.crawljax.core.Crawler - state499_163_state580state580_164_state581state581_167_state583state583_170_state586state586_173_state589state589_177_state591state591_183_state595state595_184_state596state596_0_state597state597_0_state598state598_186_state688
18:50:52.068 [pool-1-thread-2] INFO  com.crawljax.core.Crawler - Saving failed backtracking path to 688
18:50:52.068 [pool-1-thread-2] INFO  com.crawljax.core.Crawler - backtrack status: false, reached NearDuplicate : -1 
18:50:54.849 [pool-1-thread-2] INFO  com.crawljax.core.Crawler - index has changed to: state713
18:50:54.849 [pool-1-thread-2] INFO  com.crawljax.core.Crawler - Did not add reload edge from state713 to state713
18:50:54.849 [pool-1-thread-2] INFO  c.crawljax.core.state.StateMachine - Cannot go to state: 'state598' from: 'state713'
18:50:54.850 [pool-1-thread-2] INFO  com.crawljax.core.Crawler - Not a valid path anymore state597: state688
18:50:54.850 [pool-1-thread-2] INFO  com.crawljax.core.Crawler - Tried to follow 
18:50:54.850 [pool-1-thread-2] INFO  com.crawljax.core.Crawler - state597_0_state598state598_186_state688
18:50:54.850 [pool-1-thread-2] INFO  com.crawljax.core.Crawler - Saving failed backtracking path to 688
18:50:54.850 [pool-1-thread-2] INFO  com.crawljax.core.Crawler - backtrack status: false, reached NearDuplicate : -1 
18:50:57.616 [pool-1-thread-2] INFO  com.crawljax.core.Crawler - index has changed to: state713
18:50:57.616 [pool-1-thread-2] INFO  com.crawljax.core.Crawler - Did not add reload edge from state713 to state713
18:50:57.616 [pool-1-thread-2] INFO  c.crawljax.core.state.StateMachine - Cannot go to state: 'state688' from: 'state713'
18:50:57.616 [pool-1-thread-2] INFO  com.crawljax.core.Crawler - Not a valid path anymore state598: state688
18:50:57.616 [pool-1-thread-2] INFO  com.crawljax.core.Crawler - Tried to follow 
18:50:57.616 [pool-1-thread-2] INFO  com.crawljax.core.Crawler - state598_186_state688
18:50:57.616 [pool-1-thread-2] INFO  com.crawljax.core.Crawler - Saving failed backtracking path to 688
18:50:57.616 [pool-1-thread-2] INFO  com.crawljax.core.Crawler - backtrack status: false, reached NearDuplicate : -1 
18:51:00.779 [pool-1-thread-2] INFO  com.crawljax.core.Crawler - index has changed to: state713
18:51:00.779 [pool-1-thread-2] INFO  com.crawljax.core.Crawler - Did not add reload edge from state713 to state713
18:51:00.779 [pool-1-thread-2] INFO  com.crawljax.core.Crawler - state688 no path from state713
18:51:00.779 [pool-1-thread-2] INFO  com.crawljax.core.Crawler - state unreachable: Removing from candidate actions state688
18:51:00.779 [pool-1-thread-2] INFO  c.c.core.UnfiredFragmentCandidates - Placing purged actions in unreachable cache for state688
18:51:00.780 [pool-1-thread-2] INFO  com.crawljax.core.Crawler - Resetting the crawler and Going to state state689
18:51:03.563 [pool-1-thread-2] INFO  com.crawljax.core.Crawler - index has changed to: state713
18:51:03.563 [pool-1-thread-2] INFO  com.crawljax.core.Crawler - Did not add reload edge from state713 to state713
18:51:03.563 [pool-1-thread-2] INFO  com.crawljax.core.Crawler - Initial state not the same as current state : Getting shortest path from current state
18:51:03.563 [pool-1-thread-2] INFO  com.crawljax.core.Crawler - state689 no path from state713
18:51:03.563 [pool-1-thread-2] INFO  c.crawljax.core.state.StateMachine - Cannot go to state: 'state1' from: 'state713'
18:51:03.563 [pool-1-thread-2] INFO  com.crawljax.core.Crawler - Not a valid path anymore index: state689
18:51:03.563 [pool-1-thread-2] INFO  com.crawljax.core.Crawler - Tried to follow 
18:51:03.563 [pool-1-thread-2] INFO  com.crawljax.core.Crawler - index_1_state1state1_4_state3state3_145_state483state483_155_state492state492_156_state493state493_162_state498state498_0_state499state499_163_state580state580_164_state581state581_167_state583state583_170_state586state586_173_state589state589_177_state591state591_183_state595state595_184_state596state596_0_state597state597_0_state598state598_186_state688state688_189_state689
18:51:03.563 [pool-1-thread-2] INFO  com.crawljax.core.Crawler - Saving failed backtracking path to 689
18:51:03.563 [pool-1-thread-2] INFO  com.crawljax.core.Crawler - backtrack status: false, reached NearDuplicate : -1 
18:51:06.337 [pool-1-thread-2] INFO  com.crawljax.core.Crawler - index has changed to: state713
18:51:06.337 [pool-1-thread-2] INFO  com.crawljax.core.Crawler - Did not add reload edge from state713 to state713
18:51:06.337 [pool-1-thread-2] INFO  c.crawljax.core.state.StateMachine - Cannot go to state: 'state13' from: 'state713'
18:51:06.338 [pool-1-thread-2] INFO  com.crawljax.core.Crawler - Not a valid path anymore state12: state689
18:51:06.338 [pool-1-thread-2] INFO  com.crawljax.core.Crawler - Tried to follow 
18:51:06.338 [pool-1-thread-2] INFO  com.crawljax.core.Crawler - state12_0_state13state13_17_state27state27_18_state28state28_19_state29state29_59_state142state142_136_state380state380_139_state381state381_140_state382state382_143_state481state481_144_state3state3_145_state483state483_155_state492state492_156_state493state493_162_state498state498_0_state499state499_163_state580state580_164_state581state581_167_state583state583_170_state586state586_173_state589state589_177_state591state591_183_state595state595_184_state596state596_0_state597state597_0_state598state598_186_state688state688_189_state689
18:51:06.338 [pool-1-thread-2] INFO  com.crawljax.core.Crawler - Saving failed backtracking path to 689
18:51:06.338 [pool-1-thread-2] INFO  com.crawljax.core.Crawler - backtrack status: false, reached NearDuplicate : -1 
18:51:09.091 [pool-1-thread-2] INFO  com.crawljax.core.Crawler - index has changed to: state713
18:51:09.091 [pool-1-thread-2] INFO  com.crawljax.core.Crawler - Did not add reload edge from state713 to state713
18:51:09.091 [pool-1-thread-2] INFO  c.crawljax.core.state.StateMachine - Cannot go to state: 'state27' from: 'state713'
18:51:09.091 [pool-1-thread-2] INFO  com.crawljax.core.Crawler - Not a valid path anymore state13: state689
18:51:09.091 [pool-1-thread-2] INFO  com.crawljax.core.Crawler - Tried to follow 
18:51:09.091 [pool-1-thread-2] INFO  com.crawljax.core.Crawler - state13_17_state27state27_18_state28state28_19_state29state29_59_state142state142_136_state380state380_139_state381state381_140_state382state382_143_state481state481_144_state3state3_145_state483state483_155_state492state492_156_state493state493_162_state498state498_0_state499state499_163_state580state580_164_state581state581_167_state583state583_170_state586state586_173_state589state589_177_state591state591_183_state595state595_184_state596state596_0_state597state597_0_state598state598_186_state688state688_189_state689
18:51:09.091 [pool-1-thread-2] INFO  com.crawljax.core.Crawler - Saving failed backtracking path to 689
18:51:09.091 [pool-1-thread-2] INFO  com.crawljax.core.Crawler - backtrack status: false, reached NearDuplicate : -1 
18:51:11.862 [pool-1-thread-2] INFO  com.crawljax.core.Crawler - index has changed to: state713
18:51:11.863 [pool-1-thread-2] INFO  com.crawljax.core.Crawler - Did not add reload edge from state713 to state713
18:51:11.863 [pool-1-thread-2] INFO  c.crawljax.core.state.StateMachine - Cannot go to state: 'state5' from: 'state713'
18:51:11.863 [pool-1-thread-2] INFO  com.crawljax.core.Crawler - Not a valid path anymore state43: state689
18:51:11.863 [pool-1-thread-2] INFO  com.crawljax.core.Crawler - Tried to follow 
18:51:11.863 [pool-1-thread-2] INFO  com.crawljax.core.Crawler - state43_37_state5state5_7_state4state4_23_state32state32_30_state37state37_31_state38state38_88_state234state234_85_state3state3_145_state483state483_155_state492state492_156_state493state493_162_state498state498_0_state499state499_163_state580state580_164_state581state581_167_state583state583_170_state586state586_173_state589state589_177_state591state591_183_state595state595_184_state596state596_0_state597state597_0_state598state598_186_state688state688_189_state689
18:51:11.863 [pool-1-thread-2] INFO  com.crawljax.core.Crawler - Saving failed backtracking path to 689
18:51:11.863 [pool-1-thread-2] INFO  com.crawljax.core.Crawler - backtrack status: false, reached NearDuplicate : -1 
18:51:14.649 [pool-1-thread-2] INFO  com.crawljax.core.Crawler - index has changed to: state713
18:51:14.649 [pool-1-thread-2] INFO  com.crawljax.core.Crawler - Did not add reload edge from state713 to state713
18:51:14.649 [pool-1-thread-2] INFO  c.crawljax.core.state.StateMachine - Cannot go to state: 'state139' from: 'state713'
18:51:14.650 [pool-1-thread-2] INFO  com.crawljax.core.Crawler - Not a valid path anymore state94: state689
18:51:14.650 [pool-1-thread-2] INFO  com.crawljax.core.Crawler - Tried to follow 
18:51:14.650 [pool-1-thread-2] INFO  com.crawljax.core.Crawler - state94_56_state139state139_57_state140state140_58_state29state29_59_state142state142_136_state380state380_139_state381state381_140_state382state382_143_state481state481_144_state3state3_145_state483state483_155_state492state492_156_state493state493_162_state498state498_0_state499state499_163_state580state580_164_state581state581_167_state583state583_170_state586state586_173_state589state589_177_state591state591_183_state595state595_184_state596state596_0_state597state597_0_state598state598_186_state688state688_189_state689
18:51:14.650 [pool-1-thread-2] INFO  com.crawljax.core.Crawler - Saving failed backtracking path to 689
18:51:14.650 [pool-1-thread-2] INFO  com.crawljax.core.Crawler - backtrack status: false, reached NearDuplicate : -1 
18:51:17.441 [pool-1-thread-2] INFO  com.crawljax.core.Crawler - index has changed to: state713
18:51:17.441 [pool-1-thread-2] INFO  com.crawljax.core.Crawler - Did not add reload edge from state713 to state713
18:51:17.441 [pool-1-thread-2] INFO  c.crawljax.core.state.StateMachine - Cannot go to state: 'state232' from: 'state713'
18:51:17.441 [pool-1-thread-2] INFO  com.crawljax.core.Crawler - Not a valid path anymore state160: state689
18:51:17.441 [pool-1-thread-2] INFO  com.crawljax.core.Crawler - Tried to follow 
18:51:17.441 [pool-1-thread-2] INFO  com.crawljax.core.Crawler - state160_81_state232state232_83_state233state233_84_state234state234_85_state3state3_145_state483state483_155_state492state492_156_state493state493_162_state498state498_0_state499state499_163_state580state580_164_state581state581_167_state583state583_170_state586state586_173_state589state589_177_state591state591_183_state595state595_184_state596state596_0_state597state597_0_state598state598_186_state688state688_189_state689
18:51:17.441 [pool-1-thread-2] INFO  com.crawljax.core.Crawler - Saving failed backtracking path to 689
18:51:17.441 [pool-1-thread-2] INFO  com.crawljax.core.Crawler - backtrack status: false, reached NearDuplicate : -1 
18:51:20.200 [pool-1-thread-2] INFO  com.crawljax.core.Crawler - index has changed to: state713
18:51:20.200 [pool-1-thread-2] INFO  com.crawljax.core.Crawler - Did not add reload edge from state713 to state713
18:51:20.200 [pool-1-thread-2] INFO  c.crawljax.core.state.StateMachine - Cannot go to state: 'state232' from: 'state713'
18:51:20.200 [pool-1-thread-2] INFO  com.crawljax.core.Crawler - Not a valid path anymore state263: state689
18:51:20.200 [pool-1-thread-2] INFO  com.crawljax.core.Crawler - Tried to follow 
18:51:20.200 [pool-1-thread-2] INFO  com.crawljax.core.Crawler - state263_117_state232state232_83_state233state233_84_state234state234_85_state3state3_145_state483state483_155_state492state492_156_state493state493_162_state498state498_0_state499state499_163_state580state580_164_state581state581_167_state583state583_170_state586state586_173_state589state589_177_state591state591_183_state595state595_184_state596state596_0_state597state597_0_state598state598_186_state688state688_189_state689
18:51:20.200 [pool-1-thread-2] INFO  com.crawljax.core.Crawler - Saving failed backtracking path to 689
18:51:20.200 [pool-1-thread-2] INFO  com.crawljax.core.Crawler - backtrack status: false, reached NearDuplicate : -1 
18:51:22.983 [pool-1-thread-2] INFO  com.crawljax.core.Crawler - index has changed to: state713
18:51:22.983 [pool-1-thread-2] INFO  com.crawljax.core.Crawler - Did not add reload edge from state713 to state713
18:51:22.983 [pool-1-thread-2] INFO  c.crawljax.core.state.StateMachine - Cannot go to state: 'state481' from: 'state713'
18:51:22.983 [pool-1-thread-2] INFO  com.crawljax.core.Crawler - Not a valid path anymore state382: state689
18:51:22.983 [pool-1-thread-2] INFO  com.crawljax.core.Crawler - Tried to follow 
18:51:22.983 [pool-1-thread-2] INFO  com.crawljax.core.Crawler - state382_143_state481state481_144_state3state3_145_state483state483_155_state492state492_156_state493state493_162_state498state498_0_state499state499_163_state580state580_164_state581state581_167_state583state583_170_state586state586_173_state589state589_177_state591state591_183_state595state595_184_state596state596_0_state597state597_0_state598state598_186_state688state688_189_state689
18:51:22.983 [pool-1-thread-2] INFO  com.crawljax.core.Crawler - Saving failed backtracking path to 689
18:51:22.983 [pool-1-thread-2] INFO  com.crawljax.core.Crawler - backtrack status: false, reached NearDuplicate : -1 
18:51:25.760 [pool-1-thread-2] INFO  com.crawljax.core.Crawler - index has changed to: state713
18:51:25.760 [pool-1-thread-2] INFO  com.crawljax.core.Crawler - Did not add reload edge from state713 to state713
18:51:25.760 [pool-1-thread-2] INFO  c.crawljax.core.state.StateMachine - Cannot go to state: 'state580' from: 'state713'
18:51:25.760 [pool-1-thread-2] INFO  com.crawljax.core.Crawler - Not a valid path anymore state499: state689
18:51:25.760 [pool-1-thread-2] INFO  com.crawljax.core.Crawler - Tried to follow 
18:51:25.760 [pool-1-thread-2] INFO  com.crawljax.core.Crawler - state499_163_state580state580_164_state581state581_167_state583state583_170_state586state586_173_state589state589_177_state591state591_183_state595state595_184_state596state596_0_state597state597_0_state598state598_186_state688state688_189_state689
18:51:25.760 [pool-1-thread-2] INFO  com.crawljax.core.Crawler - Saving failed backtracking path to 689
18:51:25.760 [pool-1-thread-2] INFO  com.crawljax.core.Crawler - backtrack status: false, reached NearDuplicate : -1 
18:51:28.537 [pool-1-thread-2] INFO  com.crawljax.core.Crawler - index has changed to: state713
18:51:28.538 [pool-1-thread-2] INFO  com.crawljax.core.Crawler - Did not add reload edge from state713 to state713
18:51:28.538 [pool-1-thread-2] INFO  c.crawljax.core.state.StateMachine - Cannot go to state: 'state598' from: 'state713'
18:51:28.538 [pool-1-thread-2] INFO  com.crawljax.core.Crawler - Not a valid path anymore state597: state689
18:51:28.538 [pool-1-thread-2] INFO  com.crawljax.core.Crawler - Tried to follow 
18:51:28.538 [pool-1-thread-2] INFO  com.crawljax.core.Crawler - state597_0_state598state598_186_state688state688_189_state689
18:51:28.538 [pool-1-thread-2] INFO  com.crawljax.core.Crawler - Saving failed backtracking path to 689
18:51:28.538 [pool-1-thread-2] INFO  com.crawljax.core.Crawler - backtrack status: false, reached NearDuplicate : -1 
18:51:31.322 [pool-1-thread-2] INFO  com.crawljax.core.Crawler - index has changed to: state713
18:51:31.322 [pool-1-thread-2] INFO  com.crawljax.core.Crawler - Did not add reload edge from state713 to state713
18:51:31.322 [pool-1-thread-2] INFO  c.crawljax.core.state.StateMachine - Cannot go to state: 'state688' from: 'state713'
18:51:31.323 [pool-1-thread-2] INFO  com.crawljax.core.Crawler - Not a valid path anymore state598: state689
18:51:31.323 [pool-1-thread-2] INFO  com.crawljax.core.Crawler - Tried to follow 
18:51:31.323 [pool-1-thread-2] INFO  com.crawljax.core.Crawler - state598_186_state688state688_189_state689
18:51:31.323 [pool-1-thread-2] INFO  com.crawljax.core.Crawler - Saving failed backtracking path to 689
18:51:31.323 [pool-1-thread-2] INFO  com.crawljax.core.Crawler - backtrack status: false, reached NearDuplicate : -1 
18:51:34.079 [pool-1-thread-2] INFO  com.crawljax.core.Crawler - index has changed to: state713
18:51:34.079 [pool-1-thread-2] INFO  com.crawljax.core.Crawler - Did not add reload edge from state713 to state713
18:51:34.079 [pool-1-thread-2] INFO  com.crawljax.core.Crawler - state689 no path from state713
18:51:34.079 [pool-1-thread-2] INFO  com.crawljax.core.Crawler - state unreachable: Removing from candidate actions state689
18:51:34.079 [pool-1-thread-2] INFO  c.c.core.UnfiredFragmentCandidates - Placing purged actions in unreachable cache for state689
18:51:34.079 [pool-1-thread-2] INFO  com.crawljax.core.Crawler - Resetting the crawler and Going to state state695
18:51:36.839 [pool-1-thread-2] INFO  com.crawljax.core.Crawler - index has changed to: state713
18:51:36.839 [pool-1-thread-2] INFO  com.crawljax.core.Crawler - Did not add reload edge from state713 to state713
18:51:36.839 [pool-1-thread-2] INFO  com.crawljax.core.Crawler - Initial state not the same as current state : Getting shortest path from current state
18:51:36.839 [pool-1-thread-2] INFO  com.crawljax.core.Crawler - state695 no path from state713
18:51:36.840 [pool-1-thread-2] INFO  c.crawljax.core.state.StateMachine - Cannot go to state: 'state1' from: 'state713'
18:51:36.840 [pool-1-thread-2] INFO  com.crawljax.core.Crawler - Not a valid path anymore index: state695
18:51:36.840 [pool-1-thread-2] INFO  com.crawljax.core.Crawler - Tried to follow 
18:51:36.840 [pool-1-thread-2] INFO  com.crawljax.core.Crawler - index_1_state1state1_4_state3state3_145_state483state483_155_state492state492_156_state493state493_162_state498state498_0_state499state499_163_state580state580_164_state581state581_167_state583state583_170_state586state586_173_state589state589_177_state591state591_183_state595state595_184_state596state596_0_state597state597_0_state598state598_186_state688state688_189_state689state689_197_state695
18:51:36.840 [pool-1-thread-2] INFO  com.crawljax.core.Crawler - Saving failed backtracking path to 695
18:51:36.840 [pool-1-thread-2] INFO  com.crawljax.core.Crawler - backtrack status: false, reached NearDuplicate : -1 
18:51:39.599 [pool-1-thread-2] INFO  com.crawljax.core.Crawler - index has changed to: state713
18:51:39.599 [pool-1-thread-2] INFO  com.crawljax.core.Crawler - Did not add reload edge from state713 to state713
18:51:39.599 [pool-1-thread-2] INFO  c.crawljax.core.state.StateMachine - Cannot go to state: 'state13' from: 'state713'
18:51:39.599 [pool-1-thread-2] INFO  com.crawljax.core.Crawler - Not a valid path anymore state12: state695
18:51:39.599 [pool-1-thread-2] INFO  com.crawljax.core.Crawler - Tried to follow 
18:51:39.599 [pool-1-thread-2] INFO  com.crawljax.core.Crawler - state12_0_state13state13_17_state27state27_18_state28state28_19_state29state29_59_state142state142_136_state380state380_139_state381state381_140_state382state382_143_state481state481_144_state3state3_145_state483state483_155_state492state492_156_state493state493_162_state498state498_0_state499state499_163_state580state580_164_state581state581_167_state583state583_170_state586state586_173_state589state589_177_state591state591_183_state595state595_184_state596state596_0_state597state597_0_state598state598_186_state688state688_189_state689state689_197_state695
18:51:39.599 [pool-1-thread-2] INFO  com.crawljax.core.Crawler - Saving failed backtracking path to 695
18:51:39.599 [pool-1-thread-2] INFO  com.crawljax.core.Crawler - backtrack status: false, reached NearDuplicate : -1 
18:51:42.384 [pool-1-thread-2] INFO  com.crawljax.core.Crawler - index has changed to: state713
18:51:42.384 [pool-1-thread-2] INFO  com.crawljax.core.Crawler - Did not add reload edge from state713 to state713
18:51:42.384 [pool-1-thread-2] INFO  c.crawljax.core.state.StateMachine - Cannot go to state: 'state27' from: 'state713'
18:51:42.384 [pool-1-thread-2] INFO  com.crawljax.core.Crawler - Not a valid path anymore state13: state695
18:51:42.384 [pool-1-thread-2] INFO  com.crawljax.core.Crawler - Tried to follow 
18:51:42.385 [pool-1-thread-2] INFO  com.crawljax.core.Crawler - state13_17_state27state27_18_state28state28_19_state29state29_59_state142state142_136_state380state380_139_state381state381_140_state382state382_143_state481state481_144_state3state3_145_state483state483_155_state492state492_156_state493state493_162_state498state498_0_state499state499_163_state580state580_164_state581state581_167_state583state583_170_state586state586_173_state589state589_177_state591state591_183_state595state595_184_state596state596_0_state597state597_0_state598state598_186_state688state688_189_state689state689_197_state695
18:51:42.385 [pool-1-thread-2] INFO  com.crawljax.core.Crawler - Saving failed backtracking path to 695
18:51:42.385 [pool-1-thread-2] INFO  com.crawljax.core.Crawler - backtrack status: false, reached NearDuplicate : -1 
18:51:45.148 [pool-1-thread-2] INFO  com.crawljax.core.Crawler - index has changed to: state713
18:51:45.148 [pool-1-thread-2] INFO  com.crawljax.core.Crawler - Did not add reload edge from state713 to state713
18:51:45.149 [pool-1-thread-2] INFO  c.crawljax.core.state.StateMachine - Cannot go to state: 'state5' from: 'state713'
18:51:45.149 [pool-1-thread-2] INFO  com.crawljax.core.Crawler - Not a valid path anymore state43: state695
18:51:45.149 [pool-1-thread-2] INFO  com.crawljax.core.Crawler - Tried to follow 
18:51:45.149 [pool-1-thread-2] INFO  com.crawljax.core.Crawler - state43_37_state5state5_7_state4state4_23_state32state32_30_state37state37_31_state38state38_88_state234state234_85_state3state3_145_state483state483_155_state492state492_156_state493state493_162_state498state498_0_state499state499_163_state580state580_164_state581state581_167_state583state583_170_state586state586_173_state589state589_177_state591state591_183_state595state595_184_state596state596_0_state597state597_0_state598state598_186_state688state688_189_state689state689_197_state695
18:51:45.149 [pool-1-thread-2] INFO  com.crawljax.core.Crawler - Saving failed backtracking path to 695
18:51:45.149 [pool-1-thread-2] INFO  com.crawljax.core.Crawler - backtrack status: false, reached NearDuplicate : -1 
18:51:47.912 [pool-1-thread-2] INFO  com.crawljax.core.Crawler - index has changed to: state713
18:51:47.912 [pool-1-thread-2] INFO  com.crawljax.core.Crawler - Did not add reload edge from state713 to state713
18:51:47.912 [pool-1-thread-2] INFO  c.crawljax.core.state.StateMachine - Cannot go to state: 'state139' from: 'state713'
18:51:47.912 [pool-1-thread-2] INFO  com.crawljax.core.Crawler - Not a valid path anymore state94: state695
18:51:47.912 [pool-1-thread-2] INFO  com.crawljax.core.Crawler - Tried to follow 
18:51:47.912 [pool-1-thread-2] INFO  com.crawljax.core.Crawler - state94_56_state139state139_57_state140state140_58_state29state29_59_state142state142_136_state380state380_139_state381state381_140_state382state382_143_state481state481_144_state3state3_145_state483state483_155_state492state492_156_state493state493_162_state498state498_0_state499state499_163_state580state580_164_state581state581_167_state583state583_170_state586state586_173_state589state589_177_state591state591_183_state595state595_184_state596state596_0_state597state597_0_state598state598_186_state688state688_189_state689state689_197_state695
18:51:47.912 [pool-1-thread-2] INFO  com.crawljax.core.Crawler - Saving failed backtracking path to 695
18:51:47.912 [pool-1-thread-2] INFO  com.crawljax.core.Crawler - backtrack status: false, reached NearDuplicate : -1 
18:51:50.690 [pool-1-thread-2] INFO  com.crawljax.core.Crawler - index has changed to: state713
18:51:50.690 [pool-1-thread-2] INFO  com.crawljax.core.Crawler - Did not add reload edge from state713 to state713
18:51:50.690 [pool-1-thread-2] INFO  c.crawljax.core.state.StateMachine - Cannot go to state: 'state232' from: 'state713'
18:51:50.690 [pool-1-thread-2] INFO  com.crawljax.core.Crawler - Not a valid path anymore state160: state695
18:51:50.690 [pool-1-thread-2] INFO  com.crawljax.core.Crawler - Tried to follow 
18:51:50.690 [pool-1-thread-2] INFO  com.crawljax.core.Crawler - state160_81_state232state232_83_state233state233_84_state234state234_85_state3state3_145_state483state483_155_state492state492_156_state493state493_162_state498state498_0_state499state499_163_state580state580_164_state581state581_167_state583state583_170_state586state586_173_state589state589_177_state591state591_183_state595state595_184_state596state596_0_state597state597_0_state598state598_186_state688state688_189_state689state689_197_state695
18:51:50.690 [pool-1-thread-2] INFO  com.crawljax.core.Crawler - Saving failed backtracking path to 695
18:51:50.690 [pool-1-thread-2] INFO  com.crawljax.core.Crawler - backtrack status: false, reached NearDuplicate : -1 
18:51:53.455 [pool-1-thread-2] INFO  com.crawljax.core.Crawler - index has changed to: state713
18:51:53.455 [pool-1-thread-2] INFO  com.crawljax.core.Crawler - Did not add reload edge from state713 to state713
18:51:53.456 [pool-1-thread-2] INFO  c.crawljax.core.state.StateMachine - Cannot go to state: 'state232' from: 'state713'
18:51:53.456 [pool-1-thread-2] INFO  com.crawljax.core.Crawler - Not a valid path anymore state263: state695
18:51:53.456 [pool-1-thread-2] INFO  com.crawljax.core.Crawler - Tried to follow 
18:51:53.456 [pool-1-thread-2] INFO  com.crawljax.core.Crawler - state263_117_state232state232_83_state233state233_84_state234state234_85_state3state3_145_state483state483_155_state492state492_156_state493state493_162_state498state498_0_state499state499_163_state580state580_164_state581state581_167_state583state583_170_state586state586_173_state589state589_177_state591state591_183_state595state595_184_state596state596_0_state597state597_0_state598state598_186_state688state688_189_state689state689_197_state695
18:51:53.456 [pool-1-thread-2] INFO  com.crawljax.core.Crawler - Saving failed backtracking path to 695
18:51:53.456 [pool-1-thread-2] INFO  com.crawljax.core.Crawler - backtrack status: false, reached NearDuplicate : -1 
18:51:56.252 [pool-1-thread-2] INFO  com.crawljax.core.Crawler - index has changed to: state713
18:51:56.253 [pool-1-thread-2] INFO  com.crawljax.core.Crawler - Did not add reload edge from state713 to state713
18:51:56.253 [pool-1-thread-2] INFO  c.crawljax.core.state.StateMachine - Cannot go to state: 'state481' from: 'state713'
18:51:56.253 [pool-1-thread-2] INFO  com.crawljax.core.Crawler - Not a valid path anymore state382: state695
18:51:56.253 [pool-1-thread-2] INFO  com.crawljax.core.Crawler - Tried to follow 
18:51:56.253 [pool-1-thread-2] INFO  com.crawljax.core.Crawler - state382_143_state481state481_144_state3state3_145_state483state483_155_state492state492_156_state493state493_162_state498state498_0_state499state499_163_state580state580_164_state581state581_167_state583state583_170_state586state586_173_state589state589_177_state591state591_183_state595state595_184_state596state596_0_state597state597_0_state598state598_186_state688state688_189_state689state689_197_state695
18:51:56.253 [pool-1-thread-2] INFO  com.crawljax.core.Crawler - Saving failed backtracking path to 695
18:51:56.253 [pool-1-thread-2] INFO  com.crawljax.core.Crawler - backtrack status: false, reached NearDuplicate : -1 
18:51:59.027 [pool-1-thread-2] INFO  com.crawljax.core.Crawler - index has changed to: state713
18:51:59.028 [pool-1-thread-2] INFO  com.crawljax.core.Crawler - Did not add reload edge from state713 to state713
18:51:59.028 [pool-1-thread-2] INFO  c.crawljax.core.state.StateMachine - Cannot go to state: 'state580' from: 'state713'
18:51:59.028 [pool-1-thread-2] INFO  com.crawljax.core.Crawler - Not a valid path anymore state499: state695
18:51:59.028 [pool-1-thread-2] INFO  com.crawljax.core.Crawler - Tried to follow 
18:51:59.028 [pool-1-thread-2] INFO  com.crawljax.core.Crawler - state499_163_state580state580_164_state581state581_167_state583state583_170_state586state586_173_state589state589_177_state591state591_183_state595state595_184_state596state596_0_state597state597_0_state598state598_186_state688state688_189_state689state689_197_state695
18:51:59.028 [pool-1-thread-2] INFO  com.crawljax.core.Crawler - Saving failed backtracking path to 695
18:51:59.028 [pool-1-thread-2] INFO  com.crawljax.core.Crawler - backtrack status: false, reached NearDuplicate : -1 
18:52:01.781 [pool-1-thread-2] INFO  com.crawljax.core.Crawler - index has changed to: state713
18:52:01.781 [pool-1-thread-2] INFO  com.crawljax.core.Crawler - Did not add reload edge from state713 to state713
18:52:01.781 [pool-1-thread-2] INFO  c.crawljax.core.state.StateMachine - Cannot go to state: 'state598' from: 'state713'
18:52:01.781 [pool-1-thread-2] INFO  com.crawljax.core.Crawler - Not a valid path anymore state597: state695
18:52:01.781 [pool-1-thread-2] INFO  com.crawljax.core.Crawler - Tried to follow 
18:52:01.782 [pool-1-thread-2] INFO  com.crawljax.core.Crawler - state597_0_state598state598_186_state688state688_189_state689state689_197_state695
18:52:01.782 [pool-1-thread-2] INFO  com.crawljax.core.Crawler - Saving failed backtracking path to 695
18:52:01.782 [pool-1-thread-2] INFO  com.crawljax.core.Crawler - backtrack status: false, reached NearDuplicate : -1 
18:52:04.544 [pool-1-thread-2] INFO  com.crawljax.core.Crawler - index has changed to: state713
18:52:04.544 [pool-1-thread-2] INFO  com.crawljax.core.Crawler - Did not add reload edge from state713 to state713
18:52:04.544 [pool-1-thread-2] INFO  c.crawljax.core.state.StateMachine - Cannot go to state: 'state688' from: 'state713'
18:52:04.544 [pool-1-thread-2] INFO  com.crawljax.core.Crawler - Not a valid path anymore state598: state695
18:52:04.544 [pool-1-thread-2] INFO  com.crawljax.core.Crawler - Tried to follow 
18:52:04.544 [pool-1-thread-2] INFO  com.crawljax.core.Crawler - state598_186_state688state688_189_state689state689_197_state695
18:52:04.544 [pool-1-thread-2] INFO  com.crawljax.core.Crawler - Saving failed backtracking path to 695
18:52:04.544 [pool-1-thread-2] INFO  com.crawljax.core.Crawler - backtrack status: false, reached NearDuplicate : -1 
18:52:07.315 [pool-1-thread-2] INFO  com.crawljax.core.Crawler - index has changed to: state713
18:52:07.315 [pool-1-thread-2] INFO  com.crawljax.core.Crawler - Did not add reload edge from state713 to state713
18:52:07.316 [pool-1-thread-2] INFO  com.crawljax.core.Crawler - state695 no path from state713
18:52:07.316 [pool-1-thread-2] INFO  com.crawljax.core.Crawler - state unreachable: Removing from candidate actions state695
18:52:07.316 [pool-1-thread-2] INFO  c.c.core.UnfiredFragmentCandidates - Placing purged actions in unreachable cache for state695
18:52:07.316 [pool-1-thread-2] INFO  com.crawljax.core.Crawler - Resetting the crawler and Going to state state696
18:52:10.081 [pool-1-thread-2] INFO  com.crawljax.core.Crawler - index has changed to: state713
18:52:10.081 [pool-1-thread-2] INFO  com.crawljax.core.Crawler - Did not add reload edge from state713 to state713
18:52:10.081 [pool-1-thread-2] INFO  com.crawljax.core.Crawler - Initial state not the same as current state : Getting shortest path from current state
18:52:10.081 [pool-1-thread-2] INFO  com.crawljax.core.Crawler - state696 no path from state713
18:52:10.081 [pool-1-thread-2] INFO  c.crawljax.core.state.StateMachine - Cannot go to state: 'state1' from: 'state713'
18:52:10.081 [pool-1-thread-2] INFO  com.crawljax.core.Crawler - Not a valid path anymore index: state696
18:52:10.082 [pool-1-thread-2] INFO  com.crawljax.core.Crawler - Tried to follow 
18:52:10.082 [pool-1-thread-2] INFO  com.crawljax.core.Crawler - index_1_state1state1_4_state3state3_145_state483state483_155_state492state492_156_state493state493_162_state498state498_0_state499state499_163_state580state580_164_state581state581_167_state583state583_170_state586state586_173_state589state589_177_state591state591_183_state595state595_184_state596state596_0_state597state597_0_state598state598_186_state688state688_189_state689state689_197_state695state695_198_state696
18:52:10.082 [pool-1-thread-2] INFO  com.crawljax.core.Crawler - Saving failed backtracking path to 696
18:52:10.082 [pool-1-thread-2] INFO  com.crawljax.core.Crawler - backtrack status: false, reached NearDuplicate : -1 
18:52:12.880 [pool-1-thread-2] INFO  com.crawljax.core.Crawler - index has changed to: state713
18:52:12.880 [pool-1-thread-2] INFO  com.crawljax.core.Crawler - Did not add reload edge from state713 to state713
18:52:12.880 [pool-1-thread-2] INFO  c.crawljax.core.state.StateMachine - Cannot go to state: 'state13' from: 'state713'
18:52:12.880 [pool-1-thread-2] INFO  com.crawljax.core.Crawler - Not a valid path anymore state12: state696
18:52:12.881 [pool-1-thread-2] INFO  com.crawljax.core.Crawler - Tried to follow 
18:52:12.881 [pool-1-thread-2] INFO  com.crawljax.core.Crawler - state12_0_state13state13_17_state27state27_18_state28state28_19_state29state29_59_state142state142_136_state380state380_139_state381state381_140_state382state382_143_state481state481_144_state3state3_145_state483state483_155_state492state492_156_state493state493_162_state498state498_0_state499state499_163_state580state580_164_state581state581_167_state583state583_170_state586state586_173_state589state589_177_state591state591_183_state595state595_184_state596state596_0_state597state597_0_state598state598_186_state688state688_189_state689state689_197_state695state695_198_state696
18:52:12.881 [pool-1-thread-2] INFO  com.crawljax.core.Crawler - Saving failed backtracking path to 696
18:52:12.881 [pool-1-thread-2] INFO  com.crawljax.core.Crawler - backtrack status: false, reached NearDuplicate : -1 
18:52:15.644 [pool-1-thread-2] INFO  com.crawljax.core.Crawler - index has changed to: state713
18:52:15.644 [pool-1-thread-2] INFO  com.crawljax.core.Crawler - Did not add reload edge from state713 to state713
18:52:15.644 [pool-1-thread-2] INFO  c.crawljax.core.state.StateMachine - Cannot go to state: 'state27' from: 'state713'
18:52:15.644 [pool-1-thread-2] INFO  com.crawljax.core.Crawler - Not a valid path anymore state13: state696
18:52:15.644 [pool-1-thread-2] INFO  com.crawljax.core.Crawler - Tried to follow 
18:52:15.644 [pool-1-thread-2] INFO  com.crawljax.core.Crawler - state13_17_state27state27_18_state28state28_19_state29state29_59_state142state142_136_state380state380_139_state381state381_140_state382state382_143_state481state481_144_state3state3_145_state483state483_155_state492state492_156_state493state493_162_state498state498_0_state499state499_163_state580state580_164_state581state581_167_state583state583_170_state586state586_173_state589state589_177_state591state591_183_state595state595_184_state596state596_0_state597state597_0_state598state598_186_state688state688_189_state689state689_197_state695state695_198_state696
18:52:15.644 [pool-1-thread-2] INFO  com.crawljax.core.Crawler - Saving failed backtracking path to 696
18:52:15.644 [pool-1-thread-2] INFO  com.crawljax.core.Crawler - backtrack status: false, reached NearDuplicate : -1 
18:52:18.429 [pool-1-thread-2] INFO  com.crawljax.core.Crawler - index has changed to: state713
18:52:18.429 [pool-1-thread-2] INFO  com.crawljax.core.Crawler - Did not add reload edge from state713 to state713
18:52:18.429 [pool-1-thread-2] INFO  c.crawljax.core.state.StateMachine - Cannot go to state: 'state5' from: 'state713'
18:52:18.429 [pool-1-thread-2] INFO  com.crawljax.core.Crawler - Not a valid path anymore state43: state696
18:52:18.429 [pool-1-thread-2] INFO  com.crawljax.core.Crawler - Tried to follow 
18:52:18.429 [pool-1-thread-2] INFO  com.crawljax.core.Crawler - state43_37_state5state5_7_state4state4_23_state32state32_30_state37state37_31_state38state38_88_state234state234_85_state3state3_145_state483state483_155_state492state492_156_state493state493_162_state498state498_0_state499state499_163_state580state580_164_state581state581_167_state583state583_170_state586state586_173_state589state589_177_state591state591_183_state595state595_184_state596state596_0_state597state597_0_state598state598_186_state688state688_189_state689state689_197_state695state695_198_state696
18:52:18.429 [pool-1-thread-2] INFO  com.crawljax.core.Crawler - Saving failed backtracking path to 696
18:52:18.429 [pool-1-thread-2] INFO  com.crawljax.core.Crawler - backtrack status: false, reached NearDuplicate : -1 
18:52:21.195 [pool-1-thread-2] INFO  com.crawljax.core.Crawler - index has changed to: state713
18:52:21.195 [pool-1-thread-2] INFO  com.crawljax.core.Crawler - Did not add reload edge from state713 to state713
18:52:21.196 [pool-1-thread-2] INFO  c.crawljax.core.state.StateMachine - Cannot go to state: 'state139' from: 'state713'
18:52:21.196 [pool-1-thread-2] INFO  com.crawljax.core.Crawler - Not a valid path anymore state94: state696
18:52:21.196 [pool-1-thread-2] INFO  com.crawljax.core.Crawler - Tried to follow 
18:52:21.196 [pool-1-thread-2] INFO  com.crawljax.core.Crawler - state94_56_state139state139_57_state140state140_58_state29state29_59_state142state142_136_state380state380_139_state381state381_140_state382state382_143_state481state481_144_state3state3_145_state483state483_155_state492state492_156_state493state493_162_state498state498_0_state499state499_163_state580state580_164_state581state581_167_state583state583_170_state586state586_173_state589state589_177_state591state591_183_state595state595_184_state596state596_0_state597state597_0_state598state598_186_state688state688_189_state689state689_197_state695state695_198_state696
18:52:21.196 [pool-1-thread-2] INFO  com.crawljax.core.Crawler - Saving failed backtracking path to 696
18:52:21.196 [pool-1-thread-2] INFO  com.crawljax.core.Crawler - backtrack status: false, reached NearDuplicate : -1 
18:52:23.973 [pool-1-thread-2] INFO  com.crawljax.core.Crawler - index has changed to: state713
18:52:23.973 [pool-1-thread-2] INFO  com.crawljax.core.Crawler - Did not add reload edge from state713 to state713
18:52:23.973 [pool-1-thread-2] INFO  c.crawljax.core.state.StateMachine - Cannot go to state: 'state232' from: 'state713'
18:52:23.973 [pool-1-thread-2] INFO  com.crawljax.core.Crawler - Not a valid path anymore state160: state696
18:52:23.973 [pool-1-thread-2] INFO  com.crawljax.core.Crawler - Tried to follow 
18:52:23.973 [pool-1-thread-2] INFO  com.crawljax.core.Crawler - state160_81_state232state232_83_state233state233_84_state234state234_85_state3state3_145_state483state483_155_state492state492_156_state493state493_162_state498state498_0_state499state499_163_state580state580_164_state581state581_167_state583state583_170_state586state586_173_state589state589_177_state591state591_183_state595state595_184_state596state596_0_state597state597_0_state598state598_186_state688state688_189_state689state689_197_state695state695_198_state696
18:52:23.973 [pool-1-thread-2] INFO  com.crawljax.core.Crawler - Saving failed backtracking path to 696
18:52:23.973 [pool-1-thread-2] INFO  com.crawljax.core.Crawler - backtrack status: false, reached NearDuplicate : -1 
18:52:26.764 [pool-1-thread-2] INFO  com.crawljax.core.Crawler - index has changed to: state713
18:52:26.764 [pool-1-thread-2] INFO  com.crawljax.core.Crawler - Did not add reload edge from state713 to state713
18:52:26.764 [pool-1-thread-2] INFO  c.crawljax.core.state.StateMachine - Cannot go to state: 'state232' from: 'state713'
18:52:26.764 [pool-1-thread-2] INFO  com.crawljax.core.Crawler - Not a valid path anymore state263: state696
18:52:26.764 [pool-1-thread-2] INFO  com.crawljax.core.Crawler - Tried to follow 
18:52:26.764 [pool-1-thread-2] INFO  com.crawljax.core.Crawler - state263_117_state232state232_83_state233state233_84_state234state234_85_state3state3_145_state483state483_155_state492state492_156_state493state493_162_state498state498_0_state499state499_163_state580state580_164_state581state581_167_state583state583_170_state586state586_173_state589state589_177_state591state591_183_state595state595_184_state596state596_0_state597state597_0_state598state598_186_state688state688_189_state689state689_197_state695state695_198_state696
18:52:26.764 [pool-1-thread-2] INFO  com.crawljax.core.Crawler - Saving failed backtracking path to 696
18:52:26.764 [pool-1-thread-2] INFO  com.crawljax.core.Crawler - backtrack status: false, reached NearDuplicate : -1 
18:52:29.542 [pool-1-thread-2] INFO  com.crawljax.core.Crawler - index has changed to: state713
18:52:29.542 [pool-1-thread-2] INFO  com.crawljax.core.Crawler - Did not add reload edge from state713 to state713
18:52:29.543 [pool-1-thread-2] INFO  c.crawljax.core.state.StateMachine - Cannot go to state: 'state481' from: 'state713'
18:52:29.543 [pool-1-thread-2] INFO  com.crawljax.core.Crawler - Not a valid path anymore state382: state696
18:52:29.543 [pool-1-thread-2] INFO  com.crawljax.core.Crawler - Tried to follow 
18:52:29.543 [pool-1-thread-2] INFO  com.crawljax.core.Crawler - state382_143_state481state481_144_state3state3_145_state483state483_155_state492state492_156_state493state493_162_state498state498_0_state499state499_163_state580state580_164_state581state581_167_state583state583_170_state586state586_173_state589state589_177_state591state591_183_state595state595_184_state596state596_0_state597state597_0_state598state598_186_state688state688_189_state689state689_197_state695state695_198_state696
18:52:29.543 [pool-1-thread-2] INFO  com.crawljax.core.Crawler - Saving failed backtracking path to 696
18:52:29.543 [pool-1-thread-2] INFO  com.crawljax.core.Crawler - backtrack status: false, reached NearDuplicate : -1 
18:52:32.302 [pool-1-thread-2] INFO  com.crawljax.core.Crawler - index has changed to: state713
18:52:32.302 [pool-1-thread-2] INFO  com.crawljax.core.Crawler - Did not add reload edge from state713 to state713
18:52:32.302 [pool-1-thread-2] INFO  c.crawljax.core.state.StateMachine - Cannot go to state: 'state580' from: 'state713'
18:52:32.302 [pool-1-thread-2] INFO  com.crawljax.core.Crawler - Not a valid path anymore state499: state696
18:52:32.302 [pool-1-thread-2] INFO  com.crawljax.core.Crawler - Tried to follow 
18:52:32.302 [pool-1-thread-2] INFO  com.crawljax.core.Crawler - state499_163_state580state580_164_state581state581_167_state583state583_170_state586state586_173_state589state589_177_state591state591_183_state595state595_184_state596state596_0_state597state597_0_state598state598_186_state688state688_189_state689state689_197_state695state695_198_state696
18:52:32.302 [pool-1-thread-2] INFO  com.crawljax.core.Crawler - Saving failed backtracking path to 696
18:52:32.302 [pool-1-thread-2] INFO  com.crawljax.core.Crawler - backtrack status: false, reached NearDuplicate : -1 
18:52:35.077 [pool-1-thread-2] INFO  com.crawljax.core.Crawler - index has changed to: state713
18:52:35.077 [pool-1-thread-2] INFO  com.crawljax.core.Crawler - Did not add reload edge from state713 to state713
18:52:35.077 [pool-1-thread-2] INFO  c.crawljax.core.state.StateMachine - Cannot go to state: 'state598' from: 'state713'
18:52:35.077 [pool-1-thread-2] INFO  com.crawljax.core.Crawler - Not a valid path anymore state597: state696
18:52:35.077 [pool-1-thread-2] INFO  com.crawljax.core.Crawler - Tried to follow 
18:52:35.077 [pool-1-thread-2] INFO  com.crawljax.core.Crawler - state597_0_state598state598_186_state688state688_189_state689state689_197_state695state695_198_state696
18:52:35.077 [pool-1-thread-2] INFO  com.crawljax.core.Crawler - Saving failed backtracking path to 696
18:52:35.077 [pool-1-thread-2] INFO  com.crawljax.core.Crawler - backtrack status: false, reached NearDuplicate : -1 
18:52:37.849 [pool-1-thread-2] INFO  com.crawljax.core.Crawler - index has changed to: state713
18:52:37.849 [pool-1-thread-2] INFO  com.crawljax.core.Crawler - Did not add reload edge from state713 to state713
18:52:37.849 [pool-1-thread-2] INFO  c.crawljax.core.state.StateMachine - Cannot go to state: 'state688' from: 'state713'
18:52:37.849 [pool-1-thread-2] INFO  com.crawljax.core.Crawler - Not a valid path anymore state598: state696
18:52:37.849 [pool-1-thread-2] INFO  com.crawljax.core.Crawler - Tried to follow 
18:52:37.849 [pool-1-thread-2] INFO  com.crawljax.core.Crawler - state598_186_state688state688_189_state689state689_197_state695state695_198_state696
18:52:37.849 [pool-1-thread-2] INFO  com.crawljax.core.Crawler - Saving failed backtracking path to 696
18:52:37.849 [pool-1-thread-2] INFO  com.crawljax.core.Crawler - backtrack status: false, reached NearDuplicate : -1 
18:52:40.625 [pool-1-thread-2] INFO  com.crawljax.core.Crawler - index has changed to: state713
18:52:40.625 [pool-1-thread-2] INFO  com.crawljax.core.Crawler - Did not add reload edge from state713 to state713
18:52:40.625 [pool-1-thread-2] INFO  com.crawljax.core.Crawler - state696 no path from state713
18:52:40.625 [pool-1-thread-2] INFO  com.crawljax.core.Crawler - state unreachable: Removing from candidate actions state696
18:52:40.625 [pool-1-thread-2] INFO  c.c.core.UnfiredFragmentCandidates - Placing purged actions in unreachable cache for state696
18:52:40.625 [pool-1-thread-2] INFO  com.crawljax.core.Crawler - Resetting the crawler and Going to state state697
18:52:43.396 [pool-1-thread-2] INFO  com.crawljax.core.Crawler - index has changed to: state713
18:52:43.396 [pool-1-thread-2] INFO  com.crawljax.core.Crawler - Did not add reload edge from state713 to state713
18:52:43.396 [pool-1-thread-2] INFO  com.crawljax.core.Crawler - Initial state not the same as current state : Getting shortest path from current state
18:52:43.397 [pool-1-thread-2] INFO  com.crawljax.core.Crawler - state697 no path from state713
18:52:43.397 [pool-1-thread-2] INFO  c.crawljax.core.state.StateMachine - Cannot go to state: 'state1' from: 'state713'
18:52:43.397 [pool-1-thread-2] INFO  com.crawljax.core.Crawler - Not a valid path anymore index: state697
18:52:43.397 [pool-1-thread-2] INFO  com.crawljax.core.Crawler - Tried to follow 
18:52:43.397 [pool-1-thread-2] INFO  com.crawljax.core.Crawler - index_1_state1state1_4_state3state3_145_state483state483_155_state492state492_156_state493state493_162_state498state498_0_state499state499_163_state580state580_164_state581state581_167_state583state583_170_state586state586_173_state589state589_177_state591state591_183_state595state595_184_state596state596_0_state597state597_0_state598state598_186_state688state688_189_state689state689_197_state695state695_198_state696state696_199_state697
18:52:43.397 [pool-1-thread-2] INFO  com.crawljax.core.Crawler - Saving failed backtracking path to 697
18:52:43.397 [pool-1-thread-2] INFO  com.crawljax.core.Crawler - backtrack status: false, reached NearDuplicate : -1 
18:52:46.181 [pool-1-thread-2] INFO  com.crawljax.core.Crawler - index has changed to: state713
18:52:46.182 [pool-1-thread-2] INFO  com.crawljax.core.Crawler - Did not add reload edge from state713 to state713
18:52:46.182 [pool-1-thread-2] INFO  c.crawljax.core.state.StateMachine - Cannot go to state: 'state13' from: 'state713'
18:52:46.182 [pool-1-thread-2] INFO  com.crawljax.core.Crawler - Not a valid path anymore state12: state697
18:52:46.182 [pool-1-thread-2] INFO  com.crawljax.core.Crawler - Tried to follow 
18:52:46.182 [pool-1-thread-2] INFO  com.crawljax.core.Crawler - state12_0_state13state13_17_state27state27_18_state28state28_19_state29state29_59_state142state142_136_state380state380_139_state381state381_140_state382state382_143_state481state481_144_state3state3_145_state483state483_155_state492state492_156_state493state493_162_state498state498_0_state499state499_163_state580state580_164_state581state581_167_state583state583_170_state586state586_173_state589state589_177_state591state591_183_state595state595_184_state596state596_0_state597state597_0_state598state598_186_state688state688_189_state689state689_197_state695state695_198_state696state696_199_state697
18:52:46.182 [pool-1-thread-2] INFO  com.crawljax.core.Crawler - Saving failed backtracking path to 697
18:52:46.182 [pool-1-thread-2] INFO  com.crawljax.core.Crawler - backtrack status: false, reached NearDuplicate : -1 
18:52:48.965 [pool-1-thread-2] INFO  com.crawljax.core.Crawler - index has changed to: state713
18:52:48.966 [pool-1-thread-2] INFO  com.crawljax.core.Crawler - Did not add reload edge from state713 to state713
18:52:48.966 [pool-1-thread-2] INFO  c.crawljax.core.state.StateMachine - Cannot go to state: 'state27' from: 'state713'
18:52:48.966 [pool-1-thread-2] INFO  com.crawljax.core.Crawler - Not a valid path anymore state13: state697
18:52:48.966 [pool-1-thread-2] INFO  com.crawljax.core.Crawler - Tried to follow 
18:52:48.966 [pool-1-thread-2] INFO  com.crawljax.core.Crawler - state13_17_state27state27_18_state28state28_19_state29state29_59_state142state142_136_state380state380_139_state381state381_140_state382state382_143_state481state481_144_state3state3_145_state483state483_155_state492state492_156_state493state493_162_state498state498_0_state499state499_163_state580state580_164_state581state581_167_state583state583_170_state586state586_173_state589state589_177_state591state591_183_state595state595_184_state596state596_0_state597state597_0_state598state598_186_state688state688_189_state689state689_197_state695state695_198_state696state696_199_state697
18:52:48.966 [pool-1-thread-2] INFO  com.crawljax.core.Crawler - Saving failed backtracking path to 697
18:52:48.966 [pool-1-thread-2] INFO  com.crawljax.core.Crawler - backtrack status: false, reached NearDuplicate : -1 
18:52:51.735 [pool-1-thread-2] INFO  com.crawljax.core.Crawler - index has changed to: state713
18:52:51.735 [pool-1-thread-2] INFO  com.crawljax.core.Crawler - Did not add reload edge from state713 to state713
18:52:51.735 [pool-1-thread-2] INFO  c.crawljax.core.state.StateMachine - Cannot go to state: 'state5' from: 'state713'
18:52:51.735 [pool-1-thread-2] INFO  com.crawljax.core.Crawler - Not a valid path anymore state43: state697
18:52:51.735 [pool-1-thread-2] INFO  com.crawljax.core.Crawler - Tried to follow 
18:52:51.735 [pool-1-thread-2] INFO  com.crawljax.core.Crawler - state43_37_state5state5_7_state4state4_23_state32state32_30_state37state37_31_state38state38_88_state234state234_85_state3state3_145_state483state483_155_state492state492_156_state493state493_162_state498state498_0_state499state499_163_state580state580_164_state581state581_167_state583state583_170_state586state586_173_state589state589_177_state591state591_183_state595state595_184_state596state596_0_state597state597_0_state598state598_186_state688state688_189_state689state689_197_state695state695_198_state696state696_199_state697
18:52:51.735 [pool-1-thread-2] INFO  com.crawljax.core.Crawler - Saving failed backtracking path to 697
18:52:51.735 [pool-1-thread-2] INFO  com.crawljax.core.Crawler - backtrack status: false, reached NearDuplicate : -1 
18:52:54.536 [pool-1-thread-2] INFO  com.crawljax.core.Crawler - index has changed to: state713
18:52:54.536 [pool-1-thread-2] INFO  com.crawljax.core.Crawler - Did not add reload edge from state713 to state713
18:52:54.536 [pool-1-thread-2] INFO  c.crawljax.core.state.StateMachine - Cannot go to state: 'state139' from: 'state713'
18:52:54.536 [pool-1-thread-2] INFO  com.crawljax.core.Crawler - Not a valid path anymore state94: state697
18:52:54.536 [pool-1-thread-2] INFO  com.crawljax.core.Crawler - Tried to follow 
18:52:54.536 [pool-1-thread-2] INFO  com.crawljax.core.Crawler - state94_56_state139state139_57_state140state140_58_state29state29_59_state142state142_136_state380state380_139_state381state381_140_state382state382_143_state481state481_144_state3state3_145_state483state483_155_state492state492_156_state493state493_162_state498state498_0_state499state499_163_state580state580_164_state581state581_167_state583state583_170_state586state586_173_state589state589_177_state591state591_183_state595state595_184_state596state596_0_state597state597_0_state598state598_186_state688state688_189_state689state689_197_state695state695_198_state696state696_199_state697
18:52:54.536 [pool-1-thread-2] INFO  com.crawljax.core.Crawler - Saving failed backtracking path to 697
18:52:54.536 [pool-1-thread-2] INFO  com.crawljax.core.Crawler - backtrack status: false, reached NearDuplicate : -1 
18:52:57.339 [pool-1-thread-2] INFO  com.crawljax.core.Crawler - index has changed to: state713
18:52:57.339 [pool-1-thread-2] INFO  com.crawljax.core.Crawler - Did not add reload edge from state713 to state713
18:52:57.340 [pool-1-thread-2] INFO  c.crawljax.core.state.StateMachine - Cannot go to state: 'state232' from: 'state713'
18:52:57.340 [pool-1-thread-2] INFO  com.crawljax.core.Crawler - Not a valid path anymore state160: state697
18:52:57.340 [pool-1-thread-2] INFO  com.crawljax.core.Crawler - Tried to follow 
18:52:57.340 [pool-1-thread-2] INFO  com.crawljax.core.Crawler - state160_81_state232state232_83_state233state233_84_state234state234_85_state3state3_145_state483state483_155_state492state492_156_state493state493_162_state498state498_0_state499state499_163_state580state580_164_state581state581_167_state583state583_170_state586state586_173_state589state589_177_state591state591_183_state595state595_184_state596state596_0_state597state597_0_state598state598_186_state688state688_189_state689state689_197_state695state695_198_state696state696_199_state697
18:52:57.340 [pool-1-thread-2] INFO  com.crawljax.core.Crawler - Saving failed backtracking path to 697
18:52:57.340 [pool-1-thread-2] INFO  com.crawljax.core.Crawler - backtrack status: false, reached NearDuplicate : -1 
18:53:00.120 [pool-1-thread-2] INFO  com.crawljax.core.Crawler - index has changed to: state713
18:53:00.120 [pool-1-thread-2] INFO  com.crawljax.core.Crawler - Did not add reload edge from state713 to state713
18:53:00.120 [pool-1-thread-2] INFO  c.crawljax.core.state.StateMachine - Cannot go to state: 'state232' from: 'state713'
18:53:00.120 [pool-1-thread-2] INFO  com.crawljax.core.Crawler - Not a valid path anymore state263: state697
18:53:00.120 [pool-1-thread-2] INFO  com.crawljax.core.Crawler - Tried to follow 
18:53:00.120 [pool-1-thread-2] INFO  com.crawljax.core.Crawler - state263_117_state232state232_83_state233state233_84_state234state234_85_state3state3_145_state483state483_155_state492state492_156_state493state493_162_state498state498_0_state499state499_163_state580state580_164_state581state581_167_state583state583_170_state586state586_173_state589state589_177_state591state591_183_state595state595_184_state596state596_0_state597state597_0_state598state598_186_state688state688_189_state689state689_197_state695state695_198_state696state696_199_state697
18:53:00.120 [pool-1-thread-2] INFO  com.crawljax.core.Crawler - Saving failed backtracking path to 697
18:53:00.120 [pool-1-thread-2] INFO  com.crawljax.core.Crawler - backtrack status: false, reached NearDuplicate : -1 
18:53:02.892 [pool-1-thread-2] INFO  com.crawljax.core.Crawler - index has changed to: state713
18:53:02.892 [pool-1-thread-2] INFO  com.crawljax.core.Crawler - Did not add reload edge from state713 to state713
18:53:02.892 [pool-1-thread-2] INFO  c.crawljax.core.state.StateMachine - Cannot go to state: 'state481' from: 'state713'
18:53:02.892 [pool-1-thread-2] INFO  com.crawljax.core.Crawler - Not a valid path anymore state382: state697
18:53:02.892 [pool-1-thread-2] INFO  com.crawljax.core.Crawler - Tried to follow 
18:53:02.892 [pool-1-thread-2] INFO  com.crawljax.core.Crawler - state382_143_state481state481_144_state3state3_145_state483state483_155_state492state492_156_state493state493_162_state498state498_0_state499state499_163_state580state580_164_state581state581_167_state583state583_170_state586state586_173_state589state589_177_state591state591_183_state595state595_184_state596state596_0_state597state597_0_state598state598_186_state688state688_189_state689state689_197_state695state695_198_state696state696_199_state697
18:53:02.892 [pool-1-thread-2] INFO  com.crawljax.core.Crawler - Saving failed backtracking path to 697
18:53:02.893 [pool-1-thread-2] INFO  com.crawljax.core.Crawler - backtrack status: false, reached NearDuplicate : -1 
18:53:05.645 [pool-1-thread-2] INFO  com.crawljax.core.Crawler - index has changed to: state713
18:53:05.645 [pool-1-thread-2] INFO  com.crawljax.core.Crawler - Did not add reload edge from state713 to state713
18:53:05.645 [pool-1-thread-2] INFO  c.crawljax.core.state.StateMachine - Cannot go to state: 'state580' from: 'state713'
18:53:05.645 [pool-1-thread-2] INFO  com.crawljax.core.Crawler - Not a valid path anymore state499: state697
18:53:05.645 [pool-1-thread-2] INFO  com.crawljax.core.Crawler - Tried to follow 
18:53:05.645 [pool-1-thread-2] INFO  com.crawljax.core.Crawler - state499_163_state580state580_164_state581state581_167_state583state583_170_state586state586_173_state589state589_177_state591state591_183_state595state595_184_state596state596_0_state597state597_0_state598state598_186_state688state688_189_state689state689_197_state695state695_198_state696state696_199_state697
18:53:05.645 [pool-1-thread-2] INFO  com.crawljax.core.Crawler - Saving failed backtracking path to 697
18:53:05.645 [pool-1-thread-2] INFO  com.crawljax.core.Crawler - backtrack status: false, reached NearDuplicate : -1 
18:53:08.397 [pool-1-thread-2] INFO  com.crawljax.core.Crawler - index has changed to: state713
18:53:08.397 [pool-1-thread-2] INFO  com.crawljax.core.Crawler - Did not add reload edge from state713 to state713
18:53:08.397 [pool-1-thread-2] INFO  c.crawljax.core.state.StateMachine - Cannot go to state: 'state598' from: 'state713'
18:53:08.398 [pool-1-thread-2] INFO  com.crawljax.core.Crawler - Not a valid path anymore state597: state697
18:53:08.398 [pool-1-thread-2] INFO  com.crawljax.core.Crawler - Tried to follow 
18:53:08.398 [pool-1-thread-2] INFO  com.crawljax.core.Crawler - state597_0_state598state598_186_state688state688_189_state689state689_197_state695state695_198_state696state696_199_state697
18:53:08.398 [pool-1-thread-2] INFO  com.crawljax.core.Crawler - Saving failed backtracking path to 697
18:53:08.398 [pool-1-thread-2] INFO  com.crawljax.core.Crawler - backtrack status: false, reached NearDuplicate : -1 
18:53:11.153 [pool-1-thread-2] INFO  com.crawljax.core.Crawler - index has changed to: state713
18:53:11.153 [pool-1-thread-2] INFO  com.crawljax.core.Crawler - Did not add reload edge from state713 to state713
18:53:11.153 [pool-1-thread-2] INFO  c.crawljax.core.state.StateMachine - Cannot go to state: 'state688' from: 'state713'
18:53:11.154 [pool-1-thread-2] INFO  com.crawljax.core.Crawler - Not a valid path anymore state598: state697
18:53:11.154 [pool-1-thread-2] INFO  com.crawljax.core.Crawler - Tried to follow 
18:53:11.154 [pool-1-thread-2] INFO  com.crawljax.core.Crawler - state598_186_state688state688_189_state689state689_197_state695state695_198_state696state696_199_state697
18:53:11.154 [pool-1-thread-2] INFO  com.crawljax.core.Crawler - Saving failed backtracking path to 697
18:53:11.154 [pool-1-thread-2] INFO  com.crawljax.core.Crawler - backtrack status: false, reached NearDuplicate : -1 
18:53:13.906 [pool-1-thread-2] INFO  com.crawljax.core.Crawler - index has changed to: state713
18:53:13.906 [pool-1-thread-2] INFO  com.crawljax.core.Crawler - Did not add reload edge from state713 to state713
18:53:13.906 [pool-1-thread-2] INFO  com.crawljax.core.Crawler - state697 no path from state713
18:53:13.906 [pool-1-thread-2] INFO  com.crawljax.core.Crawler - state unreachable: Removing from candidate actions state697
18:53:13.906 [pool-1-thread-2] INFO  c.c.core.UnfiredFragmentCandidates - Placing purged actions in unreachable cache for state697
18:53:13.906 [pool-1-thread-2] INFO  com.crawljax.core.Crawler - Resetting the crawler and Going to state state701
18:53:16.680 [pool-1-thread-2] INFO  com.crawljax.core.Crawler - index has changed to: state713
18:53:16.680 [pool-1-thread-2] INFO  com.crawljax.core.Crawler - Did not add reload edge from state713 to state713
18:53:16.680 [pool-1-thread-2] INFO  com.crawljax.core.Crawler - Initial state not the same as current state : Getting shortest path from current state
18:53:16.680 [pool-1-thread-2] INFO  com.crawljax.core.Crawler - state701 no path from state713
18:53:16.680 [pool-1-thread-2] INFO  c.crawljax.core.state.StateMachine - Cannot go to state: 'state1' from: 'state713'
18:53:16.680 [pool-1-thread-2] INFO  com.crawljax.core.Crawler - Not a valid path anymore index: state701
18:53:16.680 [pool-1-thread-2] INFO  com.crawljax.core.Crawler - Tried to follow 
18:53:16.680 [pool-1-thread-2] INFO  com.crawljax.core.Crawler - index_1_state1state1_4_state3state3_145_state483state483_155_state492state492_156_state493state493_162_state498state498_0_state499state499_163_state580state580_164_state581state581_167_state583state583_170_state586state586_173_state589state589_177_state591state591_183_state595state595_184_state596state596_0_state597state597_0_state598state598_186_state688state688_189_state689state689_197_state695state695_198_state696state696_199_state697state697_204_state701
18:53:16.680 [pool-1-thread-2] INFO  com.crawljax.core.Crawler - Saving failed backtracking path to 701
18:53:16.680 [pool-1-thread-2] INFO  com.crawljax.core.Crawler - backtrack status: false, reached NearDuplicate : -1 
18:53:19.453 [pool-1-thread-2] INFO  com.crawljax.core.Crawler - index has changed to: state713
18:53:19.453 [pool-1-thread-2] INFO  com.crawljax.core.Crawler - Did not add reload edge from state713 to state713
18:53:19.453 [pool-1-thread-2] INFO  c.crawljax.core.state.StateMachine - Cannot go to state: 'state13' from: 'state713'
18:53:19.453 [pool-1-thread-2] INFO  com.crawljax.core.Crawler - Not a valid path anymore state12: state701
18:53:19.453 [pool-1-thread-2] INFO  com.crawljax.core.Crawler - Tried to follow 
18:53:19.453 [pool-1-thread-2] INFO  com.crawljax.core.Crawler - state12_0_state13state13_17_state27state27_18_state28state28_19_state29state29_59_state142state142_136_state380state380_139_state381state381_140_state382state382_143_state481state481_144_state3state3_145_state483state483_155_state492state492_156_state493state493_162_state498state498_0_state499state499_163_state580state580_164_state581state581_167_state583state583_170_state586state586_173_state589state589_177_state591state591_183_state595state595_184_state596state596_0_state597state597_0_state598state598_186_state688state688_189_state689state689_197_state695state695_198_state696state696_199_state697state697_204_state701
18:53:19.453 [pool-1-thread-2] INFO  com.crawljax.core.Crawler - Saving failed backtracking path to 701
18:53:19.453 [pool-1-thread-2] INFO  com.crawljax.core.Crawler - backtrack status: false, reached NearDuplicate : -1 
18:53:22.227 [pool-1-thread-2] INFO  com.crawljax.core.Crawler - index has changed to: state713
18:53:22.227 [pool-1-thread-2] INFO  com.crawljax.core.Crawler - Did not add reload edge from state713 to state713
18:53:22.227 [pool-1-thread-2] INFO  c.crawljax.core.state.StateMachine - Cannot go to state: 'state27' from: 'state713'
18:53:22.228 [pool-1-thread-2] INFO  com.crawljax.core.Crawler - Not a valid path anymore state13: state701
18:53:22.228 [pool-1-thread-2] INFO  com.crawljax.core.Crawler - Tried to follow 
18:53:22.228 [pool-1-thread-2] INFO  com.crawljax.core.Crawler - state13_17_state27state27_18_state28state28_19_state29state29_59_state142state142_136_state380state380_139_state381state381_140_state382state382_143_state481state481_144_state3state3_145_state483state483_155_state492state492_156_state493state493_162_state498state498_0_state499state499_163_state580state580_164_state581state581_167_state583state583_170_state586state586_173_state589state589_177_state591state591_183_state595state595_184_state596state596_0_state597state597_0_state598state598_186_state688state688_189_state689state689_197_state695state695_198_state696state696_199_state697state697_204_state701
18:53:22.228 [pool-1-thread-2] INFO  com.crawljax.core.Crawler - Saving failed backtracking path to 701
18:53:22.228 [pool-1-thread-2] INFO  com.crawljax.core.Crawler - backtrack status: false, reached NearDuplicate : -1 
18:53:24.995 [pool-1-thread-2] INFO  com.crawljax.core.Crawler - index has changed to: state713
18:53:24.995 [pool-1-thread-2] INFO  com.crawljax.core.Crawler - Did not add reload edge from state713 to state713
18:53:24.995 [pool-1-thread-2] INFO  c.crawljax.core.state.StateMachine - Cannot go to state: 'state5' from: 'state713'
18:53:24.995 [pool-1-thread-2] INFO  com.crawljax.core.Crawler - Not a valid path anymore state43: state701
18:53:24.995 [pool-1-thread-2] INFO  com.crawljax.core.Crawler - Tried to follow 
18:53:24.995 [pool-1-thread-2] INFO  com.crawljax.core.Crawler - state43_37_state5state5_7_state4state4_23_state32state32_30_state37state37_31_state38state38_88_state234state234_85_state3state3_145_state483state483_155_state492state492_156_state493state493_162_state498state498_0_state499state499_163_state580state580_164_state581state581_167_state583state583_170_state586state586_173_state589state589_177_state591state591_183_state595state595_184_state596state596_0_state597state597_0_state598state598_186_state688state688_189_state689state689_197_state695state695_198_state696state696_199_state697state697_204_state701
18:53:24.995 [pool-1-thread-2] INFO  com.crawljax.core.Crawler - Saving failed backtracking path to 701
18:53:24.996 [pool-1-thread-2] INFO  com.crawljax.core.Crawler - backtrack status: false, reached NearDuplicate : -1 
18:53:27.781 [pool-1-thread-2] INFO  com.crawljax.core.Crawler - index has changed to: state713
18:53:27.781 [pool-1-thread-2] INFO  com.crawljax.core.Crawler - Did not add reload edge from state713 to state713
18:53:27.781 [pool-1-thread-2] INFO  c.crawljax.core.state.StateMachine - Cannot go to state: 'state139' from: 'state713'
18:53:27.781 [pool-1-thread-2] INFO  com.crawljax.core.Crawler - Not a valid path anymore state94: state701
18:53:27.781 [pool-1-thread-2] INFO  com.crawljax.core.Crawler - Tried to follow 
18:53:27.781 [pool-1-thread-2] INFO  com.crawljax.core.Crawler - state94_56_state139state139_57_state140state140_58_state29state29_59_state142state142_136_state380state380_139_state381state381_140_state382state382_143_state481state481_144_state3state3_145_state483state483_155_state492state492_156_state493state493_162_state498state498_0_state499state499_163_state580state580_164_state581state581_167_state583state583_170_state586state586_173_state589state589_177_state591state591_183_state595state595_184_state596state596_0_state597state597_0_state598state598_186_state688state688_189_state689state689_197_state695state695_198_state696state696_199_state697state697_204_state701
18:53:27.781 [pool-1-thread-2] INFO  com.crawljax.core.Crawler - Saving failed backtracking path to 701
18:53:27.781 [pool-1-thread-2] INFO  com.crawljax.core.Crawler - backtrack status: false, reached NearDuplicate : -1 
18:53:30.556 [pool-1-thread-2] INFO  com.crawljax.core.Crawler - index has changed to: state713
18:53:30.556 [pool-1-thread-2] INFO  com.crawljax.core.Crawler - Did not add reload edge from state713 to state713
18:53:30.557 [pool-1-thread-2] INFO  c.crawljax.core.state.StateMachine - Cannot go to state: 'state232' from: 'state713'
18:53:30.557 [pool-1-thread-2] INFO  com.crawljax.core.Crawler - Not a valid path anymore state160: state701
18:53:30.557 [pool-1-thread-2] INFO  com.crawljax.core.Crawler - Tried to follow 
18:53:30.557 [pool-1-thread-2] INFO  com.crawljax.core.Crawler - state160_81_state232state232_83_state233state233_84_state234state234_85_state3state3_145_state483state483_155_state492state492_156_state493state493_162_state498state498_0_state499state499_163_state580state580_164_state581state581_167_state583state583_170_state586state586_173_state589state589_177_state591state591_183_state595state595_184_state596state596_0_state597state597_0_state598state598_186_state688state688_189_state689state689_197_state695state695_198_state696state696_199_state697state697_204_state701
18:53:30.557 [pool-1-thread-2] INFO  com.crawljax.core.Crawler - Saving failed backtracking path to 701
18:53:30.557 [pool-1-thread-2] INFO  com.crawljax.core.Crawler - backtrack status: false, reached NearDuplicate : -1 
18:53:33.312 [pool-1-thread-2] INFO  com.crawljax.core.Crawler - index has changed to: state713
18:53:33.312 [pool-1-thread-2] INFO  com.crawljax.core.Crawler - Did not add reload edge from state713 to state713
18:53:33.312 [pool-1-thread-2] INFO  c.crawljax.core.state.StateMachine - Cannot go to state: 'state232' from: 'state713'
18:53:33.312 [pool-1-thread-2] INFO  com.crawljax.core.Crawler - Not a valid path anymore state263: state701
18:53:33.312 [pool-1-thread-2] INFO  com.crawljax.core.Crawler - Tried to follow 
18:53:33.312 [pool-1-thread-2] INFO  com.crawljax.core.Crawler - state263_117_state232state232_83_state233state233_84_state234state234_85_state3state3_145_state483state483_155_state492state492_156_state493state493_162_state498state498_0_state499state499_163_state580state580_164_state581state581_167_state583state583_170_state586state586_173_state589state589_177_state591state591_183_state595state595_184_state596state596_0_state597state597_0_state598state598_186_state688state688_189_state689state689_197_state695state695_198_state696state696_199_state697state697_204_state701
18:53:33.312 [pool-1-thread-2] INFO  com.crawljax.core.Crawler - Saving failed backtracking path to 701
18:53:33.313 [pool-1-thread-2] INFO  com.crawljax.core.Crawler - backtrack status: false, reached NearDuplicate : -1 
18:53:36.075 [pool-1-thread-2] INFO  com.crawljax.core.Crawler - index has changed to: state713
18:53:36.075 [pool-1-thread-2] INFO  com.crawljax.core.Crawler - Did not add reload edge from state713 to state713
18:53:36.076 [pool-1-thread-2] INFO  c.crawljax.core.state.StateMachine - Cannot go to state: 'state481' from: 'state713'
18:53:36.076 [pool-1-thread-2] INFO  com.crawljax.core.Crawler - Not a valid path anymore state382: state701
18:53:36.076 [pool-1-thread-2] INFO  com.crawljax.core.Crawler - Tried to follow 
18:53:36.076 [pool-1-thread-2] INFO  com.crawljax.core.Crawler - state382_143_state481state481_144_state3state3_145_state483state483_155_state492state492_156_state493state493_162_state498state498_0_state499state499_163_state580state580_164_state581state581_167_state583state583_170_state586state586_173_state589state589_177_state591state591_183_state595state595_184_state596state596_0_state597state597_0_state598state598_186_state688state688_189_state689state689_197_state695state695_198_state696state696_199_state697state697_204_state701
18:53:36.076 [pool-1-thread-2] INFO  com.crawljax.core.Crawler - Saving failed backtracking path to 701
18:53:36.076 [pool-1-thread-2] INFO  com.crawljax.core.Crawler - backtrack status: false, reached NearDuplicate : -1 
18:53:38.858 [pool-1-thread-2] INFO  com.crawljax.core.Crawler - index has changed to: state713
18:53:38.858 [pool-1-thread-2] INFO  com.crawljax.core.Crawler - Did not add reload edge from state713 to state713
18:53:38.858 [pool-1-thread-2] INFO  c.crawljax.core.state.StateMachine - Cannot go to state: 'state580' from: 'state713'
18:53:38.858 [pool-1-thread-2] INFO  com.crawljax.core.Crawler - Not a valid path anymore state499: state701
18:53:38.858 [pool-1-thread-2] INFO  com.crawljax.core.Crawler - Tried to follow 
18:53:38.858 [pool-1-thread-2] INFO  com.crawljax.core.Crawler - state499_163_state580state580_164_state581state581_167_state583state583_170_state586state586_173_state589state589_177_state591state591_183_state595state595_184_state596state596_0_state597state597_0_state598state598_186_state688state688_189_state689state689_197_state695state695_198_state696state696_199_state697state697_204_state701
18:53:38.858 [pool-1-thread-2] INFO  com.crawljax.core.Crawler - Saving failed backtracking path to 701
18:53:38.858 [pool-1-thread-2] INFO  com.crawljax.core.Crawler - backtrack status: false, reached NearDuplicate : -1 
18:53:41.627 [pool-1-thread-2] INFO  com.crawljax.core.Crawler - index has changed to: state713
18:53:41.627 [pool-1-thread-2] INFO  com.crawljax.core.Crawler - Did not add reload edge from state713 to state713
18:53:41.627 [pool-1-thread-2] INFO  c.crawljax.core.state.StateMachine - Cannot go to state: 'state598' from: 'state713'
18:53:41.627 [pool-1-thread-2] INFO  com.crawljax.core.Crawler - Not a valid path anymore state597: state701
18:53:41.627 [pool-1-thread-2] INFO  com.crawljax.core.Crawler - Tried to follow 
18:53:41.627 [pool-1-thread-2] INFO  com.crawljax.core.Crawler - state597_0_state598state598_186_state688state688_189_state689state689_197_state695state695_198_state696state696_199_state697state697_204_state701
18:53:41.627 [pool-1-thread-2] INFO  com.crawljax.core.Crawler - Saving failed backtracking path to 701
18:53:41.627 [pool-1-thread-2] INFO  com.crawljax.core.Crawler - backtrack status: false, reached NearDuplicate : -1 
18:53:44.381 [pool-1-thread-2] INFO  com.crawljax.core.Crawler - index has changed to: state713
18:53:44.381 [pool-1-thread-2] INFO  com.crawljax.core.Crawler - Did not add reload edge from state713 to state713
18:53:44.381 [pool-1-thread-2] INFO  c.crawljax.core.state.StateMachine - Cannot go to state: 'state688' from: 'state713'
18:53:44.381 [pool-1-thread-2] INFO  com.crawljax.core.Crawler - Not a valid path anymore state598: state701
18:53:44.381 [pool-1-thread-2] INFO  com.crawljax.core.Crawler - Tried to follow 
18:53:44.381 [pool-1-thread-2] INFO  com.crawljax.core.Crawler - state598_186_state688state688_189_state689state689_197_state695state695_198_state696state696_199_state697state697_204_state701
18:53:44.381 [pool-1-thread-2] INFO  com.crawljax.core.Crawler - Saving failed backtracking path to 701
18:53:44.381 [pool-1-thread-2] INFO  com.crawljax.core.Crawler - backtrack status: false, reached NearDuplicate : -1 
18:53:47.155 [pool-1-thread-2] INFO  com.crawljax.core.Crawler - index has changed to: state713
18:53:47.156 [pool-1-thread-2] INFO  com.crawljax.core.Crawler - Did not add reload edge from state713 to state713
18:53:47.156 [pool-1-thread-2] INFO  com.crawljax.core.Crawler - state701 no path from state713
18:53:47.156 [pool-1-thread-2] INFO  com.crawljax.core.Crawler - state unreachable: Removing from candidate actions state701
18:53:47.156 [pool-1-thread-2] INFO  c.c.core.UnfiredFragmentCandidates - Placing purged actions in unreachable cache for state701
18:53:47.156 [pool-1-thread-2] INFO  com.crawljax.core.Crawler - Resetting the crawler and Going to state state707
18:53:49.921 [pool-1-thread-2] INFO  com.crawljax.core.Crawler - index has changed to: state713
18:53:49.921 [pool-1-thread-2] INFO  com.crawljax.core.Crawler - Did not add reload edge from state713 to state713
18:53:49.921 [pool-1-thread-2] INFO  com.crawljax.core.Crawler - Initial state not the same as current state : Getting shortest path from current state
18:53:49.921 [pool-1-thread-2] INFO  com.crawljax.core.Crawler - state707 no path from state713
18:53:49.921 [pool-1-thread-2] INFO  c.crawljax.core.state.StateMachine - Cannot go to state: 'state1' from: 'state713'
18:53:49.921 [pool-1-thread-2] INFO  com.crawljax.core.Crawler - Not a valid path anymore index: state707
18:53:49.921 [pool-1-thread-2] INFO  com.crawljax.core.Crawler - Tried to follow 
18:53:49.921 [pool-1-thread-2] INFO  com.crawljax.core.Crawler - index_1_state1state1_4_state3state3_145_state483state483_155_state492state492_156_state493state493_162_state498state498_0_state499state499_163_state580state580_164_state581state581_167_state583state583_170_state586state586_173_state589state589_177_state591state591_183_state595state595_184_state596state596_0_state597state597_0_state598state598_186_state688state688_189_state689state689_197_state695state695_198_state696state696_199_state697state697_204_state701state701_211_state707
18:53:49.921 [pool-1-thread-2] INFO  com.crawljax.core.Crawler - Saving failed backtracking path to 707
18:53:49.921 [pool-1-thread-2] INFO  com.crawljax.core.Crawler - backtrack status: false, reached NearDuplicate : -1 
18:53:52.696 [pool-1-thread-2] INFO  com.crawljax.core.Crawler - index has changed to: state713
18:53:52.697 [pool-1-thread-2] INFO  com.crawljax.core.Crawler - Did not add reload edge from state713 to state713
18:53:52.697 [pool-1-thread-2] INFO  c.crawljax.core.state.StateMachine - Cannot go to state: 'state13' from: 'state713'
18:53:52.697 [pool-1-thread-2] INFO  com.crawljax.core.Crawler - Not a valid path anymore state12: state707
18:53:52.697 [pool-1-thread-2] INFO  com.crawljax.core.Crawler - Tried to follow 
18:53:52.697 [pool-1-thread-2] INFO  com.crawljax.core.Crawler - state12_0_state13state13_17_state27state27_18_state28state28_19_state29state29_59_state142state142_136_state380state380_139_state381state381_140_state382state382_143_state481state481_144_state3state3_145_state483state483_155_state492state492_156_state493state493_162_state498state498_0_state499state499_163_state580state580_164_state581state581_167_state583state583_170_state586state586_173_state589state589_177_state591state591_183_state595state595_184_state596state596_0_state597state597_0_state598state598_186_state688state688_189_state689state689_197_state695state695_198_state696state696_199_state697state697_204_state701state701_211_state707
18:53:52.697 [pool-1-thread-2] INFO  com.crawljax.core.Crawler - Saving failed backtracking path to 707
18:53:52.697 [pool-1-thread-2] INFO  com.crawljax.core.Crawler - backtrack status: false, reached NearDuplicate : -1 
18:53:55.458 [pool-1-thread-2] INFO  com.crawljax.core.Crawler - index has changed to: state713
18:53:55.458 [pool-1-thread-2] INFO  com.crawljax.core.Crawler - Did not add reload edge from state713 to state713
18:53:55.458 [pool-1-thread-2] INFO  c.crawljax.core.state.StateMachine - Cannot go to state: 'state27' from: 'state713'
18:53:55.458 [pool-1-thread-2] INFO  com.crawljax.core.Crawler - Not a valid path anymore state13: state707
18:53:55.458 [pool-1-thread-2] INFO  com.crawljax.core.Crawler - Tried to follow 
18:53:55.458 [pool-1-thread-2] INFO  com.crawljax.core.Crawler - state13_17_state27state27_18_state28state28_19_state29state29_59_state142state142_136_state380state380_139_state381state381_140_state382state382_143_state481state481_144_state3state3_145_state483state483_155_state492state492_156_state493state493_162_state498state498_0_state499state499_163_state580state580_164_state581state581_167_state583state583_170_state586state586_173_state589state589_177_state591state591_183_state595state595_184_state596state596_0_state597state597_0_state598state598_186_state688state688_189_state689state689_197_state695state695_198_state696state696_199_state697state697_204_state701state701_211_state707
18:53:55.458 [pool-1-thread-2] INFO  com.crawljax.core.Crawler - Saving failed backtracking path to 707
18:53:55.458 [pool-1-thread-2] INFO  com.crawljax.core.Crawler - backtrack status: false, reached NearDuplicate : -1 
18:53:58.224 [pool-1-thread-2] INFO  com.crawljax.core.Crawler - index has changed to: state713
18:53:58.224 [pool-1-thread-2] INFO  com.crawljax.core.Crawler - Did not add reload edge from state713 to state713
18:53:58.224 [pool-1-thread-2] INFO  c.crawljax.core.state.StateMachine - Cannot go to state: 'state5' from: 'state713'
18:53:58.224 [pool-1-thread-2] INFO  com.crawljax.core.Crawler - Not a valid path anymore state43: state707
18:53:58.224 [pool-1-thread-2] INFO  com.crawljax.core.Crawler - Tried to follow 
18:53:58.224 [pool-1-thread-2] INFO  com.crawljax.core.Crawler - state43_37_state5state5_7_state4state4_23_state32state32_30_state37state37_31_state38state38_88_state234state234_85_state3state3_145_state483state483_155_state492state492_156_state493state493_162_state498state498_0_state499state499_163_state580state580_164_state581state581_167_state583state583_170_state586state586_173_state589state589_177_state591state591_183_state595state595_184_state596state596_0_state597state597_0_state598state598_186_state688state688_189_state689state689_197_state695state695_198_state696state696_199_state697state697_204_state701state701_211_state707
18:53:58.224 [pool-1-thread-2] INFO  com.crawljax.core.Crawler - Saving failed backtracking path to 707
18:53:58.224 [pool-1-thread-2] INFO  com.crawljax.core.Crawler - backtrack status: false, reached NearDuplicate : -1 
18:54:00.991 [pool-1-thread-2] INFO  com.crawljax.core.Crawler - index has changed to: state713
18:54:00.991 [pool-1-thread-2] INFO  com.crawljax.core.Crawler - Did not add reload edge from state713 to state713
18:54:00.992 [pool-1-thread-2] INFO  c.crawljax.core.state.StateMachine - Cannot go to state: 'state139' from: 'state713'
18:54:00.992 [pool-1-thread-2] INFO  com.crawljax.core.Crawler - Not a valid path anymore state94: state707
18:54:00.992 [pool-1-thread-2] INFO  com.crawljax.core.Crawler - Tried to follow 
18:54:00.992 [pool-1-thread-2] INFO  com.crawljax.core.Crawler - state94_56_state139state139_57_state140state140_58_state29state29_59_state142state142_136_state380state380_139_state381state381_140_state382state382_143_state481state481_144_state3state3_145_state483state483_155_state492state492_156_state493state493_162_state498state498_0_state499state499_163_state580state580_164_state581state581_167_state583state583_170_state586state586_173_state589state589_177_state591state591_183_state595state595_184_state596state596_0_state597state597_0_state598state598_186_state688state688_189_state689state689_197_state695state695_198_state696state696_199_state697state697_204_state701state701_211_state707
18:54:00.992 [pool-1-thread-2] INFO  com.crawljax.core.Crawler - Saving failed backtracking path to 707
18:54:00.992 [pool-1-thread-2] INFO  com.crawljax.core.Crawler - backtrack status: false, reached NearDuplicate : -1 
18:54:03.751 [pool-1-thread-2] INFO  com.crawljax.core.Crawler - index has changed to: state713
18:54:03.751 [pool-1-thread-2] INFO  com.crawljax.core.Crawler - Did not add reload edge from state713 to state713
18:54:03.752 [pool-1-thread-2] INFO  c.crawljax.core.state.StateMachine - Cannot go to state: 'state232' from: 'state713'
18:54:03.752 [pool-1-thread-2] INFO  com.crawljax.core.Crawler - Not a valid path anymore state160: state707
18:54:03.752 [pool-1-thread-2] INFO  com.crawljax.core.Crawler - Tried to follow 
18:54:03.752 [pool-1-thread-2] INFO  com.crawljax.core.Crawler - state160_81_state232state232_83_state233state233_84_state234state234_85_state3state3_145_state483state483_155_state492state492_156_state493state493_162_state498state498_0_state499state499_163_state580state580_164_state581state581_167_state583state583_170_state586state586_173_state589state589_177_state591state591_183_state595state595_184_state596state596_0_state597state597_0_state598state598_186_state688state688_189_state689state689_197_state695state695_198_state696state696_199_state697state697_204_state701state701_211_state707
18:54:03.752 [pool-1-thread-2] INFO  com.crawljax.core.Crawler - Saving failed backtracking path to 707
18:54:03.752 [pool-1-thread-2] INFO  com.crawljax.core.Crawler - backtrack status: false, reached NearDuplicate : -1 
18:54:06.504 [pool-1-thread-2] INFO  com.crawljax.core.Crawler - index has changed to: state713
18:54:06.504 [pool-1-thread-2] INFO  com.crawljax.core.Crawler - Did not add reload edge from state713 to state713
18:54:06.505 [pool-1-thread-2] INFO  c.crawljax.core.state.StateMachine - Cannot go to state: 'state232' from: 'state713'
18:54:06.505 [pool-1-thread-2] INFO  com.crawljax.core.Crawler - Not a valid path anymore state263: state707
18:54:06.505 [pool-1-thread-2] INFO  com.crawljax.core.Crawler - Tried to follow 
18:54:06.505 [pool-1-thread-2] INFO  com.crawljax.core.Crawler - state263_117_state232state232_83_state233state233_84_state234state234_85_state3state3_145_state483state483_155_state492state492_156_state493state493_162_state498state498_0_state499state499_163_state580state580_164_state581state581_167_state583state583_170_state586state586_173_state589state589_177_state591state591_183_state595state595_184_state596state596_0_state597state597_0_state598state598_186_state688state688_189_state689state689_197_state695state695_198_state696state696_199_state697state697_204_state701state701_211_state707
18:54:06.505 [pool-1-thread-2] INFO  com.crawljax.core.Crawler - Saving failed backtracking path to 707
18:54:06.505 [pool-1-thread-2] INFO  com.crawljax.core.Crawler - backtrack status: false, reached NearDuplicate : -1 
18:54:09.278 [pool-1-thread-2] INFO  com.crawljax.core.Crawler - index has changed to: state713
18:54:09.278 [pool-1-thread-2] INFO  com.crawljax.core.Crawler - Did not add reload edge from state713 to state713
18:54:09.278 [pool-1-thread-2] INFO  c.crawljax.core.state.StateMachine - Cannot go to state: 'state481' from: 'state713'
18:54:09.278 [pool-1-thread-2] INFO  com.crawljax.core.Crawler - Not a valid path anymore state382: state707
18:54:09.278 [pool-1-thread-2] INFO  com.crawljax.core.Crawler - Tried to follow 
18:54:09.278 [pool-1-thread-2] INFO  com.crawljax.core.Crawler - state382_143_state481state481_144_state3state3_145_state483state483_155_state492state492_156_state493state493_162_state498state498_0_state499state499_163_state580state580_164_state581state581_167_state583state583_170_state586state586_173_state589state589_177_state591state591_183_state595state595_184_state596state596_0_state597state597_0_state598state598_186_state688state688_189_state689state689_197_state695state695_198_state696state696_199_state697state697_204_state701state701_211_state707
18:54:09.278 [pool-1-thread-2] INFO  com.crawljax.core.Crawler - Saving failed backtracking path to 707
18:54:09.279 [pool-1-thread-2] INFO  com.crawljax.core.Crawler - backtrack status: false, reached NearDuplicate : -1 
18:54:12.030 [pool-1-thread-2] INFO  com.crawljax.core.Crawler - index has changed to: state713
18:54:12.031 [pool-1-thread-2] INFO  com.crawljax.core.Crawler - Did not add reload edge from state713 to state713
18:54:12.031 [pool-1-thread-2] INFO  c.crawljax.core.state.StateMachine - Cannot go to state: 'state580' from: 'state713'
18:54:12.031 [pool-1-thread-2] INFO  com.crawljax.core.Crawler - Not a valid path anymore state499: state707
18:54:12.031 [pool-1-thread-2] INFO  com.crawljax.core.Crawler - Tried to follow 
18:54:12.031 [pool-1-thread-2] INFO  com.crawljax.core.Crawler - state499_163_state580state580_164_state581state581_167_state583state583_170_state586state586_173_state589state589_177_state591state591_183_state595state595_184_state596state596_0_state597state597_0_state598state598_186_state688state688_189_state689state689_197_state695state695_198_state696state696_199_state697state697_204_state701state701_211_state707
18:54:12.031 [pool-1-thread-2] INFO  com.crawljax.core.Crawler - Saving failed backtracking path to 707
18:54:12.031 [pool-1-thread-2] INFO  com.crawljax.core.Crawler - backtrack status: false, reached NearDuplicate : -1 
18:54:14.803 [pool-1-thread-2] INFO  com.crawljax.core.Crawler - index has changed to: state713
18:54:14.803 [pool-1-thread-2] INFO  com.crawljax.core.Crawler - Did not add reload edge from state713 to state713
18:54:14.803 [pool-1-thread-2] INFO  c.crawljax.core.state.StateMachine - Cannot go to state: 'state598' from: 'state713'
18:54:14.803 [pool-1-thread-2] INFO  com.crawljax.core.Crawler - Not a valid path anymore state597: state707
18:54:14.803 [pool-1-thread-2] INFO  com.crawljax.core.Crawler - Tried to follow 
18:54:14.804 [pool-1-thread-2] INFO  com.crawljax.core.Crawler - state597_0_state598state598_186_state688state688_189_state689state689_197_state695state695_198_state696state696_199_state697state697_204_state701state701_211_state707
18:54:14.804 [pool-1-thread-2] INFO  com.crawljax.core.Crawler - Saving failed backtracking path to 707
18:54:14.804 [pool-1-thread-2] INFO  com.crawljax.core.Crawler - backtrack status: false, reached NearDuplicate : -1 
18:54:17.577 [pool-1-thread-2] INFO  com.crawljax.core.Crawler - index has changed to: state713
18:54:17.578 [pool-1-thread-2] INFO  com.crawljax.core.Crawler - Did not add reload edge from state713 to state713
18:54:17.578 [pool-1-thread-2] INFO  c.crawljax.core.state.StateMachine - Cannot go to state: 'state688' from: 'state713'
18:54:17.578 [pool-1-thread-2] INFO  com.crawljax.core.Crawler - Not a valid path anymore state598: state707
18:54:17.578 [pool-1-thread-2] INFO  com.crawljax.core.Crawler - Tried to follow 
18:54:17.578 [pool-1-thread-2] INFO  com.crawljax.core.Crawler - state598_186_state688state688_189_state689state689_197_state695state695_198_state696state696_199_state697state697_204_state701state701_211_state707
18:54:17.578 [pool-1-thread-2] INFO  com.crawljax.core.Crawler - Saving failed backtracking path to 707
18:54:17.578 [pool-1-thread-2] INFO  com.crawljax.core.Crawler - backtrack status: false, reached NearDuplicate : -1 
18:54:20.376 [pool-1-thread-2] INFO  com.crawljax.core.Crawler - index has changed to: state713
18:54:20.377 [pool-1-thread-2] INFO  com.crawljax.core.Crawler - Did not add reload edge from state713 to state713
18:54:20.377 [pool-1-thread-2] INFO  com.crawljax.core.Crawler - state707 no path from state713
18:54:20.377 [pool-1-thread-2] INFO  com.crawljax.core.Crawler - state unreachable: Removing from candidate actions state707
18:54:20.377 [pool-1-thread-2] INFO  c.c.core.UnfiredFragmentCandidates - Placing purged actions in unreachable cache for state707
18:54:20.377 [pool-1-thread-2] INFO  com.crawljax.core.Crawler - backtrack status: true, reached NearDuplicate : -1 
18:54:20.377 [pool-1-thread-2] INFO  com.crawljax.core.Crawler -  Event xpath /HTML[1]/BODY[1]/DIV[4]/DIV[1]/DIV[2]/UL[1]/LI[2]/DIV[1]
18:54:20.398 [pool-1-thread-2] INFO  com.crawljax.core.Crawler - Changing related inputs for 218 with 0  to 0 
18:54:20.484 [pool-1-thread-2] INFO  c.c.core.UnfiredFragmentCandidates - Changing related inputs to worked inputs 0 for 218
18:54:20.484 [pool-1-thread-2] INFO  c.c.core.UnfiredFragmentCandidates - event 218 - Before 0
18:54:20.484 [pool-1-thread-2] INFO  c.c.core.UnfiredFragmentCandidates - event 218 - After 0
18:54:20.484 [pool-1-thread-2] INFO  c.c.core.UnfiredFragmentCandidates - input for 218, 0
18:54:20.530 [pool-1-thread-2] INFO  com.crawljax.core.Crawler -  Event xpath /HTML[1]/BODY[1]/DIV[4]/DIV[2]/DIV[1]/DIV[2]/UL[1]/LI[2]
18:54:20.549 [pool-1-thread-2] INFO  com.crawljax.core.Crawler - Changing related inputs for 219 with 0  to 0 
18:54:20.632 [pool-1-thread-2] INFO  c.c.core.UnfiredFragmentCandidates - Changing related inputs to worked inputs 0 for 219
18:54:20.632 [pool-1-thread-2] INFO  c.c.core.UnfiredFragmentCandidates - event 219 - Before 0
18:54:20.632 [pool-1-thread-2] INFO  c.c.core.UnfiredFragmentCandidates - event 219 - After 0
18:54:20.632 [pool-1-thread-2] INFO  c.c.core.UnfiredFragmentCandidates - input for 219, 0
18:54:23.760 [pool-1-thread-2] INFO  c.c.c.state.InMemoryStateFlowGraph - Number of states in the graph is now 82
18:54:23.761 [pool-1-thread-2] INFO  c.crawljax.core.state.StateMachine - State state809 added to the StateMachine.
18:54:23.885 [pool-1-thread-2] INFO  com.crawljax.core.Crawler - New DOM is a new state! crawl depth is now 1
18:54:23.885 [pool-1-thread-2] INFO  com.crawljax.core.Crawler - Parsing DOM of state state809 for candidate elements
18:54:23.894 [pool-1-thread-2] INFO  c.c.core.UnfiredFragmentCandidates - There are 1 states with unfired actions: [809]
18:54:23.902 [pool-1-thread-2] INFO  com.crawljax.core.Crawler -  Event xpath /HTML[1]/BODY[1]/DIV[4]/DIV[1]/DIV[2]/UL[2]/LI[3]
18:54:23.922 [pool-1-thread-2] INFO  com.crawljax.core.Crawler - Changing related inputs for 220 with 0  to 0 
18:54:24.001 [pool-1-thread-2] INFO  c.c.core.UnfiredFragmentCandidates - Changing related inputs to worked inputs 0 for 220
18:54:24.001 [pool-1-thread-2] INFO  c.c.core.UnfiredFragmentCandidates - event 220 - Before 0
18:54:24.001 [pool-1-thread-2] INFO  c.c.core.UnfiredFragmentCandidates - event 220 - After 0
18:54:24.001 [pool-1-thread-2] INFO  c.c.core.UnfiredFragmentCandidates - input for 220, 0
18:54:24.046 [pool-1-thread-2] INFO  com.crawljax.core.Crawler -  Event xpath /HTML[1]/BODY[1]/DIV[4]/DIV[1]/DIV[1]/DIV[1]/A[1]
18:54:24.066 [pool-1-thread-2] INFO  com.crawljax.core.Crawler - Changing related inputs for 221 with 0  to 0 
18:54:24.141 [pool-1-thread-2] INFO  c.c.core.UnfiredFragmentCandidates - Changing related inputs to worked inputs 0 for 221
18:54:24.141 [pool-1-thread-2] INFO  c.c.core.UnfiredFragmentCandidates - event 221 - Before 0
18:54:24.141 [pool-1-thread-2] INFO  c.c.core.UnfiredFragmentCandidates - event 221 - After 0
18:54:24.141 [pool-1-thread-2] INFO  c.c.core.UnfiredFragmentCandidates - input for 221, 0
18:54:27.770 [pool-1-thread-2] INFO  c.c.c.state.InMemoryStateFlowGraph - Number of states in the graph is now 83
18:54:27.770 [pool-1-thread-2] INFO  c.crawljax.core.state.StateMachine - State state810 added to the StateMachine.
18:54:27.909 [pool-1-thread-2] INFO  com.crawljax.core.Crawler - New DOM is a new state! crawl depth is now 2
18:54:27.909 [pool-1-thread-2] INFO  com.crawljax.core.Crawler - Parsing DOM of state state810 for candidate elements
18:54:27.917 [pool-1-thread-2] INFO  c.c.core.UnfiredFragmentCandidates - There are 2 states with unfired actions: [809, 810]
18:54:27.925 [pool-1-thread-2] INFO  com.crawljax.core.Crawler -  Event xpath /HTML[1]/BODY[1]/DIV[4]/DIV[2]/DIV[1]/DIV[2]/UL[1]/LI[2]
18:54:27.945 [pool-1-thread-2] INFO  com.crawljax.core.Crawler - Changing related inputs for 222 with 0  to 0 
18:54:28.025 [pool-1-thread-2] INFO  c.c.core.UnfiredFragmentCandidates - Changing related inputs to worked inputs 0 for 222
18:54:28.025 [pool-1-thread-2] INFO  c.c.core.UnfiredFragmentCandidates - event 222 - Before 0
18:54:28.025 [pool-1-thread-2] INFO  c.c.core.UnfiredFragmentCandidates - event 222 - After 0
18:54:28.025 [pool-1-thread-2] INFO  c.c.core.UnfiredFragmentCandidates - input for 222, 0
18:54:31.153 [pool-1-thread-2] INFO  c.c.c.state.InMemoryStateFlowGraph - Number of states in the graph is now 84
18:54:31.153 [pool-1-thread-2] INFO  c.crawljax.core.state.StateMachine - State state811 added to the StateMachine.
18:54:31.283 [pool-1-thread-2] INFO  com.crawljax.core.Crawler - New DOM is a new state! crawl depth is now 3
18:54:31.283 [pool-1-thread-2] INFO  com.crawljax.core.Crawler - Parsing DOM of state state811 for candidate elements
18:54:31.292 [pool-1-thread-2] INFO  c.c.core.UnfiredFragmentCandidates - There are 3 states with unfired actions: [809, 810, 811]
18:54:31.300 [pool-1-thread-2] INFO  com.crawljax.core.Crawler -  Event xpath /HTML[1]/BODY[1]/DIV[4]/DIV[1]/DIV[1]/DIV[2]/DIV[1]/UL[1]/LI[4]/A[1]
18:54:31.319 [pool-1-thread-2] INFO  com.crawljax.core.Crawler - Changing related inputs for 223 with 0  to 0 
18:54:31.394 [pool-1-thread-2] INFO  c.c.core.UnfiredFragmentCandidates - Changing related inputs to worked inputs 0 for 223
18:54:31.394 [pool-1-thread-2] INFO  c.c.core.UnfiredFragmentCandidates - event 223 - Before 0
18:54:31.394 [pool-1-thread-2] INFO  c.c.core.UnfiredFragmentCandidates - event 223 - After 0
18:54:31.394 [pool-1-thread-2] INFO  c.c.core.UnfiredFragmentCandidates - input for 223, 0
18:54:34.924 [pool-1-thread-2] INFO  c.c.c.state.InMemoryStateFlowGraph - Number of states in the graph is now 85
18:54:34.924 [pool-1-thread-2] INFO  c.crawljax.core.state.StateMachine - State state812 added to the StateMachine.
18:54:35.029 [pool-1-thread-2] INFO  com.crawljax.core.Crawler - New DOM is a new state! crawl depth is now 4
18:54:35.029 [pool-1-thread-2] INFO  com.crawljax.core.Crawler - Parsing DOM of state state812 for candidate elements
18:54:35.032 [pool-1-thread-2] INFO  c.c.core.UnfiredFragmentCandidates - There are 4 states with unfired actions: [809, 810, 811, 812]
18:54:35.040 [pool-1-thread-2] INFO  com.crawljax.core.Crawler -  Event xpath /HTML[1]/BODY[1]/DIV[4]/DIV[2]/DIV[1]/DIV[1]/UL[1]/LI[4]/A[1]
18:54:35.052 [pool-1-thread-2] INFO  com.crawljax.core.Crawler - Changing related inputs for 224 with 0  to 0 
18:54:35.120 [pool-1-thread-2] INFO  c.c.core.UnfiredFragmentCandidates - Changing related inputs to worked inputs 0 for 224
18:54:35.120 [pool-1-thread-2] INFO  c.c.core.UnfiredFragmentCandidates - event 224 - Before 0
18:54:35.120 [pool-1-thread-2] INFO  c.c.core.UnfiredFragmentCandidates - event 224 - After 0
18:54:35.120 [pool-1-thread-2] INFO  c.c.core.UnfiredFragmentCandidates - input for 224, 0
18:54:38.749 [pool-1-thread-2] INFO  c.c.c.state.InMemoryStateFlowGraph - Number of states in the graph is now 86
18:54:38.750 [pool-1-thread-2] INFO  c.crawljax.core.state.StateMachine - State state813 added to the StateMachine.
18:54:38.872 [pool-1-thread-2] INFO  com.crawljax.core.Crawler - New DOM is a new state! crawl depth is now 5
18:54:38.872 [pool-1-thread-2] INFO  com.crawljax.core.Crawler - Parsing DOM of state state813 for candidate elements
18:54:38.876 [pool-1-thread-2] INFO  c.c.core.UnfiredFragmentCandidates - There are 5 states with unfired actions: [809, 810, 811, 812, 813]
18:54:38.884 [pool-1-thread-2] INFO  com.crawljax.core.Crawler -  Event xpath /HTML[1]/BODY[1]/DIV[4]/DIV[1]/DIV[2]/UL[2]/LI[2]/UL[1]/LI[3]
18:54:38.899 [pool-1-thread-2] INFO  com.crawljax.core.Crawler - Changing related inputs for 225 with 0  to 0 
18:54:38.967 [pool-1-thread-2] INFO  c.c.core.UnfiredFragmentCandidates - Changing related inputs to worked inputs 0 for 225
18:54:38.967 [pool-1-thread-2] INFO  c.c.core.UnfiredFragmentCandidates - event 225 - Before 0
18:54:38.967 [pool-1-thread-2] INFO  c.c.core.UnfiredFragmentCandidates - event 225 - After 0
18:54:38.967 [pool-1-thread-2] INFO  c.c.core.UnfiredFragmentCandidates - input for 225, 0
18:54:39.009 [pool-1-thread-2] INFO  com.crawljax.core.Crawler -  Event xpath /HTML[1]/BODY[1]/DIV[4]/DIV[1]/DIV[4]/DIV[2]/DIV[3]/DIV[2]/DIV[1]/UL[1]/LI[1]/LABEL[1]
18:54:39.024 [pool-1-thread-2] INFO  com.crawljax.core.Crawler - Changing related inputs for 226 with 0  to 0 
18:54:39.100 [pool-1-thread-2] INFO  c.c.core.UnfiredFragmentCandidates - Changing related inputs to worked inputs 0 for 226
18:54:39.100 [pool-1-thread-2] INFO  c.c.core.UnfiredFragmentCandidates - event 226 - Before 0
18:54:39.100 [pool-1-thread-2] INFO  c.c.core.UnfiredFragmentCandidates - event 226 - After 0
18:54:39.100 [pool-1-thread-2] INFO  c.c.core.UnfiredFragmentCandidates - input for 226, 0
18:54:42.218 [pool-1-thread-2] INFO  com.crawljax.core.Crawler -  Event xpath /HTML[1]/BODY[1]/DIV[4]/DIV[1]/DIV[4]/DIV[1]/DIV[1]/DIV[2]/UL[1]/LI[7]/A[1]
18:54:42.232 [pool-1-thread-2] INFO  com.crawljax.core.Crawler - Changing related inputs for 227 with 0  to 0 
18:54:42.303 [pool-1-thread-2] INFO  c.c.core.UnfiredFragmentCandidates - Changing related inputs to worked inputs 0 for 227
18:54:42.303 [pool-1-thread-2] INFO  c.c.core.UnfiredFragmentCandidates - event 227 - Before 0
18:54:42.303 [pool-1-thread-2] INFO  c.c.core.UnfiredFragmentCandidates - event 227 - After 0
18:54:42.303 [pool-1-thread-2] INFO  c.c.core.UnfiredFragmentCandidates - input for 227, 0
18:54:46.423 [pool-1-thread-2] INFO  c.c.c.state.InMemoryStateFlowGraph - Number of states in the graph is now 87
18:54:46.423 [pool-1-thread-2] INFO  c.crawljax.core.state.StateMachine - State state815 added to the StateMachine.
18:54:46.534 [pool-1-thread-2] INFO  com.crawljax.core.Crawler - New DOM is a new state! crawl depth is now 6
18:54:46.534 [pool-1-thread-2] INFO  com.crawljax.core.Crawler - Parsing DOM of state state815 for candidate elements
18:54:46.540 [pool-1-thread-2] INFO  c.c.core.UnfiredFragmentCandidates - There are 6 states with unfired actions: [809, 810, 811, 812, 813, 815]
18:54:46.548 [pool-1-thread-2] INFO  com.crawljax.core.Crawler -  Event xpath /HTML[1]/BODY[1]/DIV[4]/DIV[1]/DIV[2]/UL[1]/LI[6]/DIV[1]
18:54:46.563 [pool-1-thread-2] INFO  com.crawljax.core.Crawler - Changing related inputs for 228 with 0  to 0 
18:54:46.638 [pool-1-thread-2] INFO  c.c.core.UnfiredFragmentCandidates - Changing related inputs to worked inputs 0 for 228
18:54:46.638 [pool-1-thread-2] INFO  c.c.core.UnfiredFragmentCandidates - event 228 - Before 0
18:54:46.638 [pool-1-thread-2] INFO  c.c.core.UnfiredFragmentCandidates - event 228 - After 0
18:54:46.638 [pool-1-thread-2] INFO  c.c.core.UnfiredFragmentCandidates - input for 228, 0
18:54:46.688 [pool-1-thread-2] INFO  com.crawljax.core.Crawler -  Event xpath /HTML[1]/BODY[1]/DIV[4]/DIV[2]/DIV[1]/DIV[1]/UL[1]/LI[4]/A[1]
18:54:46.704 [pool-1-thread-2] INFO  com.crawljax.core.Crawler - Changing related inputs for 229 with 0  to 0 
18:54:46.768 [pool-1-thread-2] INFO  c.c.core.UnfiredFragmentCandidates - Changing related inputs to worked inputs 0 for 229
18:54:46.768 [pool-1-thread-2] INFO  c.c.core.UnfiredFragmentCandidates - event 229 - Before 0
18:54:46.768 [pool-1-thread-2] INFO  c.c.core.UnfiredFragmentCandidates - event 229 - After 0
18:54:46.768 [pool-1-thread-2] INFO  c.c.core.UnfiredFragmentCandidates - input for 229, 0
18:54:50.363 [pool-1-thread-2] INFO  c.crawljax.core.state.StateMachine - CLONE State detected: state816 and state813 are the same.
18:54:50.374 [pool-1-thread-2] INFO  com.crawljax.core.Crawler -  Event xpath /HTML[1]/BODY[1]/DIV[4]/DIV[2]/DIV[1]/DIV[1]/UL[1]/LI[4]
18:54:50.390 [pool-1-thread-2] INFO  com.crawljax.core.Crawler - Changing related inputs for 230 with 0  to 0 
18:54:50.461 [pool-1-thread-2] INFO  c.c.core.UnfiredFragmentCandidates - Changing related inputs to worked inputs 0 for 230
18:54:50.461 [pool-1-thread-2] INFO  c.c.core.UnfiredFragmentCandidates - event 230 - Before 0
18:54:50.461 [pool-1-thread-2] INFO  c.c.core.UnfiredFragmentCandidates - event 230 - After 0
18:54:50.461 [pool-1-thread-2] INFO  c.c.core.UnfiredFragmentCandidates - input for 230, 0
18:54:53.581 [pool-1-thread-2] INFO  com.crawljax.core.Crawler -  Event xpath /HTML[1]/BODY[1]/DIV[4]/DIV[1]/DIV[4]/DIV[1]/DIV[3]/DIV[2]/DIV[1]/UL[1]/LI[11]
18:54:53.604 [pool-1-thread-2] INFO  com.crawljax.core.Crawler - Changing related inputs for 231 with 0  to 0 
18:54:53.701 [pool-1-thread-2] INFO  c.c.core.UnfiredFragmentCandidates - Changing related inputs to worked inputs 0 for 231
18:54:53.701 [pool-1-thread-2] INFO  c.c.core.UnfiredFragmentCandidates - event 231 - Before 0
18:54:53.701 [pool-1-thread-2] INFO  c.c.core.UnfiredFragmentCandidates - event 231 - After 0
18:54:53.701 [pool-1-thread-2] INFO  c.c.core.UnfiredFragmentCandidates - input for 231, 0
18:54:57.312 [pool-1-thread-2] INFO  c.c.c.state.InMemoryStateFlowGraph - Number of states in the graph is now 88
18:54:57.312 [pool-1-thread-2] INFO  c.crawljax.core.state.StateMachine - State state818 added to the StateMachine.
18:54:57.441 [pool-1-thread-2] INFO  com.crawljax.core.Crawler - New DOM is a new state! crawl depth is now 7
18:54:57.441 [pool-1-thread-2] INFO  com.crawljax.core.Crawler - Parsing DOM of state state818 for candidate elements
18:54:57.446 [pool-1-thread-2] INFO  c.c.core.UnfiredFragmentCandidates - There are 7 states with unfired actions: [809, 810, 811, 812, 813, 815, 818]
18:54:57.454 [pool-1-thread-2] INFO  com.crawljax.core.Crawler -  Event xpath /HTML[1]/BODY[1]/DIV[4]/DIV[1]/DIV[4]/DIV[2]/DIV[1]/DIV[2]/DIV[2]/DIV[1]/DIV[1]/DIV[2]/DIV[3]/DIV[2]
18:54:57.468 [pool-1-thread-2] INFO  com.crawljax.core.Crawler - Changing related inputs for 232 with 0  to 0 
18:54:57.542 [pool-1-thread-2] INFO  c.c.core.UnfiredFragmentCandidates - Changing related inputs to worked inputs 0 for 232
18:54:57.542 [pool-1-thread-2] INFO  c.c.core.UnfiredFragmentCandidates - event 232 - Before 0
18:54:57.542 [pool-1-thread-2] INFO  c.c.core.UnfiredFragmentCandidates - event 232 - After 0
18:54:57.542 [pool-1-thread-2] INFO  c.c.core.UnfiredFragmentCandidates - input for 232, 0
18:55:00.661 [pool-1-thread-2] INFO  com.crawljax.core.Crawler -  Event xpath /HTML[1]/BODY[1]/DIV[4]/DIV[1]/DIV[2]/UL[2]/LI[2]/UL[1]/LI[2]/A[1]
18:55:00.674 [pool-1-thread-2] INFO  com.crawljax.core.Crawler - Changing related inputs for 233 with 0  to 0 
18:55:00.747 [pool-1-thread-2] INFO  c.c.core.UnfiredFragmentCandidates - Changing related inputs to worked inputs 0 for 233
18:55:00.747 [pool-1-thread-2] INFO  c.c.core.UnfiredFragmentCandidates - event 233 - Before 0
18:55:00.747 [pool-1-thread-2] INFO  c.c.core.UnfiredFragmentCandidates - event 233 - After 0
18:55:00.747 [pool-1-thread-2] INFO  c.c.core.UnfiredFragmentCandidates - input for 233, 0
18:55:00.787 [pool-1-thread-2] INFO  com.crawljax.core.Crawler - Found an invisible link with href=/notebooks
18:55:03.603 [pool-1-thread-2] INFO  c.c.c.state.InMemoryStateFlowGraph - Number of states in the graph is now 89
18:55:03.603 [pool-1-thread-2] INFO  c.crawljax.core.state.StateMachine - State state820 added to the StateMachine.
18:55:03.713 [pool-1-thread-2] INFO  com.crawljax.core.Crawler - New DOM is a new state! crawl depth is now 8
18:55:03.721 [pool-1-thread-2] INFO  com.crawljax.core.Crawler - Resetting the crawler and Going to state state713
18:55:03.732 [pool-1-thread-2] INFO  com.crawljax.core.CrawlSession - Adding CrawlPath to session !!
18:55:03.733 [pool-1-thread-2] INFO  com.crawljax.core.Crawler - BT-state707:-1state713_219_state809state809_221_state810state810_222_state811state811_223_state812state812_224_state813state813_227_state815state815_229_state813state813_231_state818state818_233_state820
18:55:06.510 [pool-1-thread-2] INFO  com.crawljax.core.Crawler - index has changed to: state713
18:55:06.511 [pool-1-thread-2] INFO  com.crawljax.core.Crawler - Added a reload edge from state820 to state713
18:55:06.511 [pool-1-thread-2] INFO  com.crawljax.core.Crawler - Initial state not the same as current state : Getting shortest path from current state
18:55:06.511 [pool-1-thread-2] INFO  com.crawljax.core.Crawler - backtrack status: true, reached NearDuplicate : -1 
18:55:06.511 [pool-1-thread-2] INFO  com.crawljax.core.Crawler -  Event xpath /HTML[1]/BODY[1]/DIV[4]/DIV[1]/DIV[2]/DIV[1]/A[1]/SPAN[1]
18:55:06.527 [pool-1-thread-2] INFO  com.crawljax.core.Crawler - Changing related inputs for 234 with 0  to 0 
18:55:06.598 [pool-1-thread-2] INFO  c.c.core.UnfiredFragmentCandidates - Changing related inputs to worked inputs 0 for 234
18:55:06.598 [pool-1-thread-2] INFO  c.c.core.UnfiredFragmentCandidates - event 234 - Before 0
18:55:06.598 [pool-1-thread-2] INFO  c.c.core.UnfiredFragmentCandidates - event 234 - After 0
18:55:06.598 [pool-1-thread-2] INFO  c.c.core.UnfiredFragmentCandidates - input for 234, 0
18:55:06.639 [pool-1-thread-2] INFO  com.crawljax.core.Crawler -  Event xpath /HTML[1]/BODY[1]/DIV[4]/DIV[1]/DIV[4]/DIV[3]/DIV[1]/DIV[1]/DIV[1]/DIV[2]/A[1]
18:55:06.656 [pool-1-thread-2] INFO  com.crawljax.core.Crawler - Changing related inputs for 235 with 0  to 0 
18:55:06.733 [pool-1-thread-2] INFO  c.c.core.UnfiredFragmentCandidates - Changing related inputs to worked inputs 0 for 235
18:55:06.733 [pool-1-thread-2] INFO  c.c.core.UnfiredFragmentCandidates - event 235 - Before 0
18:55:06.733 [pool-1-thread-2] INFO  c.c.core.UnfiredFragmentCandidates - event 235 - After 0
18:55:06.733 [pool-1-thread-2] INFO  c.c.core.UnfiredFragmentCandidates - input for 235, 0
18:55:09.855 [pool-1-thread-2] INFO  c.c.c.state.InMemoryStateFlowGraph - Number of states in the graph is now 90
18:55:09.855 [pool-1-thread-2] INFO  c.crawljax.core.state.StateMachine - State state822 added to the StateMachine.
18:55:10.000 [pool-1-thread-2] INFO  com.crawljax.core.Crawler - New DOM is a new state! crawl depth is now 1
18:55:10.000 [pool-1-thread-2] INFO  com.crawljax.core.Crawler - Parsing DOM of state state822 for candidate elements
18:55:10.007 [pool-1-thread-2] INFO  c.c.core.UnfiredFragmentCandidates - There are 8 states with unfired actions: [809, 810, 811, 812, 813, 815, 818, 822]
18:55:10.015 [pool-1-thread-2] INFO  com.crawljax.core.Crawler -  Event xpath /HTML[1]/BODY[1]/DIV[4]/DIV[1]/DIV[4]/DIV[3]/DIV[1]/DIV[1]/DIV[3]/DIV[2]/DIV[1]/DIV[2]/DIV[1]
18:55:10.033 [pool-1-thread-2] INFO  com.crawljax.core.Crawler - Changing related inputs for 236 with 0  to 0 
18:55:10.115 [pool-1-thread-2] INFO  c.c.core.UnfiredFragmentCandidates - Changing related inputs to worked inputs 0 for 236
18:55:10.115 [pool-1-thread-2] INFO  c.c.core.UnfiredFragmentCandidates - event 236 - Before 0
18:55:10.115 [pool-1-thread-2] INFO  c.c.core.UnfiredFragmentCandidates - event 236 - After 0
18:55:10.115 [pool-1-thread-2] INFO  c.c.core.UnfiredFragmentCandidates - input for 236, 0
18:55:13.237 [pool-1-thread-2] INFO  c.c.c.state.InMemoryStateFlowGraph - Number of states in the graph is now 91
18:55:13.237 [pool-1-thread-2] INFO  c.crawljax.core.state.StateMachine - State state823 added to the StateMachine.
18:55:13.405 [pool-1-thread-2] INFO  com.crawljax.core.Crawler - New DOM is a new state! crawl depth is now 2
18:55:13.405 [pool-1-thread-2] INFO  com.crawljax.core.Crawler - Parsing DOM of state state823 for candidate elements
18:55:13.412 [pool-1-thread-2] INFO  c.c.core.UnfiredFragmentCandidates - There are 9 states with unfired actions: [809, 810, 811, 812, 813, 815, 818, 822, 823]
18:55:13.421 [pool-1-thread-2] INFO  com.crawljax.core.Crawler -  Event xpath /HTML[1]/BODY[1]/DIV[4]/DIV[1]/DIV[4]/DIV[2]/DIV[2]/DIV[2]/UL[1]/LI[4]/A[1]
18:55:13.441 [pool-1-thread-2] INFO  com.crawljax.core.Crawler - Changing related inputs for 237 with 0  to 0 
18:55:13.524 [pool-1-thread-2] INFO  c.c.core.UnfiredFragmentCandidates - Changing related inputs to worked inputs 0 for 237
18:55:13.524 [pool-1-thread-2] INFO  c.c.core.UnfiredFragmentCandidates - event 237 - Before 0
18:55:13.524 [pool-1-thread-2] INFO  c.c.core.UnfiredFragmentCandidates - event 237 - After 0
18:55:13.524 [pool-1-thread-2] INFO  c.c.core.UnfiredFragmentCandidates - input for 237, 0
18:55:17.798 [pool-1-thread-2] INFO  c.crawljax.core.state.StateMachine - CLONE State detected: state824 and state689 are the same.
18:55:17.798 [pool-1-thread-2] INFO  c.c.core.UnfiredFragmentCandidates - Placing state689 back in queue as it is rediscovered
18:55:17.798 [pool-1-thread-2] INFO  c.c.core.UnfiredFragmentCandidates - There are 10 states with unfired actions: [809, 810, 811, 812, 813, 815, 818, 822, 823, 689]
18:55:17.798 [pool-1-thread-2] INFO  c.c.core.UnfiredFragmentCandidates - Rediscovered state689 has unexplored actions
18:55:17.808 [pool-1-thread-2] INFO  com.crawljax.core.Crawler -  Event xpath /HTML[1]/BODY[1]/DIV[4]/DIV[1]/DIV[2]/UL[1]/LI[3]/UL[1]/LI[1]
18:55:17.829 [pool-1-thread-2] INFO  com.crawljax.core.Crawler - Changing related inputs for 238 with 0  to 0 
18:55:17.910 [pool-1-thread-2] INFO  c.c.core.UnfiredFragmentCandidates - Changing related inputs to worked inputs 0 for 238
18:55:17.911 [pool-1-thread-2] INFO  c.c.core.UnfiredFragmentCandidates - event 238 - Before 0
18:55:17.911 [pool-1-thread-2] INFO  c.c.core.UnfiredFragmentCandidates - event 238 - After 0
18:55:17.911 [pool-1-thread-2] INFO  c.c.core.UnfiredFragmentCandidates - input for 238, 0
18:55:17.967 [pool-1-thread-2] INFO  com.crawljax.core.Crawler -  Event xpath /HTML[1]/BODY[1]/DIV[4]/DIV[1]/DIV[4]/DIV[1]/DIV[2]/DIV[1]
18:55:17.986 [pool-1-thread-2] INFO  com.crawljax.core.Crawler - Changing related inputs for 239 with 0  to 0 
18:55:18.064 [pool-1-thread-2] INFO  c.c.core.UnfiredFragmentCandidates - Changing related inputs to worked inputs 0 for 239
18:55:18.064 [pool-1-thread-2] INFO  c.c.core.UnfiredFragmentCandidates - event 239 - Before 0
18:55:18.064 [pool-1-thread-2] INFO  c.c.core.UnfiredFragmentCandidates - event 239 - After 0
18:55:18.064 [pool-1-thread-2] INFO  c.c.core.UnfiredFragmentCandidates - input for 239, 0
18:55:21.195 [pool-1-thread-2] INFO  com.crawljax.core.Crawler -  Event xpath /HTML[1]/BODY[1]/DIV[4]/DIV[1]/DIV[4]/DIV[2]/DIV[2]/DIV[1]/FORM[1]/DIV[1]/DIV[1]/DIV[2]/DIV[5]
18:55:21.215 [pool-1-thread-2] INFO  com.crawljax.core.Crawler - Changing related inputs for 240 with 0  to 0 
18:55:21.288 [pool-1-thread-2] INFO  c.c.core.UnfiredFragmentCandidates - Changing related inputs to worked inputs 0 for 240
18:55:21.288 [pool-1-thread-2] INFO  c.c.core.UnfiredFragmentCandidates - event 240 - Before 0
18:55:21.288 [pool-1-thread-2] INFO  c.c.core.UnfiredFragmentCandidates - event 240 - After 0
18:55:21.288 [pool-1-thread-2] INFO  c.c.core.UnfiredFragmentCandidates - input for 240, 0
18:55:24.420 [pool-1-thread-2] INFO  com.crawljax.core.Crawler -  Event xpath /HTML[1]/BODY[1]/DIV[4]/DIV[1]/DIV[2]/UL[2]/LI[7]/A[1]
18:55:24.439 [pool-1-thread-2] INFO  com.crawljax.core.Crawler - Changing related inputs for 241 with 0  to 0 
18:55:24.524 [pool-1-thread-2] INFO  c.c.core.UnfiredFragmentCandidates - Changing related inputs to worked inputs 0 for 241
18:55:24.524 [pool-1-thread-2] INFO  c.c.core.UnfiredFragmentCandidates - event 241 - Before 0
18:55:24.524 [pool-1-thread-2] INFO  c.c.core.UnfiredFragmentCandidates - event 241 - After 0
18:55:24.524 [pool-1-thread-2] INFO  c.c.core.UnfiredFragmentCandidates - input for 241, 0
18:55:24.562 [pool-1-thread-2] INFO  com.crawljax.core.Crawler - Found an invisible link with href=/gift-cards
18:55:27.393 [pool-1-thread-2] INFO  c.crawljax.core.state.StateMachine - CLONE State detected: state827 and state815 are the same.
18:55:27.401 [pool-1-thread-2] INFO  com.crawljax.core.Crawler -  Event xpath /HTML[1]/BODY[1]/DIV[4]/DIV[1]/DIV[4]/DIV[1]
18:55:27.419 [pool-1-thread-2] INFO  com.crawljax.core.Crawler - Changing related inputs for 242 with 0  to 0 
18:55:27.494 [pool-1-thread-2] INFO  c.c.core.UnfiredFragmentCandidates - Changing related inputs to worked inputs 0 for 242
18:55:27.494 [pool-1-thread-2] INFO  c.c.core.UnfiredFragmentCandidates - event 242 - Before 0
18:55:27.494 [pool-1-thread-2] INFO  c.c.core.UnfiredFragmentCandidates - event 242 - After 0
18:55:27.494 [pool-1-thread-2] INFO  c.c.core.UnfiredFragmentCandidates - input for 242, 0
18:55:30.612 [pool-1-thread-2] INFO  com.crawljax.core.Crawler -  Event xpath /HTML[1]/BODY[1]/DIV[4]/DIV[1]/DIV[1]/DIV[1]
18:55:30.626 [pool-1-thread-2] INFO  com.crawljax.core.Crawler - Changing related inputs for 243 with 0  to 0 
18:55:30.701 [pool-1-thread-2] INFO  c.c.core.UnfiredFragmentCandidates - Changing related inputs to worked inputs 0 for 243
18:55:30.701 [pool-1-thread-2] INFO  c.c.core.UnfiredFragmentCandidates - event 243 - Before 0
18:55:30.701 [pool-1-thread-2] INFO  c.c.core.UnfiredFragmentCandidates - event 243 - After 0
18:55:30.701 [pool-1-thread-2] INFO  c.c.core.UnfiredFragmentCandidates - input for 243, 0
18:55:34.369 [pool-1-thread-2] INFO  c.c.c.state.InMemoryStateFlowGraph - Number of states in the graph is now 92
18:55:34.370 [pool-1-thread-2] INFO  c.crawljax.core.state.StateMachine - State state829 added to the StateMachine.
18:55:34.514 [pool-1-thread-2] INFO  com.crawljax.core.Crawler - New DOM is a new state! crawl depth is now 3
18:55:34.514 [pool-1-thread-2] INFO  com.crawljax.core.Crawler - Parsing DOM of state state829 for candidate elements
18:55:34.522 [pool-1-thread-2] INFO  c.c.core.UnfiredFragmentCandidates - There are 11 states with unfired actions: [809, 810, 811, 812, 813, 815, 818, 822, 823, 689, 829]
18:55:34.530 [pool-1-thread-2] INFO  com.crawljax.core.Crawler -  Event xpath /HTML[1]/BODY[1]/DIV[4]/DIV[1]/DIV[4]/DIV[3]/DIV[1]/DIV[1]/DIV[3]/DIV[3]/DIV[1]/DIV[2]/DIV[1]
18:55:34.547 [pool-1-thread-2] INFO  com.crawljax.core.Crawler - Changing related inputs for 244 with 0  to 0 
18:55:34.625 [pool-1-thread-2] INFO  c.c.core.UnfiredFragmentCandidates - Changing related inputs to worked inputs 0 for 244
18:55:34.625 [pool-1-thread-2] INFO  c.c.core.UnfiredFragmentCandidates - event 244 - Before 0
18:55:34.625 [pool-1-thread-2] INFO  c.c.core.UnfiredFragmentCandidates - event 244 - After 0
18:55:34.625 [pool-1-thread-2] INFO  c.c.core.UnfiredFragmentCandidates - input for 244, 0
18:55:37.755 [pool-1-thread-2] INFO  c.c.c.state.InMemoryStateFlowGraph - Number of states in the graph is now 93
18:55:37.756 [pool-1-thread-2] INFO  c.crawljax.core.state.StateMachine - State state830 added to the StateMachine.
18:55:37.917 [pool-1-thread-2] INFO  com.crawljax.core.Crawler - New DOM is a new state! crawl depth is now 4
18:55:37.917 [pool-1-thread-2] INFO  com.crawljax.core.Crawler - Parsing DOM of state state830 for candidate elements
18:55:37.925 [pool-1-thread-2] INFO  c.c.core.UnfiredFragmentCandidates - There are 12 states with unfired actions: [809, 810, 811, 812, 813, 815, 818, 822, 823, 689, 829, 830]
18:55:37.933 [pool-1-thread-2] INFO  com.crawljax.core.Crawler -  Event xpath /HTML[1]/BODY[1]/DIV[4]/DIV[1]/DIV[4]/DIV[2]/DIV[1]/DIV[2]/DIV[1]/DIV[2]/INPUT[1]
18:55:37.951 [pool-1-thread-2] INFO  com.crawljax.core.Crawler - Changing related inputs for 245 with 0  to 0 
18:55:38.042 [pool-1-thread-2] INFO  c.c.core.UnfiredFragmentCandidates - Changing related inputs to worked inputs 0 for 245
18:55:38.042 [pool-1-thread-2] INFO  c.c.core.UnfiredFragmentCandidates - event 245 - Before 0
18:55:38.042 [pool-1-thread-2] INFO  c.c.core.UnfiredFragmentCandidates - event 245 - After 0
18:55:38.042 [pool-1-thread-2] INFO  c.c.core.UnfiredFragmentCandidates - input for 245, 0
18:55:41.179 [pool-1-thread-2] INFO  c.c.c.state.InMemoryStateFlowGraph - Number of states in the graph is now 94
18:55:41.179 [pool-1-thread-2] INFO  c.crawljax.core.state.StateMachine - State state831 added to the StateMachine.
18:55:41.339 [pool-1-thread-2] INFO  com.crawljax.core.Crawler - New DOM is a new state! crawl depth is now 5
18:55:41.339 [pool-1-thread-2] INFO  com.crawljax.core.Crawler - Parsing DOM of state state831 for candidate elements
18:55:41.348 [pool-1-thread-2] INFO  c.c.core.UnfiredFragmentCandidates - There are 13 states with unfired actions: [809, 810, 811, 812, 813, 815, 818, 822, 823, 689, 829, 830, 831]
18:55:41.357 [pool-1-thread-2] INFO  com.crawljax.core.Crawler -  Event xpath /HTML[1]/BODY[1]/DIV[4]/DIV[1]/DIV[4]/DIV[1]/DIV[2]/DIV[2]/UL[1]/LI[1]/A[1]
18:55:41.378 [pool-1-thread-2] INFO  com.crawljax.core.Crawler - Changing related inputs for 246 with 0  to 0 
18:55:41.465 [pool-1-thread-2] INFO  c.c.core.UnfiredFragmentCandidates - Changing related inputs to worked inputs 0 for 246
18:55:41.465 [pool-1-thread-2] INFO  c.c.core.UnfiredFragmentCandidates - event 246 - Before 0
18:55:41.465 [pool-1-thread-2] INFO  c.c.core.UnfiredFragmentCandidates - event 246 - After 0
18:55:41.466 [pool-1-thread-2] INFO  c.c.core.UnfiredFragmentCandidates - input for 246, 0
18:55:45.077 [pool-1-thread-2] INFO  c.crawljax.core.state.StateMachine - CLONE State detected: state832 and state498 are the same.
18:55:45.084 [pool-1-thread-2] INFO  c.c.core.UnfiredFragmentCandidates - There are 14 states with unfired actions: [809, 810, 811, 812, 813, 815, 818, 822, 823, 689, 829, 830, 831, 713]
18:55:45.084 [pool-1-thread-2] INFO  com.crawljax.core.Crawler - Resetting the crawler and Going to state state809
18:55:45.093 [pool-1-thread-2] INFO  com.crawljax.core.CrawlSession - Adding CrawlPath to session !!
18:55:45.093 [pool-1-thread-2] INFO  com.crawljax.core.Crawler - BT-state713:-1state713_235_state822state822_236_state823state823_237_state689state689_241_state815state815_243_state829state829_244_state830state830_245_state831state831_246_state498
18:55:47.876 [pool-1-thread-2] INFO  com.crawljax.core.Crawler - index has changed to: state829
18:55:47.876 [pool-1-thread-2] INFO  com.crawljax.core.Crawler - Added a reload edge from state498 to state829
18:55:47.876 [pool-1-thread-2] INFO  com.crawljax.core.Crawler - Initial state not the same as current state : Getting shortest path from current state
18:55:47.876 [pool-1-thread-2] INFO  c.c.core.UnfiredFragmentCandidates - input map size 246
18:55:47.876 [pool-1-thread-2] INFO  c.c.core.UnfiredFragmentCandidates - input map size 246
18:55:47.876 [pool-1-thread-2] INFO  com.crawljax.core.Crawler - Used a form input combination for backtracking 244
18:55:50.993 [pool-1-thread-2] INFO  com.crawljax.core.Crawler - Crawl depth is now 1
18:55:50.993 [pool-1-thread-2] INFO  c.c.core.UnfiredFragmentCandidates - input map size 246
18:55:50.993 [pool-1-thread-2] INFO  c.c.core.UnfiredFragmentCandidates - input map size 246
18:55:50.993 [pool-1-thread-2] INFO  com.crawljax.core.Crawler - Used a form input combination for backtracking 245
18:55:54.121 [pool-1-thread-2] INFO  com.crawljax.core.Crawler - Crawl depth is now 2
18:55:54.121 [pool-1-thread-2] INFO  c.c.core.UnfiredFragmentCandidates - input map size 246
18:55:54.121 [pool-1-thread-2] INFO  c.c.core.UnfiredFragmentCandidates - input map size 246
18:55:54.121 [pool-1-thread-2] INFO  com.crawljax.core.Crawler - Used a form input combination for backtracking 246
18:55:57.757 [pool-1-thread-2] INFO  com.crawljax.core.Crawler - Crawl depth is now 3
18:55:57.757 [pool-1-thread-2] INFO  c.c.core.UnfiredFragmentCandidates - input map size 246
18:55:57.757 [pool-1-thread-2] INFO  com.crawljax.core.Crawler - No Input Combination Found for 0
18:55:57.770 [pool-1-thread-2] INFO  com.crawljax.core.Crawler - Changing related inputs for 0 with 0  to 0 
18:55:57.790 [pool-1-thread-2] INFO  com.crawljax.core.Crawler - Not a valid path anymorestate499 : state809
18:55:57.790 [pool-1-thread-2] INFO  com.crawljax.core.Crawler - Tried to follow 
18:55:57.790 [pool-1-thread-2] INFO  com.crawljax.core.Crawler - state829_244_state830state830_245_state831state831_246_state498state498_0_state499state499_163_state580state580_164_state581state581_167_state583state583_170_state586state586_173_state589state589_177_state591state591_183_state595state595_184_state596state596_0_state597state597_0_state598state598_186_state688state688_189_state689state689_241_state815state815_229_state813state813_231_state818state818_233_state820state820_0_state713state713_219_state809
18:55:57.790 [pool-1-thread-2] INFO  com.crawljax.core.Crawler - Saving failed backtracking path to 809
18:55:57.790 [pool-1-thread-2] INFO  com.crawljax.core.Crawler - backtrack status: false, reached NearDuplicate : -1 
18:55:57.798 [pool-1-thread-2] INFO  com.crawljax.core.CrawlSession - Adding CrawlPath to session !!
18:55:57.799 [pool-1-thread-2] INFO  com.crawljax.core.Crawler - BT-state809:failed:-1state829_244_state830state830_245_state831state831_246_state498state498_0_state499
18:56:00.593 [pool-1-thread-2] INFO  com.crawljax.core.Crawler - index has changed to: state829
18:56:00.593 [pool-1-thread-2] INFO  com.crawljax.core.Crawler - Added a reload edge from state499 to state829
18:56:00.593 [pool-1-thread-2] INFO  c.crawljax.core.state.StateMachine - Cannot go to state: 'state1' from: 'state829'
18:56:00.593 [pool-1-thread-2] INFO  com.crawljax.core.Crawler - Not a valid path anymore index: state809
18:56:00.593 [pool-1-thread-2] INFO  com.crawljax.core.Crawler - Tried to follow 
18:56:00.593 [pool-1-thread-2] INFO  com.crawljax.core.Crawler - index_1_state1state1_4_state3state3_145_state483state483_155_state492state492_156_state493state493_162_state498state498_0_state499state499_163_state580state580_164_state581state581_167_state583state583_170_state586state586_173_state589state589_177_state591state591_183_state595state595_184_state596state596_0_state597state597_0_state598state598_186_state688state688_189_state689state689_241_state815state815_229_state813state813_231_state818state818_233_state820state820_0_state713state713_219_state809
18:56:00.593 [pool-1-thread-2] INFO  com.crawljax.core.Crawler - Saving failed backtracking path to 809
18:56:00.593 [pool-1-thread-2] INFO  com.crawljax.core.Crawler - backtrack status: false, reached NearDuplicate : -1 
18:56:03.371 [pool-1-thread-2] INFO  com.crawljax.core.Crawler - index has changed to: state829
18:56:03.371 [pool-1-thread-2] INFO  com.crawljax.core.Crawler - Added a reload edge from state829 to state829
18:56:03.371 [pool-1-thread-2] INFO  c.crawljax.core.state.StateMachine - Cannot go to state: 'state13' from: 'state829'
18:56:03.371 [pool-1-thread-2] INFO  com.crawljax.core.Crawler - Not a valid path anymore state12: state809
18:56:03.371 [pool-1-thread-2] INFO  com.crawljax.core.Crawler - Tried to follow 
18:56:03.371 [pool-1-thread-2] INFO  com.crawljax.core.Crawler - state12_0_state13state13_17_state27state27_18_state28state28_19_state29state29_59_state142state142_136_state380state380_139_state381state381_140_state382state382_143_state481state481_144_state3state3_145_state483state483_155_state492state492_156_state493state493_162_state498state498_0_state499state499_163_state580state580_164_state581state581_167_state583state583_170_state586state586_173_state589state589_177_state591state591_183_state595state595_184_state596state596_0_state597state597_0_state598state598_186_state688state688_189_state689state689_241_state815state815_229_state813state813_231_state818state818_233_state820state820_0_state713state713_219_state809
18:56:03.371 [pool-1-thread-2] INFO  com.crawljax.core.Crawler - Saving failed backtracking path to 809
18:56:03.371 [pool-1-thread-2] INFO  com.crawljax.core.Crawler - backtrack status: false, reached NearDuplicate : -1 
18:56:06.157 [pool-1-thread-2] INFO  com.crawljax.core.Crawler - index has changed to: state829
18:56:06.157 [pool-1-thread-2] INFO  com.crawljax.core.Crawler - Did not add reload edge from state829 to state829
18:56:06.158 [pool-1-thread-2] INFO  c.crawljax.core.state.StateMachine - Cannot go to state: 'state27' from: 'state829'
18:56:06.158 [pool-1-thread-2] INFO  com.crawljax.core.Crawler - Not a valid path anymore state13: state809
18:56:06.158 [pool-1-thread-2] INFO  com.crawljax.core.Crawler - Tried to follow 
18:56:06.158 [pool-1-thread-2] INFO  com.crawljax.core.Crawler - state13_17_state27state27_18_state28state28_19_state29state29_59_state142state142_136_state380state380_139_state381state381_140_state382state382_143_state481state481_144_state3state3_145_state483state483_155_state492state492_156_state493state493_162_state498state498_0_state499state499_163_state580state580_164_state581state581_167_state583state583_170_state586state586_173_state589state589_177_state591state591_183_state595state595_184_state596state596_0_state597state597_0_state598state598_186_state688state688_189_state689state689_241_state815state815_229_state813state813_231_state818state818_233_state820state820_0_state713state713_219_state809
18:56:06.158 [pool-1-thread-2] INFO  com.crawljax.core.Crawler - Saving failed backtracking path to 809
18:56:06.158 [pool-1-thread-2] INFO  com.crawljax.core.Crawler - backtrack status: false, reached NearDuplicate : -1 
18:56:08.897 [pool-1-thread-2] INFO  com.crawljax.core.Crawler - index has changed to: state829
18:56:08.897 [pool-1-thread-2] INFO  com.crawljax.core.Crawler - Did not add reload edge from state829 to state829
18:56:08.897 [pool-1-thread-2] INFO  c.crawljax.core.state.StateMachine - Cannot go to state: 'state5' from: 'state829'
18:56:08.897 [pool-1-thread-2] INFO  com.crawljax.core.Crawler - Not a valid path anymore state43: state809
18:56:08.897 [pool-1-thread-2] INFO  com.crawljax.core.Crawler - Tried to follow 
18:56:08.897 [pool-1-thread-2] INFO  com.crawljax.core.Crawler - state43_37_state5state5_7_state4state4_23_state32state32_30_state37state37_31_state38state38_88_state234state234_85_state3state3_145_state483state483_155_state492state492_156_state493state493_162_state498state498_0_state499state499_163_state580state580_164_state581state581_167_state583state583_170_state586state586_173_state589state589_177_state591state591_183_state595state595_184_state596state596_0_state597state597_0_state598state598_186_state688state688_189_state689state689_241_state815state815_229_state813state813_231_state818state818_233_state820state820_0_state713state713_219_state809
18:56:08.897 [pool-1-thread-2] INFO  com.crawljax.core.Crawler - Saving failed backtracking path to 809
18:56:08.897 [pool-1-thread-2] INFO  com.crawljax.core.Crawler - backtrack status: false, reached NearDuplicate : -1 
18:56:11.650 [pool-1-thread-2] INFO  com.crawljax.core.Crawler - index has changed to: state829
18:56:11.650 [pool-1-thread-2] INFO  com.crawljax.core.Crawler - Did not add reload edge from state829 to state829
18:56:11.650 [pool-1-thread-2] INFO  c.crawljax.core.state.StateMachine - Cannot go to state: 'state139' from: 'state829'
18:56:11.651 [pool-1-thread-2] INFO  com.crawljax.core.Crawler - Not a valid path anymore state94: state809
18:56:11.651 [pool-1-thread-2] INFO  com.crawljax.core.Crawler - Tried to follow 
18:56:11.651 [pool-1-thread-2] INFO  com.crawljax.core.Crawler - state94_56_state139state139_57_state140state140_58_state29state29_59_state142state142_136_state380state380_139_state381state381_140_state382state382_143_state481state481_144_state3state3_145_state483state483_155_state492state492_156_state493state493_162_state498state498_0_state499state499_163_state580state580_164_state581state581_167_state583state583_170_state586state586_173_state589state589_177_state591state591_183_state595state595_184_state596state596_0_state597state597_0_state598state598_186_state688state688_189_state689state689_241_state815state815_229_state813state813_231_state818state818_233_state820state820_0_state713state713_219_state809
18:56:11.651 [pool-1-thread-2] INFO  com.crawljax.core.Crawler - Saving failed backtracking path to 809
18:56:11.651 [pool-1-thread-2] INFO  com.crawljax.core.Crawler - backtrack status: false, reached NearDuplicate : -1 
18:56:14.399 [pool-1-thread-2] INFO  com.crawljax.core.Crawler - index has changed to: state829
18:56:14.399 [pool-1-thread-2] INFO  com.crawljax.core.Crawler - Did not add reload edge from state829 to state829
18:56:14.399 [pool-1-thread-2] INFO  c.crawljax.core.state.StateMachine - Cannot go to state: 'state232' from: 'state829'
18:56:14.399 [pool-1-thread-2] INFO  com.crawljax.core.Crawler - Not a valid path anymore state160: state809
18:56:14.399 [pool-1-thread-2] INFO  com.crawljax.core.Crawler - Tried to follow 
18:56:14.399 [pool-1-thread-2] INFO  com.crawljax.core.Crawler - state160_81_state232state232_83_state233state233_84_state234state234_85_state3state3_145_state483state483_155_state492state492_156_state493state493_162_state498state498_0_state499state499_163_state580state580_164_state581state581_167_state583state583_170_state586state586_173_state589state589_177_state591state591_183_state595state595_184_state596state596_0_state597state597_0_state598state598_186_state688state688_189_state689state689_241_state815state815_229_state813state813_231_state818state818_233_state820state820_0_state713state713_219_state809
18:56:14.399 [pool-1-thread-2] INFO  com.crawljax.core.Crawler - Saving failed backtracking path to 809
18:56:14.399 [pool-1-thread-2] INFO  com.crawljax.core.Crawler - backtrack status: false, reached NearDuplicate : -1 
18:56:17.298 [pool-1-thread-2] INFO  com.crawljax.core.Crawler - index has changed to: state829
18:56:17.298 [pool-1-thread-2] INFO  com.crawljax.core.Crawler - Did not add reload edge from state829 to state829
18:56:17.299 [pool-1-thread-2] INFO  c.crawljax.core.state.StateMachine - Cannot go to state: 'state232' from: 'state829'
18:56:17.299 [pool-1-thread-2] INFO  com.crawljax.core.Crawler - Not a valid path anymore state263: state809
18:56:17.299 [pool-1-thread-2] INFO  com.crawljax.core.Crawler - Tried to follow 
18:56:17.299 [pool-1-thread-2] INFO  com.crawljax.core.Crawler - state263_117_state232state232_83_state233state233_84_state234state234_85_state3state3_145_state483state483_155_state492state492_156_state493state493_162_state498state498_0_state499state499_163_state580state580_164_state581state581_167_state583state583_170_state586state586_173_state589state589_177_state591state591_183_state595state595_184_state596state596_0_state597state597_0_state598state598_186_state688state688_189_state689state689_241_state815state815_229_state813state813_231_state818state818_233_state820state820_0_state713state713_219_state809
18:56:17.299 [pool-1-thread-2] INFO  com.crawljax.core.Crawler - Saving failed backtracking path to 809
18:56:17.299 [pool-1-thread-2] INFO  com.crawljax.core.Crawler - backtrack status: false, reached NearDuplicate : -1 
18:56:20.062 [pool-1-thread-2] INFO  com.crawljax.core.Crawler - index has changed to: state829
18:56:20.062 [pool-1-thread-2] INFO  com.crawljax.core.Crawler - Did not add reload edge from state829 to state829
18:56:20.062 [pool-1-thread-2] INFO  c.crawljax.core.state.StateMachine - Cannot go to state: 'state481' from: 'state829'
18:56:20.063 [pool-1-thread-2] INFO  com.crawljax.core.Crawler - Not a valid path anymore state382: state809
18:56:20.063 [pool-1-thread-2] INFO  com.crawljax.core.Crawler - Tried to follow 
18:56:20.063 [pool-1-thread-2] INFO  com.crawljax.core.Crawler - state382_143_state481state481_144_state3state3_145_state483state483_155_state492state492_156_state493state493_162_state498state498_0_state499state499_163_state580state580_164_state581state581_167_state583state583_170_state586state586_173_state589state589_177_state591state591_183_state595state595_184_state596state596_0_state597state597_0_state598state598_186_state688state688_189_state689state689_241_state815state815_229_state813state813_231_state818state818_233_state820state820_0_state713state713_219_state809
18:56:20.063 [pool-1-thread-2] INFO  com.crawljax.core.Crawler - Saving failed backtracking path to 809
18:56:20.063 [pool-1-thread-2] INFO  com.crawljax.core.Crawler - backtrack status: false, reached NearDuplicate : -1 
18:56:22.815 [pool-1-thread-2] INFO  com.crawljax.core.Crawler - index has changed to: state829
18:56:22.816 [pool-1-thread-2] INFO  com.crawljax.core.Crawler - Did not add reload edge from state829 to state829
18:56:22.816 [pool-1-thread-2] INFO  c.crawljax.core.state.StateMachine - Cannot go to state: 'state580' from: 'state829'
18:56:22.816 [pool-1-thread-2] INFO  com.crawljax.core.Crawler - Not a valid path anymore state499: state809
18:56:22.816 [pool-1-thread-2] INFO  com.crawljax.core.Crawler - Tried to follow 
18:56:22.816 [pool-1-thread-2] INFO  com.crawljax.core.Crawler - state499_163_state580state580_164_state581state581_167_state583state583_170_state586state586_173_state589state589_177_state591state591_183_state595state595_184_state596state596_0_state597state597_0_state598state598_186_state688state688_189_state689state689_241_state815state815_229_state813state813_231_state818state818_233_state820state820_0_state713state713_219_state809
18:56:22.816 [pool-1-thread-2] INFO  com.crawljax.core.Crawler - Saving failed backtracking path to 809
18:56:22.816 [pool-1-thread-2] INFO  com.crawljax.core.Crawler - backtrack status: false, reached NearDuplicate : -1 
18:56:25.570 [pool-1-thread-2] INFO  com.crawljax.core.Crawler - index has changed to: state829
18:56:25.570 [pool-1-thread-2] INFO  com.crawljax.core.Crawler - Did not add reload edge from state829 to state829
18:56:25.570 [pool-1-thread-2] INFO  c.crawljax.core.state.StateMachine - Cannot go to state: 'state598' from: 'state829'
18:56:25.570 [pool-1-thread-2] INFO  com.crawljax.core.Crawler - Not a valid path anymore state597: state809
18:56:25.570 [pool-1-thread-2] INFO  com.crawljax.core.Crawler - Tried to follow 
18:56:25.570 [pool-1-thread-2] INFO  com.crawljax.core.Crawler - state597_0_state598state598_186_state688state688_189_state689state689_241_state815state815_229_state813state813_231_state818state818_233_state820state820_0_state713state713_219_state809
18:56:25.570 [pool-1-thread-2] INFO  com.crawljax.core.Crawler - Saving failed backtracking path to 809
18:56:25.570 [pool-1-thread-2] INFO  com.crawljax.core.Crawler - backtrack status: false, reached NearDuplicate : -1 
18:56:28.372 [pool-1-thread-2] INFO  com.crawljax.core.Crawler - index has changed to: state829
18:56:28.372 [pool-1-thread-2] INFO  com.crawljax.core.Crawler - Did not add reload edge from state829 to state829
18:56:28.373 [pool-1-thread-2] INFO  c.crawljax.core.state.StateMachine - Cannot go to state: 'state688' from: 'state829'
18:56:28.373 [pool-1-thread-2] INFO  com.crawljax.core.Crawler - Not a valid path anymore state598: state809
18:56:28.373 [pool-1-thread-2] INFO  com.crawljax.core.Crawler - Tried to follow 
18:56:28.373 [pool-1-thread-2] INFO  com.crawljax.core.Crawler - state598_186_state688state688_189_state689state689_241_state815state815_229_state813state813_231_state818state818_233_state820state820_0_state713state713_219_state809
18:56:28.373 [pool-1-thread-2] INFO  com.crawljax.core.Crawler - Saving failed backtracking path to 809
18:56:28.373 [pool-1-thread-2] INFO  com.crawljax.core.Crawler - backtrack status: false, reached NearDuplicate : -1 
18:56:31.132 [pool-1-thread-2] INFO  com.crawljax.core.Crawler - index has changed to: state829
18:56:31.132 [pool-1-thread-2] INFO  com.crawljax.core.Crawler - Did not add reload edge from state829 to state829
18:56:31.132 [pool-1-thread-2] INFO  c.crawljax.core.state.StateMachine - Cannot go to state: 'state809' from: 'state829'
18:56:31.132 [pool-1-thread-2] INFO  com.crawljax.core.Crawler - Not a valid path anymore state713: state809
18:56:31.132 [pool-1-thread-2] INFO  com.crawljax.core.Crawler - Tried to follow 
18:56:31.132 [pool-1-thread-2] INFO  com.crawljax.core.Crawler - state713_219_state809
18:56:31.132 [pool-1-thread-2] INFO  com.crawljax.core.Crawler - Saving failed backtracking path to 809
18:56:31.132 [pool-1-thread-2] INFO  com.crawljax.core.Crawler - backtrack status: false, reached NearDuplicate : -1 
18:56:33.900 [pool-1-thread-2] INFO  com.crawljax.core.Crawler - index has changed to: state829
18:56:33.900 [pool-1-thread-2] INFO  com.crawljax.core.Crawler - Did not add reload edge from state829 to state829
18:56:33.900 [pool-1-thread-2] INFO  com.crawljax.core.Crawler - Avoid path from state829 that is already tried
18:56:33.900 [pool-1-thread-2] INFO  com.crawljax.core.Crawler - state unreachable: Removing from candidate actions state809
18:56:33.900 [pool-1-thread-2] INFO  c.c.core.UnfiredFragmentCandidates - Placing purged actions in unreachable cache for state809
18:56:33.900 [pool-1-thread-2] INFO  com.crawljax.core.Crawler - Resetting the crawler and Going to state state810
18:56:36.671 [pool-1-thread-2] INFO  com.crawljax.core.Crawler - index has changed to: state829
18:56:36.671 [pool-1-thread-2] INFO  com.crawljax.core.Crawler - Did not add reload edge from state829 to state829
18:56:36.671 [pool-1-thread-2] INFO  com.crawljax.core.Crawler - Initial state not the same as current state : Getting shortest path from current state
18:56:36.671 [pool-1-thread-2] INFO  c.c.core.UnfiredFragmentCandidates - input map size 246
18:56:36.671 [pool-1-thread-2] INFO  c.c.core.UnfiredFragmentCandidates - input map size 246
18:56:36.671 [pool-1-thread-2] INFO  com.crawljax.core.Crawler - Used a form input combination for backtracking 244
18:56:39.782 [pool-1-thread-2] INFO  com.crawljax.core.Crawler - Crawl depth is now 1
18:56:39.782 [pool-1-thread-2] INFO  c.c.core.UnfiredFragmentCandidates - input map size 246
18:56:39.782 [pool-1-thread-2] INFO  c.c.core.UnfiredFragmentCandidates - input map size 246
18:56:39.782 [pool-1-thread-2] INFO  com.crawljax.core.Crawler - Used a form input combination for backtracking 245
18:56:42.906 [pool-1-thread-2] INFO  com.crawljax.core.Crawler - Crawl depth is now 2
18:56:42.906 [pool-1-thread-2] INFO  c.c.core.UnfiredFragmentCandidates - input map size 246
18:56:42.906 [pool-1-thread-2] INFO  c.c.core.UnfiredFragmentCandidates - input map size 246
18:56:42.906 [pool-1-thread-2] INFO  com.crawljax.core.Crawler - Used a form input combination for backtracking 246
18:56:46.501 [pool-1-thread-2] INFO  com.crawljax.core.Crawler - Crawl depth is now 3
18:56:46.501 [pool-1-thread-2] INFO  c.c.core.UnfiredFragmentCandidates - input map size 246
18:56:46.501 [pool-1-thread-2] INFO  com.crawljax.core.Crawler - No Input Combination Found for 0
18:56:46.514 [pool-1-thread-2] INFO  com.crawljax.core.Crawler - Changing related inputs for 0 with 0  to 0 
18:56:46.533 [pool-1-thread-2] INFO  com.crawljax.core.Crawler - Not a valid path anymorestate499 : state810
18:56:46.533 [pool-1-thread-2] INFO  com.crawljax.core.Crawler - Tried to follow 
18:56:46.533 [pool-1-thread-2] INFO  com.crawljax.core.Crawler - state829_244_state830state830_245_state831state831_246_state498state498_0_state499state499_163_state580state580_164_state581state581_167_state583state583_170_state586state586_173_state589state589_177_state591state591_183_state595state595_184_state596state596_0_state597state597_0_state598state598_186_state688state688_189_state689state689_241_state815state815_229_state813state813_231_state818state818_233_state820state820_0_state713state713_219_state809state809_221_state810
18:56:46.533 [pool-1-thread-2] INFO  com.crawljax.core.Crawler - Saving failed backtracking path to 810
18:56:46.533 [pool-1-thread-2] INFO  com.crawljax.core.Crawler - backtrack status: false, reached NearDuplicate : -1 
18:56:46.541 [pool-1-thread-2] INFO  com.crawljax.core.CrawlSession - Adding CrawlPath to session !!
18:56:46.541 [pool-1-thread-2] INFO  com.crawljax.core.Crawler - BT-state810:failed:-1state829_244_state830state830_245_state831state831_246_state498state498_0_state499
18:56:49.338 [pool-1-thread-2] INFO  com.crawljax.core.Crawler - index has changed to: state829
18:56:49.338 [pool-1-thread-2] INFO  com.crawljax.core.Crawler - Did not add reload edge from state499 to state829
18:56:49.338 [pool-1-thread-2] INFO  c.crawljax.core.state.StateMachine - Cannot go to state: 'state1' from: 'state829'
18:56:49.338 [pool-1-thread-2] INFO  com.crawljax.core.Crawler - Not a valid path anymore index: state810
18:56:49.338 [pool-1-thread-2] INFO  com.crawljax.core.Crawler - Tried to follow 
18:56:49.338 [pool-1-thread-2] INFO  com.crawljax.core.Crawler - index_1_state1state1_4_state3state3_145_state483state483_155_state492state492_156_state493state493_162_state498state498_0_state499state499_163_state580state580_164_state581state581_167_state583state583_170_state586state586_173_state589state589_177_state591state591_183_state595state595_184_state596state596_0_state597state597_0_state598state598_186_state688state688_189_state689state689_241_state815state815_229_state813state813_231_state818state818_233_state820state820_0_state713state713_219_state809state809_221_state810
18:56:49.338 [pool-1-thread-2] INFO  com.crawljax.core.Crawler - Saving failed backtracking path to 810
18:56:49.338 [pool-1-thread-2] INFO  com.crawljax.core.Crawler - backtrack status: false, reached NearDuplicate : -1 
18:56:52.164 [pool-1-thread-2] INFO  com.crawljax.core.Crawler - index has changed to: state829
18:56:52.164 [pool-1-thread-2] INFO  com.crawljax.core.Crawler - Did not add reload edge from state829 to state829
18:56:52.164 [pool-1-thread-2] INFO  c.crawljax.core.state.StateMachine - Cannot go to state: 'state13' from: 'state829'
18:56:52.164 [pool-1-thread-2] INFO  com.crawljax.core.Crawler - Not a valid path anymore state12: state810
18:56:52.165 [pool-1-thread-2] INFO  com.crawljax.core.Crawler - Tried to follow 
18:56:52.165 [pool-1-thread-2] INFO  com.crawljax.core.Crawler - state12_0_state13state13_17_state27state27_18_state28state28_19_state29state29_59_state142state142_136_state380state380_139_state381state381_140_state382state382_143_state481state481_144_state3state3_145_state483state483_155_state492state492_156_state493state493_162_state498state498_0_state499state499_163_state580state580_164_state581state581_167_state583state583_170_state586state586_173_state589state589_177_state591state591_183_state595state595_184_state596state596_0_state597state597_0_state598state598_186_state688state688_189_state689state689_241_state815state815_229_state813state813_231_state818state818_233_state820state820_0_state713state713_219_state809state809_221_state810
18:56:52.165 [pool-1-thread-2] INFO  com.crawljax.core.Crawler - Saving failed backtracking path to 810
18:56:52.165 [pool-1-thread-2] INFO  com.crawljax.core.Crawler - backtrack status: false, reached NearDuplicate : -1 
18:56:54.942 [pool-1-thread-2] INFO  com.crawljax.core.Crawler - index has changed to: state829
18:56:54.942 [pool-1-thread-2] INFO  com.crawljax.core.Crawler - Did not add reload edge from state829 to state829
18:56:54.942 [pool-1-thread-2] INFO  c.crawljax.core.state.StateMachine - Cannot go to state: 'state27' from: 'state829'
18:56:54.942 [pool-1-thread-2] INFO  com.crawljax.core.Crawler - Not a valid path anymore state13: state810
18:56:54.942 [pool-1-thread-2] INFO  com.crawljax.core.Crawler - Tried to follow 
18:56:54.942 [pool-1-thread-2] INFO  com.crawljax.core.Crawler - state13_17_state27state27_18_state28state28_19_state29state29_59_state142state142_136_state380state380_139_state381state381_140_state382state382_143_state481state481_144_state3state3_145_state483state483_155_state492state492_156_state493state493_162_state498state498_0_state499state499_163_state580state580_164_state581state581_167_state583state583_170_state586state586_173_state589state589_177_state591state591_183_state595state595_184_state596state596_0_state597state597_0_state598state598_186_state688state688_189_state689state689_241_state815state815_229_state813state813_231_state818state818_233_state820state820_0_state713state713_219_state809state809_221_state810
18:56:54.942 [pool-1-thread-2] INFO  com.crawljax.core.Crawler - Saving failed backtracking path to 810
18:56:54.942 [pool-1-thread-2] INFO  com.crawljax.core.Crawler - backtrack status: false, reached NearDuplicate : -1 
18:56:57.700 [pool-1-thread-2] INFO  com.crawljax.core.Crawler - index has changed to: state829
18:56:57.700 [pool-1-thread-2] INFO  com.crawljax.core.Crawler - Did not add reload edge from state829 to state829
18:56:57.700 [pool-1-thread-2] INFO  c.crawljax.core.state.StateMachine - Cannot go to state: 'state5' from: 'state829'
18:56:57.700 [pool-1-thread-2] INFO  com.crawljax.core.Crawler - Not a valid path anymore state43: state810
18:56:57.700 [pool-1-thread-2] INFO  com.crawljax.core.Crawler - Tried to follow 
18:56:57.700 [pool-1-thread-2] INFO  com.crawljax.core.Crawler - state43_37_state5state5_7_state4state4_23_state32state32_30_state37state37_31_state38state38_88_state234state234_85_state3state3_145_state483state483_155_state492state492_156_state493state493_162_state498state498_0_state499state499_163_state580state580_164_state581state581_167_state583state583_170_state586state586_173_state589state589_177_state591state591_183_state595state595_184_state596state596_0_state597state597_0_state598state598_186_state688state688_189_state689state689_241_state815state815_229_state813state813_231_state818state818_233_state820state820_0_state713state713_219_state809state809_221_state810
18:56:57.700 [pool-1-thread-2] INFO  com.crawljax.core.Crawler - Saving failed backtracking path to 810
18:56:57.700 [pool-1-thread-2] INFO  com.crawljax.core.Crawler - backtrack status: false, reached NearDuplicate : -1 
18:57:00.456 [pool-1-thread-2] INFO  com.crawljax.core.Crawler - index has changed to: state829
18:57:00.456 [pool-1-thread-2] INFO  com.crawljax.core.Crawler - Did not add reload edge from state829 to state829
18:57:00.456 [pool-1-thread-2] INFO  c.crawljax.core.state.StateMachine - Cannot go to state: 'state139' from: 'state829'
18:57:00.456 [pool-1-thread-2] INFO  com.crawljax.core.Crawler - Not a valid path anymore state94: state810
18:57:00.456 [pool-1-thread-2] INFO  com.crawljax.core.Crawler - Tried to follow 
18:57:00.456 [pool-1-thread-2] INFO  com.crawljax.core.Crawler - state94_56_state139state139_57_state140state140_58_state29state29_59_state142state142_136_state380state380_139_state381state381_140_state382state382_143_state481state481_144_state3state3_145_state483state483_155_state492state492_156_state493state493_162_state498state498_0_state499state499_163_state580state580_164_state581state581_167_state583state583_170_state586state586_173_state589state589_177_state591state591_183_state595state595_184_state596state596_0_state597state597_0_state598state598_186_state688state688_189_state689state689_241_state815state815_229_state813state813_231_state818state818_233_state820state820_0_state713state713_219_state809state809_221_state810
18:57:00.456 [pool-1-thread-2] INFO  com.crawljax.core.Crawler - Saving failed backtracking path to 810
18:57:00.456 [pool-1-thread-2] INFO  com.crawljax.core.Crawler - backtrack status: false, reached NearDuplicate : -1 
18:57:03.233 [pool-1-thread-2] INFO  com.crawljax.core.Crawler - index has changed to: state829
18:57:03.233 [pool-1-thread-2] INFO  com.crawljax.core.Crawler - Did not add reload edge from state829 to state829
18:57:03.233 [pool-1-thread-2] INFO  c.crawljax.core.state.StateMachine - Cannot go to state: 'state232' from: 'state829'
18:57:03.233 [pool-1-thread-2] INFO  com.crawljax.core.Crawler - Not a valid path anymore state160: state810
18:57:03.233 [pool-1-thread-2] INFO  com.crawljax.core.Crawler - Tried to follow 
18:57:03.233 [pool-1-thread-2] INFO  com.crawljax.core.Crawler - state160_81_state232state232_83_state233state233_84_state234state234_85_state3state3_145_state483state483_155_state492state492_156_state493state493_162_state498state498_0_state499state499_163_state580state580_164_state581state581_167_state583state583_170_state586state586_173_state589state589_177_state591state591_183_state595state595_184_state596state596_0_state597state597_0_state598state598_186_state688state688_189_state689state689_241_state815state815_229_state813state813_231_state818state818_233_state820state820_0_state713state713_219_state809state809_221_state810
18:57:03.233 [pool-1-thread-2] INFO  com.crawljax.core.Crawler - Saving failed backtracking path to 810
18:57:03.233 [pool-1-thread-2] INFO  com.crawljax.core.Crawler - backtrack status: false, reached NearDuplicate : -1 
18:57:05.982 [pool-1-thread-2] INFO  com.crawljax.core.Crawler - index has changed to: state829
18:57:05.982 [pool-1-thread-2] INFO  com.crawljax.core.Crawler - Did not add reload edge from state829 to state829
18:57:05.982 [pool-1-thread-2] INFO  c.crawljax.core.state.StateMachine - Cannot go to state: 'state232' from: 'state829'
18:57:05.982 [pool-1-thread-2] INFO  com.crawljax.core.Crawler - Not a valid path anymore state263: state810
18:57:05.982 [pool-1-thread-2] INFO  com.crawljax.core.Crawler - Tried to follow 
18:57:05.982 [pool-1-thread-2] INFO  com.crawljax.core.Crawler - state263_117_state232state232_83_state233state233_84_state234state234_85_state3state3_145_state483state483_155_state492state492_156_state493state493_162_state498state498_0_state499state499_163_state580state580_164_state581state581_167_state583state583_170_state586state586_173_state589state589_177_state591state591_183_state595state595_184_state596state596_0_state597state597_0_state598state598_186_state688state688_189_state689state689_241_state815state815_229_state813state813_231_state818state818_233_state820state820_0_state713state713_219_state809state809_221_state810
18:57:05.982 [pool-1-thread-2] INFO  com.crawljax.core.Crawler - Saving failed backtracking path to 810
18:57:05.982 [pool-1-thread-2] INFO  com.crawljax.core.Crawler - backtrack status: false, reached NearDuplicate : -1 
18:57:08.762 [pool-1-thread-2] INFO  com.crawljax.core.Crawler - index has changed to: state829
18:57:08.762 [pool-1-thread-2] INFO  com.crawljax.core.Crawler - Did not add reload edge from state829 to state829
18:57:08.763 [pool-1-thread-2] INFO  c.crawljax.core.state.StateMachine - Cannot go to state: 'state481' from: 'state829'
18:57:08.763 [pool-1-thread-2] INFO  com.crawljax.core.Crawler - Not a valid path anymore state382: state810
18:57:08.763 [pool-1-thread-2] INFO  com.crawljax.core.Crawler - Tried to follow 
18:57:08.763 [pool-1-thread-2] INFO  com.crawljax.core.Crawler - state382_143_state481state481_144_state3state3_145_state483state483_155_state492state492_156_state493state493_162_state498state498_0_state499state499_163_state580state580_164_state581state581_167_state583state583_170_state586state586_173_state589state589_177_state591state591_183_state595state595_184_state596state596_0_state597state597_0_state598state598_186_state688state688_189_state689state689_241_state815state815_229_state813state813_231_state818state818_233_state820state820_0_state713state713_219_state809state809_221_state810
18:57:08.763 [pool-1-thread-2] INFO  com.crawljax.core.Crawler - Saving failed backtracking path to 810
18:57:08.763 [pool-1-thread-2] INFO  com.crawljax.core.Crawler - backtrack status: false, reached NearDuplicate : -1 
18:57:11.527 [pool-1-thread-2] INFO  com.crawljax.core.Crawler - index has changed to: state829
18:57:11.527 [pool-1-thread-2] INFO  com.crawljax.core.Crawler - Did not add reload edge from state829 to state829
18:57:11.527 [pool-1-thread-2] INFO  c.crawljax.core.state.StateMachine - Cannot go to state: 'state580' from: 'state829'
18:57:11.527 [pool-1-thread-2] INFO  com.crawljax.core.Crawler - Not a valid path anymore state499: state810
18:57:11.527 [pool-1-thread-2] INFO  com.crawljax.core.Crawler - Tried to follow 
18:57:11.527 [pool-1-thread-2] INFO  com.crawljax.core.Crawler - state499_163_state580state580_164_state581state581_167_state583state583_170_state586state586_173_state589state589_177_state591state591_183_state595state595_184_state596state596_0_state597state597_0_state598state598_186_state688state688_189_state689state689_241_state815state815_229_state813state813_231_state818state818_233_state820state820_0_state713state713_219_state809state809_221_state810
18:57:11.527 [pool-1-thread-2] INFO  com.crawljax.core.Crawler - Saving failed backtracking path to 810
18:57:11.527 [pool-1-thread-2] INFO  com.crawljax.core.Crawler - backtrack status: false, reached NearDuplicate : -1 
18:57:14.301 [pool-1-thread-2] INFO  com.crawljax.core.Crawler - index has changed to: state829
18:57:14.301 [pool-1-thread-2] INFO  com.crawljax.core.Crawler - Did not add reload edge from state829 to state829
18:57:14.301 [pool-1-thread-2] INFO  c.crawljax.core.state.StateMachine - Cannot go to state: 'state598' from: 'state829'
18:57:14.301 [pool-1-thread-2] INFO  com.crawljax.core.Crawler - Not a valid path anymore state597: state810
18:57:14.301 [pool-1-thread-2] INFO  com.crawljax.core.Crawler - Tried to follow 
18:57:14.301 [pool-1-thread-2] INFO  com.crawljax.core.Crawler - state597_0_state598state598_186_state688state688_189_state689state689_241_state815state815_229_state813state813_231_state818state818_233_state820state820_0_state713state713_219_state809state809_221_state810
18:57:14.301 [pool-1-thread-2] INFO  com.crawljax.core.Crawler - Saving failed backtracking path to 810
18:57:14.301 [pool-1-thread-2] INFO  com.crawljax.core.Crawler - backtrack status: false, reached NearDuplicate : -1 
18:57:17.068 [pool-1-thread-2] INFO  com.crawljax.core.Crawler - index has changed to: state829
18:57:17.068 [pool-1-thread-2] INFO  com.crawljax.core.Crawler - Did not add reload edge from state829 to state829
18:57:17.068 [pool-1-thread-2] INFO  c.crawljax.core.state.StateMachine - Cannot go to state: 'state688' from: 'state829'
18:57:17.068 [pool-1-thread-2] INFO  com.crawljax.core.Crawler - Not a valid path anymore state598: state810
18:57:17.068 [pool-1-thread-2] INFO  com.crawljax.core.Crawler - Tried to follow 
18:57:17.068 [pool-1-thread-2] INFO  com.crawljax.core.Crawler - state598_186_state688state688_189_state689state689_241_state815state815_229_state813state813_231_state818state818_233_state820state820_0_state713state713_219_state809state809_221_state810
18:57:17.068 [pool-1-thread-2] INFO  com.crawljax.core.Crawler - Saving failed backtracking path to 810
18:57:17.068 [pool-1-thread-2] INFO  com.crawljax.core.Crawler - backtrack status: false, reached NearDuplicate : -1 
18:57:19.851 [pool-1-thread-2] INFO  com.crawljax.core.Crawler - index has changed to: state829
18:57:19.851 [pool-1-thread-2] INFO  com.crawljax.core.Crawler - Did not add reload edge from state829 to state829
18:57:19.851 [pool-1-thread-2] INFO  c.crawljax.core.state.StateMachine - Cannot go to state: 'state809' from: 'state829'
18:57:19.851 [pool-1-thread-2] INFO  com.crawljax.core.Crawler - Not a valid path anymore state713: state810
18:57:19.851 [pool-1-thread-2] INFO  com.crawljax.core.Crawler - Tried to follow 
18:57:19.851 [pool-1-thread-2] INFO  com.crawljax.core.Crawler - state713_219_state809state809_221_state810
18:57:19.851 [pool-1-thread-2] INFO  com.crawljax.core.Crawler - Saving failed backtracking path to 810
18:57:19.851 [pool-1-thread-2] INFO  com.crawljax.core.Crawler - backtrack status: false, reached NearDuplicate : -1 
18:57:22.617 [pool-1-thread-2] INFO  com.crawljax.core.Crawler - index has changed to: state829
18:57:22.618 [pool-1-thread-2] INFO  com.crawljax.core.Crawler - Did not add reload edge from state829 to state829
18:57:22.618 [pool-1-thread-2] INFO  com.crawljax.core.Crawler - Avoid path from state829 that is already tried
18:57:22.618 [pool-1-thread-2] INFO  com.crawljax.core.Crawler - state unreachable: Removing from candidate actions state810
18:57:22.618 [pool-1-thread-2] INFO  c.c.core.UnfiredFragmentCandidates - Placing purged actions in unreachable cache for state810
18:57:22.618 [pool-1-thread-2] INFO  com.crawljax.core.Crawler - Resetting the crawler and Going to state state811
18:57:25.389 [pool-1-thread-2] INFO  com.crawljax.core.Crawler - index has changed to: state829
18:57:25.390 [pool-1-thread-2] INFO  com.crawljax.core.Crawler - Did not add reload edge from state829 to state829
18:57:25.390 [pool-1-thread-2] INFO  com.crawljax.core.Crawler - Initial state not the same as current state : Getting shortest path from current state
18:57:25.390 [pool-1-thread-2] INFO  c.c.core.UnfiredFragmentCandidates - input map size 246
18:57:25.390 [pool-1-thread-2] INFO  c.c.core.UnfiredFragmentCandidates - input map size 246
18:57:25.390 [pool-1-thread-2] INFO  com.crawljax.core.Crawler - Used a form input combination for backtracking 244
18:57:28.501 [pool-1-thread-2] INFO  com.crawljax.core.Crawler - Crawl depth is now 1
18:57:28.502 [pool-1-thread-2] INFO  c.c.core.UnfiredFragmentCandidates - input map size 246
18:57:28.502 [pool-1-thread-2] INFO  c.c.core.UnfiredFragmentCandidates - input map size 246
18:57:28.502 [pool-1-thread-2] INFO  com.crawljax.core.Crawler - Used a form input combination for backtracking 245
18:57:31.624 [pool-1-thread-2] INFO  com.crawljax.core.Crawler - Crawl depth is now 2
18:57:31.624 [pool-1-thread-2] INFO  c.c.core.UnfiredFragmentCandidates - input map size 246
18:57:31.624 [pool-1-thread-2] INFO  c.c.core.UnfiredFragmentCandidates - input map size 246
18:57:31.624 [pool-1-thread-2] INFO  com.crawljax.core.Crawler - Used a form input combination for backtracking 246
18:57:35.245 [pool-1-thread-2] INFO  com.crawljax.core.Crawler - Crawl depth is now 3
18:57:35.245 [pool-1-thread-2] INFO  c.c.core.UnfiredFragmentCandidates - input map size 246
18:57:35.245 [pool-1-thread-2] INFO  com.crawljax.core.Crawler - No Input Combination Found for 0
18:57:35.259 [pool-1-thread-2] INFO  com.crawljax.core.Crawler - Changing related inputs for 0 with 0  to 0 
18:57:35.278 [pool-1-thread-2] INFO  com.crawljax.core.Crawler - Not a valid path anymorestate499 : state811
18:57:35.278 [pool-1-thread-2] INFO  com.crawljax.core.Crawler - Tried to follow 
18:57:35.278 [pool-1-thread-2] INFO  com.crawljax.core.Crawler - state829_244_state830state830_245_state831state831_246_state498state498_0_state499state499_163_state580state580_164_state581state581_167_state583state583_170_state586state586_173_state589state589_177_state591state591_183_state595state595_184_state596state596_0_state597state597_0_state598state598_186_state688state688_189_state689state689_241_state815state815_229_state813state813_231_state818state818_233_state820state820_0_state713state713_219_state809state809_221_state810state810_222_state811
18:57:35.278 [pool-1-thread-2] INFO  com.crawljax.core.Crawler - Saving failed backtracking path to 811
18:57:35.278 [pool-1-thread-2] INFO  com.crawljax.core.Crawler - backtrack status: false, reached NearDuplicate : -1 
18:57:35.286 [pool-1-thread-2] INFO  com.crawljax.core.CrawlSession - Adding CrawlPath to session !!
18:57:35.286 [pool-1-thread-2] INFO  com.crawljax.core.Crawler - BT-state811:failed:-1state829_244_state830state830_245_state831state831_246_state498state498_0_state499
18:57:38.067 [pool-1-thread-2] INFO  com.crawljax.core.Crawler - index has changed to: state829
18:57:38.067 [pool-1-thread-2] INFO  com.crawljax.core.Crawler - Did not add reload edge from state499 to state829
18:57:38.068 [pool-1-thread-2] INFO  c.crawljax.core.state.StateMachine - Cannot go to state: 'state1' from: 'state829'
18:57:38.068 [pool-1-thread-2] INFO  com.crawljax.core.Crawler - Not a valid path anymore index: state811
18:57:38.068 [pool-1-thread-2] INFO  com.crawljax.core.Crawler - Tried to follow 
18:57:38.068 [pool-1-thread-2] INFO  com.crawljax.core.Crawler - index_1_state1state1_4_state3state3_145_state483state483_155_state492state492_156_state493state493_162_state498state498_0_state499state499_163_state580state580_164_state581state581_167_state583state583_170_state586state586_173_state589state589_177_state591state591_183_state595state595_184_state596state596_0_state597state597_0_state598state598_186_state688state688_189_state689state689_241_state815state815_229_state813state813_231_state818state818_233_state820state820_0_state713state713_219_state809state809_221_state810state810_222_state811
18:57:38.068 [pool-1-thread-2] INFO  com.crawljax.core.Crawler - Saving failed backtracking path to 811
18:57:38.068 [pool-1-thread-2] INFO  com.crawljax.core.Crawler - backtrack status: false, reached NearDuplicate : -1 
18:57:40.830 [pool-1-thread-2] INFO  com.crawljax.core.Crawler - index has changed to: state829
18:57:40.830 [pool-1-thread-2] INFO  com.crawljax.core.Crawler - Did not add reload edge from state829 to state829
18:57:40.830 [pool-1-thread-2] INFO  c.crawljax.core.state.StateMachine - Cannot go to state: 'state13' from: 'state829'
18:57:40.830 [pool-1-thread-2] INFO  com.crawljax.core.Crawler - Not a valid path anymore state12: state811
18:57:40.830 [pool-1-thread-2] INFO  com.crawljax.core.Crawler - Tried to follow 
18:57:40.830 [pool-1-thread-2] INFO  com.crawljax.core.Crawler - state12_0_state13state13_17_state27state27_18_state28state28_19_state29state29_59_state142state142_136_state380state380_139_state381state381_140_state382state382_143_state481state481_144_state3state3_145_state483state483_155_state492state492_156_state493state493_162_state498state498_0_state499state499_163_state580state580_164_state581state581_167_state583state583_170_state586state586_173_state589state589_177_state591state591_183_state595state595_184_state596state596_0_state597state597_0_state598state598_186_state688state688_189_state689state689_241_state815state815_229_state813state813_231_state818state818_233_state820state820_0_state713state713_219_state809state809_221_state810state810_222_state811
18:57:40.830 [pool-1-thread-2] INFO  com.crawljax.core.Crawler - Saving failed backtracking path to 811
18:57:40.830 [pool-1-thread-2] INFO  com.crawljax.core.Crawler - backtrack status: false, reached NearDuplicate : -1 
18:57:43.585 [pool-1-thread-2] INFO  com.crawljax.core.Crawler - index has changed to: state829
18:57:43.585 [pool-1-thread-2] INFO  com.crawljax.core.Crawler - Did not add reload edge from state829 to state829
18:57:43.586 [pool-1-thread-2] INFO  c.crawljax.core.state.StateMachine - Cannot go to state: 'state27' from: 'state829'
18:57:43.586 [pool-1-thread-2] INFO  com.crawljax.core.Crawler - Not a valid path anymore state13: state811
18:57:43.586 [pool-1-thread-2] INFO  com.crawljax.core.Crawler - Tried to follow 
18:57:43.586 [pool-1-thread-2] INFO  com.crawljax.core.Crawler - state13_17_state27state27_18_state28state28_19_state29state29_59_state142state142_136_state380state380_139_state381state381_140_state382state382_143_state481state481_144_state3state3_145_state483state483_155_state492state492_156_state493state493_162_state498state498_0_state499state499_163_state580state580_164_state581state581_167_state583state583_170_state586state586_173_state589state589_177_state591state591_183_state595state595_184_state596state596_0_state597state597_0_state598state598_186_state688state688_189_state689state689_241_state815state815_229_state813state813_231_state818state818_233_state820state820_0_state713state713_219_state809state809_221_state810state810_222_state811
18:57:43.586 [pool-1-thread-2] INFO  com.crawljax.core.Crawler - Saving failed backtracking path to 811
18:57:43.586 [pool-1-thread-2] INFO  com.crawljax.core.Crawler - backtrack status: false, reached NearDuplicate : -1 
18:57:46.353 [pool-1-thread-2] INFO  com.crawljax.core.Crawler - index has changed to: state829
18:57:46.353 [pool-1-thread-2] INFO  com.crawljax.core.Crawler - Did not add reload edge from state829 to state829
18:57:46.353 [pool-1-thread-2] INFO  c.crawljax.core.state.StateMachine - Cannot go to state: 'state5' from: 'state829'
18:57:46.353 [pool-1-thread-2] INFO  com.crawljax.core.Crawler - Not a valid path anymore state43: state811
18:57:46.353 [pool-1-thread-2] INFO  com.crawljax.core.Crawler - Tried to follow 
18:57:46.353 [pool-1-thread-2] INFO  com.crawljax.core.Crawler - state43_37_state5state5_7_state4state4_23_state32state32_30_state37state37_31_state38state38_88_state234state234_85_state3state3_145_state483state483_155_state492state492_156_state493state493_162_state498state498_0_state499state499_163_state580state580_164_state581state581_167_state583state583_170_state586state586_173_state589state589_177_state591state591_183_state595state595_184_state596state596_0_state597state597_0_state598state598_186_state688state688_189_state689state689_241_state815state815_229_state813state813_231_state818state818_233_state820state820_0_state713state713_219_state809state809_221_state810state810_222_state811
18:57:46.353 [pool-1-thread-2] INFO  com.crawljax.core.Crawler - Saving failed backtracking path to 811
18:57:46.353 [pool-1-thread-2] INFO  com.crawljax.core.Crawler - backtrack status: false, reached NearDuplicate : -1 
18:57:49.118 [pool-1-thread-2] INFO  com.crawljax.core.Crawler - index has changed to: state829
18:57:49.118 [pool-1-thread-2] INFO  com.crawljax.core.Crawler - Did not add reload edge from state829 to state829
18:57:49.118 [pool-1-thread-2] INFO  c.crawljax.core.state.StateMachine - Cannot go to state: 'state139' from: 'state829'
18:57:49.118 [pool-1-thread-2] INFO  com.crawljax.core.Crawler - Not a valid path anymore state94: state811
18:57:49.118 [pool-1-thread-2] INFO  com.crawljax.core.Crawler - Tried to follow 
18:57:49.118 [pool-1-thread-2] INFO  com.crawljax.core.Crawler - state94_56_state139state139_57_state140state140_58_state29state29_59_state142state142_136_state380state380_139_state381state381_140_state382state382_143_state481state481_144_state3state3_145_state483state483_155_state492state492_156_state493state493_162_state498state498_0_state499state499_163_state580state580_164_state581state581_167_state583state583_170_state586state586_173_state589state589_177_state591state591_183_state595state595_184_state596state596_0_state597state597_0_state598state598_186_state688state688_189_state689state689_241_state815state815_229_state813state813_231_state818state818_233_state820state820_0_state713state713_219_state809state809_221_state810state810_222_state811
18:57:49.118 [pool-1-thread-2] INFO  com.crawljax.core.Crawler - Saving failed backtracking path to 811
18:57:49.118 [pool-1-thread-2] INFO  com.crawljax.core.Crawler - backtrack status: false, reached NearDuplicate : -1 
18:57:51.884 [pool-1-thread-2] INFO  com.crawljax.core.Crawler - index has changed to: state829
18:57:51.884 [pool-1-thread-2] INFO  com.crawljax.core.Crawler - Did not add reload edge from state829 to state829
18:57:51.885 [pool-1-thread-2] INFO  c.crawljax.core.state.StateMachine - Cannot go to state: 'state232' from: 'state829'
18:57:51.885 [pool-1-thread-2] INFO  com.crawljax.core.Crawler - Not a valid path anymore state160: state811
18:57:51.885 [pool-1-thread-2] INFO  com.crawljax.core.Crawler - Tried to follow 
18:57:51.885 [pool-1-thread-2] INFO  com.crawljax.core.Crawler - state160_81_state232state232_83_state233state233_84_state234state234_85_state3state3_145_state483state483_155_state492state492_156_state493state493_162_state498state498_0_state499state499_163_state580state580_164_state581state581_167_state583state583_170_state586state586_173_state589state589_177_state591state591_183_state595state595_184_state596state596_0_state597state597_0_state598state598_186_state688state688_189_state689state689_241_state815state815_229_state813state813_231_state818state818_233_state820state820_0_state713state713_219_state809state809_221_state810state810_222_state811
18:57:51.885 [pool-1-thread-2] INFO  com.crawljax.core.Crawler - Saving failed backtracking path to 811
18:57:51.885 [pool-1-thread-2] INFO  com.crawljax.core.Crawler - backtrack status: false, reached NearDuplicate : -1 
18:57:54.646 [pool-1-thread-2] INFO  com.crawljax.core.Crawler - index has changed to: state829
18:57:54.646 [pool-1-thread-2] INFO  com.crawljax.core.Crawler - Did not add reload edge from state829 to state829
18:57:54.646 [pool-1-thread-2] INFO  c.crawljax.core.state.StateMachine - Cannot go to state: 'state232' from: 'state829'
18:57:54.646 [pool-1-thread-2] INFO  com.crawljax.core.Crawler - Not a valid path anymore state263: state811
18:57:54.646 [pool-1-thread-2] INFO  com.crawljax.core.Crawler - Tried to follow 
18:57:54.646 [pool-1-thread-2] INFO  com.crawljax.core.Crawler - state263_117_state232state232_83_state233state233_84_state234state234_85_state3state3_145_state483state483_155_state492state492_156_state493state493_162_state498state498_0_state499state499_163_state580state580_164_state581state581_167_state583state583_170_state586state586_173_state589state589_177_state591state591_183_state595state595_184_state596state596_0_state597state597_0_state598state598_186_state688state688_189_state689state689_241_state815state815_229_state813state813_231_state818state818_233_state820state820_0_state713state713_219_state809state809_221_state810state810_222_state811
18:57:54.646 [pool-1-thread-2] INFO  com.crawljax.core.Crawler - Saving failed backtracking path to 811
18:57:54.646 [pool-1-thread-2] INFO  com.crawljax.core.Crawler - backtrack status: false, reached NearDuplicate : -1 
18:57:57.402 [pool-1-thread-2] INFO  com.crawljax.core.Crawler - index has changed to: state829
18:57:57.402 [pool-1-thread-2] INFO  com.crawljax.core.Crawler - Did not add reload edge from state829 to state829
18:57:57.402 [pool-1-thread-2] INFO  c.crawljax.core.state.StateMachine - Cannot go to state: 'state481' from: 'state829'
18:57:57.402 [pool-1-thread-2] INFO  com.crawljax.core.Crawler - Not a valid path anymore state382: state811
18:57:57.402 [pool-1-thread-2] INFO  com.crawljax.core.Crawler - Tried to follow 
18:57:57.402 [pool-1-thread-2] INFO  com.crawljax.core.Crawler - state382_143_state481state481_144_state3state3_145_state483state483_155_state492state492_156_state493state493_162_state498state498_0_state499state499_163_state580state580_164_state581state581_167_state583state583_170_state586state586_173_state589state589_177_state591state591_183_state595state595_184_state596state596_0_state597state597_0_state598state598_186_state688state688_189_state689state689_241_state815state815_229_state813state813_231_state818state818_233_state820state820_0_state713state713_219_state809state809_221_state810state810_222_state811
18:57:57.402 [pool-1-thread-2] INFO  com.crawljax.core.Crawler - Saving failed backtracking path to 811
18:57:57.402 [pool-1-thread-2] INFO  com.crawljax.core.Crawler - backtrack status: false, reached NearDuplicate : -1 
18:58:00.177 [pool-1-thread-2] INFO  com.crawljax.core.Crawler - index has changed to: state829
18:58:00.177 [pool-1-thread-2] INFO  com.crawljax.core.Crawler - Did not add reload edge from state829 to state829
18:58:00.178 [pool-1-thread-2] INFO  c.crawljax.core.state.StateMachine - Cannot go to state: 'state580' from: 'state829'
18:58:00.178 [pool-1-thread-2] INFO  com.crawljax.core.Crawler - Not a valid path anymore state499: state811
18:58:00.178 [pool-1-thread-2] INFO  com.crawljax.core.Crawler - Tried to follow 
18:58:00.178 [pool-1-thread-2] INFO  com.crawljax.core.Crawler - state499_163_state580state580_164_state581state581_167_state583state583_170_state586state586_173_state589state589_177_state591state591_183_state595state595_184_state596state596_0_state597state597_0_state598state598_186_state688state688_189_state689state689_241_state815state815_229_state813state813_231_state818state818_233_state820state820_0_state713state713_219_state809state809_221_state810state810_222_state811
18:58:00.178 [pool-1-thread-2] INFO  com.crawljax.core.Crawler - Saving failed backtracking path to 811
18:58:00.178 [pool-1-thread-2] INFO  com.crawljax.core.Crawler - backtrack status: false, reached NearDuplicate : -1 
18:58:02.950 [pool-1-thread-2] INFO  com.crawljax.core.Crawler - index has changed to: state829
18:58:02.950 [pool-1-thread-2] INFO  com.crawljax.core.Crawler - Did not add reload edge from state829 to state829
18:58:02.950 [pool-1-thread-2] INFO  c.crawljax.core.state.StateMachine - Cannot go to state: 'state598' from: 'state829'
18:58:02.950 [pool-1-thread-2] INFO  com.crawljax.core.Crawler - Not a valid path anymore state597: state811
18:58:02.950 [pool-1-thread-2] INFO  com.crawljax.core.Crawler - Tried to follow 
18:58:02.950 [pool-1-thread-2] INFO  com.crawljax.core.Crawler - state597_0_state598state598_186_state688state688_189_state689state689_241_state815state815_229_state813state813_231_state818state818_233_state820state820_0_state713state713_219_state809state809_221_state810state810_222_state811
18:58:02.950 [pool-1-thread-2] INFO  com.crawljax.core.Crawler - Saving failed backtracking path to 811
18:58:02.950 [pool-1-thread-2] INFO  com.crawljax.core.Crawler - backtrack status: false, reached NearDuplicate : -1 
18:58:05.714 [pool-1-thread-2] INFO  com.crawljax.core.Crawler - index has changed to: state829
18:58:05.714 [pool-1-thread-2] INFO  com.crawljax.core.Crawler - Did not add reload edge from state829 to state829
18:58:05.714 [pool-1-thread-2] INFO  c.crawljax.core.state.StateMachine - Cannot go to state: 'state688' from: 'state829'
18:58:05.714 [pool-1-thread-2] INFO  com.crawljax.core.Crawler - Not a valid path anymore state598: state811
18:58:05.714 [pool-1-thread-2] INFO  com.crawljax.core.Crawler - Tried to follow 
18:58:05.714 [pool-1-thread-2] INFO  com.crawljax.core.Crawler - state598_186_state688state688_189_state689state689_241_state815state815_229_state813state813_231_state818state818_233_state820state820_0_state713state713_219_state809state809_221_state810state810_222_state811
18:58:05.714 [pool-1-thread-2] INFO  com.crawljax.core.Crawler - Saving failed backtracking path to 811
18:58:05.714 [pool-1-thread-2] INFO  com.crawljax.core.Crawler - backtrack status: false, reached NearDuplicate : -1 
18:58:08.459 [pool-1-thread-2] INFO  com.crawljax.core.Crawler - index has changed to: state829
18:58:08.459 [pool-1-thread-2] INFO  com.crawljax.core.Crawler - Did not add reload edge from state829 to state829
18:58:08.460 [pool-1-thread-2] INFO  c.crawljax.core.state.StateMachine - Cannot go to state: 'state809' from: 'state829'
18:58:08.460 [pool-1-thread-2] INFO  com.crawljax.core.Crawler - Not a valid path anymore state713: state811
18:58:08.460 [pool-1-thread-2] INFO  com.crawljax.core.Crawler - Tried to follow 
18:58:08.460 [pool-1-thread-2] INFO  com.crawljax.core.Crawler - state713_219_state809state809_221_state810state810_222_state811
18:58:08.460 [pool-1-thread-2] INFO  com.crawljax.core.Crawler - Saving failed backtracking path to 811
18:58:08.460 [pool-1-thread-2] INFO  com.crawljax.core.Crawler - backtrack status: false, reached NearDuplicate : -1 
18:58:11.218 [pool-1-thread-2] INFO  com.crawljax.core.Crawler - index has changed to: state829
18:58:11.218 [pool-1-thread-2] INFO  com.crawljax.core.Crawler - Did not add reload edge from state829 to state829
18:58:11.218 [pool-1-thread-2] INFO  com.crawljax.core.Crawler - Avoid path from state829 that is already tried
18:58:11.218 [pool-1-thread-2] INFO  com.crawljax.core.Crawler - state unreachable: Removing from candidate actions state811
18:58:11.218 [pool-1-thread-2] INFO  c.c.core.UnfiredFragmentCandidates - Placing purged actions in unreachable cache for state811
18:58:11.218 [pool-1-thread-2] INFO  com.crawljax.core.Crawler - Resetting the crawler and Going to state state812
18:58:14.003 [pool-1-thread-2] INFO  com.crawljax.core.Crawler - index has changed to: state829
18:58:14.003 [pool-1-thread-2] INFO  com.crawljax.core.Crawler - Did not add reload edge from state829 to state829
18:58:14.003 [pool-1-thread-2] INFO  com.crawljax.core.Crawler - Initial state not the same as current state : Getting shortest path from current state
18:58:14.004 [pool-1-thread-2] INFO  c.c.core.UnfiredFragmentCandidates - input map size 246
18:58:14.004 [pool-1-thread-2] INFO  c.c.core.UnfiredFragmentCandidates - input map size 246
18:58:14.004 [pool-1-thread-2] INFO  com.crawljax.core.Crawler - Used a form input combination for backtracking 244
18:58:17.118 [pool-1-thread-2] INFO  com.crawljax.core.Crawler - Crawl depth is now 1
18:58:17.118 [pool-1-thread-2] INFO  c.c.core.UnfiredFragmentCandidates - input map size 246
18:58:17.118 [pool-1-thread-2] INFO  c.c.core.UnfiredFragmentCandidates - input map size 246
18:58:17.118 [pool-1-thread-2] INFO  com.crawljax.core.Crawler - Used a form input combination for backtracking 245
18:58:20.242 [pool-1-thread-2] INFO  com.crawljax.core.Crawler - Crawl depth is now 2
18:58:20.243 [pool-1-thread-2] INFO  c.c.core.UnfiredFragmentCandidates - input map size 246
18:58:20.243 [pool-1-thread-2] INFO  c.c.core.UnfiredFragmentCandidates - input map size 246
18:58:20.243 [pool-1-thread-2] INFO  com.crawljax.core.Crawler - Used a form input combination for backtracking 246
18:58:23.861 [pool-1-thread-2] INFO  com.crawljax.core.Crawler - Crawl depth is now 3
18:58:23.861 [pool-1-thread-2] INFO  c.c.core.UnfiredFragmentCandidates - input map size 246
18:58:23.861 [pool-1-thread-2] INFO  com.crawljax.core.Crawler - No Input Combination Found for 0
18:58:23.874 [pool-1-thread-2] INFO  com.crawljax.core.Crawler - Changing related inputs for 0 with 0  to 0 
18:58:23.892 [pool-1-thread-2] INFO  com.crawljax.core.Crawler - Not a valid path anymorestate499 : state812
18:58:23.892 [pool-1-thread-2] INFO  com.crawljax.core.Crawler - Tried to follow 
18:58:23.892 [pool-1-thread-2] INFO  com.crawljax.core.Crawler - state829_244_state830state830_245_state831state831_246_state498state498_0_state499state499_163_state580state580_164_state581state581_167_state583state583_170_state586state586_173_state589state589_177_state591state591_183_state595state595_184_state596state596_0_state597state597_0_state598state598_186_state688state688_189_state689state689_241_state815state815_229_state813state813_231_state818state818_233_state820state820_0_state713state713_219_state809state809_221_state810state810_222_state811state811_223_state812
18:58:23.892 [pool-1-thread-2] INFO  com.crawljax.core.Crawler - Saving failed backtracking path to 812
18:58:23.892 [pool-1-thread-2] INFO  com.crawljax.core.Crawler - backtrack status: false, reached NearDuplicate : -1 
18:58:23.901 [pool-1-thread-2] INFO  com.crawljax.core.CrawlSession - Adding CrawlPath to session !!
18:58:23.901 [pool-1-thread-2] INFO  com.crawljax.core.Crawler - BT-state812:failed:-1state829_244_state830state830_245_state831state831_246_state498state498_0_state499
18:58:26.675 [pool-1-thread-2] INFO  com.crawljax.core.Crawler - index has changed to: state829
18:58:26.675 [pool-1-thread-2] INFO  com.crawljax.core.Crawler - Did not add reload edge from state499 to state829
18:58:26.676 [pool-1-thread-2] INFO  c.crawljax.core.state.StateMachine - Cannot go to state: 'state1' from: 'state829'
18:58:26.676 [pool-1-thread-2] INFO  com.crawljax.core.Crawler - Not a valid path anymore index: state812
18:58:26.676 [pool-1-thread-2] INFO  com.crawljax.core.Crawler - Tried to follow 
18:58:26.676 [pool-1-thread-2] INFO  com.crawljax.core.Crawler - index_1_state1state1_4_state3state3_145_state483state483_155_state492state492_156_state493state493_162_state498state498_0_state499state499_163_state580state580_164_state581state581_167_state583state583_170_state586state586_173_state589state589_177_state591state591_183_state595state595_184_state596state596_0_state597state597_0_state598state598_186_state688state688_189_state689state689_241_state815state815_229_state813state813_231_state818state818_233_state820state820_0_state713state713_219_state809state809_221_state810state810_222_state811state811_223_state812
18:58:26.676 [pool-1-thread-2] INFO  com.crawljax.core.Crawler - Saving failed backtracking path to 812
18:58:26.676 [pool-1-thread-2] INFO  com.crawljax.core.Crawler - backtrack status: false, reached NearDuplicate : -1 
18:58:29.467 [pool-1-thread-2] INFO  com.crawljax.core.Crawler - index has changed to: state829
18:58:29.467 [pool-1-thread-2] INFO  com.crawljax.core.Crawler - Did not add reload edge from state829 to state829
18:58:29.467 [pool-1-thread-2] INFO  c.crawljax.core.state.StateMachine - Cannot go to state: 'state13' from: 'state829'
18:58:29.467 [pool-1-thread-2] INFO  com.crawljax.core.Crawler - Not a valid path anymore state12: state812
18:58:29.467 [pool-1-thread-2] INFO  com.crawljax.core.Crawler - Tried to follow 
18:58:29.467 [pool-1-thread-2] INFO  com.crawljax.core.Crawler - state12_0_state13state13_17_state27state27_18_state28state28_19_state29state29_59_state142state142_136_state380state380_139_state381state381_140_state382state382_143_state481state481_144_state3state3_145_state483state483_155_state492state492_156_state493state493_162_state498state498_0_state499state499_163_state580state580_164_state581state581_167_state583state583_170_state586state586_173_state589state589_177_state591state591_183_state595state595_184_state596state596_0_state597state597_0_state598state598_186_state688state688_189_state689state689_241_state815state815_229_state813state813_231_state818state818_233_state820state820_0_state713state713_219_state809state809_221_state810state810_222_state811state811_223_state812
18:58:29.467 [pool-1-thread-2] INFO  com.crawljax.core.Crawler - Saving failed backtracking path to 812
18:58:29.467 [pool-1-thread-2] INFO  com.crawljax.core.Crawler - backtrack status: false, reached NearDuplicate : -1 
18:58:32.259 [pool-1-thread-2] INFO  com.crawljax.core.Crawler - index has changed to: state829
18:58:32.259 [pool-1-thread-2] INFO  com.crawljax.core.Crawler - Did not add reload edge from state829 to state829
18:58:32.259 [pool-1-thread-2] INFO  c.crawljax.core.state.StateMachine - Cannot go to state: 'state27' from: 'state829'
18:58:32.259 [pool-1-thread-2] INFO  com.crawljax.core.Crawler - Not a valid path anymore state13: state812
18:58:32.259 [pool-1-thread-2] INFO  com.crawljax.core.Crawler - Tried to follow 
18:58:32.259 [pool-1-thread-2] INFO  com.crawljax.core.Crawler - state13_17_state27state27_18_state28state28_19_state29state29_59_state142state142_136_state380state380_139_state381state381_140_state382state382_143_state481state481_144_state3state3_145_state483state483_155_state492state492_156_state493state493_162_state498state498_0_state499state499_163_state580state580_164_state581state581_167_state583state583_170_state586state586_173_state589state589_177_state591state591_183_state595state595_184_state596state596_0_state597state597_0_state598state598_186_state688state688_189_state689state689_241_state815state815_229_state813state813_231_state818state818_233_state820state820_0_state713state713_219_state809state809_221_state810state810_222_state811state811_223_state812
18:58:32.259 [pool-1-thread-2] INFO  com.crawljax.core.Crawler - Saving failed backtracking path to 812
18:58:32.259 [pool-1-thread-2] INFO  com.crawljax.core.Crawler - backtrack status: false, reached NearDuplicate : -1 
18:58:35.034 [pool-1-thread-2] INFO  com.crawljax.core.Crawler - index has changed to: state829
18:58:35.035 [pool-1-thread-2] INFO  com.crawljax.core.Crawler - Did not add reload edge from state829 to state829
18:58:35.035 [pool-1-thread-2] INFO  c.crawljax.core.state.StateMachine - Cannot go to state: 'state5' from: 'state829'
18:58:35.035 [pool-1-thread-2] INFO  com.crawljax.core.Crawler - Not a valid path anymore state43: state812
18:58:35.035 [pool-1-thread-2] INFO  com.crawljax.core.Crawler - Tried to follow 
18:58:35.035 [pool-1-thread-2] INFO  com.crawljax.core.Crawler - state43_37_state5state5_7_state4state4_23_state32state32_30_state37state37_31_state38state38_88_state234state234_85_state3state3_145_state483state483_155_state492state492_156_state493state493_162_state498state498_0_state499state499_163_state580state580_164_state581state581_167_state583state583_170_state586state586_173_state589state589_177_state591state591_183_state595state595_184_state596state596_0_state597state597_0_state598state598_186_state688state688_189_state689state689_241_state815state815_229_state813state813_231_state818state818_233_state820state820_0_state713state713_219_state809state809_221_state810state810_222_state811state811_223_state812
18:58:35.035 [pool-1-thread-2] INFO  com.crawljax.core.Crawler - Saving failed backtracking path to 812
18:58:35.035 [pool-1-thread-2] INFO  com.crawljax.core.Crawler - backtrack status: false, reached NearDuplicate : -1 
18:58:37.813 [pool-1-thread-2] INFO  com.crawljax.core.Crawler - index has changed to: state829
18:58:37.813 [pool-1-thread-2] INFO  com.crawljax.core.Crawler - Did not add reload edge from state829 to state829
18:58:37.813 [pool-1-thread-2] INFO  c.crawljax.core.state.StateMachine - Cannot go to state: 'state139' from: 'state829'
18:58:37.813 [pool-1-thread-2] INFO  com.crawljax.core.Crawler - Not a valid path anymore state94: state812
18:58:37.813 [pool-1-thread-2] INFO  com.crawljax.core.Crawler - Tried to follow 
18:58:37.813 [pool-1-thread-2] INFO  com.crawljax.core.Crawler - state94_56_state139state139_57_state140state140_58_state29state29_59_state142state142_136_state380state380_139_state381state381_140_state382state382_143_state481state481_144_state3state3_145_state483state483_155_state492state492_156_state493state493_162_state498state498_0_state499state499_163_state580state580_164_state581state581_167_state583state583_170_state586state586_173_state589state589_177_state591state591_183_state595state595_184_state596state596_0_state597state597_0_state598state598_186_state688state688_189_state689state689_241_state815state815_229_state813state813_231_state818state818_233_state820state820_0_state713state713_219_state809state809_221_state810state810_222_state811state811_223_state812
18:58:37.813 [pool-1-thread-2] INFO  com.crawljax.core.Crawler - Saving failed backtracking path to 812
18:58:37.813 [pool-1-thread-2] INFO  com.crawljax.core.Crawler - backtrack status: false, reached NearDuplicate : -1 
18:58:40.578 [pool-1-thread-2] INFO  com.crawljax.core.Crawler - index has changed to: state829
18:58:40.579 [pool-1-thread-2] INFO  com.crawljax.core.Crawler - Did not add reload edge from state829 to state829
18:58:40.579 [pool-1-thread-2] INFO  c.crawljax.core.state.StateMachine - Cannot go to state: 'state232' from: 'state829'
18:58:40.579 [pool-1-thread-2] INFO  com.crawljax.core.Crawler - Not a valid path anymore state160: state812
18:58:40.579 [pool-1-thread-2] INFO  com.crawljax.core.Crawler - Tried to follow 
18:58:40.579 [pool-1-thread-2] INFO  com.crawljax.core.Crawler - state160_81_state232state232_83_state233state233_84_state234state234_85_state3state3_145_state483state483_155_state492state492_156_state493state493_162_state498state498_0_state499state499_163_state580state580_164_state581state581_167_state583state583_170_state586state586_173_state589state589_177_state591state591_183_state595state595_184_state596state596_0_state597state597_0_state598state598_186_state688state688_189_state689state689_241_state815state815_229_state813state813_231_state818state818_233_state820state820_0_state713state713_219_state809state809_221_state810state810_222_state811state811_223_state812
18:58:40.579 [pool-1-thread-2] INFO  com.crawljax.core.Crawler - Saving failed backtracking path to 812
18:58:40.579 [pool-1-thread-2] INFO  com.crawljax.core.Crawler - backtrack status: false, reached NearDuplicate : -1 
18:58:43.373 [pool-1-thread-2] INFO  com.crawljax.core.Crawler - index has changed to: state829
18:58:43.373 [pool-1-thread-2] INFO  com.crawljax.core.Crawler - Did not add reload edge from state829 to state829
18:58:43.373 [pool-1-thread-2] INFO  c.crawljax.core.state.StateMachine - Cannot go to state: 'state232' from: 'state829'
18:58:43.373 [pool-1-thread-2] INFO  com.crawljax.core.Crawler - Not a valid path anymore state263: state812
18:58:43.373 [pool-1-thread-2] INFO  com.crawljax.core.Crawler - Tried to follow 
18:58:43.373 [pool-1-thread-2] INFO  com.crawljax.core.Crawler - state263_117_state232state232_83_state233state233_84_state234state234_85_state3state3_145_state483state483_155_state492state492_156_state493state493_162_state498state498_0_state499state499_163_state580state580_164_state581state581_167_state583state583_170_state586state586_173_state589state589_177_state591state591_183_state595state595_184_state596state596_0_state597state597_0_state598state598_186_state688state688_189_state689state689_241_state815state815_229_state813state813_231_state818state818_233_state820state820_0_state713state713_219_state809state809_221_state810state810_222_state811state811_223_state812
18:58:43.373 [pool-1-thread-2] INFO  com.crawljax.core.Crawler - Saving failed backtracking path to 812
18:58:43.373 [pool-1-thread-2] INFO  com.crawljax.core.Crawler - backtrack status: false, reached NearDuplicate : -1 
18:58:46.137 [pool-1-thread-2] INFO  com.crawljax.core.Crawler - index has changed to: state829
18:58:46.137 [pool-1-thread-2] INFO  com.crawljax.core.Crawler - Did not add reload edge from state829 to state829
18:58:46.137 [pool-1-thread-2] INFO  c.crawljax.core.state.StateMachine - Cannot go to state: 'state481' from: 'state829'
18:58:46.137 [pool-1-thread-2] INFO  com.crawljax.core.Crawler - Not a valid path anymore state382: state812
18:58:46.137 [pool-1-thread-2] INFO  com.crawljax.core.Crawler - Tried to follow 
18:58:46.137 [pool-1-thread-2] INFO  com.crawljax.core.Crawler - state382_143_state481state481_144_state3state3_145_state483state483_155_state492state492_156_state493state493_162_state498state498_0_state499state499_163_state580state580_164_state581state581_167_state583state583_170_state586state586_173_state589state589_177_state591state591_183_state595state595_184_state596state596_0_state597state597_0_state598state598_186_state688state688_189_state689state689_241_state815state815_229_state813state813_231_state818state818_233_state820state820_0_state713state713_219_state809state809_221_state810state810_222_state811state811_223_state812
18:58:46.137 [pool-1-thread-2] INFO  com.crawljax.core.Crawler - Saving failed backtracking path to 812
18:58:46.137 [pool-1-thread-2] INFO  com.crawljax.core.Crawler - backtrack status: false, reached NearDuplicate : -1 
18:58:48.892 [pool-1-thread-2] INFO  com.crawljax.core.Crawler - index has changed to: state829
18:58:48.892 [pool-1-thread-2] INFO  com.crawljax.core.Crawler - Did not add reload edge from state829 to state829
18:58:48.892 [pool-1-thread-2] INFO  c.crawljax.core.state.StateMachine - Cannot go to state: 'state580' from: 'state829'
18:58:48.892 [pool-1-thread-2] INFO  com.crawljax.core.Crawler - Not a valid path anymore state499: state812
18:58:48.892 [pool-1-thread-2] INFO  com.crawljax.core.Crawler - Tried to follow 
18:58:48.892 [pool-1-thread-2] INFO  com.crawljax.core.Crawler - state499_163_state580state580_164_state581state581_167_state583state583_170_state586state586_173_state589state589_177_state591state591_183_state595state595_184_state596state596_0_state597state597_0_state598state598_186_state688state688_189_state689state689_241_state815state815_229_state813state813_231_state818state818_233_state820state820_0_state713state713_219_state809state809_221_state810state810_222_state811state811_223_state812
18:58:48.892 [pool-1-thread-2] INFO  com.crawljax.core.Crawler - Saving failed backtracking path to 812
18:58:48.892 [pool-1-thread-2] INFO  com.crawljax.core.Crawler - backtrack status: false, reached NearDuplicate : -1 
18:58:51.644 [pool-1-thread-2] INFO  com.crawljax.core.Crawler - index has changed to: state829
18:58:51.644 [pool-1-thread-2] INFO  com.crawljax.core.Crawler - Did not add reload edge from state829 to state829
18:58:51.644 [pool-1-thread-2] INFO  c.crawljax.core.state.StateMachine - Cannot go to state: 'state598' from: 'state829'
18:58:51.644 [pool-1-thread-2] INFO  com.crawljax.core.Crawler - Not a valid path anymore state597: state812
18:58:51.644 [pool-1-thread-2] INFO  com.crawljax.core.Crawler - Tried to follow 
18:58:51.644 [pool-1-thread-2] INFO  com.crawljax.core.Crawler - state597_0_state598state598_186_state688state688_189_state689state689_241_state815state815_229_state813state813_231_state818state818_233_state820state820_0_state713state713_219_state809state809_221_state810state810_222_state811state811_223_state812
18:58:51.644 [pool-1-thread-2] INFO  com.crawljax.core.Crawler - Saving failed backtracking path to 812
18:58:51.644 [pool-1-thread-2] INFO  com.crawljax.core.Crawler - backtrack status: false, reached NearDuplicate : -1 
18:58:52.124 [pool-1-thread-1] INFO  com.crawljax.core.CrawlController - Time is up! Shutting down...
18:58:52.124 [main] INFO  com.crawljax.core.CrawlController - Received shutdown notice. Reason is Maximum time passed
18:58:52.132 [pool-1-thread-2] ERROR com.crawljax.core.CrawlTaskConsumer - Could not complete state crawl task: Error communicating with the remote browser. It may have died.
Build info: version: '4.9.0', revision: 'd7057100a6'
System info: os.name: 'Linux', os.arch: 'amd64', os.version: '6.6.87.2-microsoft-standard-WSL2', java.version: '17.0.18'
Driver info: org.openqa.selenium.remote.RemoteWebDriver
Command: [49e3ab411ca8a98a794c99457cfea12e, getCurrentUrl {}]
Capabilities {acceptInsecureCerts: false, browserName: chrome, browserVersion: 112.0.5615.165, chrome: {chromedriverVersion: 112.0.5615.49 (bd2a7bcb881c..., userDataDir: /tmp/.com.google.Chrome.vvnfHk}, goog:chromeOptions: {debuggerAddress: localhost:36375}, networkConnectionEnabled: false, pageLoadStrategy: normal, platformName: LINUX, proxy: Proxy(), se:bidiEnabled: false, se:cdp: ws://172.22.0.4:4444/sessio..., se:cdpVersion: 112.0.5615.165, se:vnc: ws://172.22.0.4:4444/sessio..., se:vncEnabled: true, se:vncLocalAddress: ws://172.22.0.4:7900, setWindowRect: true, strictFileInteractability: false, timeouts: {implicit: 0, pageLoad: 300000, script: 30000}, unhandledPromptBehavior: dismiss and notify, webauthn:extension:credBlob: true, webauthn:extension:largeBlob: true, webauthn:extension:minPinLength: true, webauthn:extension:prf: true, webauthn:virtualAuthenticators: true}
Session ID: 49e3ab411ca8a98a794c99457cfea12e
org.openqa.selenium.remote.UnreachableBrowserException: Error communicating with the remote browser. It may have died.
Build info: version: '4.9.0', revision: 'd7057100a6'
System info: os.name: 'Linux', os.arch: 'amd64', os.version: '6.6.87.2-microsoft-standard-WSL2', java.version: '17.0.18'
Driver info: org.openqa.selenium.remote.RemoteWebDriver
Command: [49e3ab411ca8a98a794c99457cfea12e, getCurrentUrl {}]
Capabilities {acceptInsecureCerts: false, browserName: chrome, browserVersion: 112.0.5615.165, chrome: {chromedriverVersion: 112.0.5615.49 (bd2a7bcb881c..., userDataDir: /tmp/.com.google.Chrome.vvnfHk}, goog:chromeOptions: {debuggerAddress: localhost:36375}, networkConnectionEnabled: false, pageLoadStrategy: normal, platformName: LINUX, proxy: Proxy(), se:bidiEnabled: false, se:cdp: ws://172.22.0.4:4444/sessio..., se:cdpVersion: 112.0.5615.165, se:vnc: ws://172.22.0.4:4444/sessio..., se:vncEnabled: true, se:vncLocalAddress: ws://172.22.0.4:7900, setWindowRect: true, strictFileInteractability: false, timeouts: {implicit: 0, pageLoad: 300000, script: 30000}, unhandledPromptBehavior: dismiss and notify, webauthn:extension:credBlob: true, webauthn:extension:largeBlob: true, webauthn:extension:minPinLength: true, webauthn:extension:prf: true, webauthn:virtualAuthenticators: true}
Session ID: 49e3ab411ca8a98a794c99457cfea12e
	at org.openqa.selenium.remote.RemoteWebDriver.execute(RemoteWebDriver.java:567)
	at org.openqa.selenium.remote.RemoteWebDriver.execute(RemoteWebDriver.java:598)
	at org.openqa.selenium.remote.RemoteWebDriver.execute(RemoteWebDriver.java:602)
	at org.openqa.selenium.remote.RemoteWebDriver.getCurrentUrl(RemoteWebDriver.java:309)
	at com.crawljax.browser.WebDriverBackedEmbeddedBrowser.getCurrentUrl(WebDriverBackedEmbeddedBrowser.java:580)
	at com.crawljax.core.state.StateMachine.newStateFor(StateMachine.java:58)
	at com.crawljax.core.Crawler.checkOnURLState(Crawler.java:323)
	at com.crawljax.core.Crawler.reset(Crawler.java:314)
	at com.crawljax.core.Crawler.reachFromHome(Crawler.java:534)
	at com.crawljax.core.Crawler.execute(Crawler.java:407)
	at com.crawljax.core.CrawlTaskConsumer.handleTask(CrawlTaskConsumer.java:86)
	at com.crawljax.core.CrawlTaskConsumer.pollAndHandleCrawlTasks(CrawlTaskConsumer.java:75)
	at com.crawljax.core.CrawlTaskConsumer.call(CrawlTaskConsumer.java:40)
	at com.crawljax.core.CrawlTaskConsumer.call(CrawlTaskConsumer.java:14)
	at java.base/java.util.concurrent.FutureTask.run(FutureTask.java:264)
	at java.base/java.util.concurrent.ThreadPoolExecutor.runWorker(ThreadPoolExecutor.java:1136)
	at java.base/java.util.concurrent.ThreadPoolExecutor$Worker.run(ThreadPoolExecutor.java:635)
	at java.base/java.lang.Thread.run(Thread.java:840)
Caused by: java.lang.RuntimeException: NettyHttpHandler request interrupted
	at org.openqa.selenium.remote.http.netty.NettyHttpHandler.makeCall(NettyHttpHandler.java:63)
	at org.openqa.selenium.remote.http.AddSeleniumUserAgent.lambda$apply$0(AddSeleniumUserAgent.java:42)
	at org.openqa.selenium.remote.http.Filter.lambda$andFinally$1(Filter.java:56)
	at org.openqa.selenium.remote.http.netty.NettyHttpHandler.execute(NettyHttpHandler.java:49)
	at org.openqa.selenium.remote.http.AddSeleniumUserAgent.lambda$apply$0(AddSeleniumUserAgent.java:42)
	at org.openqa.selenium.remote.http.Filter.lambda$andFinally$1(Filter.java:56)
	at org.openqa.selenium.remote.http.netty.NettyClient.execute(NettyClient.java:99)
	at org.openqa.selenium.remote.HttpCommandExecutor.execute(HttpCommandExecutor.java:190)
	at org.openqa.selenium.remote.RemoteWebDriver.execute(RemoteWebDriver.java:543)
	... 17 common frames omitted
Caused by: java.lang.InterruptedException: null
	at java.base/java.util.concurrent.CompletableFuture.reportGet(CompletableFuture.java:386)
	at java.base/java.util.concurrent.CompletableFuture.get(CompletableFuture.java:2096)
	at org.asynchttpclient.netty.NettyResponseFuture.get(NettyResponseFuture.java:206)
	at org.openqa.selenium.remote.http.netty.NettyHttpHandler.makeCall(NettyHttpHandler.java:59)
	... 25 common frames omitted
18:58:52.135 [pool-1-thread-2] INFO  c.c.core.UnfiredFragmentCandidates - There are 11 states with unfired actions: [813, 815, 818, 822, 823, 689, 829, 830, 831, 713, 812]
18:58:52.135 [pool-1-thread-2] INFO  com.crawljax.core.Crawler - Crawler thread interrupted. Flushing crawlpaths
18:58:52.135 [pool-1-thread-2] INFO  com.crawljax.core.Crawler - BT-state812:failed:-1
18:58:52.135 [pool-1-thread-2] INFO  com.crawljax.core.Crawler - Adding current crawlpath
18:58:52.191 [pool-1-thread-2] ERROR c.c.f.FragmentationPlugin - Error exporting Crawlpaths
18:58:52.191 [pool-1-thread-2] INFO  com.crawljax.core.Crawler - Closing browser
18:58:52.191 [pool-1-thread-2] INFO  c.c.b.WebDriverBackedEmbeddedBrowser - Closing the browser...
Exploração finalizada. Motivo: Maximum time passed
Iniciando persistência dos estados e transições no Neo4j...
18:58:52.216 [ForkJoinPool.commonPool-worker-2] WARN  i.g.bonigarcia.wdm.WebDriverManager - WebDriver object(s) not available
✓ Nós consolidados: 48 URLs únicas de 94 estados
Persistência concluída no Neo4j. Nós: 48 | Arestas: 137
18:58:55.321 [main] INFO  com.crawljax.core.CrawlController - Shutdown process complete
