$ docker compose run --rm crawljax_java

 Container neo4j_graph  Running
Iniciando exploração no alvo: https://demowebshop.tricentis.com/
Aguardando Selenium ficar pronto em: http://selenium_chrome:4444/wd/hub/status | http://selenium_chrome:4444/status
Selenium pronto para receber sessões WebDriver.
Perfil de exploracao -> depth=8, states=400, runtime(min)=45, waitReload(ms)=3000, waitEvent(ms)=2200, clickOnce=true, randomOrder=false
Manifesto da exploracao -> /app/output/crawl_run_manifest.json
21:52:49.025 [main] INFO  com.crawljax.core.plugin.Plugins - Loaded br.ufrn.mestrado.plugin.SemanticExportPlugin@10993713 as a OnNewStatePlugin
21:52:49.030 [main] INFO  com.crawljax.core.plugin.Plugins - Loaded br.ufrn.mestrado.plugin.SemanticExportPlugin@10993713 as a PreStateCrawlingPlugin
21:52:49.031 [main] INFO  com.crawljax.core.plugin.Plugins - Loaded br.ufrn.mestrado.plugin.SemanticExportPlugin@10993713 as a PostCrawlingPlugin
21:52:58.287 [main] INFO  c.c.core.UnfiredFragmentCandidates - There are 1 states with unfired actions: [0]
21:52:58.291 [main] INFO  c.c.c.state.InMemoryStateFlowGraph - Number of states in the graph is now 1
21:52:58.305 [pool-1-thread-2] INFO  com.crawljax.core.Crawler - backtrack status: true, reached NearDuplicate : -1 
21:52:58.311 [pool-1-thread-2] INFO  com.crawljax.core.Crawler -  Event xpath /HTML[1]/BODY[1]/DIV[4]/DIV[1]/DIV[1]/DIV[1]/A[1]
21:52:58.368 [pool-1-thread-2] INFO  com.crawljax.core.Crawler - Changing related inputs for 1 with 0  to 0 
21:52:58.535 [pool-1-thread-2] INFO  c.c.core.UnfiredFragmentCandidates - Changing related inputs to worked inputs 0 for 1
21:52:58.536 [pool-1-thread-2] INFO  c.c.core.UnfiredFragmentCandidates - event 1 - Before 0
21:52:58.536 [pool-1-thread-2] INFO  c.c.core.UnfiredFragmentCandidates - event 1 - After 0
21:52:58.536 [pool-1-thread-2] INFO  c.c.core.UnfiredFragmentCandidates - input for 1, 0
21:53:04.674 [pool-1-thread-2] INFO  com.crawljax.core.Crawler -  Event xpath /HTML[1]/BODY[1]/DIV[4]/DIV[1]/DIV[1]/DIV[2]/DIV[1]/UL[1]/LI[1]/A[1]
21:53:04.735 [pool-1-thread-2] INFO  com.crawljax.core.Crawler - Changing related inputs for 2 with 0  to 0 
21:53:04.913 [pool-1-thread-2] INFO  c.c.core.UnfiredFragmentCandidates - Changing related inputs to worked inputs 0 for 2
21:53:04.913 [pool-1-thread-2] INFO  c.c.core.UnfiredFragmentCandidates - event 2 - Before 0
21:53:04.913 [pool-1-thread-2] INFO  c.c.core.UnfiredFragmentCandidates - event 2 - After 0
21:53:04.914 [pool-1-thread-2] INFO  c.c.core.UnfiredFragmentCandidates - input for 2, 0
21:53:08.575 [pool-1-thread-2] INFO  c.c.c.state.InMemoryStateFlowGraph - Number of states in the graph is now 2
21:53:08.579 [pool-1-thread-2] INFO  c.crawljax.core.state.StateMachine - State state2 added to the StateMachine.
21:53:08.718 [pool-1-thread-2] INFO  com.crawljax.core.Crawler - New DOM is a new state! crawl depth is now 1
21:53:08.719 [pool-1-thread-2] INFO  com.crawljax.core.Crawler - Parsing DOM of state state2 for candidate elements
21:53:08.867 [pool-1-thread-2] INFO  c.c.core.UnfiredFragmentCandidates - There are 1 states with unfired actions: [2]
21:53:08.878 [pool-1-thread-2] INFO  com.crawljax.core.Crawler -  Event xpath /HTML[1]/BODY[1]/DIV[4]/DIV[1]/DIV[4]/DIV[2]/FORM[1]/DIV[1]/DIV[2]/DIV[4]/INPUT[1]
21:53:08.913 [pool-1-thread-2] INFO  com.crawljax.core.Crawler - Changing related inputs for 3 with 0  to 0 
21:53:09.025 [pool-1-thread-2] INFO  c.c.core.UnfiredFragmentCandidates - Changing related inputs to worked inputs 0 for 3
21:53:09.026 [pool-1-thread-2] INFO  c.c.core.UnfiredFragmentCandidates - event 3 - Before 0
21:53:09.026 [pool-1-thread-2] INFO  c.c.core.UnfiredFragmentCandidates - event 3 - After 0
21:53:09.026 [pool-1-thread-2] INFO  c.c.core.UnfiredFragmentCandidates - input for 3, 0
21:53:12.231 [pool-1-thread-2] INFO  c.c.c.state.InMemoryStateFlowGraph - Number of states in the graph is now 3
21:53:12.232 [pool-1-thread-2] INFO  c.crawljax.core.state.StateMachine - State state3 added to the StateMachine.
21:53:12.346 [pool-1-thread-2] INFO  com.crawljax.core.Crawler - New DOM is a new state! crawl depth is now 2
21:53:12.346 [pool-1-thread-2] INFO  com.crawljax.core.Crawler - Parsing DOM of state state3 for candidate elements
21:53:12.413 [pool-1-thread-2] INFO  com.crawljax.core.Crawler - Resetting the crawler and Going to state index
21:53:12.430 [pool-1-thread-2] INFO  com.crawljax.core.CrawlSession - Adding CrawlPath to session !!
21:53:12.431 [pool-1-thread-2] INFO  com.crawljax.core.Crawler - BT-state0:-1index_2_state2state2_3_state3
21:53:15.203 [pool-1-thread-2] INFO  com.crawljax.core.Crawler - Added a reload edge from state3 to index
21:53:15.210 [pool-1-thread-2] INFO  com.crawljax.core.Crawler - backtrack status: true, reached NearDuplicate : -1 
21:53:15.210 [pool-1-thread-2] INFO  com.crawljax.core.Crawler -  Event xpath /HTML[1]/BODY[1]/DIV[4]/DIV[1]/DIV[1]/DIV[2]/DIV[1]/UL[1]/LI[2]/A[1]
21:53:15.233 [pool-1-thread-2] INFO  com.crawljax.core.Crawler - Changing related inputs for 4 with 0  to 0 
21:53:15.330 [pool-1-thread-2] INFO  c.c.core.UnfiredFragmentCandidates - Changing related inputs to worked inputs 0 for 4
21:53:15.330 [pool-1-thread-2] INFO  c.c.core.UnfiredFragmentCandidates - event 4 - Before 0
21:53:15.330 [pool-1-thread-2] INFO  c.c.core.UnfiredFragmentCandidates - event 4 - After 0
21:53:15.330 [pool-1-thread-2] INFO  c.c.core.UnfiredFragmentCandidates - input for 4, 0
21:53:18.925 [pool-1-thread-2] INFO  c.c.c.state.InMemoryStateFlowGraph - Number of states in the graph is now 4
21:53:18.925 [pool-1-thread-2] INFO  c.crawljax.core.state.StateMachine - State state5 added to the StateMachine.
21:53:19.033 [pool-1-thread-2] INFO  com.crawljax.core.Crawler - New DOM is a new state! crawl depth is now 1
21:53:19.034 [pool-1-thread-2] INFO  com.crawljax.core.Crawler - Parsing DOM of state state5 for candidate elements
21:53:19.091 [pool-1-thread-2] INFO  c.c.core.UnfiredFragmentCandidates - There are 2 states with unfired actions: [2, 5]
21:53:19.101 [pool-1-thread-2] INFO  com.crawljax.core.Crawler -  Event xpath /HTML[1]/BODY[1]/DIV[4]/DIV[1]/DIV[4]/DIV[2]/DIV[1]/DIV[2]/DIV[1]/DIV[2]/DIV[2]/FORM[1]/DIV[4]/SPAN[1]/A[1]
21:53:19.123 [pool-1-thread-2] INFO  com.crawljax.core.Crawler - Changing related inputs for 5 with 0  to 0 
21:53:19.221 [pool-1-thread-2] INFO  c.c.core.UnfiredFragmentCandidates - Changing related inputs to worked inputs 0 for 5
21:53:19.221 [pool-1-thread-2] INFO  c.c.core.UnfiredFragmentCandidates - event 5 - Before 0
21:53:19.221 [pool-1-thread-2] INFO  c.c.core.UnfiredFragmentCandidates - event 5 - After 0
21:53:19.221 [pool-1-thread-2] INFO  c.c.core.UnfiredFragmentCandidates - input for 5, 0
21:53:22.814 [pool-1-thread-2] INFO  c.c.c.state.InMemoryStateFlowGraph - Number of states in the graph is now 5
21:53:22.815 [pool-1-thread-2] INFO  c.crawljax.core.state.StateMachine - State state6 added to the StateMachine.
21:53:22.938 [pool-1-thread-2] INFO  com.crawljax.core.Crawler - New DOM is a new state! crawl depth is now 2
21:53:22.938 [pool-1-thread-2] INFO  com.crawljax.core.Crawler - Parsing DOM of state state6 for candidate elements
21:53:22.974 [pool-1-thread-2] INFO  c.c.core.UnfiredFragmentCandidates - There are 3 states with unfired actions: [2, 5, 6]
21:53:22.984 [pool-1-thread-2] INFO  com.crawljax.core.Crawler -  Event xpath /HTML[1]/BODY[1]/DIV[4]/DIV[1]/DIV[4]/DIV[2]/DIV[1]/DIV[2]/FORM[1]/DIV[2]/INPUT[1]
21:53:23.008 [pool-1-thread-2] INFO  com.crawljax.core.Crawler - Changing related inputs for 6 with 0  to 0 
21:53:23.106 [pool-1-thread-2] INFO  c.c.core.UnfiredFragmentCandidates - Changing related inputs to worked inputs 0 for 6
21:53:23.106 [pool-1-thread-2] INFO  c.c.core.UnfiredFragmentCandidates - event 6 - Before 0
21:53:23.106 [pool-1-thread-2] INFO  c.c.core.UnfiredFragmentCandidates - event 6 - After 0
21:53:23.106 [pool-1-thread-2] INFO  c.c.core.UnfiredFragmentCandidates - input for 6, 0
21:53:26.291 [pool-1-thread-2] INFO  c.c.c.state.InMemoryStateFlowGraph - Number of states in the graph is now 6
21:53:26.292 [pool-1-thread-2] INFO  c.crawljax.core.state.StateMachine - State state7 added to the StateMachine.
21:53:26.398 [pool-1-thread-2] INFO  com.crawljax.core.Crawler - New DOM is a new state! crawl depth is now 3
21:53:26.399 [pool-1-thread-2] INFO  com.crawljax.core.Crawler - Parsing DOM of state state7 for candidate elements
21:53:26.452 [pool-1-thread-2] INFO  c.c.core.UnfiredFragmentCandidates - There are 3 states with unfired actions: [2, 5, 0]
21:53:26.452 [pool-1-thread-2] INFO  com.crawljax.core.Crawler - Resetting the crawler and Going to state state2
21:53:26.467 [pool-1-thread-2] INFO  com.crawljax.core.CrawlSession - Adding CrawlPath to session !!
21:53:26.467 [pool-1-thread-2] INFO  com.crawljax.core.Crawler - BT-state0:-1index_4_state5state5_5_state6state6_6_state7
21:53:29.265 [pool-1-thread-2] INFO  com.crawljax.core.Crawler - Added a reload edge from state7 to index
21:53:29.267 [pool-1-thread-2] INFO  c.c.core.UnfiredFragmentCandidates - input map size 6
21:53:29.268 [pool-1-thread-2] INFO  c.c.core.UnfiredFragmentCandidates - input map size 6
21:53:29.268 [pool-1-thread-2] INFO  com.crawljax.core.Crawler - Used a form input combination for backtracking 2
21:53:32.874 [pool-1-thread-2] INFO  com.crawljax.core.Crawler - Crawl depth is now 1
21:53:32.875 [pool-1-thread-2] INFO  com.crawljax.core.Crawler - backtrack status: true, reached NearDuplicate : -1 
21:53:32.875 [pool-1-thread-2] INFO  com.crawljax.core.Crawler -  Event xpath /HTML[1]/BODY[1]/DIV[4]/DIV[1]/DIV[4]/DIV[1]/DIV[3]/DIV[2]/DIV[1]/DIV[2]/INPUT[1]
21:53:32.894 [pool-1-thread-2] INFO  com.crawljax.core.Crawler - Changing related inputs for 7 with 0  to 0 
21:53:32.983 [pool-1-thread-2] INFO  c.c.core.UnfiredFragmentCandidates - Changing related inputs to worked inputs 0 for 7
21:53:32.984 [pool-1-thread-2] INFO  c.c.core.UnfiredFragmentCandidates - event 7 - Before 0
21:53:32.984 [pool-1-thread-2] INFO  c.c.core.UnfiredFragmentCandidates - event 7 - After 0
21:53:32.984 [pool-1-thread-2] INFO  c.c.core.UnfiredFragmentCandidates - input for 7, 0
21:53:38.488 [pool-1-thread-2] INFO  c.c.c.state.InMemoryStateFlowGraph - Number of states in the graph is now 7
21:53:38.489 [pool-1-thread-2] INFO  c.crawljax.core.state.StateMachine - State state9 added to the StateMachine.
21:53:38.615 [pool-1-thread-2] INFO  com.crawljax.core.Crawler - New DOM is a new state! crawl depth is now 2
21:53:38.615 [pool-1-thread-2] INFO  com.crawljax.core.Crawler - Parsing DOM of state state9 for candidate elements
21:53:38.665 [pool-1-thread-2] INFO  c.c.core.UnfiredFragmentCandidates - There are 3 states with unfired actions: [5, 0, 2]
21:53:38.665 [pool-1-thread-2] INFO  com.crawljax.core.Crawler - Resetting the crawler and Going to state state5
21:53:38.679 [pool-1-thread-2] INFO  com.crawljax.core.CrawlSession - Adding CrawlPath to session !!
21:53:38.679 [pool-1-thread-2] INFO  com.crawljax.core.Crawler - BT-state2:-1index_2_state2state2_7_state9
21:53:41.514 [pool-1-thread-2] INFO  com.crawljax.core.Crawler - Added a reload edge from state9 to index
21:53:41.514 [pool-1-thread-2] INFO  c.c.core.UnfiredFragmentCandidates - input map size 7
21:53:41.514 [pool-1-thread-2] INFO  c.c.core.UnfiredFragmentCandidates - input map size 7
21:53:41.514 [pool-1-thread-2] INFO  com.crawljax.core.Crawler - Used a form input combination for backtracking 4
21:53:45.129 [pool-1-thread-2] INFO  com.crawljax.core.Crawler - Crawl depth is now 1
21:53:45.129 [pool-1-thread-2] INFO  com.crawljax.core.Crawler - backtrack status: true, reached NearDuplicate : -1 
21:53:45.130 [pool-1-thread-2] INFO  com.crawljax.core.Crawler -  Event xpath /HTML[1]/BODY[1]/DIV[4]/DIV[1]/DIV[4]/DIV[2]/DIV[1]/DIV[2]/DIV[1]/DIV[2]/DIV[2]/FORM[1]/DIV[5]/INPUT[1]
21:53:45.148 [pool-1-thread-2] INFO  com.crawljax.core.Crawler - Changing related inputs for 8 with 0  to 0 
21:53:45.243 [pool-1-thread-2] INFO  c.c.core.UnfiredFragmentCandidates - Changing related inputs to worked inputs 0 for 8
21:53:45.243 [pool-1-thread-2] INFO  c.c.core.UnfiredFragmentCandidates - event 8 - Before 0
21:53:45.243 [pool-1-thread-2] INFO  c.c.core.UnfiredFragmentCandidates - event 8 - After 0
21:53:45.243 [pool-1-thread-2] INFO  c.c.core.UnfiredFragmentCandidates - input for 8, 0
21:53:48.833 [pool-1-thread-2] INFO  c.c.c.state.InMemoryStateFlowGraph - Number of states in the graph is now 8
21:53:48.834 [pool-1-thread-2] INFO  c.crawljax.core.state.StateMachine - State state11 added to the StateMachine.
21:53:48.945 [pool-1-thread-2] INFO  com.crawljax.core.Crawler - New DOM is a new state! crawl depth is now 2
21:53:48.945 [pool-1-thread-2] INFO  com.crawljax.core.Crawler - Parsing DOM of state state11 for candidate elements
21:53:48.995 [pool-1-thread-2] INFO  c.c.core.UnfiredFragmentCandidates - There are 3 states with unfired actions: [0, 2, 5]
21:53:48.995 [pool-1-thread-2] INFO  com.crawljax.core.Crawler - Resetting the crawler and Going to state index
21:53:49.008 [pool-1-thread-2] INFO  com.crawljax.core.CrawlSession - Adding CrawlPath to session !!
21:53:49.008 [pool-1-thread-2] INFO  com.crawljax.core.Crawler - BT-state5:-1index_4_state5state5_8_state11
21:53:51.785 [pool-1-thread-2] INFO  com.crawljax.core.Crawler - Added a reload edge from state11 to index
21:53:51.785 [pool-1-thread-2] INFO  com.crawljax.core.Crawler - backtrack status: true, reached NearDuplicate : -1 
21:53:51.785 [pool-1-thread-2] INFO  com.crawljax.core.Crawler -  Event xpath /HTML[1]/BODY[1]/DIV[4]/DIV[1]/DIV[1]/DIV[2]/DIV[1]/UL[1]/LI[3]/A[1]
21:53:51.805 [pool-1-thread-2] INFO  com.crawljax.core.Crawler - Changing related inputs for 9 with 0  to 0 
21:53:51.905 [pool-1-thread-2] INFO  c.c.core.UnfiredFragmentCandidates - Changing related inputs to worked inputs 0 for 9
21:53:51.905 [pool-1-thread-2] INFO  c.c.core.UnfiredFragmentCandidates - event 9 - Before 0
21:53:51.905 [pool-1-thread-2] INFO  c.c.core.UnfiredFragmentCandidates - event 9 - After 0
21:53:51.905 [pool-1-thread-2] INFO  c.c.core.UnfiredFragmentCandidates - input for 9, 0
21:53:55.638 [pool-1-thread-2] INFO  c.c.c.state.InMemoryStateFlowGraph - Number of states in the graph is now 9
21:53:55.639 [pool-1-thread-2] INFO  c.crawljax.core.state.StateMachine - State state13 added to the StateMachine.
21:53:55.750 [pool-1-thread-2] INFO  com.crawljax.core.Crawler - New DOM is a new state! crawl depth is now 1
21:53:55.750 [pool-1-thread-2] INFO  com.crawljax.core.Crawler - Parsing DOM of state state13 for candidate elements
21:53:55.782 [pool-1-thread-2] INFO  c.c.core.UnfiredFragmentCandidates - There are 3 states with unfired actions: [2, 5, 13]
21:53:55.791 [pool-1-thread-2] INFO  com.crawljax.core.Crawler -  Event xpath /HTML[1]/BODY[1]/DIV[4]/DIV[1]/DIV[4]/DIV[1]/DIV[1]/UL[1]/LI[1]/A[1]
21:53:55.811 [pool-1-thread-2] INFO  com.crawljax.core.Crawler - Changing related inputs for 10 with 0  to 0 
21:53:55.911 [pool-1-thread-2] INFO  c.c.core.UnfiredFragmentCandidates - Changing related inputs to worked inputs 0 for 10
21:53:55.911 [pool-1-thread-2] INFO  c.c.core.UnfiredFragmentCandidates - event 10 - Before 0
21:53:55.911 [pool-1-thread-2] INFO  c.c.core.UnfiredFragmentCandidates - event 10 - After 0
21:53:55.911 [pool-1-thread-2] INFO  c.c.core.UnfiredFragmentCandidates - input for 10, 0
21:53:59.495 [pool-1-thread-2] INFO  com.crawljax.core.Crawler -  Event xpath /HTML[1]/BODY[1]/DIV[4]/DIV[1]/DIV[4]/DIV[1]/DIV[1]/UL[1]/LI[2]/A[1]
21:53:59.511 [pool-1-thread-2] INFO  com.crawljax.core.Crawler - Changing related inputs for 11 with 0  to 0 
21:53:59.598 [pool-1-thread-2] INFO  c.c.core.UnfiredFragmentCandidates - Changing related inputs to worked inputs 0 for 11
21:53:59.599 [pool-1-thread-2] INFO  c.c.core.UnfiredFragmentCandidates - event 11 - Before 0
21:53:59.599 [pool-1-thread-2] INFO  c.c.core.UnfiredFragmentCandidates - event 11 - After 0
21:53:59.599 [pool-1-thread-2] INFO  c.c.core.UnfiredFragmentCandidates - input for 11, 0
21:54:02.756 [pool-1-thread-2] INFO  com.crawljax.core.Crawler -  Event xpath /HTML[1]/BODY[1]/DIV[4]/DIV[1]/DIV[4]/DIV[1]/DIV[1]/UL[1]/LI[3]/A[1]
21:54:02.773 [pool-1-thread-2] INFO  com.crawljax.core.Crawler - Changing related inputs for 12 with 0  to 0 
21:54:02.866 [pool-1-thread-2] INFO  c.c.core.UnfiredFragmentCandidates - Changing related inputs to worked inputs 0 for 12
21:54:02.867 [pool-1-thread-2] INFO  c.c.core.UnfiredFragmentCandidates - event 12 - Before 0
21:54:02.867 [pool-1-thread-2] INFO  c.c.core.UnfiredFragmentCandidates - event 12 - After 0
21:54:02.867 [pool-1-thread-2] INFO  c.c.core.UnfiredFragmentCandidates - input for 12, 0
21:54:06.027 [pool-1-thread-2] INFO  com.crawljax.core.Crawler -  Event xpath /HTML[1]/BODY[1]/DIV[4]/DIV[1]/DIV[4]/DIV[1]/DIV[1]/UL[1]/LI[4]/A[1]
21:54:06.047 [pool-1-thread-2] INFO  com.crawljax.core.Crawler - Changing related inputs for 13 with 0  to 0 
21:54:06.139 [pool-1-thread-2] INFO  c.c.core.UnfiredFragmentCandidates - Changing related inputs to worked inputs 0 for 13
21:54:06.139 [pool-1-thread-2] INFO  c.c.core.UnfiredFragmentCandidates - event 13 - Before 0
21:54:06.140 [pool-1-thread-2] INFO  c.c.core.UnfiredFragmentCandidates - event 13 - After 0
21:54:06.140 [pool-1-thread-2] INFO  c.c.core.UnfiredFragmentCandidates - input for 13, 0
21:54:09.304 [pool-1-thread-2] INFO  com.crawljax.core.Crawler -  Event xpath /HTML[1]/BODY[1]/DIV[4]/DIV[1]/DIV[4]/DIV[1]/DIV[1]/UL[1]/LI[5]/A[1]
21:54:09.321 [pool-1-thread-2] INFO  com.crawljax.core.Crawler - Changing related inputs for 14 with 0  to 0 
21:54:09.411 [pool-1-thread-2] INFO  c.c.core.UnfiredFragmentCandidates - Changing related inputs to worked inputs 0 for 14
21:54:09.411 [pool-1-thread-2] INFO  c.c.core.UnfiredFragmentCandidates - event 14 - Before 0
21:54:09.411 [pool-1-thread-2] INFO  c.c.core.UnfiredFragmentCandidates - event 14 - After 0
21:54:09.411 [pool-1-thread-2] INFO  c.c.core.UnfiredFragmentCandidates - input for 14, 0
21:54:14.905 [pool-1-thread-2] INFO  com.crawljax.core.Crawler -  Event xpath /HTML[1]/BODY[1]/DIV[4]/DIV[1]/DIV[4]/DIV[1]/DIV[1]/UL[1]/LI[6]/A[1]
21:54:14.921 [pool-1-thread-2] INFO  com.crawljax.core.Crawler - Changing related inputs for 15 with 0  to 0 
21:54:15.008 [pool-1-thread-2] INFO  c.c.core.UnfiredFragmentCandidates - Changing related inputs to worked inputs 0 for 15
21:54:15.008 [pool-1-thread-2] INFO  c.c.core.UnfiredFragmentCandidates - event 15 - Before 0
21:54:15.008 [pool-1-thread-2] INFO  c.c.core.UnfiredFragmentCandidates - event 15 - After 0
21:54:15.008 [pool-1-thread-2] INFO  c.c.core.UnfiredFragmentCandidates - input for 15, 0
21:54:18.163 [pool-1-thread-2] INFO  c.c.core.UnfiredFragmentCandidates - There are 3 states with unfired actions: [2, 5, 0]
21:54:18.163 [pool-1-thread-2] INFO  com.crawljax.core.Crawler - Resetting the crawler and Going to state state2
21:54:18.174 [pool-1-thread-2] INFO  com.crawljax.core.CrawlSession - Adding CrawlPath to session !!
21:54:18.175 [pool-1-thread-2] INFO  com.crawljax.core.Crawler - BT-state0:-1index_9_state13
21:54:20.986 [pool-1-thread-2] INFO  com.crawljax.core.Crawler - Added a reload edge from state13 to index
21:54:20.986 [pool-1-thread-2] INFO  c.c.core.UnfiredFragmentCandidates - input map size 15
21:54:20.987 [pool-1-thread-2] INFO  c.c.core.UnfiredFragmentCandidates - input map size 15
21:54:20.987 [pool-1-thread-2] INFO  com.crawljax.core.Crawler - Used a form input combination for backtracking 2
21:54:24.603 [pool-1-thread-2] INFO  com.crawljax.core.Crawler - Crawl depth is now 1
21:54:24.603 [pool-1-thread-2] INFO  com.crawljax.core.Crawler - backtrack status: true, reached NearDuplicate : -1 
21:54:24.603 [pool-1-thread-2] INFO  com.crawljax.core.Crawler -  Event xpath /HTML[1]/BODY[1]/DIV[4]/DIV[1]/DIV[4]/DIV[2]/FORM[1]/DIV[1]/DIV[2]/DIV[2]/DIV[2]/DIV[1]/DIV[1]/INPUT[1]
21:54:24.627 [pool-1-thread-2] INFO  com.crawljax.core.Crawler - Changing related inputs for 16 with 0  to 0 
21:54:24.726 [pool-1-thread-2] INFO  c.c.core.UnfiredFragmentCandidates - Changing related inputs to worked inputs 0 for 16
21:54:24.726 [pool-1-thread-2] INFO  c.c.core.UnfiredFragmentCandidates - event 16 - Before 0
21:54:24.726 [pool-1-thread-2] INFO  c.c.core.UnfiredFragmentCandidates - event 16 - After 0
21:54:24.726 [pool-1-thread-2] INFO  c.c.core.UnfiredFragmentCandidates - input for 16, 0
21:54:27.901 [pool-1-thread-2] INFO  c.c.c.state.InMemoryStateFlowGraph - Number of states in the graph is now 10
21:54:27.902 [pool-1-thread-2] INFO  c.crawljax.core.state.StateMachine - State state21 added to the StateMachine.
21:54:28.010 [pool-1-thread-2] INFO  com.crawljax.core.Crawler - New DOM is a new state! crawl depth is now 2
21:54:28.010 [pool-1-thread-2] INFO  com.crawljax.core.Crawler - Parsing DOM of state state21 for candidate elements
21:54:28.061 [pool-1-thread-2] INFO  c.c.core.UnfiredFragmentCandidates - There are 3 states with unfired actions: [5, 0, 2]
21:54:28.061 [pool-1-thread-2] INFO  com.crawljax.core.Crawler - Resetting the crawler and Going to state state5
21:54:28.073 [pool-1-thread-2] INFO  com.crawljax.core.CrawlSession - Adding CrawlPath to session !!
21:54:28.074 [pool-1-thread-2] INFO  com.crawljax.core.Crawler - BT-state2:-1index_2_state2state2_16_state21
21:54:30.875 [pool-1-thread-2] INFO  com.crawljax.core.Crawler - Added a reload edge from state21 to index
21:54:30.876 [pool-1-thread-2] INFO  c.c.core.UnfiredFragmentCandidates - input map size 16
21:54:30.876 [pool-1-thread-2] INFO  c.c.core.UnfiredFragmentCandidates - input map size 16
21:54:30.876 [pool-1-thread-2] INFO  com.crawljax.core.Crawler - Used a form input combination for backtracking 4
21:54:34.445 [pool-1-thread-2] INFO  com.crawljax.core.Crawler - Crawl depth is now 1
21:54:34.446 [pool-1-thread-2] INFO  com.crawljax.core.Crawler - backtrack status: true, reached NearDuplicate : -1 
21:54:34.446 [pool-1-thread-2] INFO  com.crawljax.core.Crawler -  Event xpath /HTML[1]/BODY[1]/DIV[4]/DIV[1]/DIV[4]/DIV[2]/DIV[1]/DIV[2]/DIV[1]/DIV[1]/DIV[3]/INPUT[1]
21:54:34.462 [pool-1-thread-2] INFO  com.crawljax.core.Crawler - Changing related inputs for 17 with 0  to 0 
21:54:34.545 [pool-1-thread-2] INFO  c.c.core.UnfiredFragmentCandidates - Changing related inputs to worked inputs 0 for 17
21:54:34.545 [pool-1-thread-2] INFO  c.c.core.UnfiredFragmentCandidates - event 17 - Before 0
21:54:34.545 [pool-1-thread-2] INFO  c.c.core.UnfiredFragmentCandidates - event 17 - After 0
21:54:34.545 [pool-1-thread-2] INFO  c.c.core.UnfiredFragmentCandidates - input for 17, 0
21:54:38.150 [pool-1-thread-2] INFO  c.c.c.state.InMemoryStateFlowGraph - Number of states in the graph is now 11
21:54:38.151 [pool-1-thread-2] INFO  c.crawljax.core.state.StateMachine - State state23 added to the StateMachine.
21:54:38.277 [pool-1-thread-2] INFO  com.crawljax.core.Crawler - New DOM is a new state! crawl depth is now 2
21:54:38.277 [pool-1-thread-2] INFO  com.crawljax.core.Crawler - Parsing DOM of state state23 for candidate elements
21:54:38.324 [pool-1-thread-2] INFO  c.c.core.UnfiredFragmentCandidates - There are 3 states with unfired actions: [0, 2, 5]
21:54:38.325 [pool-1-thread-2] INFO  com.crawljax.core.Crawler - Resetting the crawler and Going to state index
21:54:38.337 [pool-1-thread-2] INFO  com.crawljax.core.CrawlSession - Adding CrawlPath to session !!
21:54:38.337 [pool-1-thread-2] INFO  com.crawljax.core.Crawler - BT-state5:-1index_4_state5state5_17_state23
21:54:41.138 [pool-1-thread-2] INFO  com.crawljax.core.Crawler - Added a reload edge from state23 to index
21:54:41.139 [pool-1-thread-2] INFO  com.crawljax.core.Crawler - backtrack status: true, reached NearDuplicate : -1 
21:54:41.139 [pool-1-thread-2] INFO  com.crawljax.core.Crawler -  Event xpath /HTML[1]/BODY[1]/DIV[4]/DIV[1]/DIV[1]/DIV[2]/DIV[1]/UL[1]/LI[4]/A[1]
21:54:41.158 [pool-1-thread-2] INFO  com.crawljax.core.Crawler - Changing related inputs for 18 with 0  to 0 
21:54:41.249 [pool-1-thread-2] INFO  c.c.core.UnfiredFragmentCandidates - Changing related inputs to worked inputs 0 for 18
21:54:41.249 [pool-1-thread-2] INFO  c.c.core.UnfiredFragmentCandidates - event 18 - Before 0
21:54:41.249 [pool-1-thread-2] INFO  c.c.core.UnfiredFragmentCandidates - event 18 - After 0
21:54:41.249 [pool-1-thread-2] INFO  c.c.core.UnfiredFragmentCandidates - input for 18, 0
21:54:47.162 [pool-1-thread-2] INFO  c.c.c.state.InMemoryStateFlowGraph - Number of states in the graph is now 12
21:54:47.162 [pool-1-thread-2] INFO  c.crawljax.core.state.StateMachine - State state25 added to the StateMachine.
21:54:47.269 [pool-1-thread-2] INFO  com.crawljax.core.Crawler - New DOM is a new state! crawl depth is now 1
21:54:47.269 [pool-1-thread-2] INFO  com.crawljax.core.Crawler - Parsing DOM of state state25 for candidate elements
21:54:47.296 [pool-1-thread-2] INFO  c.c.core.UnfiredFragmentCandidates - There are 3 states with unfired actions: [2, 5, 0]
21:54:47.296 [pool-1-thread-2] INFO  com.crawljax.core.Crawler - Resetting the crawler and Going to state state2
21:54:47.309 [pool-1-thread-2] INFO  com.crawljax.core.CrawlSession - Adding CrawlPath to session !!
21:54:47.309 [pool-1-thread-2] INFO  com.crawljax.core.Crawler - BT-state0:-1index_18_state25
21:54:50.150 [pool-1-thread-2] INFO  com.crawljax.core.Crawler - Added a reload edge from state25 to index
21:54:50.150 [pool-1-thread-2] INFO  c.c.core.UnfiredFragmentCandidates - input map size 18
21:54:50.151 [pool-1-thread-2] INFO  c.c.core.UnfiredFragmentCandidates - input map size 18
21:54:50.151 [pool-1-thread-2] INFO  com.crawljax.core.Crawler - Used a form input combination for backtracking 2
21:54:53.768 [pool-1-thread-2] INFO  com.crawljax.core.Crawler - Crawl depth is now 1
21:54:53.768 [pool-1-thread-2] INFO  com.crawljax.core.Crawler - backtrack status: true, reached NearDuplicate : -1 
21:54:53.768 [pool-1-thread-2] INFO  com.crawljax.core.Crawler -  Event xpath /HTML[1]/BODY[1]/DIV[4]/DIV[1]/DIV[4]/DIV[2]/FORM[1]/DIV[1]/DIV[2]/DIV[2]/DIV[2]/DIV[1]/DIV[2]/INPUT[1]
21:54:53.790 [pool-1-thread-2] INFO  com.crawljax.core.Crawler - Changing related inputs for 19 with 0  to 0 
21:54:53.935 [pool-1-thread-2] INFO  c.c.core.UnfiredFragmentCandidates - Changing related inputs to worked inputs 0 for 19
21:54:53.936 [pool-1-thread-2] INFO  c.c.core.UnfiredFragmentCandidates - event 19 - Before 0
21:54:53.936 [pool-1-thread-2] INFO  c.c.core.UnfiredFragmentCandidates - event 19 - After 0
21:54:53.936 [pool-1-thread-2] INFO  c.c.core.UnfiredFragmentCandidates - input for 19, 0
21:54:57.106 [pool-1-thread-2] INFO  c.c.c.state.InMemoryStateFlowGraph - Number of states in the graph is now 13
21:54:57.106 [pool-1-thread-2] INFO  c.crawljax.core.state.StateMachine - State state27 added to the StateMachine.
21:54:57.221 [pool-1-thread-2] INFO  com.crawljax.core.Crawler - New DOM is a new state! crawl depth is now 2
21:54:57.221 [pool-1-thread-2] INFO  com.crawljax.core.Crawler - Parsing DOM of state state27 for candidate elements
21:54:57.272 [pool-1-thread-2] INFO  com.crawljax.core.Crawler - Resetting the crawler and Going to state state5
21:54:57.288 [pool-1-thread-2] INFO  com.crawljax.core.CrawlSession - Adding CrawlPath to session !!
21:54:57.288 [pool-1-thread-2] INFO  com.crawljax.core.Crawler - BT-state2:-1index_2_state2state2_19_state27
21:55:00.096 [pool-1-thread-2] INFO  com.crawljax.core.Crawler - Added a reload edge from state27 to index
21:55:00.097 [pool-1-thread-2] INFO  c.c.core.UnfiredFragmentCandidates - input map size 19
21:55:00.097 [pool-1-thread-2] INFO  c.c.core.UnfiredFragmentCandidates - input map size 19
21:55:00.097 [pool-1-thread-2] INFO  com.crawljax.core.Crawler - Used a form input combination for backtracking 4
21:55:03.681 [pool-1-thread-2] INFO  com.crawljax.core.Crawler - Crawl depth is now 1
21:55:03.682 [pool-1-thread-2] INFO  com.crawljax.core.Crawler - backtrack status: true, reached NearDuplicate : -1 
21:55:03.682 [pool-1-thread-2] INFO  com.crawljax.core.Crawler -  Event xpath /HTML[1]/BODY[1]/DIV[4]/DIV[1]/DIV[4]/DIV[2]/DIV[1]/DIV[2]/DIV[1]/DIV[2]/DIV[2]/FORM[1]/DIV[4]/INPUT[1]
21:55:03.698 [pool-1-thread-2] INFO  com.crawljax.core.Crawler - Changing related inputs for 20 with 0  to 0 
21:55:03.785 [pool-1-thread-2] INFO  c.c.core.UnfiredFragmentCandidates - Changing related inputs to worked inputs 0 for 20
21:55:03.785 [pool-1-thread-2] INFO  c.c.core.UnfiredFragmentCandidates - event 20 - Before 0
21:55:03.785 [pool-1-thread-2] INFO  c.c.core.UnfiredFragmentCandidates - event 20 - After 0
21:55:03.785 [pool-1-thread-2] INFO  c.c.core.UnfiredFragmentCandidates - input for 20, 0
21:55:06.950 [pool-1-thread-2] INFO  com.crawljax.core.Crawler - Resetting the crawler and Going to state index
21:55:06.963 [pool-1-thread-2] INFO  com.crawljax.core.CrawlSession - Adding CrawlPath to session !!
21:55:06.963 [pool-1-thread-2] INFO  com.crawljax.core.Crawler - BT-state5:-1index_4_state5
21:55:09.730 [pool-1-thread-2] INFO  com.crawljax.core.Crawler - Added a reload edge from state5 to index
21:55:09.730 [pool-1-thread-2] INFO  com.crawljax.core.Crawler - backtrack status: true, reached NearDuplicate : -1 
21:55:09.731 [pool-1-thread-2] INFO  com.crawljax.core.Crawler -  Event xpath /HTML[1]/BODY[1]/DIV[4]/DIV[1]/DIV[2]/UL[1]/LI[1]/A[1]
21:55:09.751 [pool-1-thread-2] INFO  com.crawljax.core.Crawler - Changing related inputs for 21 with 0  to 0 
21:55:09.845 [pool-1-thread-2] INFO  c.c.core.UnfiredFragmentCandidates - Changing related inputs to worked inputs 0 for 21
21:55:09.846 [pool-1-thread-2] INFO  c.c.core.UnfiredFragmentCandidates - event 21 - Before 0
21:55:09.846 [pool-1-thread-2] INFO  c.c.core.UnfiredFragmentCandidates - event 21 - After 0
21:55:09.846 [pool-1-thread-2] INFO  c.c.core.UnfiredFragmentCandidates - input for 21, 0
21:55:14.233 [pool-1-thread-2] INFO  c.c.c.state.InMemoryStateFlowGraph - Number of states in the graph is now 14
21:55:14.233 [pool-1-thread-2] INFO  c.crawljax.core.state.StateMachine - State state31 added to the StateMachine.
21:55:14.365 [pool-1-thread-2] INFO  com.crawljax.core.Crawler - New DOM is a new state! crawl depth is now 1
21:55:14.365 [pool-1-thread-2] INFO  com.crawljax.core.Crawler - Parsing DOM of state state31 for candidate elements
21:55:14.428 [pool-1-thread-2] INFO  c.c.core.UnfiredFragmentCandidates - There are 1 states with unfired actions: [31]
21:55:14.442 [pool-1-thread-2] INFO  com.crawljax.core.Crawler -  Event xpath /HTML[1]/BODY[1]/DIV[4]/DIV[1]/DIV[4]/DIV[2]/DIV[1]/UL[1]/LI[1]/A[1]
21:55:14.464 [pool-1-thread-2] INFO  com.crawljax.core.Crawler - Changing related inputs for 22 with 0  to 0 
21:55:14.562 [pool-1-thread-2] INFO  c.c.core.UnfiredFragmentCandidates - Changing related inputs to worked inputs 0 for 22
21:55:14.562 [pool-1-thread-2] INFO  c.c.core.UnfiredFragmentCandidates - event 22 - Before 0
21:55:14.562 [pool-1-thread-2] INFO  c.c.core.UnfiredFragmentCandidates - event 22 - After 0
21:55:14.562 [pool-1-thread-2] INFO  c.c.core.UnfiredFragmentCandidates - input for 22, 0
21:55:18.246 [pool-1-thread-2] INFO  c.crawljax.core.state.StateMachine - CLONE State detected: state32 and index are the same.
21:55:18.259 [pool-1-thread-2] INFO  com.crawljax.core.Crawler -  Event xpath /HTML[1]/BODY[1]/DIV[4]/DIV[1]/DIV[2]/UL[1]/LI[2]/A[1]
21:55:18.279 [pool-1-thread-2] INFO  com.crawljax.core.Crawler - Changing related inputs for 23 with 0  to 0 
21:55:18.392 [pool-1-thread-2] INFO  c.c.core.UnfiredFragmentCandidates - Changing related inputs to worked inputs 0 for 23
21:55:18.392 [pool-1-thread-2] INFO  c.c.core.UnfiredFragmentCandidates - event 23 - Before 0
21:55:18.392 [pool-1-thread-2] INFO  c.c.core.UnfiredFragmentCandidates - event 23 - After 0
21:55:18.392 [pool-1-thread-2] INFO  c.c.core.UnfiredFragmentCandidates - input for 23, 0
21:55:24.505 [pool-1-thread-2] INFO  c.c.c.state.InMemoryStateFlowGraph - Number of states in the graph is now 15
21:55:24.506 [pool-1-thread-2] INFO  c.crawljax.core.state.StateMachine - State state33 added to the StateMachine.
21:55:24.627 [pool-1-thread-2] INFO  com.crawljax.core.Crawler - New DOM is a new state! crawl depth is now 2
21:55:24.627 [pool-1-thread-2] INFO  com.crawljax.core.Crawler - Parsing DOM of state state33 for candidate elements
21:55:24.659 [pool-1-thread-2] INFO  c.c.core.UnfiredFragmentCandidates - There are 2 states with unfired actions: [31, 33]
21:55:24.674 [pool-1-thread-2] INFO  com.crawljax.core.Crawler -  Event xpath /HTML[1]/BODY[1]/DIV[4]/DIV[1]/DIV[4]/DIV[1]/DIV[1]/DIV[2]/UL[1]/LI[2]/UL[1]/LI[1]/A[1]
21:55:24.695 [pool-1-thread-2] INFO  com.crawljax.core.Crawler - Changing related inputs for 24 with 0  to 0 
21:55:24.779 [pool-1-thread-2] INFO  c.c.core.UnfiredFragmentCandidates - Changing related inputs to worked inputs 0 for 24
21:55:24.780 [pool-1-thread-2] INFO  c.c.core.UnfiredFragmentCandidates - event 24 - Before 0
21:55:24.780 [pool-1-thread-2] INFO  c.c.core.UnfiredFragmentCandidates - event 24 - After 0
21:55:24.780 [pool-1-thread-2] INFO  c.c.core.UnfiredFragmentCandidates - input for 24, 0
21:55:28.559 [pool-1-thread-2] INFO  c.c.c.state.InMemoryStateFlowGraph - Number of states in the graph is now 16
21:55:28.559 [pool-1-thread-2] INFO  c.crawljax.core.state.StateMachine - State state34 added to the StateMachine.
21:55:28.678 [pool-1-thread-2] INFO  com.crawljax.core.Crawler - New DOM is a new state! crawl depth is now 3
21:55:28.678 [pool-1-thread-2] INFO  com.crawljax.core.Crawler - Parsing DOM of state state34 for candidate elements
21:55:28.732 [pool-1-thread-2] INFO  c.c.core.UnfiredFragmentCandidates - There are 3 states with unfired actions: [31, 33, 34]
21:55:28.740 [pool-1-thread-2] INFO  com.crawljax.core.Crawler -  Event xpath /HTML[1]/BODY[1]/DIV[4]/DIV[1]/DIV[4]/DIV[2]/DIV[1]/UL[1]/LI[2]/A[1]
21:55:28.754 [pool-1-thread-2] INFO  com.crawljax.core.Crawler - Changing related inputs for 25 with 0  to 0 
21:55:28.831 [pool-1-thread-2] INFO  c.c.core.UnfiredFragmentCandidates - Changing related inputs to worked inputs 0 for 25
21:55:28.831 [pool-1-thread-2] INFO  c.c.core.UnfiredFragmentCandidates - event 25 - Before 0
21:55:28.831 [pool-1-thread-2] INFO  c.c.core.UnfiredFragmentCandidates - event 25 - After 0
21:55:28.831 [pool-1-thread-2] INFO  c.c.core.UnfiredFragmentCandidates - input for 25, 0
21:55:32.420 [pool-1-thread-2] INFO  c.crawljax.core.state.StateMachine - CLONE State detected: state35 and state33 are the same.
21:55:32.432 [pool-1-thread-2] INFO  com.crawljax.core.Crawler -  Event xpath /HTML[1]/BODY[1]/DIV[4]/DIV[1]/DIV[4]/DIV[1]/DIV[1]/DIV[2]/UL[1]/LI[2]/UL[1]/LI[2]/A[1]
21:55:32.449 [pool-1-thread-2] INFO  com.crawljax.core.Crawler - Changing related inputs for 26 with 0  to 0 
21:55:32.518 [pool-1-thread-2] INFO  c.c.core.UnfiredFragmentCandidates - Changing related inputs to worked inputs 0 for 26
21:55:32.518 [pool-1-thread-2] INFO  c.c.core.UnfiredFragmentCandidates - event 26 - Before 0
21:55:32.518 [pool-1-thread-2] INFO  c.c.core.UnfiredFragmentCandidates - event 26 - After 0
21:55:32.518 [pool-1-thread-2] INFO  c.c.core.UnfiredFragmentCandidates - input for 26, 0
21:55:36.582 [pool-1-thread-2] INFO  c.c.c.state.InMemoryStateFlowGraph - Number of states in the graph is now 17
21:55:36.582 [pool-1-thread-2] INFO  c.crawljax.core.state.StateMachine - State state36 added to the StateMachine.
21:55:36.679 [pool-1-thread-2] INFO  com.crawljax.core.Crawler - New DOM is a new state! crawl depth is now 4
21:55:36.680 [pool-1-thread-2] INFO  com.crawljax.core.Crawler - Parsing DOM of state state36 for candidate elements
21:55:36.713 [pool-1-thread-2] INFO  c.c.core.UnfiredFragmentCandidates - There are 4 states with unfired actions: [31, 33, 34, 36]
21:55:36.722 [pool-1-thread-2] INFO  com.crawljax.core.Crawler -  Event xpath /HTML[1]/BODY[1]/DIV[4]/DIV[1]/DIV[4]/DIV[2]/DIV[2]/DIV[2]/DIV[2]/DIV[1]/DIV[2]/DIV[1]/UL[1]/LI[2]/A[1]
21:55:36.736 [pool-1-thread-2] INFO  com.crawljax.core.Crawler - Changing related inputs for 27 with 0  to 0 
21:55:36.812 [pool-1-thread-2] INFO  c.c.core.UnfiredFragmentCandidates - Changing related inputs to worked inputs 0 for 27
21:55:36.812 [pool-1-thread-2] INFO  c.c.core.UnfiredFragmentCandidates - event 27 - Before 0
21:55:36.812 [pool-1-thread-2] INFO  c.c.core.UnfiredFragmentCandidates - event 27 - After 0
21:55:36.812 [pool-1-thread-2] INFO  c.c.core.UnfiredFragmentCandidates - input for 27, 0
21:55:40.435 [pool-1-thread-2] INFO  c.c.c.state.InMemoryStateFlowGraph - Number of states in the graph is now 18
21:55:40.435 [pool-1-thread-2] INFO  c.crawljax.core.state.StateMachine - State state37 added to the StateMachine.
21:55:40.553 [pool-1-thread-2] INFO  com.crawljax.core.Crawler - New DOM is a new state! crawl depth is now 5
21:55:40.553 [pool-1-thread-2] INFO  com.crawljax.core.Crawler - Parsing DOM of state state37 for candidate elements
21:55:40.586 [pool-1-thread-2] INFO  c.c.core.UnfiredFragmentCandidates - There are 5 states with unfired actions: [31, 33, 34, 36, 37]
21:55:40.594 [pool-1-thread-2] INFO  com.crawljax.core.Crawler -  Event xpath /HTML[1]/BODY[1]/DIV[4]/DIV[1]/DIV[4]/DIV[2]/DIV[2]/DIV[2]/DIV[2]/DIV[1]/DIV[2]/DIV[1]/UL[1]/LI[2]/A[1]
21:55:40.608 [pool-1-thread-2] INFO  com.crawljax.core.Crawler - Changing related inputs for 28 with 0  to 0 
21:55:40.674 [pool-1-thread-2] INFO  c.c.core.UnfiredFragmentCandidates - Changing related inputs to worked inputs 0 for 28
21:55:40.675 [pool-1-thread-2] INFO  c.c.core.UnfiredFragmentCandidates - event 28 - Before 0
21:55:40.675 [pool-1-thread-2] INFO  c.c.core.UnfiredFragmentCandidates - event 28 - After 0
21:55:40.675 [pool-1-thread-2] INFO  c.c.core.UnfiredFragmentCandidates - input for 28, 0
21:55:44.289 [pool-1-thread-2] INFO  c.c.c.state.InMemoryStateFlowGraph - Number of states in the graph is now 19
21:55:44.289 [pool-1-thread-2] INFO  c.crawljax.core.state.StateMachine - State state38 added to the StateMachine.
21:55:44.395 [pool-1-thread-2] INFO  com.crawljax.core.Crawler - New DOM is a new state! crawl depth is now 6
21:55:44.395 [pool-1-thread-2] INFO  com.crawljax.core.Crawler - Parsing DOM of state state38 for candidate elements
21:55:44.428 [pool-1-thread-2] INFO  c.c.core.UnfiredFragmentCandidates - There are 6 states with unfired actions: [31, 33, 34, 36, 37, 38]
21:55:44.436 [pool-1-thread-2] INFO  com.crawljax.core.Crawler -  Event xpath /HTML[1]/BODY[1]/DIV[4]/DIV[1]/DIV[4]/DIV[2]/DIV[2]/DIV[2]/DIV[2]/DIV[1]/DIV[2]/DIV[2]/A[1]
21:55:44.449 [pool-1-thread-2] INFO  com.crawljax.core.Crawler - Changing related inputs for 29 with 0  to 0 
21:55:44.524 [pool-1-thread-2] INFO  c.c.core.UnfiredFragmentCandidates - Changing related inputs to worked inputs 0 for 29
21:55:44.524 [pool-1-thread-2] INFO  c.c.core.UnfiredFragmentCandidates - event 29 - Before 0
21:55:44.524 [pool-1-thread-2] INFO  c.c.core.UnfiredFragmentCandidates - event 29 - After 0
21:55:44.524 [pool-1-thread-2] INFO  c.c.core.UnfiredFragmentCandidates - input for 29, 0
21:55:48.159 [pool-1-thread-2] INFO  c.crawljax.core.state.StateMachine - CLONE State detected: state39 and state36 are the same.
21:55:48.167 [pool-1-thread-2] INFO  com.crawljax.core.Crawler -  Event xpath /HTML[1]/BODY[1]/DIV[4]/DIV[1]/DIV[4]/DIV[2]/DIV[2]/DIV[2]/DIV[2]/DIV[1]/DIV[2]/DIV[1]/UL[2]/LI[2]/A[1]
21:55:48.180 [pool-1-thread-2] INFO  com.crawljax.core.Crawler - Changing related inputs for 30 with 0  to 0 
21:55:48.247 [pool-1-thread-2] INFO  c.c.core.UnfiredFragmentCandidates - Changing related inputs to worked inputs 0 for 30
21:55:48.248 [pool-1-thread-2] INFO  c.c.core.UnfiredFragmentCandidates - event 30 - Before 0
21:55:48.248 [pool-1-thread-2] INFO  c.c.core.UnfiredFragmentCandidates - event 30 - After 0
21:55:48.248 [pool-1-thread-2] INFO  c.c.core.UnfiredFragmentCandidates - input for 30, 0
21:55:51.867 [pool-1-thread-2] INFO  c.c.c.state.InMemoryStateFlowGraph - Number of states in the graph is now 20
21:55:51.868 [pool-1-thread-2] INFO  c.crawljax.core.state.StateMachine - State state40 added to the StateMachine.
21:55:51.984 [pool-1-thread-2] INFO  com.crawljax.core.Crawler - New DOM is a new state! crawl depth is now 7
21:55:51.984 [pool-1-thread-2] INFO  com.crawljax.core.Crawler - Parsing DOM of state state40 for candidate elements
21:55:52.016 [pool-1-thread-2] INFO  c.c.core.UnfiredFragmentCandidates - There are 6 states with unfired actions: [31, 33, 34, 36, 37, 40]
21:55:52.025 [pool-1-thread-2] INFO  com.crawljax.core.Crawler -  Event xpath /HTML[1]/BODY[1]/DIV[4]/DIV[1]/DIV[4]/DIV[2]/DIV[2]/DIV[2]/DIV[2]/DIV[1]/DIV[2]/DIV[1]/UL[1]/LI[2]/A[1]
21:55:52.041 [pool-1-thread-2] INFO  com.crawljax.core.Crawler - Changing related inputs for 31 with 0  to 0 
21:55:52.122 [pool-1-thread-2] INFO  c.c.core.UnfiredFragmentCandidates - Changing related inputs to worked inputs 0 for 31
21:55:52.122 [pool-1-thread-2] INFO  c.c.core.UnfiredFragmentCandidates - event 31 - Before 0
21:55:52.122 [pool-1-thread-2] INFO  c.c.core.UnfiredFragmentCandidates - event 31 - After 0
21:55:52.122 [pool-1-thread-2] INFO  c.c.core.UnfiredFragmentCandidates - input for 31, 0
21:55:58.126 [pool-1-thread-2] INFO  c.c.c.state.InMemoryStateFlowGraph - Number of states in the graph is now 21
21:55:58.126 [pool-1-thread-2] INFO  c.crawljax.core.state.StateMachine - State state41 added to the StateMachine.
21:55:58.225 [pool-1-thread-2] INFO  com.crawljax.core.Crawler - New DOM is a new state! crawl depth is now 8
21:55:58.233 [pool-1-thread-2] INFO  c.c.core.UnfiredFragmentCandidates - There are 6 states with unfired actions: [31, 33, 34, 36, 37, 0]
21:55:58.233 [pool-1-thread-2] INFO  com.crawljax.core.Crawler - Resetting the crawler and Going to state state31
21:55:58.242 [pool-1-thread-2] INFO  com.crawljax.core.CrawlSession - Adding CrawlPath to session !!
21:55:58.242 [pool-1-thread-2] INFO  com.crawljax.core.Crawler - BT-state0:-1index_21_state31state31_22_indexindex_23_state33state33_24_state34state34_25_state33state33_26_state36state36_27_state37state37_28_state38state38_29_state36state36_30_state40state40_31_state41
21:56:01.061 [pool-1-thread-2] INFO  com.crawljax.core.Crawler - Added a reload edge from state41 to index
21:56:01.061 [pool-1-thread-2] INFO  c.c.core.UnfiredFragmentCandidates - input map size 31
21:56:01.061 [pool-1-thread-2] INFO  c.c.core.UnfiredFragmentCandidates - input map size 31
21:56:01.061 [pool-1-thread-2] INFO  com.crawljax.core.Crawler - Used a form input combination for backtracking 21
21:56:04.707 [pool-1-thread-2] INFO  com.crawljax.core.Crawler - Crawl depth is now 1
21:56:04.707 [pool-1-thread-2] INFO  com.crawljax.core.Crawler - backtrack status: true, reached NearDuplicate : -1 
21:56:04.707 [pool-1-thread-2] INFO  com.crawljax.core.Crawler -  Event xpath /HTML[1]/BODY[1]/DIV[4]/DIV[1]/DIV[4]/DIV[2]/DIV[2]/DIV[2]/DIV[2]/DIV[1]/DIV[2]/UL[1]/LI[1]/A[1]
21:56:04.722 [pool-1-thread-2] INFO  com.crawljax.core.Crawler - Changing related inputs for 32 with 0  to 0 
21:56:04.801 [pool-1-thread-2] INFO  c.c.core.UnfiredFragmentCandidates - Changing related inputs to worked inputs 0 for 32
21:56:04.801 [pool-1-thread-2] INFO  c.c.core.UnfiredFragmentCandidates - event 32 - Before 0
21:56:04.801 [pool-1-thread-2] INFO  c.c.core.UnfiredFragmentCandidates - event 32 - After 0
21:56:04.801 [pool-1-thread-2] INFO  c.c.core.UnfiredFragmentCandidates - input for 32, 0
21:56:08.419 [pool-1-thread-2] INFO  c.c.c.state.InMemoryStateFlowGraph - Number of states in the graph is now 22
21:56:08.419 [pool-1-thread-2] INFO  c.crawljax.core.state.StateMachine - State state43 added to the StateMachine.
21:56:08.549 [pool-1-thread-2] INFO  com.crawljax.core.Crawler - New DOM is a new state! crawl depth is now 2
21:56:08.549 [pool-1-thread-2] INFO  com.crawljax.core.Crawler - Parsing DOM of state state43 for candidate elements
21:56:08.591 [pool-1-thread-2] INFO  c.c.core.UnfiredFragmentCandidates - There are 6 states with unfired actions: [33, 34, 36, 37, 0, 43]
21:56:08.599 [pool-1-thread-2] INFO  com.crawljax.core.Crawler -  Event xpath /HTML[1]/BODY[1]/DIV[4]/DIV[1]/DIV[4]/DIV[2]/DIV[2]/DIV[2]/DIV[2]/DIV[1]/DIV[2]/DIV[2]/A[1]
21:56:08.616 [pool-1-thread-2] INFO  com.crawljax.core.Crawler - Changing related inputs for 33 with 0  to 0 
21:56:08.680 [pool-1-thread-2] INFO  c.c.core.UnfiredFragmentCandidates - Changing related inputs to worked inputs 0 for 33
21:56:08.680 [pool-1-thread-2] INFO  c.c.core.UnfiredFragmentCandidates - event 33 - Before 0
21:56:08.680 [pool-1-thread-2] INFO  c.c.core.UnfiredFragmentCandidates - event 33 - After 0
21:56:08.680 [pool-1-thread-2] INFO  c.c.core.UnfiredFragmentCandidates - input for 33, 0
21:56:12.324 [pool-1-thread-2] INFO  c.crawljax.core.state.StateMachine - CLONE State detected: state44 and state31 are the same.
21:56:12.333 [pool-1-thread-2] INFO  com.crawljax.core.Crawler -  Event xpath /HTML[1]/BODY[1]/DIV[4]/DIV[1]/DIV[4]/DIV[2]/DIV[2]/DIV[2]/DIV[2]/DIV[1]/DIV[2]/UL[1]/LI[2]/A[1]
21:56:12.349 [pool-1-thread-2] INFO  com.crawljax.core.Crawler - Changing related inputs for 34 with 0  to 0 
21:56:12.426 [pool-1-thread-2] INFO  c.c.core.UnfiredFragmentCandidates - Changing related inputs to worked inputs 0 for 34
21:56:12.427 [pool-1-thread-2] INFO  c.c.core.UnfiredFragmentCandidates - event 34 - Before 0
21:56:12.427 [pool-1-thread-2] INFO  c.c.core.UnfiredFragmentCandidates - event 34 - After 0
21:56:12.427 [pool-1-thread-2] INFO  c.c.core.UnfiredFragmentCandidates - input for 34, 0
21:56:16.013 [pool-1-thread-2] INFO  c.c.c.state.InMemoryStateFlowGraph - Number of states in the graph is now 23
21:56:16.013 [pool-1-thread-2] INFO  c.crawljax.core.state.StateMachine - State state45 added to the StateMachine.
21:56:16.128 [pool-1-thread-2] INFO  com.crawljax.core.Crawler - New DOM is a new state! crawl depth is now 3
21:56:16.128 [pool-1-thread-2] INFO  com.crawljax.core.Crawler - Parsing DOM of state state45 for candidate elements
21:56:16.158 [pool-1-thread-2] INFO  c.c.core.UnfiredFragmentCandidates - There are 6 states with unfired actions: [33, 34, 36, 37, 0, 31]
21:56:16.158 [pool-1-thread-2] INFO  com.crawljax.core.Crawler - Resetting the crawler and Going to state state33
21:56:16.166 [pool-1-thread-2] INFO  com.crawljax.core.CrawlSession - Adding CrawlPath to session !!
21:56:16.166 [pool-1-thread-2] INFO  com.crawljax.core.Crawler - BT-state31:-1index_21_state31state31_32_state43state43_33_state31state31_34_state45
21:56:18.926 [pool-1-thread-2] INFO  com.crawljax.core.Crawler - Added a reload edge from state45 to index
21:56:18.926 [pool-1-thread-2] INFO  c.c.core.UnfiredFragmentCandidates - input map size 34
21:56:18.926 [pool-1-thread-2] INFO  c.c.core.UnfiredFragmentCandidates - input map size 34
21:56:18.926 [pool-1-thread-2] INFO  com.crawljax.core.Crawler - Used a form input combination for backtracking 23
21:56:22.532 [pool-1-thread-2] INFO  com.crawljax.core.Crawler - Crawl depth is now 1
21:56:22.532 [pool-1-thread-2] INFO  com.crawljax.core.Crawler - backtrack status: true, reached NearDuplicate : -1 
21:56:22.533 [pool-1-thread-2] INFO  com.crawljax.core.Crawler -  Event xpath /HTML[1]/BODY[1]/DIV[4]/DIV[1]/DIV[4]/DIV[1]/DIV[1]/DIV[2]/UL[1]/LI[2]/UL[1]/LI[3]/A[1]
21:56:22.547 [pool-1-thread-2] INFO  com.crawljax.core.Crawler - Changing related inputs for 35 with 0  to 0 
21:56:22.621 [pool-1-thread-2] INFO  c.c.core.UnfiredFragmentCandidates - Changing related inputs to worked inputs 0 for 35
21:56:22.621 [pool-1-thread-2] INFO  c.c.core.UnfiredFragmentCandidates - event 35 - Before 0
21:56:22.621 [pool-1-thread-2] INFO  c.c.core.UnfiredFragmentCandidates - event 35 - After 0
21:56:22.621 [pool-1-thread-2] INFO  c.c.core.UnfiredFragmentCandidates - input for 35, 0
21:56:26.384 [pool-1-thread-2] INFO  c.c.c.state.InMemoryStateFlowGraph - Number of states in the graph is now 24
21:56:26.384 [pool-1-thread-2] INFO  c.crawljax.core.state.StateMachine - State state47 added to the StateMachine.
21:56:26.488 [pool-1-thread-2] INFO  com.crawljax.core.Crawler - New DOM is a new state! crawl depth is now 2
21:56:26.489 [pool-1-thread-2] INFO  com.crawljax.core.Crawler - Parsing DOM of state state47 for candidate elements
21:56:26.553 [pool-1-thread-2] INFO  c.c.core.UnfiredFragmentCandidates - There are 6 states with unfired actions: [34, 36, 37, 0, 31, 47]
21:56:26.564 [pool-1-thread-2] INFO  com.crawljax.core.Crawler -  Event xpath /HTML[1]/BODY[1]/DIV[4]/DIV[1]/DIV[4]/DIV[2]/DIV[2]/DIV[2]/DIV[2]/DIV[1]/DIV[2]/UL[1]/LI[1]/A[1]
21:56:26.581 [pool-1-thread-2] INFO  com.crawljax.core.Crawler - Changing related inputs for 36 with 0  to 0 
21:56:26.647 [pool-1-thread-2] INFO  c.c.core.UnfiredFragmentCandidates - Changing related inputs to worked inputs 0 for 36
21:56:26.647 [pool-1-thread-2] INFO  c.c.core.UnfiredFragmentCandidates - event 36 - Before 0
21:56:26.647 [pool-1-thread-2] INFO  c.c.core.UnfiredFragmentCandidates - event 36 - After 0
21:56:26.647 [pool-1-thread-2] INFO  c.c.core.UnfiredFragmentCandidates - input for 36, 0
21:56:32.621 [pool-1-thread-2] INFO  c.c.c.state.InMemoryStateFlowGraph - Number of states in the graph is now 25
21:56:32.621 [pool-1-thread-2] INFO  c.crawljax.core.state.StateMachine - State state48 added to the StateMachine.
21:56:32.715 [pool-1-thread-2] INFO  com.crawljax.core.Crawler - New DOM is a new state! crawl depth is now 3
21:56:32.715 [pool-1-thread-2] INFO  com.crawljax.core.Crawler - Parsing DOM of state state48 for candidate elements
21:56:32.737 [pool-1-thread-2] INFO  c.c.core.UnfiredFragmentCandidates - There are 7 states with unfired actions: [34, 36, 37, 0, 31, 47, 48]
21:56:32.745 [pool-1-thread-2] INFO  com.crawljax.core.Crawler -  Event xpath /HTML[1]/BODY[1]/DIV[4]/DIV[1]/DIV[4]/DIV[2]/DIV[2]/DIV[2]/DIV[2]/DIV[1]/DIV[2]/DIV[2]/A[1]
21:56:32.761 [pool-1-thread-2] INFO  com.crawljax.core.Crawler - Changing related inputs for 37 with 0  to 0 
21:56:32.831 [pool-1-thread-2] INFO  c.c.core.UnfiredFragmentCandidates - Changing related inputs to worked inputs 0 for 37
21:56:32.831 [pool-1-thread-2] INFO  c.c.core.UnfiredFragmentCandidates - event 37 - Before 0
21:56:32.831 [pool-1-thread-2] INFO  c.c.core.UnfiredFragmentCandidates - event 37 - After 0
21:56:32.831 [pool-1-thread-2] INFO  c.c.core.UnfiredFragmentCandidates - input for 37, 0
21:56:36.532 [pool-1-thread-2] INFO  c.crawljax.core.state.StateMachine - CLONE State detected: state49 and state47 are the same.
21:56:36.543 [pool-1-thread-2] INFO  com.crawljax.core.Crawler -  Event xpath /HTML[1]/BODY[1]/DIV[4]/DIV[1]/DIV[4]/DIV[2]/DIV[2]/DIV[2]/DIV[2]/DIV[1]/DIV[2]/UL[1]/LI[2]/A[1]
21:56:36.561 [pool-1-thread-2] INFO  com.crawljax.core.Crawler - Changing related inputs for 38 with 0  to 0 
21:56:36.623 [pool-1-thread-2] INFO  c.c.core.UnfiredFragmentCandidates - Changing related inputs to worked inputs 0 for 38
21:56:36.623 [pool-1-thread-2] INFO  c.c.core.UnfiredFragmentCandidates - event 38 - Before 0
21:56:36.623 [pool-1-thread-2] INFO  c.c.core.UnfiredFragmentCandidates - event 38 - After 0
21:56:36.623 [pool-1-thread-2] INFO  c.c.core.UnfiredFragmentCandidates - input for 38, 0
21:56:40.272 [pool-1-thread-2] INFO  c.c.c.state.InMemoryStateFlowGraph - Number of states in the graph is now 26
21:56:40.272 [pool-1-thread-2] INFO  c.crawljax.core.state.StateMachine - State state50 added to the StateMachine.
21:56:40.384 [pool-1-thread-2] INFO  com.crawljax.core.Crawler - New DOM is a new state! crawl depth is now 4
21:56:40.384 [pool-1-thread-2] INFO  com.crawljax.core.Crawler - Parsing DOM of state state50 for candidate elements
21:56:40.461 [pool-1-thread-2] INFO  c.c.core.UnfiredFragmentCandidates - There are 7 states with unfired actions: [34, 36, 37, 0, 31, 47, 33]
21:56:40.461 [pool-1-thread-2] INFO  com.crawljax.core.Crawler - Resetting the crawler and Going to state state34
21:56:40.469 [pool-1-thread-2] INFO  com.crawljax.core.CrawlSession - Adding CrawlPath to session !!
21:56:40.470 [pool-1-thread-2] INFO  com.crawljax.core.Crawler - BT-state33:-1index_23_state33state33_35_state47state47_36_state48state48_37_state47state47_38_state50
21:56:43.249 [pool-1-thread-2] INFO  com.crawljax.core.Crawler - Added a reload edge from state50 to index
21:56:43.250 [pool-1-thread-2] INFO  c.c.core.UnfiredFragmentCandidates - input map size 38
21:56:43.250 [pool-1-thread-2] INFO  c.c.core.UnfiredFragmentCandidates - input map size 38
21:56:43.250 [pool-1-thread-2] INFO  com.crawljax.core.Crawler - Used a form input combination for backtracking 23
21:56:46.856 [pool-1-thread-2] INFO  com.crawljax.core.Crawler - Crawl depth is now 1
21:56:46.856 [pool-1-thread-2] INFO  c.c.core.UnfiredFragmentCandidates - input map size 38
21:56:46.856 [pool-1-thread-2] INFO  c.c.core.UnfiredFragmentCandidates - input map size 38
21:56:46.856 [pool-1-thread-2] INFO  com.crawljax.core.Crawler - Used a form input combination for backtracking 24
21:56:50.520 [pool-1-thread-2] INFO  com.crawljax.core.Crawler - Crawl depth is now 2
21:56:50.520 [pool-1-thread-2] INFO  com.crawljax.core.Crawler - backtrack status: true, reached NearDuplicate : -1 
21:56:50.520 [pool-1-thread-2] INFO  com.crawljax.core.Crawler -  Event xpath /HTML[1]/BODY[1]/DIV[4]/DIV[1]/DIV[4]/DIV[2]/DIV[2]/DIV[2]/DIV[2]/DIV[1]/DIV[2]/UL[1]/LI[1]/A[1]
21:56:50.537 [pool-1-thread-2] INFO  com.crawljax.core.Crawler - Changing related inputs for 39 with 0  to 0 
21:56:50.614 [pool-1-thread-2] INFO  c.c.core.UnfiredFragmentCandidates - Changing related inputs to worked inputs 0 for 39
21:56:50.614 [pool-1-thread-2] INFO  c.c.core.UnfiredFragmentCandidates - event 39 - Before 0
21:56:50.614 [pool-1-thread-2] INFO  c.c.core.UnfiredFragmentCandidates - event 39 - After 0
21:56:50.614 [pool-1-thread-2] INFO  c.c.core.UnfiredFragmentCandidates - input for 39, 0
21:56:54.324 [pool-1-thread-2] INFO  c.c.c.state.InMemoryStateFlowGraph - Number of states in the graph is now 27
21:56:54.324 [pool-1-thread-2] INFO  c.crawljax.core.state.StateMachine - State state52 added to the StateMachine.
21:56:54.439 [pool-1-thread-2] INFO  com.crawljax.core.Crawler - New DOM is a new state! crawl depth is now 3
21:56:54.439 [pool-1-thread-2] INFO  com.crawljax.core.Crawler - Parsing DOM of state state52 for candidate elements
21:56:54.480 [pool-1-thread-2] INFO  c.c.core.UnfiredFragmentCandidates - There are 7 states with unfired actions: [36, 37, 0, 31, 47, 33, 52]
21:56:54.488 [pool-1-thread-2] INFO  com.crawljax.core.Crawler -  Event xpath /HTML[1]/BODY[1]/DIV[4]/DIV[1]/DIV[4]/DIV[2]/DIV[2]/DIV[2]/DIV[2]/DIV[1]/DIV[2]/DIV[2]/A[1]
21:56:54.503 [pool-1-thread-2] INFO  com.crawljax.core.Crawler - Changing related inputs for 40 with 0  to 0 
21:56:54.575 [pool-1-thread-2] INFO  c.c.core.UnfiredFragmentCandidates - Changing related inputs to worked inputs 0 for 40
21:56:54.575 [pool-1-thread-2] INFO  c.c.core.UnfiredFragmentCandidates - event 40 - Before 0
21:56:54.575 [pool-1-thread-2] INFO  c.c.core.UnfiredFragmentCandidates - event 40 - After 0
21:56:54.575 [pool-1-thread-2] INFO  c.c.core.UnfiredFragmentCandidates - input for 40, 0
21:56:58.212 [pool-1-thread-2] INFO  c.crawljax.core.state.StateMachine - CLONE State detected: state53 and state34 are the same.
21:56:58.220 [pool-1-thread-2] INFO  com.crawljax.core.Crawler -  Event xpath /HTML[1]/BODY[1]/DIV[4]/DIV[1]/DIV[4]/DIV[2]/DIV[2]/DIV[2]/DIV[2]/DIV[1]/DIV[2]/UL[1]/LI[2]/A[1]
21:56:58.234 [pool-1-thread-2] INFO  com.crawljax.core.Crawler - Changing related inputs for 41 with 0  to 0 
21:56:58.304 [pool-1-thread-2] INFO  c.c.core.UnfiredFragmentCandidates - Changing related inputs to worked inputs 0 for 41
21:56:58.304 [pool-1-thread-2] INFO  c.c.core.UnfiredFragmentCandidates - event 41 - Before 0
21:56:58.304 [pool-1-thread-2] INFO  c.c.core.UnfiredFragmentCandidates - event 41 - After 0
21:56:58.304 [pool-1-thread-2] INFO  c.c.core.UnfiredFragmentCandidates - input for 41, 0
21:57:01.939 [pool-1-thread-2] INFO  c.c.c.state.InMemoryStateFlowGraph - Number of states in the graph is now 28
21:57:01.939 [pool-1-thread-2] INFO  c.crawljax.core.state.StateMachine - State state54 added to the StateMachine.
21:57:02.042 [pool-1-thread-2] INFO  com.crawljax.core.Crawler - New DOM is a new state! crawl depth is now 4
21:57:02.042 [pool-1-thread-2] INFO  com.crawljax.core.Crawler - Parsing DOM of state state54 for candidate elements
21:57:02.070 [pool-1-thread-2] INFO  c.c.core.UnfiredFragmentCandidates - There are 8 states with unfired actions: [36, 37, 0, 31, 47, 33, 52, 54]
21:57:02.078 [pool-1-thread-2] INFO  com.crawljax.core.Crawler -  Event xpath /HTML[1]/BODY[1]/DIV[4]/DIV[1]/DIV[4]/DIV[2]/DIV[2]/DIV[2]/DIV[3]/DIV[1]/DIV[1]/DIV[1]/A[1]
21:57:02.091 [pool-1-thread-2] INFO  com.crawljax.core.Crawler - Changing related inputs for 42 with 0  to 0 
21:57:02.156 [pool-1-thread-2] INFO  c.c.core.UnfiredFragmentCandidates - Changing related inputs to worked inputs 0 for 42
21:57:02.156 [pool-1-thread-2] INFO  c.c.core.UnfiredFragmentCandidates - event 42 - Before 0
21:57:02.156 [pool-1-thread-2] INFO  c.c.core.UnfiredFragmentCandidates - event 42 - After 0
21:57:02.156 [pool-1-thread-2] INFO  c.c.core.UnfiredFragmentCandidates - input for 42, 0
21:57:09.223 [pool-1-thread-2] INFO  c.c.c.state.InMemoryStateFlowGraph - Number of states in the graph is now 29
21:57:09.223 [pool-1-thread-2] INFO  c.crawljax.core.state.StateMachine - State state55 added to the StateMachine.
21:57:09.359 [pool-1-thread-2] INFO  com.crawljax.core.Crawler - New DOM is a new state! crawl depth is now 5
21:57:09.359 [pool-1-thread-2] INFO  com.crawljax.core.Crawler - Parsing DOM of state state55 for candidate elements
21:57:09.446 [pool-1-thread-2] INFO  c.c.core.UnfiredFragmentCandidates - There are 9 states with unfired actions: [36, 37, 0, 31, 47, 33, 52, 54, 55]
21:57:09.454 [pool-1-thread-2] INFO  com.crawljax.core.Crawler -  Event xpath /HTML[1]/BODY[1]/DIV[4]/DIV[1]/DIV[4]/DIV[2]/DIV[1]/UL[1]/LI[1]/SPAN[1]/A[1]
21:57:09.471 [pool-1-thread-2] INFO  com.crawljax.core.Crawler - Changing related inputs for 43 with 0  to 0 
21:57:09.549 [pool-1-thread-2] INFO  c.c.core.UnfiredFragmentCandidates - Changing related inputs to worked inputs 0 for 43
21:57:09.549 [pool-1-thread-2] INFO  c.c.core.UnfiredFragmentCandidates - event 43 - Before 0
21:57:09.549 [pool-1-thread-2] INFO  c.c.core.UnfiredFragmentCandidates - event 43 - After 0
21:57:09.549 [pool-1-thread-2] INFO  c.c.core.UnfiredFragmentCandidates - input for 43, 0
21:57:13.280 [pool-1-thread-2] INFO  c.c.c.state.InMemoryStateFlowGraph - Number of states in the graph is now 30
21:57:13.281 [pool-1-thread-2] INFO  c.crawljax.core.state.StateMachine - State state56 added to the StateMachine.
21:57:13.396 [pool-1-thread-2] INFO  com.crawljax.core.Crawler - New DOM is a new state! crawl depth is now 6
21:57:13.396 [pool-1-thread-2] INFO  com.crawljax.core.Crawler - Parsing DOM of state state56 for candidate elements
21:57:13.472 [pool-1-thread-2] INFO  c.c.core.UnfiredFragmentCandidates - There are 10 states with unfired actions: [36, 37, 0, 31, 47, 33, 52, 54, 55, 56]
21:57:13.479 [pool-1-thread-2] INFO  com.crawljax.core.Crawler -  Event xpath /HTML[1]/BODY[1]/DIV[4]/DIV[1]/DIV[4]/DIV[2]/DIV[2]/DIV[2]/UL[1]/LI[1]/DIV[1]/A[1]
21:57:13.494 [pool-1-thread-2] INFO  com.crawljax.core.Crawler - Changing related inputs for 44 with 0  to 0 
21:57:13.565 [pool-1-thread-2] INFO  c.c.core.UnfiredFragmentCandidates - Changing related inputs to worked inputs 0 for 44
21:57:13.565 [pool-1-thread-2] INFO  c.c.core.UnfiredFragmentCandidates - event 44 - Before 0
21:57:13.565 [pool-1-thread-2] INFO  c.c.core.UnfiredFragmentCandidates - event 44 - After 0
21:57:13.565 [pool-1-thread-2] INFO  c.c.core.UnfiredFragmentCandidates - input for 44, 0
21:57:17.220 [pool-1-thread-2] INFO  c.crawljax.core.state.StateMachine - CLONE State detected: state57 and state55 are the same.
21:57:17.228 [pool-1-thread-2] INFO  com.crawljax.core.Crawler -  Event xpath /HTML[1]/BODY[1]/DIV[4]/DIV[1]/DIV[4]/DIV[2]/DIV[1]/UL[1]/LI[2]/SPAN[1]/A[1]
21:57:17.245 [pool-1-thread-2] INFO  com.crawljax.core.Crawler - Changing related inputs for 45 with 0  to 0 
21:57:17.326 [pool-1-thread-2] INFO  c.c.core.UnfiredFragmentCandidates - Changing related inputs to worked inputs 0 for 45
21:57:17.326 [pool-1-thread-2] INFO  c.c.core.UnfiredFragmentCandidates - event 45 - Before 0
21:57:17.326 [pool-1-thread-2] INFO  c.c.core.UnfiredFragmentCandidates - event 45 - After 0
21:57:17.326 [pool-1-thread-2] INFO  c.c.core.UnfiredFragmentCandidates - input for 45, 0
21:57:21.953 [pool-1-thread-2] INFO  c.crawljax.core.state.StateMachine - CLONE State detected: state58 and state33 are the same.
21:57:21.962 [pool-1-thread-2] INFO  com.crawljax.core.Crawler -  Event xpath /HTML[1]/BODY[1]/DIV[4]/DIV[1]/DIV[4]/DIV[2]/DIV[2]/DIV[2]/DIV[1]/DIV[1]/DIV[1]/H2[1]/A[1]
21:57:21.978 [pool-1-thread-2] INFO  com.crawljax.core.Crawler - Changing related inputs for 46 with 0  to 0 
21:57:22.055 [pool-1-thread-2] INFO  c.c.core.UnfiredFragmentCandidates - Changing related inputs to worked inputs 0 for 46
21:57:22.055 [pool-1-thread-2] INFO  c.c.core.UnfiredFragmentCandidates - event 46 - Before 0
21:57:22.055 [pool-1-thread-2] INFO  c.c.core.UnfiredFragmentCandidates - event 46 - After 0
21:57:22.055 [pool-1-thread-2] INFO  c.c.core.UnfiredFragmentCandidates - input for 46, 0
21:57:25.703 [pool-1-thread-2] INFO  c.crawljax.core.state.StateMachine - CLONE State detected: state59 and state34 are the same.
21:57:25.712 [pool-1-thread-2] INFO  com.crawljax.core.Crawler -  Event xpath /HTML[1]/BODY[1]/DIV[4]/DIV[1]/DIV[4]/DIV[2]/DIV[2]/DIV[2]/DIV[2]/DIV[1]/DIV[2]/UL[1]/LI[3]/A[1]
21:57:25.729 [pool-1-thread-2] INFO  com.crawljax.core.Crawler - Changing related inputs for 47 with 0  to 0 
21:57:25.812 [pool-1-thread-2] INFO  c.c.core.UnfiredFragmentCandidates - Changing related inputs to worked inputs 0 for 47
21:57:25.812 [pool-1-thread-2] INFO  c.c.core.UnfiredFragmentCandidates - event 47 - Before 0
21:57:25.812 [pool-1-thread-2] INFO  c.c.core.UnfiredFragmentCandidates - event 47 - After 0
21:57:25.812 [pool-1-thread-2] INFO  c.c.core.UnfiredFragmentCandidates - input for 47, 0
21:57:29.460 [pool-1-thread-2] INFO  c.c.c.state.InMemoryStateFlowGraph - Number of states in the graph is now 31
21:57:29.460 [pool-1-thread-2] INFO  c.crawljax.core.state.StateMachine - State state60 added to the StateMachine.
21:57:29.576 [pool-1-thread-2] INFO  com.crawljax.core.Crawler - New DOM is a new state! crawl depth is now 7
21:57:29.576 [pool-1-thread-2] INFO  com.crawljax.core.Crawler - Parsing DOM of state state60 for candidate elements
21:57:29.612 [pool-1-thread-2] INFO  c.c.core.UnfiredFragmentCandidates - There are 11 states with unfired actions: [36, 37, 0, 31, 47, 33, 52, 54, 55, 56, 60]
21:57:29.620 [pool-1-thread-2] INFO  com.crawljax.core.Crawler -  Event xpath /HTML[1]/BODY[1]/DIV[4]/DIV[1]/DIV[4]/DIV[2]/DIV[2]/DIV[2]/DIV[3]/DIV[2]/DIV[1]/DIV[1]/A[1]
21:57:29.634 [pool-1-thread-2] INFO  com.crawljax.core.Crawler - Changing related inputs for 48 with 0  to 0 
21:57:29.705 [pool-1-thread-2] INFO  c.c.core.UnfiredFragmentCandidates - Changing related inputs to worked inputs 0 for 48
21:57:29.705 [pool-1-thread-2] INFO  c.c.core.UnfiredFragmentCandidates - event 48 - Before 0
21:57:29.705 [pool-1-thread-2] INFO  c.c.core.UnfiredFragmentCandidates - event 48 - After 0
21:57:29.705 [pool-1-thread-2] INFO  c.c.core.UnfiredFragmentCandidates - input for 48, 0
21:57:34.249 [pool-1-thread-2] INFO  c.c.c.state.InMemoryStateFlowGraph - Number of states in the graph is now 32
21:57:34.250 [pool-1-thread-2] INFO  c.crawljax.core.state.StateMachine - State state61 added to the StateMachine.
21:57:34.426 [pool-1-thread-2] INFO  com.crawljax.core.Crawler - New DOM is a new state! crawl depth is now 8
21:57:34.439 [pool-1-thread-2] INFO  c.c.core.UnfiredFragmentCandidates - There are 12 states with unfired actions: [36, 37, 0, 31, 47, 33, 52, 54, 55, 56, 60, 34]
21:57:34.439 [pool-1-thread-2] INFO  com.crawljax.core.Crawler - Resetting the crawler and Going to state state36
21:57:34.454 [pool-1-thread-2] INFO  com.crawljax.core.CrawlSession - Adding CrawlPath to session !!
21:57:34.455 [pool-1-thread-2] INFO  com.crawljax.core.Crawler - BT-state34:-1index_23_state33state33_24_state34state34_39_state52state52_40_state34state34_41_state54state54_42_state55state55_43_state56state56_44_state55state55_45_state33state33_46_state34state34_47_state60state60_48_state61
21:57:37.353 [pool-1-thread-2] INFO  c.c.c.state.InMemoryStateFlowGraph - Number of states in the graph is now 33
21:57:37.503 [pool-1-thread-2] INFO  com.crawljax.core.Crawler - Parsing DOM of state state62 for candidate elements
21:57:40.186 [pool-1-thread-2] INFO  c.c.core.UnfiredFragmentCandidates - There are 12 states with unfired actions: [37, 0, 31, 47, 33, 52, 54, 55, 56, 60, 34, 62]
21:57:40.187 [pool-1-thread-2] INFO  com.crawljax.core.Crawler - Added a reload edge from state61 to state62
21:57:40.187 [pool-1-thread-2] INFO  com.crawljax.core.Crawler - Initial state not the same as current state : Getting shortest path from current state
21:57:40.187 [pool-1-thread-2] INFO  com.crawljax.core.Crawler - state36 no path from state62
21:57:40.188 [pool-1-thread-2] INFO  c.crawljax.core.state.StateMachine - Cannot go to state: 'state33' from: 'state62'
21:57:40.188 [pool-1-thread-2] INFO  com.crawljax.core.Crawler - Not a valid path anymore index: state36
21:57:40.189 [pool-1-thread-2] INFO  com.crawljax.core.Crawler - Tried to follow 
21:57:40.189 [pool-1-thread-2] INFO  com.crawljax.core.Crawler - index_23_state33state33_26_state36
21:57:40.189 [pool-1-thread-2] INFO  com.crawljax.core.Crawler - Saving failed backtracking path to 36
21:57:40.189 [pool-1-thread-2] INFO  com.crawljax.core.Crawler - backtrack status: false, reached NearDuplicate : -1 
21:57:43.046 [pool-1-thread-2] INFO  com.crawljax.core.Crawler - index has changed to: state62
21:57:43.046 [pool-1-thread-2] INFO  com.crawljax.core.Crawler - Added a reload edge from state62 to state62
21:57:43.047 [pool-1-thread-2] INFO  com.crawljax.core.Crawler - state36 no path from state62
21:57:43.047 [pool-1-thread-2] INFO  com.crawljax.core.Crawler - state unreachable: Removing from candidate actions state36
21:57:43.047 [pool-1-thread-2] INFO  c.c.core.UnfiredFragmentCandidates - Placing purged actions in unreachable cache for state36
21:57:43.047 [pool-1-thread-2] INFO  com.crawljax.core.Crawler - Resetting the crawler and Going to state state37
21:57:45.791 [pool-1-thread-2] INFO  com.crawljax.core.Crawler - index has changed to: state62
21:57:45.792 [pool-1-thread-2] INFO  com.crawljax.core.Crawler - Did not add reload edge from state62 to state62
21:57:45.793 [pool-1-thread-2] INFO  com.crawljax.core.Crawler - Initial state not the same as current state : Getting shortest path from current state
21:57:45.793 [pool-1-thread-2] INFO  com.crawljax.core.Crawler - state37 no path from state62
21:57:45.793 [pool-1-thread-2] INFO  c.crawljax.core.state.StateMachine - Cannot go to state: 'state33' from: 'state62'
21:57:45.794 [pool-1-thread-2] INFO  com.crawljax.core.Crawler - Not a valid path anymore index: state37
21:57:45.794 [pool-1-thread-2] INFO  com.crawljax.core.Crawler - Tried to follow 
21:57:45.794 [pool-1-thread-2] INFO  com.crawljax.core.Crawler - index_23_state33state33_26_state36state36_27_state37
21:57:45.794 [pool-1-thread-2] INFO  com.crawljax.core.Crawler - Saving failed backtracking path to 37
21:57:45.794 [pool-1-thread-2] INFO  com.crawljax.core.Crawler - backtrack status: false, reached NearDuplicate : -1 
21:57:48.568 [pool-1-thread-2] INFO  com.crawljax.core.Crawler - index has changed to: state62
21:57:48.568 [pool-1-thread-2] INFO  com.crawljax.core.Crawler - Did not add reload edge from state62 to state62
21:57:48.568 [pool-1-thread-2] INFO  com.crawljax.core.Crawler - state37 no path from state62
21:57:48.569 [pool-1-thread-2] INFO  com.crawljax.core.Crawler - state unreachable: Removing from candidate actions state37
21:57:48.569 [pool-1-thread-2] INFO  c.c.core.UnfiredFragmentCandidates - Placing purged actions in unreachable cache for state37
21:57:48.569 [pool-1-thread-2] INFO  com.crawljax.core.Crawler - Resetting the crawler and Going to state index
21:57:51.322 [pool-1-thread-2] INFO  com.crawljax.core.Crawler - index has changed to: state62
21:57:51.322 [pool-1-thread-2] INFO  com.crawljax.core.Crawler - Did not add reload edge from state62 to state62
21:57:51.322 [pool-1-thread-2] INFO  com.crawljax.core.Crawler - Initial state not the same as current state : Getting shortest path from current state
21:57:51.322 [pool-1-thread-2] INFO  com.crawljax.core.Crawler - index no path from state62
21:57:51.323 [pool-1-thread-2] INFO  com.crawljax.core.Crawler - Not a valid path anymore index: index
21:57:51.323 [pool-1-thread-2] INFO  com.crawljax.core.Crawler - Tried to follow 
21:57:51.323 [pool-1-thread-2] INFO  com.crawljax.core.Crawler - 
21:57:51.323 [pool-1-thread-2] INFO  com.crawljax.core.Crawler - Saving failed backtracking path to 0
21:57:51.323 [pool-1-thread-2] INFO  com.crawljax.core.Crawler - backtrack status: false, reached NearDuplicate : -1 
21:57:54.269 [pool-1-thread-2] INFO  com.crawljax.core.Crawler - index has changed to: state62
21:57:54.269 [pool-1-thread-2] INFO  com.crawljax.core.Crawler - Did not add reload edge from state62 to state62
21:57:54.270 [pool-1-thread-2] INFO  com.crawljax.core.Crawler - index no path from state62
21:57:54.270 [pool-1-thread-2] INFO  com.crawljax.core.Crawler - state unreachable: Removing from candidate actions index
21:57:54.270 [pool-1-thread-2] INFO  c.c.core.UnfiredFragmentCandidates - Placing purged actions in unreachable cache for index
21:57:54.270 [pool-1-thread-2] INFO  com.crawljax.core.Crawler - Resetting the crawler and Going to state state31
21:57:57.092 [pool-1-thread-2] INFO  com.crawljax.core.Crawler - index has changed to: state62
21:57:57.092 [pool-1-thread-2] INFO  com.crawljax.core.Crawler - Did not add reload edge from state62 to state62
21:57:57.092 [pool-1-thread-2] INFO  com.crawljax.core.Crawler - Initial state not the same as current state : Getting shortest path from current state
21:57:57.092 [pool-1-thread-2] INFO  com.crawljax.core.Crawler - state31 no path from state62
21:57:57.092 [pool-1-thread-2] INFO  c.crawljax.core.state.StateMachine - Cannot go to state: 'state31' from: 'state62'
21:57:57.093 [pool-1-thread-2] INFO  com.crawljax.core.Crawler - Not a valid path anymore index: state31
21:57:57.093 [pool-1-thread-2] INFO  com.crawljax.core.Crawler - Tried to follow 
21:57:57.093 [pool-1-thread-2] INFO  com.crawljax.core.Crawler - index_21_state31
21:57:57.093 [pool-1-thread-2] INFO  com.crawljax.core.Crawler - Saving failed backtracking path to 31
21:57:57.093 [pool-1-thread-2] INFO  com.crawljax.core.Crawler - backtrack status: false, reached NearDuplicate : -1 
21:57:59.857 [pool-1-thread-2] INFO  com.crawljax.core.Crawler - index has changed to: state62
21:57:59.858 [pool-1-thread-2] INFO  com.crawljax.core.Crawler - Did not add reload edge from state62 to state62
21:57:59.858 [pool-1-thread-2] INFO  com.crawljax.core.Crawler - state31 no path from state62
21:57:59.858 [pool-1-thread-2] INFO  com.crawljax.core.Crawler - state unreachable: Removing from candidate actions state31
21:57:59.858 [pool-1-thread-2] INFO  c.c.core.UnfiredFragmentCandidates - Placing purged actions in unreachable cache for state31
21:57:59.858 [pool-1-thread-2] INFO  com.crawljax.core.Crawler - Resetting the crawler and Going to state state47
21:58:02.675 [pool-1-thread-2] INFO  com.crawljax.core.Crawler - index has changed to: state62
21:58:02.676 [pool-1-thread-2] INFO  com.crawljax.core.Crawler - Did not add reload edge from state62 to state62
21:58:02.676 [pool-1-thread-2] INFO  com.crawljax.core.Crawler - Initial state not the same as current state : Getting shortest path from current state
21:58:02.676 [pool-1-thread-2] INFO  com.crawljax.core.Crawler - state47 no path from state62
21:58:02.676 [pool-1-thread-2] INFO  c.crawljax.core.state.StateMachine - Cannot go to state: 'state33' from: 'state62'
21:58:02.676 [pool-1-thread-2] INFO  com.crawljax.core.Crawler - Not a valid path anymore index: state47
21:58:02.676 [pool-1-thread-2] INFO  com.crawljax.core.Crawler - Tried to follow 
21:58:02.676 [pool-1-thread-2] INFO  com.crawljax.core.Crawler - index_23_state33state33_35_state47
21:58:02.676 [pool-1-thread-2] INFO  com.crawljax.core.Crawler - Saving failed backtracking path to 47
21:58:02.676 [pool-1-thread-2] INFO  com.crawljax.core.Crawler - backtrack status: false, reached NearDuplicate : -1 
21:58:05.450 [pool-1-thread-2] INFO  com.crawljax.core.Crawler - index has changed to: state62
21:58:05.450 [pool-1-thread-2] INFO  com.crawljax.core.Crawler - Did not add reload edge from state62 to state62
21:58:05.451 [pool-1-thread-2] INFO  com.crawljax.core.Crawler - state47 no path from state62
21:58:05.451 [pool-1-thread-2] INFO  com.crawljax.core.Crawler - state unreachable: Removing from candidate actions state47
21:58:05.451 [pool-1-thread-2] INFO  c.c.core.UnfiredFragmentCandidates - Placing purged actions in unreachable cache for state47
21:58:05.451 [pool-1-thread-2] INFO  com.crawljax.core.Crawler - Resetting the crawler and Going to state state33
21:58:08.238 [pool-1-thread-2] INFO  com.crawljax.core.Crawler - index has changed to: state62
21:58:08.239 [pool-1-thread-2] INFO  com.crawljax.core.Crawler - Did not add reload edge from state62 to state62
21:58:08.239 [pool-1-thread-2] INFO  com.crawljax.core.Crawler - Initial state not the same as current state : Getting shortest path from current state
21:58:08.239 [pool-1-thread-2] INFO  com.crawljax.core.Crawler - state33 no path from state62
21:58:08.239 [pool-1-thread-2] INFO  c.crawljax.core.state.StateMachine - Cannot go to state: 'state33' from: 'state62'
21:58:08.239 [pool-1-thread-2] INFO  com.crawljax.core.Crawler - Not a valid path anymore index: state33
21:58:08.239 [pool-1-thread-2] INFO  com.crawljax.core.Crawler - Tried to follow 
21:58:08.239 [pool-1-thread-2] INFO  com.crawljax.core.Crawler - index_23_state33
21:58:08.239 [pool-1-thread-2] INFO  com.crawljax.core.Crawler - Saving failed backtracking path to 33
21:58:08.239 [pool-1-thread-2] INFO  com.crawljax.core.Crawler - backtrack status: false, reached NearDuplicate : -1 
21:58:11.010 [pool-1-thread-2] INFO  com.crawljax.core.Crawler - index has changed to: state62
21:58:11.010 [pool-1-thread-2] INFO  com.crawljax.core.Crawler - Did not add reload edge from state62 to state62
21:58:11.010 [pool-1-thread-2] INFO  com.crawljax.core.Crawler - state33 no path from state62
21:58:11.010 [pool-1-thread-2] INFO  com.crawljax.core.Crawler - state unreachable: Removing from candidate actions state33
21:58:11.010 [pool-1-thread-2] INFO  c.c.core.UnfiredFragmentCandidates - Placing purged actions in unreachable cache for state33
21:58:11.010 [pool-1-thread-2] INFO  com.crawljax.core.Crawler - Resetting the crawler and Going to state state52
21:58:16.219 [pool-1-thread-2] INFO  com.crawljax.core.Crawler - index has changed to: state62
21:58:16.220 [pool-1-thread-2] INFO  com.crawljax.core.Crawler - Did not add reload edge from state62 to state62
21:58:16.220 [pool-1-thread-2] INFO  com.crawljax.core.Crawler - Initial state not the same as current state : Getting shortest path from current state
21:58:16.220 [pool-1-thread-2] INFO  com.crawljax.core.Crawler - state52 no path from state62
21:58:16.221 [pool-1-thread-2] INFO  c.crawljax.core.state.StateMachine - Cannot go to state: 'state33' from: 'state62'
21:58:16.221 [pool-1-thread-2] INFO  com.crawljax.core.Crawler - Not a valid path anymore index: state52
21:58:16.221 [pool-1-thread-2] INFO  com.crawljax.core.Crawler - Tried to follow 
21:58:16.221 [pool-1-thread-2] INFO  com.crawljax.core.Crawler - index_23_state33state33_24_state34state34_39_state52
21:58:16.221 [pool-1-thread-2] INFO  com.crawljax.core.Crawler - Saving failed backtracking path to 52
21:58:16.221 [pool-1-thread-2] INFO  com.crawljax.core.Crawler - backtrack status: false, reached NearDuplicate : -1 
21:58:19.070 [pool-1-thread-2] INFO  com.crawljax.core.Crawler - index has changed to: state62
21:58:19.071 [pool-1-thread-2] INFO  com.crawljax.core.Crawler - Did not add reload edge from state62 to state62
21:58:19.071 [pool-1-thread-2] INFO  com.crawljax.core.Crawler - state52 no path from state62
21:58:19.071 [pool-1-thread-2] INFO  com.crawljax.core.Crawler - state unreachable: Removing from candidate actions state52
21:58:19.071 [pool-1-thread-2] INFO  c.c.core.UnfiredFragmentCandidates - Placing purged actions in unreachable cache for state52
21:58:19.071 [pool-1-thread-2] INFO  com.crawljax.core.Crawler - Resetting the crawler and Going to state state54
21:58:21.874 [pool-1-thread-2] INFO  com.crawljax.core.Crawler - index has changed to: state62
21:58:21.874 [pool-1-thread-2] INFO  com.crawljax.core.Crawler - Did not add reload edge from state62 to state62
21:58:21.874 [pool-1-thread-2] INFO  com.crawljax.core.Crawler - Initial state not the same as current state : Getting shortest path from current state
21:58:21.875 [pool-1-thread-2] INFO  com.crawljax.core.Crawler - state54 no path from state62
21:58:21.875 [pool-1-thread-2] INFO  c.crawljax.core.state.StateMachine - Cannot go to state: 'state33' from: 'state62'
21:58:21.875 [pool-1-thread-2] INFO  com.crawljax.core.Crawler - Not a valid path anymore index: state54
21:58:21.875 [pool-1-thread-2] INFO  com.crawljax.core.Crawler - Tried to follow 
21:58:21.875 [pool-1-thread-2] INFO  com.crawljax.core.Crawler - index_23_state33state33_24_state34state34_41_state54
21:58:21.875 [pool-1-thread-2] INFO  com.crawljax.core.Crawler - Saving failed backtracking path to 54
21:58:21.875 [pool-1-thread-2] INFO  com.crawljax.core.Crawler - backtrack status: false, reached NearDuplicate : -1 
21:58:24.663 [pool-1-thread-2] INFO  com.crawljax.core.Crawler - index has changed to: state62
21:58:24.664 [pool-1-thread-2] INFO  com.crawljax.core.Crawler - Did not add reload edge from state62 to state62
21:58:24.664 [pool-1-thread-2] INFO  com.crawljax.core.Crawler - state54 no path from state62
21:58:24.664 [pool-1-thread-2] INFO  com.crawljax.core.Crawler - state unreachable: Removing from candidate actions state54
21:58:24.664 [pool-1-thread-2] INFO  c.c.core.UnfiredFragmentCandidates - Placing purged actions in unreachable cache for state54
21:58:24.664 [pool-1-thread-2] INFO  com.crawljax.core.Crawler - Resetting the crawler and Going to state state55
21:58:27.448 [pool-1-thread-2] INFO  com.crawljax.core.Crawler - index has changed to: state62
21:58:27.449 [pool-1-thread-2] INFO  com.crawljax.core.Crawler - Did not add reload edge from state62 to state62
21:58:27.449 [pool-1-thread-2] INFO  com.crawljax.core.Crawler - Initial state not the same as current state : Getting shortest path from current state
21:58:27.449 [pool-1-thread-2] INFO  com.crawljax.core.Crawler - state55 no path from state62
21:58:27.449 [pool-1-thread-2] INFO  c.crawljax.core.state.StateMachine - Cannot go to state: 'state33' from: 'state62'
21:58:27.449 [pool-1-thread-2] INFO  com.crawljax.core.Crawler - Not a valid path anymore index: state55
21:58:27.449 [pool-1-thread-2] INFO  com.crawljax.core.Crawler - Tried to follow 
21:58:27.449 [pool-1-thread-2] INFO  com.crawljax.core.Crawler - index_23_state33state33_24_state34state34_41_state54state54_42_state55
21:58:27.449 [pool-1-thread-2] INFO  com.crawljax.core.Crawler - Saving failed backtracking path to 55
21:58:27.449 [pool-1-thread-2] INFO  com.crawljax.core.Crawler - backtrack status: false, reached NearDuplicate : -1 
21:58:30.190 [pool-1-thread-2] INFO  com.crawljax.core.Crawler - index has changed to: state62
21:58:30.191 [pool-1-thread-2] INFO  com.crawljax.core.Crawler - Did not add reload edge from state62 to state62
21:58:30.191 [pool-1-thread-2] INFO  com.crawljax.core.Crawler - state55 no path from state62
21:58:30.191 [pool-1-thread-2] INFO  com.crawljax.core.Crawler - state unreachable: Removing from candidate actions state55
21:58:30.191 [pool-1-thread-2] INFO  c.c.core.UnfiredFragmentCandidates - Placing purged actions in unreachable cache for state55
21:58:30.191 [pool-1-thread-2] INFO  com.crawljax.core.Crawler - Resetting the crawler and Going to state state56
21:58:32.946 [pool-1-thread-2] INFO  com.crawljax.core.Crawler - index has changed to: state62
21:58:32.946 [pool-1-thread-2] INFO  com.crawljax.core.Crawler - Did not add reload edge from state62 to state62
21:58:32.946 [pool-1-thread-2] INFO  com.crawljax.core.Crawler - Initial state not the same as current state : Getting shortest path from current state
21:58:32.946 [pool-1-thread-2] INFO  com.crawljax.core.Crawler - state56 no path from state62
21:58:32.947 [pool-1-thread-2] INFO  c.crawljax.core.state.StateMachine - Cannot go to state: 'state33' from: 'state62'
21:58:32.947 [pool-1-thread-2] INFO  com.crawljax.core.Crawler - Not a valid path anymore index: state56
21:58:32.947 [pool-1-thread-2] INFO  com.crawljax.core.Crawler - Tried to follow 
21:58:32.947 [pool-1-thread-2] INFO  com.crawljax.core.Crawler - index_23_state33state33_24_state34state34_41_state54state54_42_state55state55_43_state56
21:58:32.947 [pool-1-thread-2] INFO  com.crawljax.core.Crawler - Saving failed backtracking path to 56
21:58:32.947 [pool-1-thread-2] INFO  com.crawljax.core.Crawler - backtrack status: false, reached NearDuplicate : -1 
21:58:35.700 [pool-1-thread-2] INFO  com.crawljax.core.Crawler - index has changed to: state62
21:58:35.700 [pool-1-thread-2] INFO  com.crawljax.core.Crawler - Did not add reload edge from state62 to state62
21:58:35.701 [pool-1-thread-2] INFO  com.crawljax.core.Crawler - state56 no path from state62
21:58:35.701 [pool-1-thread-2] INFO  com.crawljax.core.Crawler - state unreachable: Removing from candidate actions state56
21:58:35.701 [pool-1-thread-2] INFO  c.c.core.UnfiredFragmentCandidates - Placing purged actions in unreachable cache for state56
21:58:35.701 [pool-1-thread-2] INFO  com.crawljax.core.Crawler - Resetting the crawler and Going to state state60
21:58:38.481 [pool-1-thread-2] INFO  com.crawljax.core.Crawler - index has changed to: state62
21:58:38.481 [pool-1-thread-2] INFO  com.crawljax.core.Crawler - Did not add reload edge from state62 to state62
21:58:38.482 [pool-1-thread-2] INFO  com.crawljax.core.Crawler - Initial state not the same as current state : Getting shortest path from current state
21:58:38.482 [pool-1-thread-2] INFO  com.crawljax.core.Crawler - state60 no path from state62
21:58:38.482 [pool-1-thread-2] INFO  c.crawljax.core.state.StateMachine - Cannot go to state: 'state33' from: 'state62'
21:58:38.482 [pool-1-thread-2] INFO  com.crawljax.core.Crawler - Not a valid path anymore index: state60
21:58:38.482 [pool-1-thread-2] INFO  com.crawljax.core.Crawler - Tried to follow 
21:58:38.482 [pool-1-thread-2] INFO  com.crawljax.core.Crawler - index_23_state33state33_24_state34state34_47_state60
21:58:38.482 [pool-1-thread-2] INFO  com.crawljax.core.Crawler - Saving failed backtracking path to 60
21:58:38.482 [pool-1-thread-2] INFO  com.crawljax.core.Crawler - backtrack status: false, reached NearDuplicate : -1 
21:58:41.238 [pool-1-thread-2] INFO  com.crawljax.core.Crawler - index has changed to: state62
21:58:41.238 [pool-1-thread-2] INFO  com.crawljax.core.Crawler - Did not add reload edge from state62 to state62
21:58:41.238 [pool-1-thread-2] INFO  com.crawljax.core.Crawler - state60 no path from state62
21:58:41.238 [pool-1-thread-2] INFO  com.crawljax.core.Crawler - state unreachable: Removing from candidate actions state60
21:58:41.238 [pool-1-thread-2] INFO  c.c.core.UnfiredFragmentCandidates - Placing purged actions in unreachable cache for state60
21:58:41.238 [pool-1-thread-2] INFO  com.crawljax.core.Crawler - Resetting the crawler and Going to state state34
21:58:44.003 [pool-1-thread-2] INFO  com.crawljax.core.Crawler - index has changed to: state62
21:58:44.004 [pool-1-thread-2] INFO  com.crawljax.core.Crawler - Did not add reload edge from state62 to state62
21:58:44.004 [pool-1-thread-2] INFO  com.crawljax.core.Crawler - Initial state not the same as current state : Getting shortest path from current state
21:58:44.004 [pool-1-thread-2] INFO  com.crawljax.core.Crawler - state34 no path from state62
21:58:44.004 [pool-1-thread-2] INFO  c.crawljax.core.state.StateMachine - Cannot go to state: 'state33' from: 'state62'
21:58:44.004 [pool-1-thread-2] INFO  com.crawljax.core.Crawler - Not a valid path anymore index: state34
21:58:44.004 [pool-1-thread-2] INFO  com.crawljax.core.Crawler - Tried to follow 
21:58:44.004 [pool-1-thread-2] INFO  com.crawljax.core.Crawler - index_23_state33state33_24_state34
21:58:44.004 [pool-1-thread-2] INFO  com.crawljax.core.Crawler - Saving failed backtracking path to 34
21:58:44.004 [pool-1-thread-2] INFO  com.crawljax.core.Crawler - backtrack status: false, reached NearDuplicate : -1 
21:58:46.788 [pool-1-thread-2] INFO  com.crawljax.core.Crawler - index has changed to: state62
21:58:46.789 [pool-1-thread-2] INFO  com.crawljax.core.Crawler - Did not add reload edge from state62 to state62
21:58:46.789 [pool-1-thread-2] INFO  com.crawljax.core.Crawler - state34 no path from state62
21:58:46.789 [pool-1-thread-2] INFO  com.crawljax.core.Crawler - state unreachable: Removing from candidate actions state34
21:58:46.789 [pool-1-thread-2] INFO  c.c.core.UnfiredFragmentCandidates - Placing purged actions in unreachable cache for state34
21:58:46.789 [pool-1-thread-2] INFO  com.crawljax.core.Crawler - backtrack status: true, reached NearDuplicate : -1 
21:58:46.789 [pool-1-thread-2] INFO  com.crawljax.core.Crawler -  Event xpath /HTML[1]/BODY[1]/DIV[4]/DIV[1]/DIV[4]/DIV[2]/DIV[2]/DIV[2]/UL[1]/LI[1]/DIV[1]/A[1]
21:58:46.811 [pool-1-thread-2] INFO  com.crawljax.core.Crawler - Changing related inputs for 49 with 0  to 0 
21:58:46.894 [pool-1-thread-2] INFO  c.c.core.UnfiredFragmentCandidates - Changing related inputs to worked inputs 0 for 49
21:58:46.894 [pool-1-thread-2] INFO  c.c.core.UnfiredFragmentCandidates - event 49 - Before 0
21:58:46.894 [pool-1-thread-2] INFO  c.c.core.UnfiredFragmentCandidates - event 49 - After 0
21:58:46.894 [pool-1-thread-2] INFO  c.c.core.UnfiredFragmentCandidates - input for 49, 0
21:58:52.990 [pool-1-thread-2] INFO  c.crawljax.core.state.StateMachine - CLONE State detected: state86 and state61 are the same.
21:58:52.997 [pool-1-thread-2] INFO  com.crawljax.core.Crawler - Resetting the crawler and Going to state state62
21:58:53.006 [pool-1-thread-2] INFO  com.crawljax.core.CrawlSession - Adding CrawlPath to session !!
21:58:53.007 [pool-1-thread-2] INFO  com.crawljax.core.Crawler - BT-state34:-1state62_49_state61
21:58:55.755 [pool-1-thread-2] INFO  com.crawljax.core.Crawler - index has changed to: state62
21:58:55.756 [pool-1-thread-2] INFO  com.crawljax.core.Crawler - Did not add reload edge from state61 to state62
21:58:55.756 [pool-1-thread-2] INFO  com.crawljax.core.Crawler - Initial state not the same as current state : Getting shortest path from current state
21:58:55.756 [pool-1-thread-2] INFO  com.crawljax.core.Crawler - backtrack status: true, reached NearDuplicate : -1 
21:58:55.756 [pool-1-thread-2] INFO  com.crawljax.core.Crawler -  Event xpath /HTML[1]/BODY[1]/DIV[4]/DIV[1]/DIV[4]/DIV[2]/DIV[2]/DIV[2]/UL[1]/LI[1]/A[1]
21:58:55.772 [pool-1-thread-2] INFO  com.crawljax.core.Crawler - Changing related inputs for 50 with 0  to 0 
21:58:55.852 [pool-1-thread-2] INFO  c.c.core.UnfiredFragmentCandidates - Changing related inputs to worked inputs 0 for 50
21:58:55.852 [pool-1-thread-2] INFO  c.c.core.UnfiredFragmentCandidates - event 50 - Before 0
21:58:55.852 [pool-1-thread-2] INFO  c.c.core.UnfiredFragmentCandidates - event 50 - After 0
21:58:55.852 [pool-1-thread-2] INFO  c.c.core.UnfiredFragmentCandidates - input for 50, 0
21:58:59.526 [pool-1-thread-2] INFO  c.crawljax.core.state.StateMachine - CLONE State detected: state88 and state61 are the same.
21:58:59.534 [pool-1-thread-2] INFO  c.c.core.UnfiredFragmentCandidates - There are 1 states with unfired actions: [62]
21:58:59.534 [pool-1-thread-2] INFO  com.crawljax.core.Crawler - Resetting the crawler and Going to state state62
21:58:59.542 [pool-1-thread-2] INFO  com.crawljax.core.CrawlSession - Adding CrawlPath to session !!
21:58:59.542 [pool-1-thread-2] INFO  com.crawljax.core.Crawler - BT-state62:-1state62_50_state61
21:59:02.297 [pool-1-thread-2] INFO  com.crawljax.core.Crawler - index has changed to: state62
21:59:02.297 [pool-1-thread-2] INFO  com.crawljax.core.Crawler - Did not add reload edge from state61 to state62
21:59:02.297 [pool-1-thread-2] INFO  com.crawljax.core.Crawler - Initial state not the same as current state : Getting shortest path from current state
21:59:02.297 [pool-1-thread-2] INFO  com.crawljax.core.Crawler - backtrack status: true, reached NearDuplicate : -1 
21:59:02.297 [pool-1-thread-2] INFO  com.crawljax.core.Crawler -  Event xpath /HTML[1]/BODY[1]/DIV[4]/DIV[1]/DIV[4]/DIV[2]/DIV[2]/DIV[2]/UL[1]/LI[2]/DIV[1]/A[1]
21:59:02.314 [pool-1-thread-2] INFO  com.crawljax.core.Crawler - Changing related inputs for 51 with 0  to 0 
21:59:02.388 [pool-1-thread-2] INFO  c.c.core.UnfiredFragmentCandidates - Changing related inputs to worked inputs 0 for 51
21:59:02.388 [pool-1-thread-2] INFO  c.c.core.UnfiredFragmentCandidates - event 51 - Before 0
21:59:02.388 [pool-1-thread-2] INFO  c.c.core.UnfiredFragmentCandidates - event 51 - After 0
21:59:02.388 [pool-1-thread-2] INFO  c.c.core.UnfiredFragmentCandidates - input for 51, 0
21:59:06.071 [pool-1-thread-2] INFO  c.crawljax.core.state.StateMachine - CLONE State detected: state90 and state55 are the same.
21:59:06.071 [pool-1-thread-2] INFO  c.c.core.UnfiredFragmentCandidates - Placing state55 back in queue as it is rediscovered
21:59:06.071 [pool-1-thread-2] INFO  c.c.core.UnfiredFragmentCandidates - There are 1 states with unfired actions: [55]
21:59:06.071 [pool-1-thread-2] INFO  c.c.core.UnfiredFragmentCandidates - Rediscovered state55 has unexplored actions
21:59:06.078 [pool-1-thread-2] INFO  com.crawljax.core.Crawler -  Event xpath /HTML[1]/BODY[1]/DIV[4]/DIV[1]/DIV[4]/DIV[2]/DIV[1]/UL[1]/LI[3]/SPAN[1]/A[1]
21:59:06.094 [pool-1-thread-2] INFO  com.crawljax.core.Crawler - Changing related inputs for 52 with 0  to 0 
21:59:06.163 [pool-1-thread-2] INFO  c.c.core.UnfiredFragmentCandidates - Changing related inputs to worked inputs 0 for 52
21:59:06.163 [pool-1-thread-2] INFO  c.c.core.UnfiredFragmentCandidates - event 52 - Before 0
21:59:06.163 [pool-1-thread-2] INFO  c.c.core.UnfiredFragmentCandidates - event 52 - After 0
21:59:06.163 [pool-1-thread-2] INFO  c.c.core.UnfiredFragmentCandidates - input for 52, 0
21:59:09.774 [pool-1-thread-2] INFO  c.crawljax.core.state.StateMachine - CLONE State detected: state91 and state34 are the same.
21:59:09.774 [pool-1-thread-2] INFO  c.c.core.UnfiredFragmentCandidates - Placing state34 back in queue as it is rediscovered
21:59:09.774 [pool-1-thread-2] INFO  c.c.core.UnfiredFragmentCandidates - There are 2 states with unfired actions: [55, 34]
21:59:09.774 [pool-1-thread-2] INFO  c.c.core.UnfiredFragmentCandidates - Rediscovered state34 has unexplored actions
21:59:09.782 [pool-1-thread-2] INFO  com.crawljax.core.Crawler -  Event xpath /HTML[1]/BODY[1]/DIV[4]/DIV[1]/DIV[4]/DIV[2]/DIV[2]/DIV[2]/DIV[3]/DIV[1]/DIV[1]/DIV[1]/A[1]
21:59:09.795 [pool-1-thread-2] INFO  com.crawljax.core.Crawler - Changing related inputs for 53 with 0  to 0 
21:59:09.871 [pool-1-thread-2] INFO  c.c.core.UnfiredFragmentCandidates - Changing related inputs to worked inputs 0 for 53
21:59:09.871 [pool-1-thread-2] INFO  c.c.core.UnfiredFragmentCandidates - event 53 - Before 0
21:59:09.871 [pool-1-thread-2] INFO  c.c.core.UnfiredFragmentCandidates - event 53 - After 0
21:59:09.871 [pool-1-thread-2] INFO  c.c.core.UnfiredFragmentCandidates - input for 53, 0
21:59:13.806 [pool-1-thread-2] INFO  c.c.c.state.InMemoryStateFlowGraph - Number of states in the graph is now 34
21:59:13.806 [pool-1-thread-2] INFO  c.crawljax.core.state.StateMachine - State state92 added to the StateMachine.
21:59:13.949 [pool-1-thread-2] INFO  com.crawljax.core.Crawler - New DOM is a new state! crawl depth is now 1
21:59:13.949 [pool-1-thread-2] INFO  com.crawljax.core.Crawler - Parsing DOM of state state92 for candidate elements
21:59:14.038 [pool-1-thread-2] INFO  c.c.core.UnfiredFragmentCandidates - There are 3 states with unfired actions: [55, 34, 92]
21:59:14.045 [pool-1-thread-2] INFO  com.crawljax.core.Crawler -  Event xpath /HTML[1]/BODY[1]/DIV[4]/DIV[1]/DIV[4]/DIV[2]/DIV[2]/DIV[1]/FORM[1]/DIV[1]/DIV[1]/DIV[1]/DIV[2]/DIV[1]/A[1]
21:59:14.062 [pool-1-thread-2] INFO  com.crawljax.core.Crawler - Changing related inputs for 54 with 0  to 0 
21:59:14.129 [pool-1-thread-2] INFO  c.c.core.UnfiredFragmentCandidates - Changing related inputs to worked inputs 0 for 54
21:59:14.129 [pool-1-thread-2] INFO  c.c.core.UnfiredFragmentCandidates - event 54 - Before 0
21:59:14.129 [pool-1-thread-2] INFO  c.c.core.UnfiredFragmentCandidates - event 54 - After 0
21:59:14.129 [pool-1-thread-2] INFO  c.c.core.UnfiredFragmentCandidates - input for 54, 0
21:59:17.264 [pool-1-thread-2] INFO  c.c.c.state.InMemoryStateFlowGraph - Number of states in the graph is now 35
21:59:17.264 [pool-1-thread-2] INFO  c.crawljax.core.state.StateMachine - State state93 added to the StateMachine.
21:59:17.395 [pool-1-thread-2] INFO  com.crawljax.core.Crawler - New DOM is a new state! crawl depth is now 2
21:59:17.395 [pool-1-thread-2] INFO  com.crawljax.core.Crawler - Parsing DOM of state state93 for candidate elements
21:59:17.502 [pool-1-thread-2] INFO  c.c.core.UnfiredFragmentCandidates - There are 4 states with unfired actions: [55, 34, 92, 93]
21:59:17.509 [pool-1-thread-2] INFO  com.crawljax.core.Crawler -  Event xpath /HTML[1]/BODY[1]/DIV[6]/DIV[1]/DIV[1]/DIV[1]/A[1]
21:59:17.529 [pool-1-thread-2] INFO  com.crawljax.core.Crawler - Changing related inputs for 55 with 0  to 0 
21:59:17.611 [pool-1-thread-2] INFO  c.c.core.UnfiredFragmentCandidates - Changing related inputs to worked inputs 0 for 55
21:59:17.611 [pool-1-thread-2] INFO  c.c.core.UnfiredFragmentCandidates - event 55 - Before 0
21:59:17.611 [pool-1-thread-2] INFO  c.c.core.UnfiredFragmentCandidates - event 55 - After 0
21:59:17.611 [pool-1-thread-2] INFO  c.c.core.UnfiredFragmentCandidates - input for 55, 0
21:59:18.705 [pool-1-thread-2] INFO  com.crawljax.core.Crawler -  Event xpath /HTML[1]/BODY[1]/DIV[6]/DIV[1]/DIV[1]/DIV[2]/DIV[1]/UL[1]/LI[1]/A[1]
21:59:18.723 [pool-1-thread-2] INFO  com.crawljax.core.Crawler - Changing related inputs for 56 with 0  to 0 
21:59:18.795 [pool-1-thread-2] INFO  c.c.core.UnfiredFragmentCandidates - Changing related inputs to worked inputs 0 for 56
21:59:18.795 [pool-1-thread-2] INFO  c.c.core.UnfiredFragmentCandidates - event 56 - Before 0
21:59:18.795 [pool-1-thread-2] INFO  c.c.core.UnfiredFragmentCandidates - event 56 - After 0
21:59:18.795 [pool-1-thread-2] INFO  c.c.core.UnfiredFragmentCandidates - input for 56, 0
21:59:19.905 [pool-1-thread-2] INFO  com.crawljax.core.Crawler -  Event xpath /HTML[1]/BODY[1]/DIV[6]/DIV[1]/DIV[1]/DIV[2]/DIV[1]/UL[1]/LI[2]/A[1]
21:59:19.922 [pool-1-thread-2] INFO  com.crawljax.core.Crawler - Changing related inputs for 57 with 0  to 0 
21:59:19.997 [pool-1-thread-2] INFO  c.c.core.UnfiredFragmentCandidates - Changing related inputs to worked inputs 0 for 57
21:59:19.998 [pool-1-thread-2] INFO  c.c.core.UnfiredFragmentCandidates - event 57 - Before 0
21:59:19.998 [pool-1-thread-2] INFO  c.c.core.UnfiredFragmentCandidates - event 57 - After 0
21:59:19.998 [pool-1-thread-2] INFO  c.c.core.UnfiredFragmentCandidates - input for 57, 0
21:59:21.100 [pool-1-thread-2] INFO  com.crawljax.core.Crawler -  Event xpath /HTML[1]/BODY[1]/DIV[6]/DIV[1]/DIV[1]/DIV[2]/DIV[1]/UL[1]/LI[3]/A[1]
21:59:21.121 [pool-1-thread-2] INFO  com.crawljax.core.Crawler - Changing related inputs for 58 with 0  to 0 
21:59:21.201 [pool-1-thread-2] INFO  c.c.core.UnfiredFragmentCandidates - Changing related inputs to worked inputs 0 for 58
21:59:21.201 [pool-1-thread-2] INFO  c.c.core.UnfiredFragmentCandidates - event 58 - Before 0
21:59:21.202 [pool-1-thread-2] INFO  c.c.core.UnfiredFragmentCandidates - event 58 - After 0
21:59:21.202 [pool-1-thread-2] INFO  c.c.core.UnfiredFragmentCandidates - input for 58, 0
21:59:25.035 [pool-1-thread-2] INFO  com.crawljax.core.Crawler -  Event xpath /HTML[1]/BODY[1]/DIV[6]/DIV[1]/DIV[1]/DIV[2]/DIV[1]/UL[1]/LI[4]/A[1]
21:59:25.053 [pool-1-thread-2] INFO  com.crawljax.core.Crawler - Changing related inputs for 59 with 0  to 0 
21:59:25.135 [pool-1-thread-2] INFO  c.c.core.UnfiredFragmentCandidates - Changing related inputs to worked inputs 0 for 59
21:59:25.135 [pool-1-thread-2] INFO  c.c.core.UnfiredFragmentCandidates - event 59 - Before 0
21:59:25.135 [pool-1-thread-2] INFO  c.c.core.UnfiredFragmentCandidates - event 59 - After 0
21:59:25.135 [pool-1-thread-2] INFO  c.c.core.UnfiredFragmentCandidates - input for 59, 0
21:59:26.242 [pool-1-thread-2] INFO  com.crawljax.core.Crawler -  Event xpath /HTML[1]/BODY[1]/DIV[6]/DIV[1]/DIV[2]/UL[1]/LI[1]/A[1]
21:59:26.261 [pool-1-thread-2] INFO  com.crawljax.core.Crawler - Changing related inputs for 60 with 0  to 0 
21:59:26.340 [pool-1-thread-2] INFO  c.c.core.UnfiredFragmentCandidates - Changing related inputs to worked inputs 0 for 60
21:59:26.340 [pool-1-thread-2] INFO  c.c.core.UnfiredFragmentCandidates - event 60 - Before 0
21:59:26.340 [pool-1-thread-2] INFO  c.c.core.UnfiredFragmentCandidates - event 60 - After 0
21:59:26.340 [pool-1-thread-2] INFO  c.c.core.UnfiredFragmentCandidates - input for 60, 0
21:59:27.454 [pool-1-thread-2] INFO  com.crawljax.core.Crawler -  Event xpath /HTML[1]/BODY[1]/DIV[6]/DIV[1]/DIV[2]/UL[1]/LI[2]/A[1]
21:59:27.472 [pool-1-thread-2] INFO  com.crawljax.core.Crawler - Changing related inputs for 61 with 0  to 0 
21:59:27.549 [pool-1-thread-2] INFO  c.c.core.UnfiredFragmentCandidates - Changing related inputs to worked inputs 0 for 61
21:59:27.549 [pool-1-thread-2] INFO  c.c.core.UnfiredFragmentCandidates - event 61 - Before 0
21:59:27.549 [pool-1-thread-2] INFO  c.c.core.UnfiredFragmentCandidates - event 61 - After 0
21:59:27.549 [pool-1-thread-2] INFO  c.c.core.UnfiredFragmentCandidates - input for 61, 0
21:59:28.649 [pool-1-thread-2] INFO  com.crawljax.core.Crawler -  Event xpath /HTML[1]/BODY[1]/DIV[6]/DIV[1]/DIV[2]/UL[1]/LI[2]/UL[1]/LI[1]/A[1]
21:59:28.667 [pool-1-thread-2] INFO  com.crawljax.core.Crawler - Changing related inputs for 62 with 0  to 0 
21:59:28.735 [pool-1-thread-2] INFO  c.c.core.UnfiredFragmentCandidates - Changing related inputs to worked inputs 0 for 62
21:59:28.735 [pool-1-thread-2] INFO  c.c.core.UnfiredFragmentCandidates - event 62 - Before 0
21:59:28.735 [pool-1-thread-2] INFO  c.c.core.UnfiredFragmentCandidates - event 62 - After 0
21:59:28.735 [pool-1-thread-2] INFO  c.c.core.UnfiredFragmentCandidates - input for 62, 0
21:59:28.775 [pool-1-thread-2] INFO  com.crawljax.core.Crawler -  Event xpath /HTML[1]/BODY[1]/DIV[6]/DIV[1]/DIV[2]/UL[1]/LI[2]/UL[1]/LI[2]/A[1]
21:59:28.793 [pool-1-thread-2] INFO  com.crawljax.core.Crawler - Changing related inputs for 63 with 0  to 0 
21:59:28.865 [pool-1-thread-2] INFO  c.c.core.UnfiredFragmentCandidates - Changing related inputs to worked inputs 0 for 63
21:59:28.865 [pool-1-thread-2] INFO  c.c.core.UnfiredFragmentCandidates - event 63 - Before 0
21:59:28.865 [pool-1-thread-2] INFO  c.c.core.UnfiredFragmentCandidates - event 63 - After 0
21:59:28.865 [pool-1-thread-2] INFO  c.c.core.UnfiredFragmentCandidates - input for 63, 0
21:59:28.903 [pool-1-thread-2] INFO  com.crawljax.core.Crawler -  Event xpath /HTML[1]/BODY[1]/DIV[6]/DIV[1]/DIV[2]/UL[1]/LI[2]/UL[1]/LI[3]/A[1]
21:59:28.920 [pool-1-thread-2] INFO  com.crawljax.core.Crawler - Changing related inputs for 64 with 0  to 0 
21:59:28.991 [pool-1-thread-2] INFO  c.c.core.UnfiredFragmentCandidates - Changing related inputs to worked inputs 0 for 64
21:59:28.991 [pool-1-thread-2] INFO  c.c.core.UnfiredFragmentCandidates - event 64 - Before 0
21:59:28.991 [pool-1-thread-2] INFO  c.c.core.UnfiredFragmentCandidates - event 64 - After 0
21:59:28.991 [pool-1-thread-2] INFO  c.c.core.UnfiredFragmentCandidates - input for 64, 0
21:59:29.033 [pool-1-thread-2] INFO  com.crawljax.core.Crawler -  Event xpath /HTML[1]/BODY[1]/DIV[6]/DIV[1]/DIV[2]/UL[1]/LI[3]/A[1]
21:59:29.051 [pool-1-thread-2] INFO  com.crawljax.core.Crawler - Changing related inputs for 65 with 0  to 0 
21:59:29.118 [pool-1-thread-2] INFO  c.c.core.UnfiredFragmentCandidates - Changing related inputs to worked inputs 0 for 65
21:59:29.118 [pool-1-thread-2] INFO  c.c.core.UnfiredFragmentCandidates - event 65 - Before 0
21:59:29.118 [pool-1-thread-2] INFO  c.c.core.UnfiredFragmentCandidates - event 65 - After 0
21:59:29.118 [pool-1-thread-2] INFO  c.c.core.UnfiredFragmentCandidates - input for 65, 0
21:59:30.212 [pool-1-thread-2] INFO  com.crawljax.core.Crawler -  Event xpath /HTML[1]/BODY[1]/DIV[6]/DIV[1]/DIV[2]/UL[1]/LI[3]/UL[1]/LI[1]/A[1]
21:59:30.232 [pool-1-thread-2] INFO  com.crawljax.core.Crawler - Changing related inputs for 66 with 0  to 0 
21:59:30.298 [pool-1-thread-2] INFO  c.c.core.UnfiredFragmentCandidates - Changing related inputs to worked inputs 0 for 66
21:59:30.298 [pool-1-thread-2] INFO  c.c.core.UnfiredFragmentCandidates - event 66 - Before 0
21:59:30.298 [pool-1-thread-2] INFO  c.c.core.UnfiredFragmentCandidates - event 66 - After 0
21:59:30.298 [pool-1-thread-2] INFO  c.c.core.UnfiredFragmentCandidates - input for 66, 0
21:59:30.336 [pool-1-thread-2] INFO  com.crawljax.core.Crawler -  Event xpath /HTML[1]/BODY[1]/DIV[6]/DIV[1]/DIV[2]/UL[1]/LI[3]/UL[1]/LI[2]/A[1]
21:59:30.353 [pool-1-thread-2] INFO  com.crawljax.core.Crawler - Changing related inputs for 67 with 0  to 0 
21:59:30.424 [pool-1-thread-2] INFO  c.c.core.UnfiredFragmentCandidates - Changing related inputs to worked inputs 0 for 67
21:59:30.424 [pool-1-thread-2] INFO  c.c.core.UnfiredFragmentCandidates - event 67 - Before 0
21:59:30.424 [pool-1-thread-2] INFO  c.c.core.UnfiredFragmentCandidates - event 67 - After 0
21:59:30.424 [pool-1-thread-2] INFO  c.c.core.UnfiredFragmentCandidates - input for 67, 0
21:59:30.462 [pool-1-thread-2] INFO  com.crawljax.core.Crawler -  Event xpath /HTML[1]/BODY[1]/DIV[6]/DIV[1]/DIV[2]/UL[1]/LI[4]/A[1]
21:59:30.479 [pool-1-thread-2] INFO  com.crawljax.core.Crawler - Changing related inputs for 68 with 0  to 0 
21:59:30.548 [pool-1-thread-2] INFO  c.c.core.UnfiredFragmentCandidates - Changing related inputs to worked inputs 0 for 68
21:59:30.548 [pool-1-thread-2] INFO  c.c.core.UnfiredFragmentCandidates - event 68 - Before 0
21:59:30.548 [pool-1-thread-2] INFO  c.c.core.UnfiredFragmentCandidates - event 68 - After 0
21:59:30.548 [pool-1-thread-2] INFO  c.c.core.UnfiredFragmentCandidates - input for 68, 0
21:59:31.636 [pool-1-thread-2] INFO  com.crawljax.core.Crawler -  Event xpath /HTML[1]/BODY[1]/DIV[6]/DIV[1]/DIV[2]/UL[1]/LI[5]/A[1]
21:59:31.652 [pool-1-thread-2] INFO  com.crawljax.core.Crawler - Changing related inputs for 69 with 0  to 0 
21:59:31.723 [pool-1-thread-2] INFO  c.c.core.UnfiredFragmentCandidates - Changing related inputs to worked inputs 0 for 69
21:59:31.723 [pool-1-thread-2] INFO  c.c.core.UnfiredFragmentCandidates - event 69 - Before 0
21:59:31.723 [pool-1-thread-2] INFO  c.c.core.UnfiredFragmentCandidates - event 69 - After 0
21:59:31.723 [pool-1-thread-2] INFO  c.c.core.UnfiredFragmentCandidates - input for 69, 0
21:59:32.815 [pool-1-thread-2] INFO  com.crawljax.core.Crawler -  Event xpath /HTML[1]/BODY[1]/DIV[6]/DIV[1]/DIV[2]/UL[1]/LI[6]/A[1]
21:59:32.835 [pool-1-thread-2] INFO  com.crawljax.core.Crawler - Changing related inputs for 70 with 0  to 0 
21:59:32.907 [pool-1-thread-2] INFO  c.c.core.UnfiredFragmentCandidates - Changing related inputs to worked inputs 0 for 70
21:59:32.907 [pool-1-thread-2] INFO  c.c.core.UnfiredFragmentCandidates - event 70 - Before 0
21:59:32.907 [pool-1-thread-2] INFO  c.c.core.UnfiredFragmentCandidates - event 70 - After 0
21:59:32.907 [pool-1-thread-2] INFO  c.c.core.UnfiredFragmentCandidates - input for 70, 0
21:59:33.994 [pool-1-thread-2] INFO  com.crawljax.core.Crawler -  Event xpath /HTML[1]/BODY[1]/DIV[6]/DIV[1]/DIV[2]/UL[1]/LI[7]/A[1]
21:59:34.011 [pool-1-thread-2] INFO  com.crawljax.core.Crawler - Changing related inputs for 71 with 0  to 0 
21:59:34.084 [pool-1-thread-2] INFO  c.c.core.UnfiredFragmentCandidates - Changing related inputs to worked inputs 0 for 71
21:59:34.084 [pool-1-thread-2] INFO  c.c.core.UnfiredFragmentCandidates - event 71 - Before 0
21:59:34.084 [pool-1-thread-2] INFO  c.c.core.UnfiredFragmentCandidates - event 71 - After 0
21:59:34.084 [pool-1-thread-2] INFO  c.c.core.UnfiredFragmentCandidates - input for 71, 0
21:59:35.171 [pool-1-thread-2] INFO  com.crawljax.core.Crawler -  Event xpath /HTML[1]/BODY[1]/DIV[6]/DIV[1]/DIV[2]/DIV[1]/A[1]
21:59:35.186 [pool-1-thread-2] INFO  com.crawljax.core.Crawler - Changing related inputs for 72 with 0  to 0 
21:59:35.258 [pool-1-thread-2] INFO  c.c.core.UnfiredFragmentCandidates - Changing related inputs to worked inputs 0 for 72
21:59:35.258 [pool-1-thread-2] INFO  c.c.core.UnfiredFragmentCandidates - event 72 - Before 0
21:59:35.258 [pool-1-thread-2] INFO  c.c.core.UnfiredFragmentCandidates - event 72 - After 0
21:59:35.258 [pool-1-thread-2] INFO  c.c.core.UnfiredFragmentCandidates - input for 72, 0
21:59:35.300 [pool-1-thread-2] INFO  com.crawljax.core.Crawler -  Event xpath /HTML[1]/BODY[1]/DIV[6]/DIV[1]/DIV[2]/UL[2]/LI[1]/A[1]
21:59:35.317 [pool-1-thread-2] INFO  com.crawljax.core.Crawler - Changing related inputs for 73 with 0  to 0 
21:59:35.381 [pool-1-thread-2] INFO  c.c.core.UnfiredFragmentCandidates - Changing related inputs to worked inputs 0 for 73
21:59:35.381 [pool-1-thread-2] INFO  c.c.core.UnfiredFragmentCandidates - event 73 - Before 0
21:59:35.381 [pool-1-thread-2] INFO  c.c.core.UnfiredFragmentCandidates - event 73 - After 0
21:59:35.381 [pool-1-thread-2] INFO  c.c.core.UnfiredFragmentCandidates - input for 73, 0
21:59:35.422 [pool-1-thread-2] INFO  com.crawljax.core.Crawler -  Event xpath /HTML[1]/BODY[1]/DIV[6]/DIV[1]/DIV[2]/UL[2]/LI[2]/A[1]
21:59:35.440 [pool-1-thread-2] INFO  com.crawljax.core.Crawler - Changing related inputs for 74 with 0  to 0 
21:59:35.503 [pool-1-thread-2] INFO  c.c.core.UnfiredFragmentCandidates - Changing related inputs to worked inputs 0 for 74
21:59:35.504 [pool-1-thread-2] INFO  c.c.core.UnfiredFragmentCandidates - event 74 - Before 0
21:59:35.504 [pool-1-thread-2] INFO  c.c.core.UnfiredFragmentCandidates - event 74 - After 0
21:59:35.504 [pool-1-thread-2] INFO  c.c.core.UnfiredFragmentCandidates - input for 74, 0
21:59:35.543 [pool-1-thread-2] INFO  com.crawljax.core.Crawler -  Event xpath /HTML[1]/BODY[1]/DIV[6]/DIV[1]/DIV[2]/UL[2]/LI[2]/UL[1]/LI[1]/A[1]
21:59:35.560 [pool-1-thread-2] INFO  com.crawljax.core.Crawler - Changing related inputs for 75 with 0  to 0 
21:59:35.632 [pool-1-thread-2] INFO  c.c.core.UnfiredFragmentCandidates - Changing related inputs to worked inputs 0 for 75
21:59:35.632 [pool-1-thread-2] INFO  c.c.core.UnfiredFragmentCandidates - event 75 - Before 0
21:59:35.632 [pool-1-thread-2] INFO  c.c.core.UnfiredFragmentCandidates - event 75 - After 0
21:59:35.632 [pool-1-thread-2] INFO  c.c.core.UnfiredFragmentCandidates - input for 75, 0
21:59:35.670 [pool-1-thread-2] INFO  com.crawljax.core.Crawler -  Event xpath /HTML[1]/BODY[1]/DIV[6]/DIV[1]/DIV[2]/UL[2]/LI[2]/UL[1]/LI[2]/A[1]
21:59:35.686 [pool-1-thread-2] INFO  com.crawljax.core.Crawler - Changing related inputs for 76 with 0  to 0 
21:59:35.758 [pool-1-thread-2] INFO  c.c.core.UnfiredFragmentCandidates - Changing related inputs to worked inputs 0 for 76
21:59:35.758 [pool-1-thread-2] INFO  c.c.core.UnfiredFragmentCandidates - event 76 - Before 0
21:59:35.758 [pool-1-thread-2] INFO  c.c.core.UnfiredFragmentCandidates - event 76 - After 0
21:59:35.758 [pool-1-thread-2] INFO  c.c.core.UnfiredFragmentCandidates - input for 76, 0
21:59:35.803 [pool-1-thread-2] INFO  com.crawljax.core.Crawler -  Event xpath /HTML[1]/BODY[1]/DIV[6]/DIV[1]/DIV[2]/UL[2]/LI[2]/UL[1]/LI[3]/A[1]
21:59:35.821 [pool-1-thread-2] INFO  com.crawljax.core.Crawler - Changing related inputs for 77 with 0  to 0 
21:59:35.895 [pool-1-thread-2] INFO  c.c.core.UnfiredFragmentCandidates - Changing related inputs to worked inputs 0 for 77
21:59:35.895 [pool-1-thread-2] INFO  c.c.core.UnfiredFragmentCandidates - event 77 - Before 0
21:59:35.895 [pool-1-thread-2] INFO  c.c.core.UnfiredFragmentCandidates - event 77 - After 0
21:59:35.895 [pool-1-thread-2] INFO  c.c.core.UnfiredFragmentCandidates - input for 77, 0
21:59:35.938 [pool-1-thread-2] INFO  com.crawljax.core.Crawler -  Event xpath /HTML[1]/BODY[1]/DIV[6]/DIV[1]/DIV[2]/UL[2]/LI[3]/A[1]
21:59:35.958 [pool-1-thread-2] INFO  com.crawljax.core.Crawler - Changing related inputs for 78 with 0  to 0 
21:59:36.022 [pool-1-thread-2] INFO  c.c.core.UnfiredFragmentCandidates - Changing related inputs to worked inputs 0 for 78
21:59:36.022 [pool-1-thread-2] INFO  c.c.core.UnfiredFragmentCandidates - event 78 - Before 0
21:59:36.022 [pool-1-thread-2] INFO  c.c.core.UnfiredFragmentCandidates - event 78 - After 0
21:59:36.022 [pool-1-thread-2] INFO  c.c.core.UnfiredFragmentCandidates - input for 78, 0
21:59:36.061 [pool-1-thread-2] INFO  com.crawljax.core.Crawler -  Event xpath /HTML[1]/BODY[1]/DIV[6]/DIV[1]/DIV[2]/UL[2]/LI[3]/UL[1]/LI[1]/A[1]
21:59:36.077 [pool-1-thread-2] INFO  com.crawljax.core.Crawler - Changing related inputs for 79 with 0  to 0 
21:59:36.150 [pool-1-thread-2] INFO  c.c.core.UnfiredFragmentCandidates - Changing related inputs to worked inputs 0 for 79
21:59:36.150 [pool-1-thread-2] INFO  c.c.core.UnfiredFragmentCandidates - event 79 - Before 0
21:59:36.150 [pool-1-thread-2] INFO  c.c.core.UnfiredFragmentCandidates - event 79 - After 0
21:59:36.150 [pool-1-thread-2] INFO  c.c.core.UnfiredFragmentCandidates - input for 79, 0
21:59:36.191 [pool-1-thread-2] INFO  com.crawljax.core.Crawler -  Event xpath /HTML[1]/BODY[1]/DIV[6]/DIV[1]/DIV[2]/UL[2]/LI[3]/UL[1]/LI[2]/A[1]
21:59:36.208 [pool-1-thread-2] INFO  com.crawljax.core.Crawler - Changing related inputs for 80 with 0  to 0 
21:59:36.277 [pool-1-thread-2] INFO  c.c.core.UnfiredFragmentCandidates - Changing related inputs to worked inputs 0 for 80
21:59:36.277 [pool-1-thread-2] INFO  c.c.core.UnfiredFragmentCandidates - event 80 - Before 0
21:59:36.277 [pool-1-thread-2] INFO  c.c.core.UnfiredFragmentCandidates - event 80 - After 0
21:59:36.277 [pool-1-thread-2] INFO  c.c.core.UnfiredFragmentCandidates - input for 80, 0
21:59:36.319 [pool-1-thread-2] INFO  com.crawljax.core.Crawler -  Event xpath /HTML[1]/BODY[1]/DIV[6]/DIV[1]/DIV[2]/UL[2]/LI[4]/A[1]
21:59:36.337 [pool-1-thread-2] INFO  com.crawljax.core.Crawler - Changing related inputs for 81 with 0  to 0 
21:59:36.403 [pool-1-thread-2] INFO  c.c.core.UnfiredFragmentCandidates - Changing related inputs to worked inputs 0 for 81
21:59:36.404 [pool-1-thread-2] INFO  c.c.core.UnfiredFragmentCandidates - event 81 - Before 0
21:59:36.404 [pool-1-thread-2] INFO  c.c.core.UnfiredFragmentCandidates - event 81 - After 0
21:59:36.404 [pool-1-thread-2] INFO  c.c.core.UnfiredFragmentCandidates - input for 81, 0
21:59:36.446 [pool-1-thread-2] INFO  com.crawljax.core.Crawler -  Event xpath /HTML[1]/BODY[1]/DIV[6]/DIV[1]/DIV[2]/UL[2]/LI[5]/A[1]
21:59:36.466 [pool-1-thread-2] INFO  com.crawljax.core.Crawler - Changing related inputs for 82 with 0  to 0 
21:59:36.534 [pool-1-thread-2] INFO  c.c.core.UnfiredFragmentCandidates - Changing related inputs to worked inputs 0 for 82
21:59:36.534 [pool-1-thread-2] INFO  c.c.core.UnfiredFragmentCandidates - event 82 - Before 0
21:59:36.534 [pool-1-thread-2] INFO  c.c.core.UnfiredFragmentCandidates - event 82 - After 0
21:59:36.534 [pool-1-thread-2] INFO  c.c.core.UnfiredFragmentCandidates - input for 82, 0
21:59:36.574 [pool-1-thread-2] INFO  com.crawljax.core.Crawler -  Event xpath /HTML[1]/BODY[1]/DIV[6]/DIV[1]/DIV[2]/UL[2]/LI[6]/A[1]
21:59:36.596 [pool-1-thread-2] INFO  com.crawljax.core.Crawler - Changing related inputs for 83 with 0  to 0 
21:59:36.671 [pool-1-thread-2] INFO  c.c.core.UnfiredFragmentCandidates - Changing related inputs to worked inputs 0 for 83
21:59:36.671 [pool-1-thread-2] INFO  c.c.core.UnfiredFragmentCandidates - event 83 - Before 0
21:59:36.671 [pool-1-thread-2] INFO  c.c.core.UnfiredFragmentCandidates - event 83 - After 0
21:59:36.671 [pool-1-thread-2] INFO  c.c.core.UnfiredFragmentCandidates - input for 83, 0
21:59:36.711 [pool-1-thread-2] INFO  com.crawljax.core.Crawler -  Event xpath /HTML[1]/BODY[1]/DIV[6]/DIV[1]/DIV[2]/UL[2]/LI[7]/A[1]
21:59:36.728 [pool-1-thread-2] INFO  com.crawljax.core.Crawler - Changing related inputs for 84 with 0  to 0 
21:59:36.798 [pool-1-thread-2] INFO  c.c.core.UnfiredFragmentCandidates - Changing related inputs to worked inputs 0 for 84
21:59:36.799 [pool-1-thread-2] INFO  c.c.core.UnfiredFragmentCandidates - event 84 - Before 0
21:59:36.799 [pool-1-thread-2] INFO  c.c.core.UnfiredFragmentCandidates - event 84 - After 0
21:59:36.799 [pool-1-thread-2] INFO  c.c.core.UnfiredFragmentCandidates - input for 84, 0
21:59:36.839 [pool-1-thread-2] INFO  com.crawljax.core.Crawler -  Event xpath /HTML[1]/BODY[1]/DIV[6]/DIV[1]/DIV[4]/DIV[1]/DIV[1]/DIV[2]/UL[1]/LI[1]/A[1]
21:59:36.856 [pool-1-thread-2] INFO  com.crawljax.core.Crawler - Changing related inputs for 85 with 0  to 0 
21:59:36.941 [pool-1-thread-2] INFO  c.c.core.UnfiredFragmentCandidates - Changing related inputs to worked inputs 0 for 85
21:59:36.941 [pool-1-thread-2] INFO  c.c.core.UnfiredFragmentCandidates - event 85 - Before 0
21:59:36.941 [pool-1-thread-2] INFO  c.c.core.UnfiredFragmentCandidates - event 85 - After 0
21:59:36.941 [pool-1-thread-2] INFO  c.c.core.UnfiredFragmentCandidates - input for 85, 0
21:59:38.058 [pool-1-thread-2] INFO  com.crawljax.core.Crawler -  Event xpath /HTML[1]/BODY[1]/DIV[6]/DIV[1]/DIV[4]/DIV[1]/DIV[1]/DIV[2]/UL[1]/LI[2]/A[1]
21:59:38.077 [pool-1-thread-2] INFO  com.crawljax.core.Crawler - Changing related inputs for 86 with 0  to 0 
21:59:38.143 [pool-1-thread-2] INFO  c.c.core.UnfiredFragmentCandidates - Changing related inputs to worked inputs 0 for 86
21:59:38.143 [pool-1-thread-2] INFO  c.c.core.UnfiredFragmentCandidates - event 86 - Before 0
21:59:38.143 [pool-1-thread-2] INFO  c.c.core.UnfiredFragmentCandidates - event 86 - After 0
21:59:38.143 [pool-1-thread-2] INFO  c.c.core.UnfiredFragmentCandidates - input for 86, 0
21:59:39.232 [pool-1-thread-2] INFO  com.crawljax.core.Crawler -  Event xpath /HTML[1]/BODY[1]/DIV[6]/DIV[1]/DIV[4]/DIV[1]/DIV[1]/DIV[2]/UL[1]/LI[2]/UL[1]/LI[1]/A[1]
21:59:39.249 [pool-1-thread-2] INFO  com.crawljax.core.Crawler - Changing related inputs for 87 with 0  to 0 
21:59:39.328 [pool-1-thread-2] INFO  c.c.core.UnfiredFragmentCandidates - Changing related inputs to worked inputs 0 for 87
21:59:39.328 [pool-1-thread-2] INFO  c.c.core.UnfiredFragmentCandidates - event 87 - Before 0
21:59:39.328 [pool-1-thread-2] INFO  c.c.core.UnfiredFragmentCandidates - event 87 - After 0
21:59:39.328 [pool-1-thread-2] INFO  c.c.core.UnfiredFragmentCandidates - input for 87, 0
21:59:40.424 [pool-1-thread-2] INFO  com.crawljax.core.Crawler -  Event xpath /HTML[1]/BODY[1]/DIV[6]/DIV[1]/DIV[4]/DIV[1]/DIV[1]/DIV[2]/UL[1]/LI[2]/UL[1]/LI[2]/A[1]
21:59:40.442 [pool-1-thread-2] INFO  com.crawljax.core.Crawler - Changing related inputs for 88 with 0  to 0 
21:59:40.513 [pool-1-thread-2] INFO  c.c.core.UnfiredFragmentCandidates - Changing related inputs to worked inputs 0 for 88
21:59:40.513 [pool-1-thread-2] INFO  c.c.core.UnfiredFragmentCandidates - event 88 - Before 0
21:59:40.513 [pool-1-thread-2] INFO  c.c.core.UnfiredFragmentCandidates - event 88 - After 0
21:59:40.513 [pool-1-thread-2] INFO  c.c.core.UnfiredFragmentCandidates - input for 88, 0
21:59:41.607 [pool-1-thread-2] INFO  com.crawljax.core.Crawler -  Event xpath /HTML[1]/BODY[1]/DIV[6]/DIV[1]/DIV[4]/DIV[1]/DIV[1]/DIV[2]/UL[1]/LI[2]/UL[1]/LI[3]/A[1]
21:59:41.623 [pool-1-thread-2] INFO  com.crawljax.core.Crawler - Changing related inputs for 89 with 0  to 0 
21:59:41.691 [pool-1-thread-2] INFO  c.c.core.UnfiredFragmentCandidates - Changing related inputs to worked inputs 0 for 89
21:59:41.691 [pool-1-thread-2] INFO  c.c.core.UnfiredFragmentCandidates - event 89 - Before 0
21:59:41.691 [pool-1-thread-2] INFO  c.c.core.UnfiredFragmentCandidates - event 89 - After 0
21:59:41.691 [pool-1-thread-2] INFO  c.c.core.UnfiredFragmentCandidates - input for 89, 0
21:59:42.786 [pool-1-thread-2] INFO  com.crawljax.core.Crawler -  Event xpath /HTML[1]/BODY[1]/DIV[6]/DIV[1]/DIV[4]/DIV[1]/DIV[1]/DIV[2]/UL[1]/LI[3]/A[1]
21:59:42.805 [pool-1-thread-2] INFO  com.crawljax.core.Crawler - Changing related inputs for 90 with 0  to 0 
21:59:42.873 [pool-1-thread-2] INFO  c.c.core.UnfiredFragmentCandidates - Changing related inputs to worked inputs 0 for 90
21:59:42.873 [pool-1-thread-2] INFO  c.c.core.UnfiredFragmentCandidates - event 90 - Before 0
21:59:42.873 [pool-1-thread-2] INFO  c.c.core.UnfiredFragmentCandidates - event 90 - After 0
21:59:42.873 [pool-1-thread-2] INFO  c.c.core.UnfiredFragmentCandidates - input for 90, 0
21:59:43.965 [pool-1-thread-2] INFO  com.crawljax.core.Crawler -  Event xpath /HTML[1]/BODY[1]/DIV[6]/DIV[1]/DIV[4]/DIV[1]/DIV[1]/DIV[2]/UL[1]/LI[4]/A[1]
21:59:43.981 [pool-1-thread-2] INFO  com.crawljax.core.Crawler - Changing related inputs for 91 with 0  to 0 
21:59:44.062 [pool-1-thread-2] INFO  c.c.core.UnfiredFragmentCandidates - Changing related inputs to worked inputs 0 for 91
21:59:44.062 [pool-1-thread-2] INFO  c.c.core.UnfiredFragmentCandidates - event 91 - Before 0
21:59:44.062 [pool-1-thread-2] INFO  c.c.core.UnfiredFragmentCandidates - event 91 - After 0
21:59:44.062 [pool-1-thread-2] INFO  c.c.core.UnfiredFragmentCandidates - input for 91, 0
21:59:45.162 [pool-1-thread-2] INFO  com.crawljax.core.Crawler -  Event xpath /HTML[1]/BODY[1]/DIV[6]/DIV[1]/DIV[4]/DIV[1]/DIV[1]/DIV[2]/UL[1]/LI[5]/A[1]
21:59:45.179 [pool-1-thread-2] INFO  com.crawljax.core.Crawler - Changing related inputs for 92 with 0  to 0 
21:59:45.253 [pool-1-thread-2] INFO  c.c.core.UnfiredFragmentCandidates - Changing related inputs to worked inputs 0 for 92
21:59:45.253 [pool-1-thread-2] INFO  c.c.core.UnfiredFragmentCandidates - event 92 - Before 0
21:59:45.253 [pool-1-thread-2] INFO  c.c.core.UnfiredFragmentCandidates - event 92 - After 0
21:59:45.253 [pool-1-thread-2] INFO  c.c.core.UnfiredFragmentCandidates - input for 92, 0
21:59:46.347 [pool-1-thread-2] INFO  com.crawljax.core.Crawler -  Event xpath /HTML[1]/BODY[1]/DIV[6]/DIV[1]/DIV[4]/DIV[1]/DIV[1]/DIV[2]/UL[1]/LI[6]/A[1]
21:59:46.364 [pool-1-thread-2] INFO  com.crawljax.core.Crawler - Changing related inputs for 93 with 0  to 0 
21:59:46.431 [pool-1-thread-2] INFO  c.c.core.UnfiredFragmentCandidates - Changing related inputs to worked inputs 0 for 93
21:59:46.431 [pool-1-thread-2] INFO  c.c.core.UnfiredFragmentCandidates - event 93 - Before 0
21:59:46.431 [pool-1-thread-2] INFO  c.c.core.UnfiredFragmentCandidates - event 93 - After 0
21:59:46.431 [pool-1-thread-2] INFO  c.c.core.UnfiredFragmentCandidates - input for 93, 0
21:59:47.520 [pool-1-thread-2] INFO  com.crawljax.core.Crawler -  Event xpath /HTML[1]/BODY[1]/DIV[6]/DIV[1]/DIV[4]/DIV[1]/DIV[1]/DIV[2]/UL[1]/LI[7]/A[1]
21:59:47.540 [pool-1-thread-2] INFO  com.crawljax.core.Crawler - Changing related inputs for 94 with 0  to 0 
21:59:47.610 [pool-1-thread-2] INFO  c.c.core.UnfiredFragmentCandidates - Changing related inputs to worked inputs 0 for 94
21:59:47.610 [pool-1-thread-2] INFO  c.c.core.UnfiredFragmentCandidates - event 94 - Before 0
21:59:47.610 [pool-1-thread-2] INFO  c.c.core.UnfiredFragmentCandidates - event 94 - After 0
21:59:47.610 [pool-1-thread-2] INFO  c.c.core.UnfiredFragmentCandidates - input for 94, 0
21:59:48.698 [pool-1-thread-2] INFO  com.crawljax.core.Crawler -  Event xpath /HTML[1]/BODY[1]/DIV[6]/DIV[1]/DIV[4]/DIV[1]/DIV[2]/DIV[2]/UL[1]/LI[1]/A[1]
21:59:48.715 [pool-1-thread-2] INFO  com.crawljax.core.Crawler - Changing related inputs for 95 with 0  to 0 
21:59:48.792 [pool-1-thread-2] INFO  c.c.core.UnfiredFragmentCandidates - Changing related inputs to worked inputs 0 for 95
21:59:48.792 [pool-1-thread-2] INFO  c.c.core.UnfiredFragmentCandidates - event 95 - Before 0
21:59:48.792 [pool-1-thread-2] INFO  c.c.core.UnfiredFragmentCandidates - event 95 - After 0
21:59:48.792 [pool-1-thread-2] INFO  c.c.core.UnfiredFragmentCandidates - input for 95, 0
21:59:49.878 [pool-1-thread-2] INFO  com.crawljax.core.Crawler -  Event xpath /HTML[1]/BODY[1]/DIV[6]/DIV[1]/DIV[4]/DIV[2]/DIV[1]/UL[1]/LI[1]/SPAN[1]/A[1]
21:59:49.894 [pool-1-thread-2] INFO  com.crawljax.core.Crawler - Changing related inputs for 96 with 0  to 0 
21:59:49.965 [pool-1-thread-2] INFO  c.c.core.UnfiredFragmentCandidates - Changing related inputs to worked inputs 0 for 96
21:59:49.965 [pool-1-thread-2] INFO  c.c.core.UnfiredFragmentCandidates - event 96 - Before 0
21:59:49.965 [pool-1-thread-2] INFO  c.c.core.UnfiredFragmentCandidates - event 96 - After 0
21:59:49.965 [pool-1-thread-2] INFO  c.c.core.UnfiredFragmentCandidates - input for 96, 0
21:59:51.072 [pool-1-thread-2] INFO  com.crawljax.core.Crawler -  Event xpath /HTML[1]/BODY[1]/DIV[6]/DIV[1]/DIV[4]/DIV[2]/DIV[1]/UL[1]/LI[2]/SPAN[1]/A[1]
21:59:51.095 [pool-1-thread-2] INFO  com.crawljax.core.Crawler - Changing related inputs for 97 with 0  to 0 
21:59:51.170 [pool-1-thread-2] INFO  c.c.core.UnfiredFragmentCandidates - Changing related inputs to worked inputs 0 for 97
21:59:51.170 [pool-1-thread-2] INFO  c.c.core.UnfiredFragmentCandidates - event 97 - Before 0
21:59:51.170 [pool-1-thread-2] INFO  c.c.core.UnfiredFragmentCandidates - event 97 - After 0
21:59:51.170 [pool-1-thread-2] INFO  c.c.core.UnfiredFragmentCandidates - input for 97, 0
21:59:52.285 [pool-1-thread-2] INFO  com.crawljax.core.Crawler -  Event xpath /HTML[1]/BODY[1]/DIV[6]/DIV[1]/DIV[4]/DIV[2]/DIV[1]/UL[1]/LI[3]/SPAN[1]/A[1]
21:59:52.312 [pool-1-thread-2] INFO  com.crawljax.core.Crawler - Changing related inputs for 98 with 0  to 0 
21:59:52.394 [pool-1-thread-2] INFO  c.c.core.UnfiredFragmentCandidates - Changing related inputs to worked inputs 0 for 98
21:59:52.394 [pool-1-thread-2] INFO  c.c.core.UnfiredFragmentCandidates - event 98 - Before 0
21:59:52.394 [pool-1-thread-2] INFO  c.c.core.UnfiredFragmentCandidates - event 98 - After 0
21:59:52.395 [pool-1-thread-2] INFO  c.c.core.UnfiredFragmentCandidates - input for 98, 0
21:59:53.501 [pool-1-thread-2] INFO  com.crawljax.core.Crawler -  Event xpath /HTML[1]/BODY[1]/DIV[6]/DIV[1]/DIV[4]/DIV[2]/DIV[2]/DIV[1]/FORM[1]/DIV[1]/DIV[1]/DIV[1]/DIV[2]/DIV[1]/A[1]
21:59:53.518 [pool-1-thread-2] INFO  com.crawljax.core.Crawler - Changing related inputs for 99 with 0  to 0 
21:59:53.601 [pool-1-thread-2] INFO  c.c.core.UnfiredFragmentCandidates - Changing related inputs to worked inputs 0 for 99
21:59:53.601 [pool-1-thread-2] INFO  c.c.core.UnfiredFragmentCandidates - event 99 - Before 0
21:59:53.601 [pool-1-thread-2] INFO  c.c.core.UnfiredFragmentCandidates - event 99 - After 0
21:59:53.601 [pool-1-thread-2] INFO  c.c.core.UnfiredFragmentCandidates - input for 99, 0
21:59:54.706 [pool-1-thread-2] INFO  com.crawljax.core.Crawler -  Event xpath /HTML[1]/BODY[1]/DIV[6]/DIV[1]/DIV[4]/DIV[2]/DIV[2]/DIV[1]/FORM[1]/DIV[1]/DIV[1]/DIV[1]/DIV[2]/DIV[1]/A[2]
21:59:54.723 [pool-1-thread-2] INFO  com.crawljax.core.Crawler - Changing related inputs for 100 with 0  to 0 
21:59:54.802 [pool-1-thread-2] INFO  c.c.core.UnfiredFragmentCandidates - Changing related inputs to worked inputs 0 for 100
21:59:54.802 [pool-1-thread-2] INFO  c.c.core.UnfiredFragmentCandidates - event 100 - Before 0
21:59:54.802 [pool-1-thread-2] INFO  c.c.core.UnfiredFragmentCandidates - event 100 - After 0
21:59:54.802 [pool-1-thread-2] INFO  c.c.core.UnfiredFragmentCandidates - input for 100, 0
21:59:55.904 [pool-1-thread-2] INFO  com.crawljax.core.Crawler -  Event xpath /HTML[1]/BODY[1]/DIV[6]/DIV[1]/DIV[4]/DIV[2]/DIV[2]/DIV[1]/FORM[1]/DIV[1]/DIV[1]/DIV[1]/DIV[2]/DIV[1]/A[3]
21:59:55.920 [pool-1-thread-2] INFO  com.crawljax.core.Crawler - Changing related inputs for 101 with 0  to 0 
21:59:55.988 [pool-1-thread-2] INFO  c.c.core.UnfiredFragmentCandidates - Changing related inputs to worked inputs 0 for 101
21:59:55.988 [pool-1-thread-2] INFO  c.c.core.UnfiredFragmentCandidates - event 101 - Before 0
21:59:55.988 [pool-1-thread-2] INFO  c.c.core.UnfiredFragmentCandidates - event 101 - After 0
21:59:55.988 [pool-1-thread-2] INFO  c.c.core.UnfiredFragmentCandidates - input for 101, 0
21:59:59.317 [pool-1-thread-2] INFO  com.crawljax.core.Crawler -  Event xpath /HTML[1]/BODY[1]/DIV[6]/DIV[1]/DIV[4]/DIV[2]/DIV[2]/DIV[1]/FORM[1]/DIV[1]/DIV[1]/DIV[2]/DIV[5]/DIV[2]/A[1]
21:59:59.336 [pool-1-thread-2] INFO  com.crawljax.core.Crawler - Changing related inputs for 102 with 0  to 0 
21:59:59.405 [pool-1-thread-2] INFO  c.c.core.UnfiredFragmentCandidates - Changing related inputs to worked inputs 0 for 102
21:59:59.405 [pool-1-thread-2] INFO  c.c.core.UnfiredFragmentCandidates - event 102 - Before 0
21:59:59.405 [pool-1-thread-2] INFO  c.c.core.UnfiredFragmentCandidates - event 102 - After 0
21:59:59.405 [pool-1-thread-2] INFO  c.c.core.UnfiredFragmentCandidates - input for 102, 0
22:00:00.499 [pool-1-thread-2] INFO  com.crawljax.core.Crawler -  Event xpath /HTML[1]/BODY[1]/DIV[6]/DIV[1]/DIV[4]/DIV[2]/DIV[2]/DIV[1]/FORM[1]/DIV[1]/DIV[1]/DIV[2]/DIV[5]/DIV[2]/A[2]
22:00:00.515 [pool-1-thread-2] INFO  com.crawljax.core.Crawler - Changing related inputs for 103 with 0  to 0 
22:00:00.589 [pool-1-thread-2] INFO  c.c.core.UnfiredFragmentCandidates - Changing related inputs to worked inputs 0 for 103
22:00:00.589 [pool-1-thread-2] INFO  c.c.core.UnfiredFragmentCandidates - event 103 - Before 0
22:00:00.589 [pool-1-thread-2] INFO  c.c.core.UnfiredFragmentCandidates - event 103 - After 0
22:00:00.589 [pool-1-thread-2] INFO  c.c.core.UnfiredFragmentCandidates - input for 103, 0
22:00:01.675 [pool-1-thread-2] INFO  com.crawljax.core.Crawler -  Event xpath /HTML[1]/BODY[1]/DIV[6]/DIV[1]/DIV[4]/DIV[2]/DIV[2]/DIV[1]/FORM[1]/DIV[1]/DIV[1]/DIV[2]/DIV[11]/DIV[1]/A[1]
22:00:01.692 [pool-1-thread-2] INFO  com.crawljax.core.Crawler - Changing related inputs for 104 with 0  to 0 
22:00:01.763 [pool-1-thread-2] INFO  c.c.core.UnfiredFragmentCandidates - Changing related inputs to worked inputs 0 for 104
22:00:01.763 [pool-1-thread-2] INFO  c.c.core.UnfiredFragmentCandidates - event 104 - Before 0
22:00:01.763 [pool-1-thread-2] INFO  c.c.core.UnfiredFragmentCandidates - event 104 - After 0
22:00:01.763 [pool-1-thread-2] INFO  c.c.core.UnfiredFragmentCandidates - input for 104, 0
22:00:01.808 [pool-1-thread-2] INFO  com.crawljax.core.Crawler -  Event xpath /HTML[1]/BODY[1]/DIV[6]/DIV[1]/DIV[4]/DIV[2]/DIV[2]/DIV[1]/FORM[1]/DIV[1]/DIV[1]/DIV[2]/DIV[11]/DIV[1]/A[2]
22:00:01.824 [pool-1-thread-2] INFO  com.crawljax.core.Crawler - Changing related inputs for 105 with 0  to 0 
22:00:01.891 [pool-1-thread-2] INFO  c.c.core.UnfiredFragmentCandidates - Changing related inputs to worked inputs 0 for 105
22:00:01.891 [pool-1-thread-2] INFO  c.c.core.UnfiredFragmentCandidates - event 105 - Before 0
22:00:01.891 [pool-1-thread-2] INFO  c.c.core.UnfiredFragmentCandidates - event 105 - After 0
22:00:01.891 [pool-1-thread-2] INFO  c.c.core.UnfiredFragmentCandidates - input for 105, 0
22:00:01.934 [pool-1-thread-2] INFO  com.crawljax.core.Crawler -  Event xpath /HTML[1]/BODY[1]/DIV[6]/DIV[1]/DIV[4]/DIV[2]/DIV[2]/DIV[1]/FORM[1]/DIV[1]/DIV[1]/DIV[2]/DIV[11]/DIV[1]/A[3]
22:00:01.954 [pool-1-thread-2] INFO  com.crawljax.core.Crawler - Changing related inputs for 106 with 0  to 0 
22:00:02.020 [pool-1-thread-2] INFO  c.c.core.UnfiredFragmentCandidates - Changing related inputs to worked inputs 0 for 106
22:00:02.020 [pool-1-thread-2] INFO  c.c.core.UnfiredFragmentCandidates - event 106 - Before 0
22:00:02.020 [pool-1-thread-2] INFO  c.c.core.UnfiredFragmentCandidates - event 106 - After 0
22:00:02.020 [pool-1-thread-2] INFO  c.c.core.UnfiredFragmentCandidates - input for 106, 0
22:00:02.063 [pool-1-thread-2] INFO  com.crawljax.core.Crawler -  Event xpath /HTML[1]/BODY[1]/DIV[6]/DIV[1]/DIV[4]/DIV[2]/DIV[2]/DIV[1]/FORM[1]/DIV[1]/DIV[1]/DIV[2]/DIV[11]/DIV[1]/A[4]
22:00:02.081 [pool-1-thread-2] INFO  com.crawljax.core.Crawler - Changing related inputs for 107 with 0  to 0 
22:00:02.155 [pool-1-thread-2] INFO  c.c.core.UnfiredFragmentCandidates - Changing related inputs to worked inputs 0 for 107
22:00:02.155 [pool-1-thread-2] INFO  c.c.core.UnfiredFragmentCandidates - event 107 - Before 0
22:00:02.155 [pool-1-thread-2] INFO  c.c.core.UnfiredFragmentCandidates - event 107 - After 0
22:00:02.155 [pool-1-thread-2] INFO  c.c.core.UnfiredFragmentCandidates - input for 107, 0
22:00:02.196 [pool-1-thread-2] INFO  com.crawljax.core.Crawler -  Event xpath /HTML[1]/BODY[1]/DIV[6]/DIV[1]/DIV[4]/DIV[2]/DIV[2]/DIV[1]/FORM[1]/DIV[1]/DIV[1]/DIV[2]/DIV[11]/DIV[1]/A[5]
22:00:02.218 [pool-1-thread-2] INFO  com.crawljax.core.Crawler - Changing related inputs for 108 with 0  to 0 
22:00:02.293 [pool-1-thread-2] INFO  c.c.core.UnfiredFragmentCandidates - Changing related inputs to worked inputs 0 for 108
22:00:02.293 [pool-1-thread-2] INFO  c.c.core.UnfiredFragmentCandidates - event 108 - Before 0
22:00:02.293 [pool-1-thread-2] INFO  c.c.core.UnfiredFragmentCandidates - event 108 - After 0
22:00:02.293 [pool-1-thread-2] INFO  c.c.core.UnfiredFragmentCandidates - input for 108, 0
22:00:02.337 [pool-1-thread-2] INFO  com.crawljax.core.Crawler -  Event xpath /HTML[1]/BODY[1]/DIV[6]/DIV[1]/DIV[4]/DIV[2]/DIV[2]/DIV[1]/FORM[1]/DIV[1]/DIV[1]/DIV[2]/DIV[11]/DIV[1]/A[6]
22:00:02.354 [pool-1-thread-2] INFO  com.crawljax.core.Crawler - Changing related inputs for 109 with 0  to 0 
22:00:02.424 [pool-1-thread-2] INFO  c.c.core.UnfiredFragmentCandidates - Changing related inputs to worked inputs 0 for 109
22:00:02.424 [pool-1-thread-2] INFO  c.c.core.UnfiredFragmentCandidates - event 109 - Before 0
22:00:02.424 [pool-1-thread-2] INFO  c.c.core.UnfiredFragmentCandidates - event 109 - After 0
22:00:02.424 [pool-1-thread-2] INFO  c.c.core.UnfiredFragmentCandidates - input for 109, 0
22:00:02.469 [pool-1-thread-2] INFO  com.crawljax.core.Crawler -  Event xpath /HTML[1]/BODY[1]/DIV[6]/DIV[1]/DIV[4]/DIV[2]/DIV[2]/DIV[1]/FORM[1]/DIV[1]/DIV[2]/DIV[1]/DIV[2]/UL[1]/LI[1]/A[1]
22:00:02.489 [pool-1-thread-2] INFO  com.crawljax.core.Crawler - Changing related inputs for 110 with 0  to 0 
22:00:02.556 [pool-1-thread-2] INFO  c.c.core.UnfiredFragmentCandidates - Changing related inputs to worked inputs 0 for 110
22:00:02.556 [pool-1-thread-2] INFO  c.c.core.UnfiredFragmentCandidates - event 110 - Before 0
22:00:02.556 [pool-1-thread-2] INFO  c.c.core.UnfiredFragmentCandidates - event 110 - After 0
22:00:02.556 [pool-1-thread-2] INFO  c.c.core.UnfiredFragmentCandidates - input for 110, 0
22:00:02.595 [pool-1-thread-2] INFO  com.crawljax.core.Crawler -  Event xpath /HTML[1]/BODY[1]/DIV[6]/DIV[1]/DIV[4]/DIV[2]/DIV[2]/DIV[1]/FORM[1]/DIV[1]/DIV[2]/DIV[1]/DIV[2]/UL[1]/LI[3]/A[1]
22:00:02.612 [pool-1-thread-2] INFO  com.crawljax.core.Crawler - Changing related inputs for 111 with 0  to 0 
22:00:02.687 [pool-1-thread-2] INFO  c.c.core.UnfiredFragmentCandidates - Changing related inputs to worked inputs 0 for 111
22:00:02.687 [pool-1-thread-2] INFO  c.c.core.UnfiredFragmentCandidates - event 111 - Before 0
22:00:02.687 [pool-1-thread-2] INFO  c.c.core.UnfiredFragmentCandidates - event 111 - After 0
22:00:02.687 [pool-1-thread-2] INFO  c.c.core.UnfiredFragmentCandidates - input for 111, 0
22:00:02.728 [pool-1-thread-2] INFO  com.crawljax.core.Crawler -  Event xpath /HTML[1]/BODY[1]/DIV[6]/DIV[1]/DIV[4]/DIV[2]/DIV[2]/DIV[1]/FORM[1]/DIV[1]/DIV[2]/DIV[2]/DIV[2]/DIV[1]/DIV[1]/A[1]
22:00:02.745 [pool-1-thread-2] INFO  com.crawljax.core.Crawler - Changing related inputs for 112 with 0  to 0 
22:00:02.819 [pool-1-thread-2] INFO  c.c.core.UnfiredFragmentCandidates - Changing related inputs to worked inputs 0 for 112
22:00:02.819 [pool-1-thread-2] INFO  c.c.core.UnfiredFragmentCandidates - event 112 - Before 0
22:00:02.819 [pool-1-thread-2] INFO  c.c.core.UnfiredFragmentCandidates - event 112 - After 0
22:00:02.819 [pool-1-thread-2] INFO  c.c.core.UnfiredFragmentCandidates - input for 112, 0
22:00:02.867 [pool-1-thread-2] INFO  com.crawljax.core.Crawler -  Event xpath /HTML[1]/BODY[1]/DIV[6]/DIV[1]/DIV[4]/DIV[2]/DIV[2]/DIV[1]/FORM[1]/DIV[1]/DIV[2]/DIV[2]/DIV[2]/DIV[1]/DIV[2]/H2[1]/A[1]
22:00:02.886 [pool-1-thread-2] INFO  com.crawljax.core.Crawler - Changing related inputs for 113 with 0  to 0 
22:00:02.958 [pool-1-thread-2] INFO  c.c.core.UnfiredFragmentCandidates - Changing related inputs to worked inputs 0 for 113
22:00:02.958 [pool-1-thread-2] INFO  c.c.core.UnfiredFragmentCandidates - event 113 - Before 0
22:00:02.958 [pool-1-thread-2] INFO  c.c.core.UnfiredFragmentCandidates - event 113 - After 0
22:00:02.958 [pool-1-thread-2] INFO  c.c.core.UnfiredFragmentCandidates - input for 113, 0
22:00:03.005 [pool-1-thread-2] INFO  com.crawljax.core.Crawler -  Event xpath /HTML[1]/BODY[1]/DIV[6]/DIV[1]/DIV[4]/DIV[2]/DIV[2]/DIV[1]/FORM[1]/DIV[1]/DIV[2]/DIV[2]/DIV[3]/DIV[1]/DIV[1]/A[1]
22:00:03.026 [pool-1-thread-2] INFO  com.crawljax.core.Crawler - Changing related inputs for 114 with 0  to 0 
22:00:03.095 [pool-1-thread-2] INFO  c.c.core.UnfiredFragmentCandidates - Changing related inputs to worked inputs 0 for 114
22:00:03.095 [pool-1-thread-2] INFO  c.c.core.UnfiredFragmentCandidates - event 114 - Before 0
22:00:03.095 [pool-1-thread-2] INFO  c.c.core.UnfiredFragmentCandidates - event 114 - After 0
22:00:03.095 [pool-1-thread-2] INFO  c.c.core.UnfiredFragmentCandidates - input for 114, 0
22:00:03.136 [pool-1-thread-2] INFO  com.crawljax.core.Crawler -  Event xpath /HTML[1]/BODY[1]/DIV[6]/DIV[1]/DIV[4]/DIV[2]/DIV[2]/DIV[1]/FORM[1]/DIV[1]/DIV[2]/DIV[2]/DIV[3]/DIV[1]/DIV[2]/H2[1]/A[1]
22:00:03.152 [pool-1-thread-2] INFO  com.crawljax.core.Crawler - Changing related inputs for 115 with 0  to 0 
22:00:03.226 [pool-1-thread-2] INFO  c.c.core.UnfiredFragmentCandidates - Changing related inputs to worked inputs 0 for 115
22:00:03.227 [pool-1-thread-2] INFO  c.c.core.UnfiredFragmentCandidates - event 115 - Before 0
22:00:03.227 [pool-1-thread-2] INFO  c.c.core.UnfiredFragmentCandidates - event 115 - After 0
22:00:03.227 [pool-1-thread-2] INFO  c.c.core.UnfiredFragmentCandidates - input for 115, 0
22:00:03.267 [pool-1-thread-2] INFO  com.crawljax.core.Crawler -  Event xpath /HTML[1]/BODY[1]/DIV[6]/DIV[1]/DIV[4]/DIV[2]/DIV[2]/DIV[1]/FORM[1]/DIV[1]/DIV[2]/DIV[2]/DIV[4]/DIV[1]/DIV[1]/A[1]
22:00:03.284 [pool-1-thread-2] INFO  com.crawljax.core.Crawler - Changing related inputs for 116 with 0  to 0 
22:00:03.353 [pool-1-thread-2] INFO  c.c.core.UnfiredFragmentCandidates - Changing related inputs to worked inputs 0 for 116
22:00:03.353 [pool-1-thread-2] INFO  c.c.core.UnfiredFragmentCandidates - event 116 - Before 0
22:00:03.353 [pool-1-thread-2] INFO  c.c.core.UnfiredFragmentCandidates - event 116 - After 0
22:00:03.353 [pool-1-thread-2] INFO  c.c.core.UnfiredFragmentCandidates - input for 116, 0
22:00:03.399 [pool-1-thread-2] INFO  com.crawljax.core.Crawler -  Event xpath /HTML[1]/BODY[1]/DIV[6]/DIV[1]/DIV[4]/DIV[2]/DIV[2]/DIV[1]/FORM[1]/DIV[1]/DIV[2]/DIV[2]/DIV[4]/DIV[1]/DIV[2]/H2[1]/A[1]
22:00:03.416 [pool-1-thread-2] INFO  com.crawljax.core.Crawler - Changing related inputs for 117 with 0  to 0 
22:00:03.484 [pool-1-thread-2] INFO  c.c.core.UnfiredFragmentCandidates - Changing related inputs to worked inputs 0 for 117
22:00:03.484 [pool-1-thread-2] INFO  c.c.core.UnfiredFragmentCandidates - event 117 - Before 0
22:00:03.484 [pool-1-thread-2] INFO  c.c.core.UnfiredFragmentCandidates - event 117 - After 0
22:00:03.484 [pool-1-thread-2] INFO  c.c.core.UnfiredFragmentCandidates - input for 117, 0
22:00:03.527 [pool-1-thread-2] INFO  com.crawljax.core.Crawler -  Event xpath /HTML[1]/BODY[1]/DIV[6]/DIV[2]/DIV[1]/DIV[1]/UL[1]/LI[1]/A[1]
22:00:03.547 [pool-1-thread-2] INFO  com.crawljax.core.Crawler - Changing related inputs for 118 with 0  to 0 
22:00:03.614 [pool-1-thread-2] INFO  c.c.core.UnfiredFragmentCandidates - Changing related inputs to worked inputs 0 for 118
22:00:03.614 [pool-1-thread-2] INFO  c.c.core.UnfiredFragmentCandidates - event 118 - Before 0
22:00:03.614 [pool-1-thread-2] INFO  c.c.core.UnfiredFragmentCandidates - event 118 - After 0
22:00:03.614 [pool-1-thread-2] INFO  c.c.core.UnfiredFragmentCandidates - input for 118, 0
22:00:03.653 [pool-1-thread-2] INFO  com.crawljax.core.Crawler -  Event xpath /HTML[1]/BODY[1]/DIV[6]/DIV[2]/DIV[1]/DIV[1]/UL[1]/LI[2]/A[1]
22:00:03.670 [pool-1-thread-2] INFO  com.crawljax.core.Crawler - Changing related inputs for 119 with 0  to 0 
22:00:03.749 [pool-1-thread-2] INFO  c.c.core.UnfiredFragmentCandidates - Changing related inputs to worked inputs 0 for 119
22:00:03.749 [pool-1-thread-2] INFO  c.c.core.UnfiredFragmentCandidates - event 119 - Before 0
22:00:03.749 [pool-1-thread-2] INFO  c.c.core.UnfiredFragmentCandidates - event 119 - After 0
22:00:03.749 [pool-1-thread-2] INFO  c.c.core.UnfiredFragmentCandidates - input for 119, 0
22:00:03.790 [pool-1-thread-2] INFO  com.crawljax.core.Crawler -  Event xpath /HTML[1]/BODY[1]/DIV[6]/DIV[2]/DIV[1]/DIV[1]/UL[1]/LI[3]/A[1]
22:00:03.808 [pool-1-thread-2] INFO  com.crawljax.core.Crawler - Changing related inputs for 120 with 0  to 0 
22:00:03.876 [pool-1-thread-2] INFO  c.c.core.UnfiredFragmentCandidates - Changing related inputs to worked inputs 0 for 120
22:00:03.876 [pool-1-thread-2] INFO  c.c.core.UnfiredFragmentCandidates - event 120 - Before 0
22:00:03.876 [pool-1-thread-2] INFO  c.c.core.UnfiredFragmentCandidates - event 120 - After 0
22:00:03.876 [pool-1-thread-2] INFO  c.c.core.UnfiredFragmentCandidates - input for 120, 0
22:00:03.919 [pool-1-thread-2] INFO  com.crawljax.core.Crawler -  Event xpath /HTML[1]/BODY[1]/DIV[6]/DIV[2]/DIV[1]/DIV[1]/UL[1]/LI[4]/A[1]
22:00:03.939 [pool-1-thread-2] INFO  com.crawljax.core.Crawler - Changing related inputs for 121 with 0  to 0 
22:00:04.006 [pool-1-thread-2] INFO  c.c.core.UnfiredFragmentCandidates - Changing related inputs to worked inputs 0 for 121
22:00:04.006 [pool-1-thread-2] INFO  c.c.core.UnfiredFragmentCandidates - event 121 - Before 0
22:00:04.006 [pool-1-thread-2] INFO  c.c.core.UnfiredFragmentCandidates - event 121 - After 0
22:00:04.006 [pool-1-thread-2] INFO  c.c.core.UnfiredFragmentCandidates - input for 121, 0
22:00:04.050 [pool-1-thread-2] INFO  com.crawljax.core.Crawler -  Event xpath /HTML[1]/BODY[1]/DIV[6]/DIV[2]/DIV[1]/DIV[1]/UL[1]/LI[5]/A[1]
22:00:04.069 [pool-1-thread-2] INFO  com.crawljax.core.Crawler - Changing related inputs for 122 with 0  to 0 
22:00:04.137 [pool-1-thread-2] INFO  c.c.core.UnfiredFragmentCandidates - Changing related inputs to worked inputs 0 for 122
22:00:04.137 [pool-1-thread-2] INFO  c.c.core.UnfiredFragmentCandidates - event 122 - Before 0
22:00:04.137 [pool-1-thread-2] INFO  c.c.core.UnfiredFragmentCandidates - event 122 - After 0
22:00:04.137 [pool-1-thread-2] INFO  c.c.core.UnfiredFragmentCandidates - input for 122, 0
22:00:04.176 [pool-1-thread-2] INFO  com.crawljax.core.Crawler -  Event xpath /HTML[1]/BODY[1]/DIV[6]/DIV[2]/DIV[1]/DIV[1]/UL[1]/LI[6]/A[1]
22:00:04.193 [pool-1-thread-2] INFO  com.crawljax.core.Crawler - Changing related inputs for 123 with 0  to 0 
22:00:04.273 [pool-1-thread-2] INFO  c.c.core.UnfiredFragmentCandidates - Changing related inputs to worked inputs 0 for 123
22:00:04.273 [pool-1-thread-2] INFO  c.c.core.UnfiredFragmentCandidates - event 123 - Before 0
22:00:04.273 [pool-1-thread-2] INFO  c.c.core.UnfiredFragmentCandidates - event 123 - After 0
22:00:04.273 [pool-1-thread-2] INFO  c.c.core.UnfiredFragmentCandidates - input for 123, 0
22:00:04.315 [pool-1-thread-2] INFO  com.crawljax.core.Crawler -  Event xpath /HTML[1]/BODY[1]/DIV[6]/DIV[2]/DIV[1]/DIV[2]/UL[1]/LI[1]/A[1]
22:00:04.334 [pool-1-thread-2] INFO  com.crawljax.core.Crawler - Changing related inputs for 124 with 0  to 0 
22:00:04.405 [pool-1-thread-2] INFO  c.c.core.UnfiredFragmentCandidates - Changing related inputs to worked inputs 0 for 124
22:00:04.405 [pool-1-thread-2] INFO  c.c.core.UnfiredFragmentCandidates - event 124 - Before 0
22:00:04.405 [pool-1-thread-2] INFO  c.c.core.UnfiredFragmentCandidates - event 124 - After 0
22:00:04.405 [pool-1-thread-2] INFO  c.c.core.UnfiredFragmentCandidates - input for 124, 0
22:00:04.447 [pool-1-thread-2] INFO  com.crawljax.core.Crawler -  Event xpath /HTML[1]/BODY[1]/DIV[6]/DIV[2]/DIV[1]/DIV[2]/UL[1]/LI[2]/A[1]
22:00:04.465 [pool-1-thread-2] INFO  com.crawljax.core.Crawler - Changing related inputs for 125 with 0  to 0 
22:00:04.544 [pool-1-thread-2] INFO  c.c.core.UnfiredFragmentCandidates - Changing related inputs to worked inputs 0 for 125
22:00:04.544 [pool-1-thread-2] INFO  c.c.core.UnfiredFragmentCandidates - event 125 - Before 0
22:00:04.544 [pool-1-thread-2] INFO  c.c.core.UnfiredFragmentCandidates - event 125 - After 0
22:00:04.544 [pool-1-thread-2] INFO  c.c.core.UnfiredFragmentCandidates - input for 125, 0
22:00:04.587 [pool-1-thread-2] INFO  com.crawljax.core.Crawler -  Event xpath /HTML[1]/BODY[1]/DIV[6]/DIV[2]/DIV[1]/DIV[2]/UL[1]/LI[3]/A[1]
22:00:04.606 [pool-1-thread-2] INFO  com.crawljax.core.Crawler - Changing related inputs for 126 with 0  to 0 
22:00:04.674 [pool-1-thread-2] INFO  c.c.core.UnfiredFragmentCandidates - Changing related inputs to worked inputs 0 for 126
22:00:04.674 [pool-1-thread-2] INFO  c.c.core.UnfiredFragmentCandidates - event 126 - Before 0
22:00:04.674 [pool-1-thread-2] INFO  c.c.core.UnfiredFragmentCandidates - event 126 - After 0
22:00:04.674 [pool-1-thread-2] INFO  c.c.core.UnfiredFragmentCandidates - input for 126, 0
22:00:04.713 [pool-1-thread-2] INFO  com.crawljax.core.Crawler -  Event xpath /HTML[1]/BODY[1]/DIV[6]/DIV[2]/DIV[1]/DIV[2]/UL[1]/LI[4]/A[1]
22:00:04.730 [pool-1-thread-2] INFO  com.crawljax.core.Crawler - Changing related inputs for 127 with 0  to 0 
22:00:04.798 [pool-1-thread-2] INFO  c.c.core.UnfiredFragmentCandidates - Changing related inputs to worked inputs 0 for 127
22:00:04.798 [pool-1-thread-2] INFO  c.c.core.UnfiredFragmentCandidates - event 127 - Before 0
22:00:04.798 [pool-1-thread-2] INFO  c.c.core.UnfiredFragmentCandidates - event 127 - After 0
22:00:04.798 [pool-1-thread-2] INFO  c.c.core.UnfiredFragmentCandidates - input for 127, 0
22:00:04.844 [pool-1-thread-2] INFO  com.crawljax.core.Crawler -  Event xpath /HTML[1]/BODY[1]/DIV[6]/DIV[2]/DIV[1]/DIV[2]/UL[1]/LI[5]/A[1]
22:00:04.861 [pool-1-thread-2] INFO  com.crawljax.core.Crawler - Changing related inputs for 128 with 0  to 0 
22:00:04.931 [pool-1-thread-2] INFO  c.c.core.UnfiredFragmentCandidates - Changing related inputs to worked inputs 0 for 128
22:00:04.931 [pool-1-thread-2] INFO  c.c.core.UnfiredFragmentCandidates - event 128 - Before 0
22:00:04.932 [pool-1-thread-2] INFO  c.c.core.UnfiredFragmentCandidates - event 128 - After 0
22:00:04.932 [pool-1-thread-2] INFO  c.c.core.UnfiredFragmentCandidates - input for 128, 0
22:00:04.973 [pool-1-thread-2] INFO  com.crawljax.core.Crawler -  Event xpath /HTML[1]/BODY[1]/DIV[6]/DIV[2]/DIV[1]/DIV[2]/UL[1]/LI[6]/A[1]
22:00:04.990 [pool-1-thread-2] INFO  com.crawljax.core.Crawler - Changing related inputs for 129 with 0  to 0 
22:00:05.058 [pool-1-thread-2] INFO  c.c.core.UnfiredFragmentCandidates - Changing related inputs to worked inputs 0 for 129
22:00:05.058 [pool-1-thread-2] INFO  c.c.core.UnfiredFragmentCandidates - event 129 - Before 0
22:00:05.058 [pool-1-thread-2] INFO  c.c.core.UnfiredFragmentCandidates - event 129 - After 0
22:00:05.058 [pool-1-thread-2] INFO  c.c.core.UnfiredFragmentCandidates - input for 129, 0
22:00:05.103 [pool-1-thread-2] INFO  com.crawljax.core.Crawler -  Event xpath /HTML[1]/BODY[1]/DIV[6]/DIV[2]/DIV[1]/DIV[3]/UL[1]/LI[1]/A[1]
22:00:05.124 [pool-1-thread-2] INFO  com.crawljax.core.Crawler - Changing related inputs for 130 with 0  to 0 
22:00:05.191 [pool-1-thread-2] INFO  c.c.core.UnfiredFragmentCandidates - Changing related inputs to worked inputs 0 for 130
22:00:05.191 [pool-1-thread-2] INFO  c.c.core.UnfiredFragmentCandidates - event 130 - Before 0
22:00:05.191 [pool-1-thread-2] INFO  c.c.core.UnfiredFragmentCandidates - event 130 - After 0
22:00:05.191 [pool-1-thread-2] INFO  c.c.core.UnfiredFragmentCandidates - input for 130, 0
22:00:05.231 [pool-1-thread-2] INFO  com.crawljax.core.Crawler -  Event xpath /HTML[1]/BODY[1]/DIV[6]/DIV[2]/DIV[1]/DIV[3]/UL[1]/LI[2]/A[1]
22:00:05.247 [pool-1-thread-2] INFO  com.crawljax.core.Crawler - Changing related inputs for 131 with 0  to 0 
22:00:05.314 [pool-1-thread-2] INFO  c.c.core.UnfiredFragmentCandidates - Changing related inputs to worked inputs 0 for 131
22:00:05.314 [pool-1-thread-2] INFO  c.c.core.UnfiredFragmentCandidates - event 131 - Before 0
22:00:05.314 [pool-1-thread-2] INFO  c.c.core.UnfiredFragmentCandidates - event 131 - After 0
22:00:05.314 [pool-1-thread-2] INFO  c.c.core.UnfiredFragmentCandidates - input for 131, 0
22:00:05.353 [pool-1-thread-2] INFO  com.crawljax.core.Crawler -  Event xpath /HTML[1]/BODY[1]/DIV[6]/DIV[2]/DIV[1]/DIV[3]/UL[1]/LI[3]/A[1]
22:00:05.369 [pool-1-thread-2] INFO  com.crawljax.core.Crawler - Changing related inputs for 132 with 0  to 0 
22:00:05.442 [pool-1-thread-2] INFO  c.c.core.UnfiredFragmentCandidates - Changing related inputs to worked inputs 0 for 132
22:00:05.442 [pool-1-thread-2] INFO  c.c.core.UnfiredFragmentCandidates - event 132 - Before 0
22:00:05.442 [pool-1-thread-2] INFO  c.c.core.UnfiredFragmentCandidates - event 132 - After 0
22:00:05.442 [pool-1-thread-2] INFO  c.c.core.UnfiredFragmentCandidates - input for 132, 0
22:00:05.481 [pool-1-thread-2] INFO  com.crawljax.core.Crawler -  Event xpath /HTML[1]/BODY[1]/DIV[6]/DIV[2]/DIV[1]/DIV[3]/UL[1]/LI[4]/A[1]
22:00:05.499 [pool-1-thread-2] INFO  com.crawljax.core.Crawler - Changing related inputs for 133 with 0  to 0 
22:00:05.568 [pool-1-thread-2] INFO  c.c.core.UnfiredFragmentCandidates - Changing related inputs to worked inputs 0 for 133
22:00:05.569 [pool-1-thread-2] INFO  c.c.core.UnfiredFragmentCandidates - event 133 - Before 0
22:00:05.569 [pool-1-thread-2] INFO  c.c.core.UnfiredFragmentCandidates - event 133 - After 0
22:00:05.569 [pool-1-thread-2] INFO  c.c.core.UnfiredFragmentCandidates - input for 133, 0
22:00:05.609 [pool-1-thread-2] INFO  com.crawljax.core.Crawler -  Event xpath /HTML[1]/BODY[1]/DIV[6]/DIV[2]/DIV[1]/DIV[3]/UL[1]/LI[5]/A[1]
22:00:05.626 [pool-1-thread-2] INFO  com.crawljax.core.Crawler - Changing related inputs for 134 with 0  to 0 
22:00:05.699 [pool-1-thread-2] INFO  c.c.core.UnfiredFragmentCandidates - Changing related inputs to worked inputs 0 for 134
22:00:05.700 [pool-1-thread-2] INFO  c.c.core.UnfiredFragmentCandidates - event 134 - Before 0
22:00:05.700 [pool-1-thread-2] INFO  c.c.core.UnfiredFragmentCandidates - event 134 - After 0
22:00:05.700 [pool-1-thread-2] INFO  c.c.core.UnfiredFragmentCandidates - input for 134, 0
22:00:05.740 [pool-1-thread-2] INFO  com.crawljax.core.Crawler -  Event xpath /HTML[1]/BODY[1]/DIV[6]/DIV[2]/DIV[1]/DIV[4]/UL[1]/LI[3]/A[1]
22:00:05.756 [pool-1-thread-2] INFO  com.crawljax.core.Crawler - Changing related inputs for 135 with 0  to 0 
22:00:05.823 [pool-1-thread-2] INFO  c.c.core.UnfiredFragmentCandidates - Changing related inputs to worked inputs 0 for 135
22:00:05.823 [pool-1-thread-2] INFO  c.c.core.UnfiredFragmentCandidates - event 135 - Before 0
22:00:05.823 [pool-1-thread-2] INFO  c.c.core.UnfiredFragmentCandidates - event 135 - After 0
22:00:05.823 [pool-1-thread-2] INFO  c.c.core.UnfiredFragmentCandidates - input for 135, 0
22:00:05.862 [pool-1-thread-2] INFO  com.crawljax.core.Crawler -  Event xpath /HTML[1]/BODY[1]/DIV[2]/DIV[1]/DIV[1]/DIV[1]/BUTTON[1]
22:00:05.879 [pool-1-thread-2] INFO  com.crawljax.core.Crawler - Changing related inputs for 136 with 0  to 0 
22:00:05.951 [pool-1-thread-2] INFO  c.c.core.UnfiredFragmentCandidates - Changing related inputs to worked inputs 0 for 136
22:00:05.951 [pool-1-thread-2] INFO  c.c.core.UnfiredFragmentCandidates - event 136 - Before 0
22:00:05.951 [pool-1-thread-2] INFO  c.c.core.UnfiredFragmentCandidates - event 136 - After 0
22:00:05.951 [pool-1-thread-2] INFO  c.c.core.UnfiredFragmentCandidates - input for 136, 0
22:00:09.071 [pool-1-thread-2] INFO  c.c.c.state.InMemoryStateFlowGraph - Number of states in the graph is now 36
22:00:09.071 [pool-1-thread-2] INFO  c.crawljax.core.state.StateMachine - State state94 added to the StateMachine.
22:00:09.202 [pool-1-thread-2] INFO  com.crawljax.core.Crawler - New DOM is a new state! crawl depth is now 3
22:00:09.203 [pool-1-thread-2] INFO  com.crawljax.core.Crawler - Parsing DOM of state state94 for candidate elements
22:00:09.300 [pool-1-thread-2] INFO  c.c.core.UnfiredFragmentCandidates - There are 5 states with unfired actions: [55, 34, 92, 93, 62]
22:00:09.300 [pool-1-thread-2] INFO  com.crawljax.core.Crawler - Resetting the crawler and Going to state state55
22:00:09.310 [pool-1-thread-2] INFO  com.crawljax.core.CrawlSession - Adding CrawlPath to session !!
22:00:09.310 [pool-1-thread-2] INFO  com.crawljax.core.Crawler - BT-state62:-1state62_51_state55state55_52_state34state34_53_state92state92_54_state93state93_136_state94
22:00:12.186 [pool-1-thread-2] INFO  c.c.c.state.InMemoryStateFlowGraph - Number of states in the graph is now 37
22:00:12.312 [pool-1-thread-2] INFO  com.crawljax.core.Crawler - Parsing DOM of state state95 for candidate elements
22:00:12.387 [pool-1-thread-2] INFO  c.c.core.UnfiredFragmentCandidates - There are 5 states with unfired actions: [34, 92, 93, 62, 95]
22:00:12.387 [pool-1-thread-2] INFO  com.crawljax.core.Crawler - Added a reload edge from state94 to state95
22:00:12.387 [pool-1-thread-2] INFO  com.crawljax.core.Crawler - Initial state not the same as current state : Getting shortest path from current state
22:00:12.387 [pool-1-thread-2] INFO  com.crawljax.core.Crawler - state55 no path from state95
22:00:12.388 [pool-1-thread-2] INFO  c.crawljax.core.state.StateMachine - Cannot go to state: 'state33' from: 'state95'
22:00:12.388 [pool-1-thread-2] INFO  com.crawljax.core.Crawler - Not a valid path anymore index: state55
22:00:12.388 [pool-1-thread-2] INFO  com.crawljax.core.Crawler - Tried to follow 
22:00:12.388 [pool-1-thread-2] INFO  com.crawljax.core.Crawler - index_23_state33state33_24_state34state34_41_state54state54_42_state55
22:00:12.388 [pool-1-thread-2] INFO  com.crawljax.core.Crawler - Saving failed backtracking path to 55
22:00:12.388 [pool-1-thread-2] INFO  com.crawljax.core.Crawler - backtrack status: false, reached NearDuplicate : -1 
22:00:15.157 [pool-1-thread-2] INFO  com.crawljax.core.Crawler - index has changed to: state95
22:00:15.157 [pool-1-thread-2] INFO  com.crawljax.core.Crawler - Added a reload edge from state95 to state95
22:00:15.157 [pool-1-thread-2] INFO  c.crawljax.core.state.StateMachine - Cannot go to state: 'state55' from: 'state95'
22:00:15.158 [pool-1-thread-2] INFO  com.crawljax.core.Crawler - Not a valid path anymore state62: state55
22:00:15.158 [pool-1-thread-2] INFO  com.crawljax.core.Crawler - Tried to follow 
22:00:15.158 [pool-1-thread-2] INFO  com.crawljax.core.Crawler - state62_51_state55
22:00:15.158 [pool-1-thread-2] INFO  com.crawljax.core.Crawler - Saving failed backtracking path to 55
22:00:15.158 [pool-1-thread-2] INFO  com.crawljax.core.Crawler - backtrack status: false, reached NearDuplicate : -1 
22:00:17.929 [pool-1-thread-2] INFO  com.crawljax.core.Crawler - index has changed to: state95
22:00:17.930 [pool-1-thread-2] INFO  com.crawljax.core.Crawler - Did not add reload edge from state95 to state95
22:00:17.930 [pool-1-thread-2] INFO  com.crawljax.core.Crawler - state55 no path from state95
22:00:17.930 [pool-1-thread-2] INFO  com.crawljax.core.Crawler - state unreachable: Removing from candidate actions state55
22:00:17.930 [pool-1-thread-2] INFO  c.c.core.UnfiredFragmentCandidates - Placing purged actions in unreachable cache for state55
22:00:17.930 [pool-1-thread-2] INFO  com.crawljax.core.Crawler - Resetting the crawler and Going to state state34
22:00:20.683 [pool-1-thread-2] INFO  com.crawljax.core.Crawler - index has changed to: state95
22:00:20.683 [pool-1-thread-2] INFO  com.crawljax.core.Crawler - Did not add reload edge from state95 to state95
22:00:20.683 [pool-1-thread-2] INFO  com.crawljax.core.Crawler - Initial state not the same as current state : Getting shortest path from current state
22:00:20.684 [pool-1-thread-2] INFO  com.crawljax.core.Crawler - state34 no path from state95
22:00:20.684 [pool-1-thread-2] INFO  c.crawljax.core.state.StateMachine - Cannot go to state: 'state33' from: 'state95'
22:00:20.684 [pool-1-thread-2] INFO  com.crawljax.core.Crawler - Not a valid path anymore index: state34
22:00:20.684 [pool-1-thread-2] INFO  com.crawljax.core.Crawler - Tried to follow 
22:00:20.684 [pool-1-thread-2] INFO  com.crawljax.core.Crawler - index_23_state33state33_24_state34
22:00:20.684 [pool-1-thread-2] INFO  com.crawljax.core.Crawler - Saving failed backtracking path to 34
22:00:20.684 [pool-1-thread-2] INFO  com.crawljax.core.Crawler - backtrack status: false, reached NearDuplicate : -1 
22:00:23.474 [pool-1-thread-2] INFO  com.crawljax.core.Crawler - index has changed to: state95
22:00:23.475 [pool-1-thread-2] INFO  com.crawljax.core.Crawler - Did not add reload edge from state95 to state95
22:00:23.475 [pool-1-thread-2] INFO  c.crawljax.core.state.StateMachine - Cannot go to state: 'state55' from: 'state95'
22:00:23.475 [pool-1-thread-2] INFO  com.crawljax.core.Crawler - Not a valid path anymore state62: state34
22:00:23.475 [pool-1-thread-2] INFO  com.crawljax.core.Crawler - Tried to follow 
22:00:23.475 [pool-1-thread-2] INFO  com.crawljax.core.Crawler - state62_51_state55state55_52_state34
22:00:23.475 [pool-1-thread-2] INFO  com.crawljax.core.Crawler - Saving failed backtracking path to 34
22:00:23.475 [pool-1-thread-2] INFO  com.crawljax.core.Crawler - backtrack status: false, reached NearDuplicate : -1 
22:00:26.246 [pool-1-thread-2] INFO  com.crawljax.core.Crawler - index has changed to: state95
22:00:26.246 [pool-1-thread-2] INFO  com.crawljax.core.Crawler - Did not add reload edge from state95 to state95
22:00:26.246 [pool-1-thread-2] INFO  com.crawljax.core.Crawler - state34 no path from state95
22:00:26.246 [pool-1-thread-2] INFO  com.crawljax.core.Crawler - state unreachable: Removing from candidate actions state34
22:00:26.246 [pool-1-thread-2] INFO  c.c.core.UnfiredFragmentCandidates - Placing purged actions in unreachable cache for state34
22:00:26.246 [pool-1-thread-2] INFO  com.crawljax.core.Crawler - Resetting the crawler and Going to state state92
22:00:29.030 [pool-1-thread-2] INFO  com.crawljax.core.Crawler - index has changed to: state95
22:00:29.030 [pool-1-thread-2] INFO  com.crawljax.core.Crawler - Did not add reload edge from state95 to state95
22:00:29.030 [pool-1-thread-2] INFO  com.crawljax.core.Crawler - Initial state not the same as current state : Getting shortest path from current state
22:00:29.031 [pool-1-thread-2] INFO  com.crawljax.core.Crawler - state92 no path from state95
22:00:29.031 [pool-1-thread-2] INFO  c.crawljax.core.state.StateMachine - Cannot go to state: 'state33' from: 'state95'
22:00:29.031 [pool-1-thread-2] INFO  com.crawljax.core.Crawler - Not a valid path anymore index: state92
22:00:29.031 [pool-1-thread-2] INFO  com.crawljax.core.Crawler - Tried to follow 
22:00:29.031 [pool-1-thread-2] INFO  com.crawljax.core.Crawler - index_23_state33state33_24_state34state34_53_state92
22:00:29.031 [pool-1-thread-2] INFO  com.crawljax.core.Crawler - Saving failed backtracking path to 92
22:00:29.031 [pool-1-thread-2] INFO  com.crawljax.core.Crawler - backtrack status: false, reached NearDuplicate : -1 
22:00:33.837 [pool-1-thread-2] INFO  com.crawljax.core.Crawler - index has changed to: state95
22:00:33.837 [pool-1-thread-2] INFO  com.crawljax.core.Crawler - Did not add reload edge from state95 to state95
22:00:33.837 [pool-1-thread-2] INFO  c.crawljax.core.state.StateMachine - Cannot go to state: 'state55' from: 'state95'
22:00:33.837 [pool-1-thread-2] INFO  com.crawljax.core.Crawler - Not a valid path anymore state62: state92
22:00:33.837 [pool-1-thread-2] INFO  com.crawljax.core.Crawler - Tried to follow 
22:00:33.837 [pool-1-thread-2] INFO  com.crawljax.core.Crawler - state62_51_state55state55_52_state34state34_53_state92
22:00:33.837 [pool-1-thread-2] INFO  com.crawljax.core.Crawler - Saving failed backtracking path to 92
22:00:33.837 [pool-1-thread-2] INFO  com.crawljax.core.Crawler - backtrack status: false, reached NearDuplicate : -1 
22:00:36.601 [pool-1-thread-2] INFO  com.crawljax.core.Crawler - index has changed to: state95
22:00:36.601 [pool-1-thread-2] INFO  com.crawljax.core.Crawler - Did not add reload edge from state95 to state95
22:00:36.601 [pool-1-thread-2] INFO  com.crawljax.core.Crawler - state92 no path from state95
22:00:36.601 [pool-1-thread-2] INFO  com.crawljax.core.Crawler - state unreachable: Removing from candidate actions state92
22:00:36.601 [pool-1-thread-2] INFO  c.c.core.UnfiredFragmentCandidates - Placing purged actions in unreachable cache for state92
22:00:36.601 [pool-1-thread-2] INFO  com.crawljax.core.Crawler - Resetting the crawler and Going to state state93
22:00:39.348 [pool-1-thread-2] INFO  com.crawljax.core.Crawler - index has changed to: state95
22:00:39.348 [pool-1-thread-2] INFO  com.crawljax.core.Crawler - Did not add reload edge from state95 to state95
22:00:39.348 [pool-1-thread-2] INFO  com.crawljax.core.Crawler - Initial state not the same as current state : Getting shortest path from current state
22:00:39.348 [pool-1-thread-2] INFO  com.crawljax.core.Crawler - state93 no path from state95
22:00:39.349 [pool-1-thread-2] INFO  c.crawljax.core.state.StateMachine - Cannot go to state: 'state33' from: 'state95'
22:00:39.349 [pool-1-thread-2] INFO  com.crawljax.core.Crawler - Not a valid path anymore index: state93
22:00:39.349 [pool-1-thread-2] INFO  com.crawljax.core.Crawler - Tried to follow 
22:00:39.349 [pool-1-thread-2] INFO  com.crawljax.core.Crawler - index_23_state33state33_24_state34state34_53_state92state92_54_state93
22:00:39.349 [pool-1-thread-2] INFO  com.crawljax.core.Crawler - Saving failed backtracking path to 93
22:00:39.349 [pool-1-thread-2] INFO  com.crawljax.core.Crawler - backtrack status: false, reached NearDuplicate : -1 
22:00:42.101 [pool-1-thread-2] INFO  com.crawljax.core.Crawler - index has changed to: state95
22:00:42.101 [pool-1-thread-2] INFO  com.crawljax.core.Crawler - Did not add reload edge from state95 to state95
22:00:42.101 [pool-1-thread-2] INFO  c.crawljax.core.state.StateMachine - Cannot go to state: 'state55' from: 'state95'
22:00:42.101 [pool-1-thread-2] INFO  com.crawljax.core.Crawler - Not a valid path anymore state62: state93
22:00:42.101 [pool-1-thread-2] INFO  com.crawljax.core.Crawler - Tried to follow 
22:00:42.101 [pool-1-thread-2] INFO  com.crawljax.core.Crawler - state62_51_state55state55_52_state34state34_53_state92state92_54_state93
22:00:42.101 [pool-1-thread-2] INFO  com.crawljax.core.Crawler - Saving failed backtracking path to 93
22:00:42.101 [pool-1-thread-2] INFO  com.crawljax.core.Crawler - backtrack status: false, reached NearDuplicate : -1 
22:00:44.844 [pool-1-thread-2] INFO  com.crawljax.core.Crawler - index has changed to: state95
22:00:44.844 [pool-1-thread-2] INFO  com.crawljax.core.Crawler - Did not add reload edge from state95 to state95
22:00:44.844 [pool-1-thread-2] INFO  com.crawljax.core.Crawler - state93 no path from state95
22:00:44.844 [pool-1-thread-2] INFO  com.crawljax.core.Crawler - state unreachable: Removing from candidate actions state93
22:00:44.844 [pool-1-thread-2] INFO  c.c.core.UnfiredFragmentCandidates - Placing purged actions in unreachable cache for state93
22:00:44.844 [pool-1-thread-2] INFO  com.crawljax.core.Crawler - Resetting the crawler and Going to state state62
22:00:47.614 [pool-1-thread-2] INFO  com.crawljax.core.Crawler - index has changed to: state95
22:00:47.614 [pool-1-thread-2] INFO  com.crawljax.core.Crawler - Did not add reload edge from state95 to state95
22:00:47.614 [pool-1-thread-2] INFO  com.crawljax.core.Crawler - Initial state not the same as current state : Getting shortest path from current state
22:00:47.614 [pool-1-thread-2] INFO  com.crawljax.core.Crawler - state62 no path from state95
22:00:47.614 [pool-1-thread-2] INFO  c.crawljax.core.state.StateMachine - Cannot go to state: 'state33' from: 'state95'
22:00:47.614 [pool-1-thread-2] INFO  com.crawljax.core.Crawler - Not a valid path anymore index: state62
22:00:47.614 [pool-1-thread-2] INFO  com.crawljax.core.Crawler - Tried to follow 
22:00:47.614 [pool-1-thread-2] INFO  com.crawljax.core.Crawler - index_23_state33state33_24_state34state34_47_state60state60_48_state61state61_0_state62
22:00:47.614 [pool-1-thread-2] INFO  com.crawljax.core.Crawler - Saving failed backtracking path to 62
22:00:47.614 [pool-1-thread-2] INFO  com.crawljax.core.Crawler - backtrack status: false, reached NearDuplicate : -1 
22:00:50.394 [pool-1-thread-2] INFO  com.crawljax.core.Crawler - index has changed to: state95
22:00:50.394 [pool-1-thread-2] INFO  com.crawljax.core.Crawler - Did not add reload edge from state95 to state95
22:00:50.394 [pool-1-thread-2] INFO  com.crawljax.core.Crawler - Not a valid path anymore state62: state62
22:00:50.394 [pool-1-thread-2] INFO  com.crawljax.core.Crawler - Tried to follow 
22:00:50.394 [pool-1-thread-2] INFO  com.crawljax.core.Crawler - 
22:00:50.394 [pool-1-thread-2] INFO  com.crawljax.core.Crawler - Saving failed backtracking path to 62
22:00:50.394 [pool-1-thread-2] INFO  com.crawljax.core.Crawler - backtrack status: false, reached NearDuplicate : -1 
22:00:53.184 [pool-1-thread-2] INFO  com.crawljax.core.Crawler - index has changed to: state95
22:00:53.184 [pool-1-thread-2] INFO  com.crawljax.core.Crawler - Did not add reload edge from state95 to state95
22:00:53.184 [pool-1-thread-2] INFO  com.crawljax.core.Crawler - state62 no path from state95
22:00:53.184 [pool-1-thread-2] INFO  com.crawljax.core.Crawler - state unreachable: Removing from candidate actions state62
22:00:53.184 [pool-1-thread-2] INFO  c.c.core.UnfiredFragmentCandidates - Placing purged actions in unreachable cache for state62
22:00:53.184 [pool-1-thread-2] INFO  com.crawljax.core.Crawler - backtrack status: true, reached NearDuplicate : -1 
22:00:53.185 [pool-1-thread-2] INFO  com.crawljax.core.Crawler -  Event xpath /HTML[1]/BODY[1]/DIV[4]/DIV[1]/DIV[4]/DIV[2]/DIV[2]/DIV[2]/UL[1]/LI[1]/DIV[1]/A[1]
22:00:53.202 [pool-1-thread-2] INFO  com.crawljax.core.Crawler - Changing related inputs for 137 with 0  to 0 
22:00:53.287 [pool-1-thread-2] INFO  c.c.core.UnfiredFragmentCandidates - Changing related inputs to worked inputs 0 for 137
22:00:53.287 [pool-1-thread-2] INFO  c.c.core.UnfiredFragmentCandidates - event 137 - Before 0
22:00:53.287 [pool-1-thread-2] INFO  c.c.core.UnfiredFragmentCandidates - event 137 - After 0
22:00:53.287 [pool-1-thread-2] INFO  c.c.core.UnfiredFragmentCandidates - input for 137, 0
22:00:57.000 [pool-1-thread-2] INFO  c.crawljax.core.state.StateMachine - CLONE State detected: state110 and state92 are the same.
22:00:57.000 [pool-1-thread-2] INFO  c.c.core.UnfiredFragmentCandidates - Placing state92 back in queue as it is rediscovered
22:00:57.000 [pool-1-thread-2] INFO  c.c.core.UnfiredFragmentCandidates - There are 1 states with unfired actions: [92]
22:00:57.000 [pool-1-thread-2] INFO  c.c.core.UnfiredFragmentCandidates - Rediscovered state92 has unexplored actions
22:00:57.007 [pool-1-thread-2] INFO  com.crawljax.core.Crawler -  Event xpath /HTML[1]/BODY[1]/DIV[4]/DIV[1]/DIV[4]/DIV[2]/DIV[2]/DIV[1]/FORM[1]/DIV[1]/DIV[1]/DIV[1]/DIV[2]/DIV[1]/A[2]
22:00:57.023 [pool-1-thread-2] INFO  com.crawljax.core.Crawler - Changing related inputs for 138 with 0  to 0 
22:00:57.090 [pool-1-thread-2] INFO  c.c.core.UnfiredFragmentCandidates - Changing related inputs to worked inputs 0 for 138
22:00:57.090 [pool-1-thread-2] INFO  c.c.core.UnfiredFragmentCandidates - event 138 - Before 0
22:00:57.090 [pool-1-thread-2] INFO  c.c.core.UnfiredFragmentCandidates - event 138 - After 0
22:00:57.090 [pool-1-thread-2] INFO  c.c.core.UnfiredFragmentCandidates - input for 138, 0
22:01:00.213 [pool-1-thread-2] INFO  c.c.c.state.InMemoryStateFlowGraph - Number of states in the graph is now 38
22:01:00.213 [pool-1-thread-2] INFO  c.crawljax.core.state.StateMachine - State state111 added to the StateMachine.
22:01:00.350 [pool-1-thread-2] INFO  com.crawljax.core.Crawler - New DOM is a new state! crawl depth is now 1
22:01:00.350 [pool-1-thread-2] INFO  com.crawljax.core.Crawler - Parsing DOM of state state111 for candidate elements
22:01:00.450 [pool-1-thread-2] INFO  com.crawljax.core.Crawler - Resetting the crawler and Going to state state95
22:01:00.459 [pool-1-thread-2] INFO  com.crawljax.core.CrawlSession - Adding CrawlPath to session !!
22:01:00.459 [pool-1-thread-2] INFO  com.crawljax.core.Crawler - BT-state62:-1state95_137_state92state92_138_state111
22:01:03.251 [pool-1-thread-2] INFO  com.crawljax.core.Crawler - index has changed to: state95
22:01:03.251 [pool-1-thread-2] INFO  com.crawljax.core.Crawler - Added a reload edge from state111 to state95
22:01:03.252 [pool-1-thread-2] INFO  com.crawljax.core.Crawler - Initial state not the same as current state : Getting shortest path from current state
22:01:03.252 [pool-1-thread-2] INFO  com.crawljax.core.Crawler - backtrack status: true, reached NearDuplicate : -1 
22:01:03.252 [pool-1-thread-2] INFO  com.crawljax.core.Crawler -  Event xpath /HTML[1]/BODY[1]/DIV[4]/DIV[1]/DIV[4]/DIV[2]/DIV[2]/DIV[2]/UL[1]/LI[1]/A[1]
22:01:03.267 [pool-1-thread-2] INFO  com.crawljax.core.Crawler - Changing related inputs for 139 with 0  to 0 
22:01:03.333 [pool-1-thread-2] INFO  c.c.core.UnfiredFragmentCandidates - Changing related inputs to worked inputs 0 for 139
22:01:03.333 [pool-1-thread-2] INFO  c.c.core.UnfiredFragmentCandidates - event 139 - Before 0
22:01:03.333 [pool-1-thread-2] INFO  c.c.core.UnfiredFragmentCandidates - event 139 - After 0
22:01:03.333 [pool-1-thread-2] INFO  c.c.core.UnfiredFragmentCandidates - input for 139, 0
22:01:09.593 [pool-1-thread-2] INFO  c.crawljax.core.state.StateMachine - CLONE State detected: state113 and state92 are the same.
22:01:09.601 [pool-1-thread-2] INFO  com.crawljax.core.Crawler -  Event xpath /HTML[1]/BODY[1]/DIV[4]/DIV[1]/DIV[4]/DIV[2]/DIV[2]/DIV[1]/FORM[1]/DIV[1]/DIV[1]/DIV[1]/DIV[2]/DIV[1]/A[3]
22:01:09.617 [pool-1-thread-2] INFO  com.crawljax.core.Crawler - Changing related inputs for 140 with 0  to 0 
22:01:09.690 [pool-1-thread-2] INFO  c.c.core.UnfiredFragmentCandidates - Changing related inputs to worked inputs 0 for 140
22:01:09.690 [pool-1-thread-2] INFO  c.c.core.UnfiredFragmentCandidates - event 140 - Before 0
22:01:09.690 [pool-1-thread-2] INFO  c.c.core.UnfiredFragmentCandidates - event 140 - After 0
22:01:09.690 [pool-1-thread-2] INFO  c.c.core.UnfiredFragmentCandidates - input for 140, 0
22:01:12.846 [pool-1-thread-2] INFO  c.c.c.state.InMemoryStateFlowGraph - Number of states in the graph is now 39
22:01:12.847 [pool-1-thread-2] INFO  c.crawljax.core.state.StateMachine - State state114 added to the StateMachine.
22:01:12.983 [pool-1-thread-2] INFO  com.crawljax.core.Crawler - New DOM is a new state! crawl depth is now 1
22:01:12.983 [pool-1-thread-2] INFO  com.crawljax.core.Crawler - Parsing DOM of state state114 for candidate elements
22:01:13.075 [pool-1-thread-2] INFO  c.c.core.UnfiredFragmentCandidates - There are 2 states with unfired actions: [92, 95]
22:01:13.075 [pool-1-thread-2] INFO  com.crawljax.core.Crawler - Resetting the crawler and Going to state state92
22:01:13.084 [pool-1-thread-2] INFO  com.crawljax.core.CrawlSession - Adding CrawlPath to session !!
22:01:13.084 [pool-1-thread-2] INFO  com.crawljax.core.Crawler - BT-state95:-1state95_139_state92state92_140_state114
22:01:15.947 [pool-1-thread-2] INFO  com.crawljax.core.Crawler - index has changed to: state95
22:01:15.947 [pool-1-thread-2] INFO  com.crawljax.core.Crawler - Added a reload edge from state114 to state95
22:01:15.947 [pool-1-thread-2] INFO  com.crawljax.core.Crawler - Initial state not the same as current state : Getting shortest path from current state
22:01:15.947 [pool-1-thread-2] INFO  c.c.core.UnfiredFragmentCandidates - input map size 140
22:01:15.947 [pool-1-thread-2] INFO  c.c.core.UnfiredFragmentCandidates - input map size 140
22:01:15.947 [pool-1-thread-2] INFO  com.crawljax.core.Crawler - Used a form input combination for backtracking 137
22:01:19.641 [pool-1-thread-2] INFO  com.crawljax.core.Crawler - Crawl depth is now 1
22:01:19.641 [pool-1-thread-2] INFO  com.crawljax.core.Crawler - backtrack status: true, reached NearDuplicate : -1 
22:01:19.641 [pool-1-thread-2] INFO  com.crawljax.core.Crawler -  Event xpath /HTML[1]/BODY[1]/DIV[4]/DIV[1]/DIV[4]/DIV[2]/DIV[2]/DIV[1]/FORM[1]/DIV[1]/DIV[1]/DIV[2]/DIV[5]/DIV[2]/A[1]
22:01:19.658 [pool-1-thread-2] INFO  com.crawljax.core.Crawler - Changing related inputs for 141 with 0  to 0 
22:01:19.735 [pool-1-thread-2] INFO  c.c.core.UnfiredFragmentCandidates - Changing related inputs to worked inputs 0 for 141
22:01:19.735 [pool-1-thread-2] INFO  c.c.core.UnfiredFragmentCandidates - event 141 - Before 0
22:01:19.735 [pool-1-thread-2] INFO  c.c.core.UnfiredFragmentCandidates - event 141 - After 0
22:01:19.735 [pool-1-thread-2] INFO  c.c.core.UnfiredFragmentCandidates - input for 141, 0
22:01:54.559 [pool-1-thread-2] INFO  c.c.c.state.InMemoryStateFlowGraph - Number of states in the graph is now 40
22:01:54.560 [pool-1-thread-2] INFO  c.crawljax.core.state.StateMachine - State state116 added to the StateMachine.
22:01:54.778 [pool-1-thread-2] INFO  com.crawljax.core.Crawler - New DOM is a new state! crawl depth is now 2
22:01:54.778 [pool-1-thread-2] INFO  com.crawljax.core.Crawler - Parsing DOM of state state116 for candidate elements
22:01:57.586 [pool-1-thread-2] INFO  c.c.core.UnfiredFragmentCandidates - There are 2 states with unfired actions: [95, 116]
22:01:57.594 [pool-1-thread-2] INFO  com.crawljax.core.Crawler -  Event xpath /HTML[1]/BODY[1]/DIV[4]/DIV[1]/DIV[4]/DIV[2]/DIV[1]/DIV[1]/H1[1]/A[1]
22:01:59.687 [pool-1-thread-2] INFO  com.crawljax.core.Crawler - Changing related inputs for 142 with 0  to 0 
22:02:01.680 [pool-1-thread-2] INFO  c.c.core.UnfiredFragmentCandidates - Changing related inputs to worked inputs 0 for 142
22:02:01.680 [pool-1-thread-2] INFO  c.c.core.UnfiredFragmentCandidates - event 142 - Before 0
22:02:01.680 [pool-1-thread-2] INFO  c.c.core.UnfiredFragmentCandidates - event 142 - After 0
22:02:01.680 [pool-1-thread-2] INFO  c.c.core.UnfiredFragmentCandidates - input for 142, 0
22:02:05.959 [pool-1-thread-2] INFO  c.crawljax.core.state.StateMachine - CLONE State detected: state117 and state92 are the same.
22:02:05.967 [pool-1-thread-2] INFO  com.crawljax.core.Crawler -  Event xpath /HTML[1]/BODY[1]/DIV[4]/DIV[1]/DIV[4]/DIV[2]/DIV[2]/DIV[1]/FORM[1]/DIV[1]/DIV[1]/DIV[2]/DIV[5]/DIV[2]/A[2]
22:02:05.983 [pool-1-thread-2] INFO  com.crawljax.core.Crawler - Changing related inputs for 143 with 0  to 0 
22:02:06.053 [pool-1-thread-2] INFO  c.c.core.UnfiredFragmentCandidates - Changing related inputs to worked inputs 0 for 143
22:02:06.053 [pool-1-thread-2] INFO  c.c.core.UnfiredFragmentCandidates - event 143 - Before 0
22:02:06.053 [pool-1-thread-2] INFO  c.c.core.UnfiredFragmentCandidates - event 143 - After 0
22:02:06.053 [pool-1-thread-2] INFO  c.c.core.UnfiredFragmentCandidates - input for 143, 0
22:02:25.723 [pool-1-thread-2] INFO  c.crawljax.core.state.StateMachine - CLONE State detected: state118 and state116 are the same.
22:02:25.738 [pool-1-thread-2] INFO  com.crawljax.core.Crawler -  Event xpath /HTML[1]/BODY[1]/DIV[4]/DIV[1]/DIV[4]/DIV[2]/DIV[1]/DIV[2]/DIV[1]/FORM[1]/DIV[3]/INPUT[1]
22:02:27.900 [pool-1-thread-2] INFO  com.crawljax.core.Crawler - Changing related inputs for 144 with 0  to 0 
22:02:29.866 [pool-1-thread-2] INFO  c.c.core.UnfiredFragmentCandidates - Changing related inputs to worked inputs 0 for 144
22:02:29.866 [pool-1-thread-2] INFO  c.c.core.UnfiredFragmentCandidates - event 144 - Before 0
22:02:29.866 [pool-1-thread-2] INFO  c.c.core.UnfiredFragmentCandidates - event 144 - After 0
22:02:29.866 [pool-1-thread-2] INFO  c.c.core.UnfiredFragmentCandidates - input for 144, 0
22:02:46.667 [pool-1-thread-2] INFO  c.c.c.state.InMemoryStateFlowGraph - Number of states in the graph is now 41
22:02:46.667 [pool-1-thread-2] INFO  c.crawljax.core.state.StateMachine - State state119 added to the StateMachine.
22:02:46.845 [pool-1-thread-2] INFO  com.crawljax.core.Crawler - New DOM is a new state! crawl depth is now 3
22:02:46.845 [pool-1-thread-2] INFO  com.crawljax.core.Crawler - Parsing DOM of state state119 for candidate elements
22:02:51.795 [pool-1-thread-2] INFO  c.c.core.UnfiredFragmentCandidates - There are 3 states with unfired actions: [95, 116, 92]
22:02:51.795 [pool-1-thread-2] INFO  com.crawljax.core.Crawler - Resetting the crawler and Going to state state95
22:02:51.803 [pool-1-thread-2] INFO  com.crawljax.core.CrawlSession - Adding CrawlPath to session !!
22:02:51.803 [pool-1-thread-2] INFO  com.crawljax.core.Crawler - BT-state92:-1state95_137_state92state92_141_state116state116_142_state92state92_143_state116state116_144_state119
22:02:54.773 [pool-1-thread-2] INFO  com.crawljax.core.Crawler - index has changed to: state95
22:02:54.773 [pool-1-thread-2] INFO  com.crawljax.core.Crawler - Added a reload edge from state119 to state95
22:02:54.773 [pool-1-thread-2] INFO  com.crawljax.core.Crawler - Initial state not the same as current state : Getting shortest path from current state
22:02:54.773 [pool-1-thread-2] INFO  com.crawljax.core.Crawler - backtrack status: true, reached NearDuplicate : -1 
22:02:54.773 [pool-1-thread-2] INFO  com.crawljax.core.Crawler -  Event xpath /HTML[1]/BODY[1]/DIV[4]/DIV[1]/DIV[4]/DIV[2]/DIV[2]/DIV[2]/UL[1]/LI[3]/DIV[1]/A[1]
22:02:54.790 [pool-1-thread-2] INFO  com.crawljax.core.Crawler - Changing related inputs for 145 with 0  to 0 
22:02:54.872 [pool-1-thread-2] INFO  c.c.core.UnfiredFragmentCandidates - Changing related inputs to worked inputs 0 for 145
22:02:54.872 [pool-1-thread-2] INFO  c.c.core.UnfiredFragmentCandidates - event 145 - Before 0
22:02:54.872 [pool-1-thread-2] INFO  c.c.core.UnfiredFragmentCandidates - event 145 - After 0
22:02:54.872 [pool-1-thread-2] INFO  c.c.core.UnfiredFragmentCandidates - input for 145, 0
22:02:59.115 [pool-1-thread-2] INFO  c.crawljax.core.state.StateMachine - CLONE State detected: state121 and state61 are the same.
22:02:59.123 [pool-1-thread-2] INFO  c.c.core.UnfiredFragmentCandidates - There are 3 states with unfired actions: [116, 92, 95]
22:02:59.124 [pool-1-thread-2] INFO  com.crawljax.core.Crawler - Resetting the crawler and Going to state state116
22:02:59.132 [pool-1-thread-2] INFO  com.crawljax.core.CrawlSession - Adding CrawlPath to session !!
22:02:59.132 [pool-1-thread-2] INFO  com.crawljax.core.Crawler - BT-state95:-1state95_145_state61
22:03:01.907 [pool-1-thread-2] INFO  c.c.c.state.InMemoryStateFlowGraph - Number of states in the graph is now 42
22:03:02.029 [pool-1-thread-2] INFO  com.crawljax.core.Crawler - Parsing DOM of state state122 for candidate elements
22:03:02.100 [pool-1-thread-2] INFO  c.c.core.UnfiredFragmentCandidates - There are 3 states with unfired actions: [92, 95, 122]
22:03:02.100 [pool-1-thread-2] INFO  com.crawljax.core.Crawler - Added a reload edge from state61 to state122
22:03:02.100 [pool-1-thread-2] INFO  com.crawljax.core.Crawler - Initial state not the same as current state : Getting shortest path from current state
22:03:02.101 [pool-1-thread-2] INFO  com.crawljax.core.Crawler - state116 no path from state122
22:03:02.101 [pool-1-thread-2] INFO  c.crawljax.core.state.StateMachine - Cannot go to state: 'state33' from: 'state122'
22:03:02.101 [pool-1-thread-2] INFO  com.crawljax.core.Crawler - Not a valid path anymore index: state116
22:03:02.101 [pool-1-thread-2] INFO  com.crawljax.core.Crawler - Tried to follow 
22:03:02.101 [pool-1-thread-2] INFO  com.crawljax.core.Crawler - index_23_state33state33_24_state34state34_53_state92state92_141_state116
22:03:02.101 [pool-1-thread-2] INFO  com.crawljax.core.Crawler - Saving failed backtracking path to 116
22:03:02.101 [pool-1-thread-2] INFO  com.crawljax.core.Crawler - backtrack status: false, reached NearDuplicate : -1 
22:03:04.860 [pool-1-thread-2] INFO  com.crawljax.core.Crawler - index has changed to: state122
22:03:04.861 [pool-1-thread-2] INFO  com.crawljax.core.Crawler - Added a reload edge from state122 to state122
22:03:04.861 [pool-1-thread-2] INFO  c.crawljax.core.state.StateMachine - Cannot go to state: 'state55' from: 'state122'
22:03:04.861 [pool-1-thread-2] INFO  com.crawljax.core.Crawler - Not a valid path anymore state62: state116
22:03:04.861 [pool-1-thread-2] INFO  com.crawljax.core.Crawler - Tried to follow 
22:03:04.861 [pool-1-thread-2] INFO  com.crawljax.core.Crawler - state62_51_state55state55_52_state34state34_53_state92state92_141_state116
22:03:04.861 [pool-1-thread-2] INFO  com.crawljax.core.Crawler - Saving failed backtracking path to 116
22:03:04.861 [pool-1-thread-2] INFO  com.crawljax.core.Crawler - backtrack status: false, reached NearDuplicate : -1 
22:03:07.611 [pool-1-thread-2] INFO  com.crawljax.core.Crawler - index has changed to: state122
22:03:07.611 [pool-1-thread-2] INFO  com.crawljax.core.Crawler - Did not add reload edge from state122 to state122
22:03:07.612 [pool-1-thread-2] INFO  c.crawljax.core.state.StateMachine - Cannot go to state: 'state92' from: 'state122'
22:03:07.612 [pool-1-thread-2] INFO  com.crawljax.core.Crawler - Not a valid path anymore state95: state116
22:03:07.612 [pool-1-thread-2] INFO  com.crawljax.core.Crawler - Tried to follow 
22:03:07.612 [pool-1-thread-2] INFO  com.crawljax.core.Crawler - state95_137_state92state92_141_state116
22:03:07.612 [pool-1-thread-2] INFO  com.crawljax.core.Crawler - Saving failed backtracking path to 116
22:03:07.612 [pool-1-thread-2] INFO  com.crawljax.core.Crawler - backtrack status: false, reached NearDuplicate : -1 
22:03:10.366 [pool-1-thread-2] INFO  com.crawljax.core.Crawler - index has changed to: state122
22:03:10.366 [pool-1-thread-2] INFO  com.crawljax.core.Crawler - Did not add reload edge from state122 to state122
22:03:10.366 [pool-1-thread-2] INFO  com.crawljax.core.Crawler - state116 no path from state122
22:03:10.366 [pool-1-thread-2] INFO  com.crawljax.core.Crawler - state unreachable: Removing from candidate actions state116
22:03:10.366 [pool-1-thread-2] INFO  c.c.core.UnfiredFragmentCandidates - Placing purged actions in unreachable cache for state116
22:03:10.366 [pool-1-thread-2] INFO  com.crawljax.core.Crawler - Resetting the crawler and Going to state state92
22:03:13.155 [pool-1-thread-2] INFO  com.crawljax.core.Crawler - index has changed to: state122
22:03:13.155 [pool-1-thread-2] INFO  com.crawljax.core.Crawler - Did not add reload edge from state122 to state122
22:03:13.155 [pool-1-thread-2] INFO  com.crawljax.core.Crawler - Initial state not the same as current state : Getting shortest path from current state
22:03:13.155 [pool-1-thread-2] INFO  com.crawljax.core.Crawler - state92 no path from state122
22:03:13.156 [pool-1-thread-2] INFO  c.crawljax.core.state.StateMachine - Cannot go to state: 'state33' from: 'state122'
22:03:13.156 [pool-1-thread-2] INFO  com.crawljax.core.Crawler - Not a valid path anymore index: state92
22:03:13.156 [pool-1-thread-2] INFO  com.crawljax.core.Crawler - Tried to follow 
22:03:13.156 [pool-1-thread-2] INFO  com.crawljax.core.Crawler - index_23_state33state33_24_state34state34_53_state92
22:03:13.156 [pool-1-thread-2] INFO  com.crawljax.core.Crawler - Saving failed backtracking path to 92
22:03:13.156 [pool-1-thread-2] INFO  com.crawljax.core.Crawler - backtrack status: false, reached NearDuplicate : -1 
22:03:15.911 [pool-1-thread-2] INFO  com.crawljax.core.Crawler - index has changed to: state122
22:03:15.911 [pool-1-thread-2] INFO  com.crawljax.core.Crawler - Did not add reload edge from state122 to state122
22:03:15.912 [pool-1-thread-2] INFO  c.crawljax.core.state.StateMachine - Cannot go to state: 'state55' from: 'state122'
22:03:15.912 [pool-1-thread-2] INFO  com.crawljax.core.Crawler - Not a valid path anymore state62: state92
22:03:15.912 [pool-1-thread-2] INFO  com.crawljax.core.Crawler - Tried to follow 
22:03:15.912 [pool-1-thread-2] INFO  com.crawljax.core.Crawler - state62_51_state55state55_52_state34state34_53_state92
22:03:15.912 [pool-1-thread-2] INFO  com.crawljax.core.Crawler - Saving failed backtracking path to 92
22:03:15.912 [pool-1-thread-2] INFO  com.crawljax.core.Crawler - backtrack status: false, reached NearDuplicate : -1 
22:03:18.681 [pool-1-thread-2] INFO  com.crawljax.core.Crawler - index has changed to: state122
22:03:18.682 [pool-1-thread-2] INFO  com.crawljax.core.Crawler - Did not add reload edge from state122 to state122
22:03:18.682 [pool-1-thread-2] INFO  c.crawljax.core.state.StateMachine - Cannot go to state: 'state92' from: 'state122'
22:03:18.682 [pool-1-thread-2] INFO  com.crawljax.core.Crawler - Not a valid path anymore state95: state92
22:03:18.682 [pool-1-thread-2] INFO  com.crawljax.core.Crawler - Tried to follow 
22:03:18.682 [pool-1-thread-2] INFO  com.crawljax.core.Crawler - state95_137_state92
22:03:18.682 [pool-1-thread-2] INFO  com.crawljax.core.Crawler - Saving failed backtracking path to 92
22:03:18.682 [pool-1-thread-2] INFO  com.crawljax.core.Crawler - backtrack status: false, reached NearDuplicate : -1 
22:03:21.488 [pool-1-thread-2] INFO  com.crawljax.core.Crawler - index has changed to: state122
22:03:21.488 [pool-1-thread-2] INFO  com.crawljax.core.Crawler - Did not add reload edge from state122 to state122
22:03:21.488 [pool-1-thread-2] INFO  com.crawljax.core.Crawler - state92 no path from state122
22:03:21.488 [pool-1-thread-2] INFO  com.crawljax.core.Crawler - state unreachable: Removing from candidate actions state92
22:03:21.488 [pool-1-thread-2] INFO  c.c.core.UnfiredFragmentCandidates - Placing purged actions in unreachable cache for state92
22:03:21.488 [pool-1-thread-2] INFO  com.crawljax.core.Crawler - Resetting the crawler and Going to state state95
22:03:26.688 [pool-1-thread-2] INFO  com.crawljax.core.Crawler - index has changed to: state122
22:03:26.688 [pool-1-thread-2] INFO  com.crawljax.core.Crawler - Did not add reload edge from state122 to state122
22:03:26.688 [pool-1-thread-2] INFO  com.crawljax.core.Crawler - Initial state not the same as current state : Getting shortest path from current state
22:03:26.689 [pool-1-thread-2] INFO  com.crawljax.core.Crawler - state95 no path from state122
22:03:26.689 [pool-1-thread-2] INFO  c.crawljax.core.state.StateMachine - Cannot go to state: 'state33' from: 'state122'
22:03:26.689 [pool-1-thread-2] INFO  com.crawljax.core.Crawler - Not a valid path anymore index: state95
22:03:26.689 [pool-1-thread-2] INFO  com.crawljax.core.Crawler - Tried to follow 
22:03:26.689 [pool-1-thread-2] INFO  com.crawljax.core.Crawler - index_23_state33state33_24_state34state34_53_state92state92_138_state111state111_0_state95
22:03:26.689 [pool-1-thread-2] INFO  com.crawljax.core.Crawler - Saving failed backtracking path to 95
22:03:26.689 [pool-1-thread-2] INFO  com.crawljax.core.Crawler - backtrack status: false, reached NearDuplicate : -1 
22:03:29.548 [pool-1-thread-2] INFO  com.crawljax.core.Crawler - index has changed to: state122
22:03:29.549 [pool-1-thread-2] INFO  com.crawljax.core.Crawler - Did not add reload edge from state122 to state122
22:03:29.549 [pool-1-thread-2] INFO  c.crawljax.core.state.StateMachine - Cannot go to state: 'state55' from: 'state122'
22:03:29.549 [pool-1-thread-2] INFO  com.crawljax.core.Crawler - Not a valid path anymore state62: state95
22:03:29.549 [pool-1-thread-2] INFO  com.crawljax.core.Crawler - Tried to follow 
22:03:29.549 [pool-1-thread-2] INFO  com.crawljax.core.Crawler - state62_51_state55state55_52_state34state34_53_state92state92_140_state114state114_0_state95
22:03:29.549 [pool-1-thread-2] INFO  com.crawljax.core.Crawler - Saving failed backtracking path to 95
22:03:29.549 [pool-1-thread-2] INFO  com.crawljax.core.Crawler - backtrack status: false, reached NearDuplicate : -1 
22:03:32.305 [pool-1-thread-2] INFO  com.crawljax.core.Crawler - index has changed to: state122
22:03:32.305 [pool-1-thread-2] INFO  com.crawljax.core.Crawler - Did not add reload edge from state122 to state122
22:03:32.306 [pool-1-thread-2] INFO  com.crawljax.core.Crawler - Not a valid path anymore state95: state95
22:03:32.306 [pool-1-thread-2] INFO  com.crawljax.core.Crawler - Tried to follow 
22:03:32.306 [pool-1-thread-2] INFO  com.crawljax.core.Crawler - 
22:03:32.306 [pool-1-thread-2] INFO  com.crawljax.core.Crawler - Saving failed backtracking path to 95
22:03:32.306 [pool-1-thread-2] INFO  com.crawljax.core.Crawler - backtrack status: false, reached NearDuplicate : -1 
22:03:35.063 [pool-1-thread-2] INFO  com.crawljax.core.Crawler - index has changed to: state122
22:03:35.063 [pool-1-thread-2] INFO  com.crawljax.core.Crawler - Did not add reload edge from state122 to state122
22:03:35.063 [pool-1-thread-2] INFO  com.crawljax.core.Crawler - state95 no path from state122
22:03:35.063 [pool-1-thread-2] INFO  com.crawljax.core.Crawler - state unreachable: Removing from candidate actions state95
22:03:35.063 [pool-1-thread-2] INFO  c.c.core.UnfiredFragmentCandidates - Placing purged actions in unreachable cache for state95
22:03:35.063 [pool-1-thread-2] INFO  com.crawljax.core.Crawler - backtrack status: true, reached NearDuplicate : -1 
22:03:35.063 [pool-1-thread-2] INFO  com.crawljax.core.Crawler -  Event xpath /HTML[1]/BODY[1]/DIV[4]/DIV[1]/DIV[4]/DIV[2]/DIV[2]/DIV[2]/UL[1]/LI[2]/DIV[1]/A[1]
22:03:35.079 [pool-1-thread-2] INFO  com.crawljax.core.Crawler - Changing related inputs for 146 with 0  to 0 
22:03:35.150 [pool-1-thread-2] INFO  c.c.core.UnfiredFragmentCandidates - Changing related inputs to worked inputs 0 for 146
22:03:35.150 [pool-1-thread-2] INFO  c.c.core.UnfiredFragmentCandidates - event 146 - Before 0
22:03:35.150 [pool-1-thread-2] INFO  c.c.core.UnfiredFragmentCandidates - event 146 - After 0
22:03:35.150 [pool-1-thread-2] INFO  c.c.core.UnfiredFragmentCandidates - input for 146, 0
22:03:39.443 [pool-1-thread-2] INFO  c.crawljax.core.state.StateMachine - CLONE State detected: state134 and state92 are the same.
22:03:39.443 [pool-1-thread-2] INFO  c.c.core.UnfiredFragmentCandidates - Placing state92 back in queue as it is rediscovered
22:03:39.443 [pool-1-thread-2] INFO  c.c.core.UnfiredFragmentCandidates - There are 1 states with unfired actions: [92]
22:03:39.443 [pool-1-thread-2] INFO  c.c.core.UnfiredFragmentCandidates - Rediscovered state92 has unexplored actions
22:03:39.450 [pool-1-thread-2] INFO  com.crawljax.core.Crawler -  Event xpath /HTML[1]/BODY[1]/DIV[4]/DIV[1]/DIV[4]/DIV[2]/DIV[2]/DIV[1]/FORM[1]/DIV[1]/DIV[2]/DIV[2]/DIV[2]/DIV[1]/DIV[1]/A[1]
22:03:39.467 [pool-1-thread-2] INFO  com.crawljax.core.Crawler - Changing related inputs for 147 with 0  to 0 
22:03:39.532 [pool-1-thread-2] INFO  c.c.core.UnfiredFragmentCandidates - Changing related inputs to worked inputs 0 for 147
22:03:39.532 [pool-1-thread-2] INFO  c.c.core.UnfiredFragmentCandidates - event 147 - Before 0
22:03:39.532 [pool-1-thread-2] INFO  c.c.core.UnfiredFragmentCandidates - event 147 - After 0
22:03:39.532 [pool-1-thread-2] INFO  c.c.core.UnfiredFragmentCandidates - input for 147, 0
22:03:44.333 [pool-1-thread-2] INFO  c.c.c.state.InMemoryStateFlowGraph - Number of states in the graph is now 43
22:03:44.334 [pool-1-thread-2] INFO  c.crawljax.core.state.StateMachine - State state135 added to the StateMachine.
22:03:44.473 [pool-1-thread-2] INFO  com.crawljax.core.Crawler - New DOM is a new state! crawl depth is now 1
22:03:44.473 [pool-1-thread-2] INFO  com.crawljax.core.Crawler - Parsing DOM of state state135 for candidate elements
22:03:44.549 [pool-1-thread-2] INFO  c.c.core.UnfiredFragmentCandidates - There are 2 states with unfired actions: [92, 135]
22:03:44.557 [pool-1-thread-2] INFO  com.crawljax.core.Crawler -  Event xpath /HTML[1]/BODY[1]/DIV[4]/DIV[1]/DIV[4]/DIV[2]/DIV[2]/DIV[1]/FORM[1]/DIV[1]/DIV[1]/DIV[1]/DIV[2]/DIV[1]/A[1]
22:03:44.573 [pool-1-thread-2] INFO  com.crawljax.core.Crawler - Changing related inputs for 148 with 0  to 0 
22:03:44.640 [pool-1-thread-2] INFO  c.c.core.UnfiredFragmentCandidates - Changing related inputs to worked inputs 0 for 148
22:03:44.640 [pool-1-thread-2] INFO  c.c.core.UnfiredFragmentCandidates - event 148 - Before 0
22:03:44.640 [pool-1-thread-2] INFO  c.c.core.UnfiredFragmentCandidates - event 148 - After 0
22:03:44.640 [pool-1-thread-2] INFO  c.c.core.UnfiredFragmentCandidates - input for 148, 0
22:03:47.761 [pool-1-thread-2] INFO  c.c.c.state.InMemoryStateFlowGraph - Number of states in the graph is now 44
22:03:47.762 [pool-1-thread-2] INFO  c.crawljax.core.state.StateMachine - State state136 added to the StateMachine.
22:03:47.900 [pool-1-thread-2] INFO  com.crawljax.core.Crawler - New DOM is a new state! crawl depth is now 2
22:03:47.900 [pool-1-thread-2] INFO  com.crawljax.core.Crawler - Parsing DOM of state state136 for candidate elements
22:03:47.977 [pool-1-thread-2] INFO  c.c.core.UnfiredFragmentCandidates - There are 3 states with unfired actions: [92, 135, 136]
22:03:47.985 [pool-1-thread-2] INFO  com.crawljax.core.Crawler -  Event xpath /HTML[1]/BODY[1]/DIV[6]/DIV[1]/DIV[4]/DIV[2]/DIV[2]/DIV[1]/FORM[1]/DIV[1]/DIV[1]/DIV[1]/DIV[2]/DIV[1]/A[1]
22:03:48.001 [pool-1-thread-2] INFO  com.crawljax.core.Crawler - Changing related inputs for 149 with 0  to 0 
22:03:48.069 [pool-1-thread-2] INFO  c.c.core.UnfiredFragmentCandidates - Changing related inputs to worked inputs 0 for 149
22:03:48.069 [pool-1-thread-2] INFO  c.c.core.UnfiredFragmentCandidates - event 149 - Before 0
22:03:48.069 [pool-1-thread-2] INFO  c.c.core.UnfiredFragmentCandidates - event 149 - After 0
22:03:48.069 [pool-1-thread-2] INFO  c.c.core.UnfiredFragmentCandidates - input for 149, 0
22:03:49.153 [pool-1-thread-2] INFO  com.crawljax.core.Crawler -  Event xpath /HTML[1]/BODY[1]/DIV[6]/DIV[1]/DIV[4]/DIV[2]/DIV[2]/DIV[1]/FORM[1]/DIV[1]/DIV[1]/DIV[1]/DIV[2]/DIV[1]/A[2]
22:03:49.171 [pool-1-thread-2] INFO  com.crawljax.core.Crawler - Changing related inputs for 150 with 0  to 0 
22:03:49.237 [pool-1-thread-2] INFO  c.c.core.UnfiredFragmentCandidates - Changing related inputs to worked inputs 0 for 150
22:03:49.238 [pool-1-thread-2] INFO  c.c.core.UnfiredFragmentCandidates - event 150 - Before 0
22:03:49.238 [pool-1-thread-2] INFO  c.c.core.UnfiredFragmentCandidates - event 150 - After 0
22:03:49.238 [pool-1-thread-2] INFO  c.c.core.UnfiredFragmentCandidates - input for 150, 0
22:03:50.342 [pool-1-thread-2] INFO  com.crawljax.core.Crawler -  Event xpath /HTML[1]/BODY[1]/DIV[6]/DIV[1]/DIV[4]/DIV[2]/DIV[2]/DIV[1]/FORM[1]/DIV[1]/DIV[1]/DIV[1]/DIV[2]/DIV[1]/A[3]
22:03:50.361 [pool-1-thread-2] INFO  com.crawljax.core.Crawler - Changing related inputs for 151 with 0  to 0 
22:03:50.450 [pool-1-thread-2] INFO  c.c.core.UnfiredFragmentCandidates - Changing related inputs to worked inputs 0 for 151
22:03:50.450 [pool-1-thread-2] INFO  c.c.core.UnfiredFragmentCandidates - event 151 - Before 0
22:03:50.450 [pool-1-thread-2] INFO  c.c.core.UnfiredFragmentCandidates - event 151 - After 0
22:03:50.450 [pool-1-thread-2] INFO  c.c.core.UnfiredFragmentCandidates - input for 151, 0
22:03:51.551 [pool-1-thread-2] INFO  com.crawljax.core.Crawler -  Event xpath /HTML[1]/BODY[1]/DIV[6]/DIV[1]/DIV[4]/DIV[2]/DIV[2]/DIV[1]/FORM[1]/DIV[1]/DIV[1]/DIV[2]/DIV[5]/DIV[2]/A[1]
22:03:51.568 [pool-1-thread-2] INFO  com.crawljax.core.Crawler - Changing related inputs for 152 with 0  to 0 
22:03:51.644 [pool-1-thread-2] INFO  c.c.core.UnfiredFragmentCandidates - Changing related inputs to worked inputs 0 for 152
22:03:51.645 [pool-1-thread-2] INFO  c.c.core.UnfiredFragmentCandidates - event 152 - Before 0
22:03:51.645 [pool-1-thread-2] INFO  c.c.core.UnfiredFragmentCandidates - event 152 - After 0
22:03:51.645 [pool-1-thread-2] INFO  c.c.core.UnfiredFragmentCandidates - input for 152, 0
22:03:52.747 [pool-1-thread-2] INFO  com.crawljax.core.Crawler -  Event xpath /HTML[1]/BODY[1]/DIV[6]/DIV[1]/DIV[4]/DIV[2]/DIV[2]/DIV[1]/FORM[1]/DIV[1]/DIV[1]/DIV[2]/DIV[5]/DIV[2]/A[2]
22:03:52.765 [pool-1-thread-2] INFO  com.crawljax.core.Crawler - Changing related inputs for 153 with 0  to 0 
22:03:52.849 [pool-1-thread-2] INFO  c.c.core.UnfiredFragmentCandidates - Changing related inputs to worked inputs 0 for 153
22:03:52.849 [pool-1-thread-2] INFO  c.c.core.UnfiredFragmentCandidates - event 153 - Before 0
22:03:52.849 [pool-1-thread-2] INFO  c.c.core.UnfiredFragmentCandidates - event 153 - After 0
22:03:52.849 [pool-1-thread-2] INFO  c.c.core.UnfiredFragmentCandidates - input for 153, 0
22:03:53.953 [pool-1-thread-2] INFO  com.crawljax.core.Crawler -  Event xpath /HTML[1]/BODY[1]/DIV[6]/DIV[1]/DIV[4]/DIV[2]/DIV[2]/DIV[1]/FORM[1]/DIV[1]/DIV[2]/DIV[2]/DIV[2]/DIV[1]/DIV[1]/A[1]
22:03:53.971 [pool-1-thread-2] INFO  com.crawljax.core.Crawler - Changing related inputs for 154 with 0  to 0 
22:03:54.050 [pool-1-thread-2] INFO  c.c.core.UnfiredFragmentCandidates - Changing related inputs to worked inputs 0 for 154
22:03:54.050 [pool-1-thread-2] INFO  c.c.core.UnfiredFragmentCandidates - event 154 - Before 0
22:03:54.050 [pool-1-thread-2] INFO  c.c.core.UnfiredFragmentCandidates - event 154 - After 0
22:03:54.050 [pool-1-thread-2] INFO  c.c.core.UnfiredFragmentCandidates - input for 154, 0
22:03:54.098 [pool-1-thread-2] INFO  com.crawljax.core.Crawler -  Event xpath /HTML[1]/BODY[1]/DIV[6]/DIV[1]/DIV[4]/DIV[2]/DIV[2]/DIV[1]/FORM[1]/DIV[1]/DIV[2]/DIV[2]/DIV[2]/DIV[1]/DIV[2]/H2[1]/A[1]
22:03:54.116 [pool-1-thread-2] INFO  com.crawljax.core.Crawler - Changing related inputs for 155 with 0  to 0 
22:03:54.200 [pool-1-thread-2] INFO  c.c.core.UnfiredFragmentCandidates - Changing related inputs to worked inputs 0 for 155
22:03:54.200 [pool-1-thread-2] INFO  c.c.core.UnfiredFragmentCandidates - event 155 - Before 0
22:03:54.200 [pool-1-thread-2] INFO  c.c.core.UnfiredFragmentCandidates - event 155 - After 0
22:03:54.200 [pool-1-thread-2] INFO  c.c.core.UnfiredFragmentCandidates - input for 155, 0
22:03:54.246 [pool-1-thread-2] INFO  com.crawljax.core.Crawler -  Event xpath /HTML[1]/BODY[1]/DIV[6]/DIV[1]/DIV[4]/DIV[2]/DIV[2]/DIV[1]/FORM[1]/DIV[1]/DIV[2]/DIV[2]/DIV[3]/DIV[1]/DIV[1]/A[1]
22:03:54.264 [pool-1-thread-2] INFO  com.crawljax.core.Crawler - Changing related inputs for 156 with 0  to 0 
22:03:54.341 [pool-1-thread-2] INFO  c.c.core.UnfiredFragmentCandidates - Changing related inputs to worked inputs 0 for 156
22:03:54.341 [pool-1-thread-2] INFO  c.c.core.UnfiredFragmentCandidates - event 156 - Before 0
22:03:54.341 [pool-1-thread-2] INFO  c.c.core.UnfiredFragmentCandidates - event 156 - After 0
22:03:54.341 [pool-1-thread-2] INFO  c.c.core.UnfiredFragmentCandidates - input for 156, 0
22:03:54.392 [pool-1-thread-2] INFO  com.crawljax.core.Crawler -  Event xpath /HTML[1]/BODY[1]/DIV[6]/DIV[1]/DIV[4]/DIV[2]/DIV[2]/DIV[1]/FORM[1]/DIV[1]/DIV[2]/DIV[2]/DIV[3]/DIV[1]/DIV[2]/H2[1]/A[1]
22:03:54.411 [pool-1-thread-2] INFO  com.crawljax.core.Crawler - Changing related inputs for 157 with 0  to 0 
22:03:54.499 [pool-1-thread-2] INFO  c.c.core.UnfiredFragmentCandidates - Changing related inputs to worked inputs 0 for 157
22:03:54.499 [pool-1-thread-2] INFO  c.c.core.UnfiredFragmentCandidates - event 157 - Before 0
22:03:54.499 [pool-1-thread-2] INFO  c.c.core.UnfiredFragmentCandidates - event 157 - After 0
22:03:54.499 [pool-1-thread-2] INFO  c.c.core.UnfiredFragmentCandidates - input for 157, 0
22:03:54.551 [pool-1-thread-2] INFO  com.crawljax.core.Crawler -  Event xpath /HTML[1]/BODY[1]/DIV[6]/DIV[1]/DIV[4]/DIV[2]/DIV[2]/DIV[1]/FORM[1]/DIV[1]/DIV[2]/DIV[2]/DIV[4]/DIV[1]/DIV[1]/A[1]
22:03:54.570 [pool-1-thread-2] INFO  com.crawljax.core.Crawler - Changing related inputs for 158 with 0  to 0 
22:03:54.647 [pool-1-thread-2] INFO  c.c.core.UnfiredFragmentCandidates - Changing related inputs to worked inputs 0 for 158
22:03:54.647 [pool-1-thread-2] INFO  c.c.core.UnfiredFragmentCandidates - event 158 - Before 0
22:03:54.647 [pool-1-thread-2] INFO  c.c.core.UnfiredFragmentCandidates - event 158 - After 0
22:03:54.647 [pool-1-thread-2] INFO  c.c.core.UnfiredFragmentCandidates - input for 158, 0
22:03:54.691 [pool-1-thread-2] INFO  com.crawljax.core.Crawler -  Event xpath /HTML[1]/BODY[1]/DIV[6]/DIV[1]/DIV[4]/DIV[2]/DIV[2]/DIV[1]/FORM[1]/DIV[1]/DIV[2]/DIV[2]/DIV[4]/DIV[1]/DIV[2]/H2[1]/A[1]
22:03:54.710 [pool-1-thread-2] INFO  com.crawljax.core.Crawler - Changing related inputs for 159 with 0  to 0 
22:03:54.783 [pool-1-thread-2] INFO  c.c.core.UnfiredFragmentCandidates - Changing related inputs to worked inputs 0 for 159
22:03:54.783 [pool-1-thread-2] INFO  c.c.core.UnfiredFragmentCandidates - event 159 - Before 0
22:03:54.783 [pool-1-thread-2] INFO  c.c.core.UnfiredFragmentCandidates - event 159 - After 0
22:03:54.783 [pool-1-thread-2] INFO  c.c.core.UnfiredFragmentCandidates - input for 159, 0
22:03:54.838 [pool-1-thread-2] INFO  com.crawljax.core.Crawler -  Event xpath /HTML[1]/BODY[1]/DIV[6]/DIV[1]/DIV[4]/DIV[2]/DIV[2]/DIV[1]/FORM[1]/DIV[1]/DIV[1]/DIV[2]/DIV[8]/DIV[1]/INPUT[2]
22:03:54.858 [pool-1-thread-2] INFO  com.crawljax.core.Crawler - Changing related inputs for 160 with 0  to 0 
22:03:54.931 [pool-1-thread-2] INFO  c.c.core.UnfiredFragmentCandidates - Changing related inputs to worked inputs 0 for 160
22:03:54.931 [pool-1-thread-2] INFO  c.c.core.UnfiredFragmentCandidates - event 160 - Before 0
22:03:54.931 [pool-1-thread-2] INFO  c.c.core.UnfiredFragmentCandidates - event 160 - After 0
22:03:54.931 [pool-1-thread-2] INFO  c.c.core.UnfiredFragmentCandidates - input for 160, 0
22:03:56.041 [pool-1-thread-2] INFO  com.crawljax.core.Crawler -  Event xpath /HTML[1]/BODY[1]/DIV[6]/DIV[1]/DIV[4]/DIV[2]/DIV[2]/DIV[1]/FORM[1]/DIV[1]/DIV[1]/DIV[2]/DIV[9]/INPUT[1]
22:03:56.057 [pool-1-thread-2] INFO  com.crawljax.core.Crawler - Changing related inputs for 161 with 0  to 0 
22:03:56.126 [pool-1-thread-2] INFO  c.c.core.UnfiredFragmentCandidates - Changing related inputs to worked inputs 0 for 161
22:03:56.126 [pool-1-thread-2] INFO  c.c.core.UnfiredFragmentCandidates - event 161 - Before 0
22:03:56.126 [pool-1-thread-2] INFO  c.c.core.UnfiredFragmentCandidates - event 161 - After 0
22:03:56.126 [pool-1-thread-2] INFO  c.c.core.UnfiredFragmentCandidates - input for 161, 0
22:03:57.227 [pool-1-thread-2] INFO  com.crawljax.core.Crawler -  Event xpath /HTML[1]/BODY[1]/DIV[6]/DIV[1]/DIV[4]/DIV[2]/DIV[2]/DIV[1]/FORM[1]/DIV[1]/DIV[1]/DIV[2]/DIV[10]/INPUT[1]
22:03:57.247 [pool-1-thread-2] INFO  com.crawljax.core.Crawler - Changing related inputs for 162 with 0  to 0 
22:03:57.319 [pool-1-thread-2] INFO  c.c.core.UnfiredFragmentCandidates - Changing related inputs to worked inputs 0 for 162
22:03:57.319 [pool-1-thread-2] INFO  c.c.core.UnfiredFragmentCandidates - event 162 - Before 0
22:03:57.319 [pool-1-thread-2] INFO  c.c.core.UnfiredFragmentCandidates - event 162 - After 0
22:03:57.319 [pool-1-thread-2] INFO  c.c.core.UnfiredFragmentCandidates - input for 162, 0
22:03:58.423 [pool-1-thread-2] INFO  com.crawljax.core.Crawler -  Event xpath /HTML[1]/BODY[1]/DIV[6]/DIV[1]/DIV[4]/DIV[2]/DIV[2]/DIV[1]/FORM[1]/DIV[1]/DIV[2]/DIV[2]/DIV[2]/DIV[1]/DIV[2]/DIV[3]/DIV[2]/INPUT[1]
22:03:58.440 [pool-1-thread-2] INFO  com.crawljax.core.Crawler - Changing related inputs for 163 with 0  to 0 
22:03:58.513 [pool-1-thread-2] INFO  c.c.core.UnfiredFragmentCandidates - Changing related inputs to worked inputs 0 for 163
22:03:58.513 [pool-1-thread-2] INFO  c.c.core.UnfiredFragmentCandidates - event 163 - Before 0
22:03:58.513 [pool-1-thread-2] INFO  c.c.core.UnfiredFragmentCandidates - event 163 - After 0
22:03:58.513 [pool-1-thread-2] INFO  c.c.core.UnfiredFragmentCandidates - input for 163, 0
22:04:00.947 [pool-1-thread-2] INFO  com.crawljax.core.Crawler -  Event xpath /HTML[1]/BODY[1]/DIV[6]/DIV[1]/DIV[4]/DIV[2]/DIV[2]/DIV[1]/FORM[1]/DIV[1]/DIV[2]/DIV[2]/DIV[3]/DIV[1]/DIV[2]/DIV[3]/DIV[2]/INPUT[1]
22:04:00.964 [pool-1-thread-2] INFO  com.crawljax.core.Crawler - Changing related inputs for 164 with 0  to 0 
22:04:01.037 [pool-1-thread-2] INFO  c.c.core.UnfiredFragmentCandidates - Changing related inputs to worked inputs 0 for 164
22:04:01.037 [pool-1-thread-2] INFO  c.c.core.UnfiredFragmentCandidates - event 164 - Before 0
22:04:01.037 [pool-1-thread-2] INFO  c.c.core.UnfiredFragmentCandidates - event 164 - After 0
22:04:01.037 [pool-1-thread-2] INFO  c.c.core.UnfiredFragmentCandidates - input for 164, 0
22:04:01.084 [pool-1-thread-2] INFO  com.crawljax.core.Crawler -  Event xpath /HTML[1]/BODY[1]/DIV[6]/DIV[1]/DIV[4]/DIV[2]/DIV[2]/DIV[1]/FORM[1]/DIV[1]/DIV[2]/DIV[2]/DIV[4]/DIV[1]/DIV[2]/DIV[3]/DIV[2]/INPUT[1]
22:04:01.100 [pool-1-thread-2] INFO  com.crawljax.core.Crawler - Changing related inputs for 165 with 0  to 0 
22:04:01.166 [pool-1-thread-2] INFO  c.c.core.UnfiredFragmentCandidates - Changing related inputs to worked inputs 0 for 165
22:04:01.166 [pool-1-thread-2] INFO  c.c.core.UnfiredFragmentCandidates - event 165 - Before 0
22:04:01.166 [pool-1-thread-2] INFO  c.c.core.UnfiredFragmentCandidates - event 165 - After 0
22:04:01.166 [pool-1-thread-2] INFO  c.c.core.UnfiredFragmentCandidates - input for 165, 0
22:04:01.213 [pool-1-thread-2] INFO  com.crawljax.core.Crawler -  Event xpath /HTML[1]/BODY[1]/DIV[6]/DIV[1]/DIV[4]/DIV[2]/DIV[2]/DIV[1]/FORM[1]/DIV[1]/DIV[1]/DIV[2]/DIV[6]/DL[1]/DD[1]/UL[1]/LI[1]/INPUT[1]
22:04:01.230 [pool-1-thread-2] INFO  com.crawljax.core.Crawler - Changing related inputs for 166 with 0  to 0 
22:04:01.303 [pool-1-thread-2] INFO  c.c.core.UnfiredFragmentCandidates - Changing related inputs to worked inputs 0 for 166
22:04:01.303 [pool-1-thread-2] INFO  c.c.core.UnfiredFragmentCandidates - event 166 - Before 0
22:04:01.303 [pool-1-thread-2] INFO  c.c.core.UnfiredFragmentCandidates - event 166 - After 0
22:04:01.303 [pool-1-thread-2] INFO  c.c.core.UnfiredFragmentCandidates - input for 166, 0
22:04:02.404 [pool-1-thread-2] INFO  com.crawljax.core.Crawler -  Event xpath /HTML[1]/BODY[1]/DIV[6]/DIV[1]/DIV[4]/DIV[2]/DIV[2]/DIV[1]/FORM[1]/DIV[1]/DIV[1]/DIV[2]/DIV[6]/DL[1]/DD[2]/UL[1]/LI[1]/INPUT[1]
22:04:02.420 [pool-1-thread-2] INFO  com.crawljax.core.Crawler - Changing related inputs for 167 with 0  to 0 
22:04:02.492 [pool-1-thread-2] INFO  c.c.core.UnfiredFragmentCandidates - Changing related inputs to worked inputs 0 for 167
22:04:02.492 [pool-1-thread-2] INFO  c.c.core.UnfiredFragmentCandidates - event 167 - Before 0
22:04:02.492 [pool-1-thread-2] INFO  c.c.core.UnfiredFragmentCandidates - event 167 - After 0
22:04:02.492 [pool-1-thread-2] INFO  c.c.core.UnfiredFragmentCandidates - input for 167, 0
22:04:03.598 [pool-1-thread-2] INFO  com.crawljax.core.Crawler -  Event xpath /HTML[1]/BODY[1]/DIV[6]/DIV[1]/DIV[4]/DIV[2]/DIV[2]/DIV[1]/FORM[1]/DIV[1]/DIV[1]/DIV[2]/DIV[6]/DL[1]/DD[2]/UL[1]/LI[2]/INPUT[1]
22:04:03.618 [pool-1-thread-2] INFO  com.crawljax.core.Crawler - Changing related inputs for 168 with 0  to 0 
22:04:03.685 [pool-1-thread-2] INFO  c.c.core.UnfiredFragmentCandidates - Changing related inputs to worked inputs 0 for 168
22:04:03.685 [pool-1-thread-2] INFO  c.c.core.UnfiredFragmentCandidates - event 168 - Before 0
22:04:03.685 [pool-1-thread-2] INFO  c.c.core.UnfiredFragmentCandidates - event 168 - After 0
22:04:03.685 [pool-1-thread-2] INFO  c.c.core.UnfiredFragmentCandidates - input for 168, 0
22:04:04.788 [pool-1-thread-2] INFO  com.crawljax.core.Crawler -  Event xpath /HTML[1]/BODY[1]/DIV[6]/DIV[1]/DIV[4]/DIV[2]/DIV[2]/DIV[1]/FORM[1]/DIV[1]/DIV[1]/DIV[2]/DIV[6]/DL[1]/DD[2]/UL[1]/LI[3]/INPUT[1]
22:04:04.804 [pool-1-thread-2] INFO  com.crawljax.core.Crawler - Changing related inputs for 169 with 0  to 0 
22:04:04.872 [pool-1-thread-2] INFO  c.c.core.UnfiredFragmentCandidates - Changing related inputs to worked inputs 0 for 169
22:04:04.873 [pool-1-thread-2] INFO  c.c.core.UnfiredFragmentCandidates - event 169 - Before 0
22:04:04.873 [pool-1-thread-2] INFO  c.c.core.UnfiredFragmentCandidates - event 169 - After 0
22:04:04.873 [pool-1-thread-2] INFO  c.c.core.UnfiredFragmentCandidates - input for 169, 0
22:04:05.967 [pool-1-thread-2] INFO  com.crawljax.core.Crawler -  Event xpath /HTML[1]/BODY[1]/DIV[6]/DIV[1]/DIV[4]/DIV[2]/DIV[2]/DIV[1]/FORM[1]/DIV[1]/DIV[1]/DIV[2]/DIV[6]/DL[1]/DD[3]/UL[1]/LI[1]/INPUT[1]
22:04:05.983 [pool-1-thread-2] INFO  com.crawljax.core.Crawler - Changing related inputs for 170 with 0  to 0 
22:04:06.062 [pool-1-thread-2] INFO  c.c.core.UnfiredFragmentCandidates - Changing related inputs to worked inputs 0 for 170
22:04:06.062 [pool-1-thread-2] INFO  c.c.core.UnfiredFragmentCandidates - event 170 - Before 0
22:04:06.062 [pool-1-thread-2] INFO  c.c.core.UnfiredFragmentCandidates - event 170 - After 0
22:04:06.062 [pool-1-thread-2] INFO  c.c.core.UnfiredFragmentCandidates - input for 170, 0
22:04:07.161 [pool-1-thread-2] INFO  com.crawljax.core.Crawler -  Event xpath /HTML[1]/BODY[1]/DIV[6]/DIV[1]/DIV[4]/DIV[2]/DIV[2]/DIV[1]/FORM[1]/DIV[1]/DIV[1]/DIV[2]/DIV[6]/DL[1]/DD[3]/UL[1]/LI[2]/INPUT[1]
22:04:07.180 [pool-1-thread-2] INFO  com.crawljax.core.Crawler - Changing related inputs for 171 with 0  to 0 
22:04:07.250 [pool-1-thread-2] INFO  c.c.core.UnfiredFragmentCandidates - Changing related inputs to worked inputs 0 for 171
22:04:07.250 [pool-1-thread-2] INFO  c.c.core.UnfiredFragmentCandidates - event 171 - Before 0
22:04:07.250 [pool-1-thread-2] INFO  c.c.core.UnfiredFragmentCandidates - event 171 - After 0
22:04:07.250 [pool-1-thread-2] INFO  c.c.core.UnfiredFragmentCandidates - input for 171, 0
22:04:08.353 [pool-1-thread-2] INFO  com.crawljax.core.Crawler -  Event xpath /HTML[1]/BODY[1]/DIV[6]/DIV[1]/DIV[4]/DIV[2]/DIV[2]/DIV[1]/FORM[1]/DIV[1]/DIV[1]/DIV[2]/DIV[6]/DL[1]/DD[4]/UL[1]/LI[1]/INPUT[1]
22:04:08.369 [pool-1-thread-2] INFO  com.crawljax.core.Crawler - Changing related inputs for 172 with 0  to 0 
22:04:08.437 [pool-1-thread-2] INFO  c.c.core.UnfiredFragmentCandidates - Changing related inputs to worked inputs 0 for 172
22:04:08.437 [pool-1-thread-2] INFO  c.c.core.UnfiredFragmentCandidates - event 172 - Before 0
22:04:08.437 [pool-1-thread-2] INFO  c.c.core.UnfiredFragmentCandidates - event 172 - After 0
22:04:08.437 [pool-1-thread-2] INFO  c.c.core.UnfiredFragmentCandidates - input for 172, 0
22:04:09.536 [pool-1-thread-2] INFO  com.crawljax.core.Crawler -  Event xpath /HTML[1]/BODY[1]/DIV[6]/DIV[1]/DIV[4]/DIV[2]/DIV[2]/DIV[1]/FORM[1]/DIV[1]/DIV[1]/DIV[2]/DIV[6]/DL[1]/DD[4]/UL[1]/LI[2]/INPUT[1]
22:04:09.552 [pool-1-thread-2] INFO  com.crawljax.core.Crawler - Changing related inputs for 173 with 0  to 0 
22:04:09.626 [pool-1-thread-2] INFO  c.c.core.UnfiredFragmentCandidates - Changing related inputs to worked inputs 0 for 173
22:04:09.626 [pool-1-thread-2] INFO  c.c.core.UnfiredFragmentCandidates - event 173 - Before 0
22:04:09.626 [pool-1-thread-2] INFO  c.c.core.UnfiredFragmentCandidates - event 173 - After 0
22:04:09.626 [pool-1-thread-2] INFO  c.c.core.UnfiredFragmentCandidates - input for 173, 0
22:04:10.722 [pool-1-thread-2] INFO  com.crawljax.core.Crawler - Resetting the crawler and Going to state state122
22:04:10.729 [pool-1-thread-2] INFO  com.crawljax.core.CrawlSession - Adding CrawlPath to session !!
22:04:10.730 [pool-1-thread-2] INFO  com.crawljax.core.Crawler - BT-state95:-1state122_146_state92state92_147_state135state135_148_state136
22:04:13.611 [pool-1-thread-2] INFO  c.c.c.state.InMemoryStateFlowGraph - Number of states in the graph is now 45
22:04:13.723 [pool-1-thread-2] INFO  com.crawljax.core.Crawler - Parsing DOM of state state137 for candidate elements
22:04:13.794 [pool-1-thread-2] INFO  c.c.core.UnfiredFragmentCandidates - There are 3 states with unfired actions: [92, 135, 137]
22:04:13.794 [pool-1-thread-2] INFO  com.crawljax.core.Crawler - Added a reload edge from state136 to state137
22:04:13.794 [pool-1-thread-2] INFO  com.crawljax.core.Crawler - Initial state not the same as current state : Getting shortest path from current state
22:04:13.794 [pool-1-thread-2] INFO  com.crawljax.core.Crawler - state122 no path from state137
22:04:13.795 [pool-1-thread-2] INFO  c.crawljax.core.state.StateMachine - Cannot go to state: 'state33' from: 'state137'
22:04:13.795 [pool-1-thread-2] INFO  com.crawljax.core.Crawler - Not a valid path anymore index: state122
22:04:13.795 [pool-1-thread-2] INFO  com.crawljax.core.Crawler - Tried to follow 
22:04:13.795 [pool-1-thread-2] INFO  com.crawljax.core.Crawler - index_23_state33state33_24_state34state34_47_state60state60_48_state61state61_0_state122
22:04:13.795 [pool-1-thread-2] INFO  com.crawljax.core.Crawler - Saving failed backtracking path to 122
22:04:13.795 [pool-1-thread-2] INFO  com.crawljax.core.Crawler - backtrack status: false, reached NearDuplicate : -1 
22:04:16.585 [pool-1-thread-2] INFO  com.crawljax.core.Crawler - index has changed to: state137
22:04:16.585 [pool-1-thread-2] INFO  com.crawljax.core.Crawler - Added a reload edge from state137 to state137
22:04:16.585 [pool-1-thread-2] INFO  c.crawljax.core.state.StateMachine - Cannot go to state: 'state61' from: 'state137'
22:04:16.585 [pool-1-thread-2] INFO  com.crawljax.core.Crawler - Not a valid path anymore state62: state122
22:04:16.585 [pool-1-thread-2] INFO  com.crawljax.core.Crawler - Tried to follow 
22:04:16.586 [pool-1-thread-2] INFO  com.crawljax.core.Crawler - state62_49_state61state61_0_state122
22:04:16.586 [pool-1-thread-2] INFO  com.crawljax.core.Crawler - Saving failed backtracking path to 122
22:04:16.586 [pool-1-thread-2] INFO  com.crawljax.core.Crawler - backtrack status: false, reached NearDuplicate : -1 
22:04:19.344 [pool-1-thread-2] INFO  com.crawljax.core.Crawler - index has changed to: state137
22:04:19.344 [pool-1-thread-2] INFO  com.crawljax.core.Crawler - Did not add reload edge from state137 to state137
22:04:19.345 [pool-1-thread-2] INFO  c.crawljax.core.state.StateMachine - Cannot go to state: 'state61' from: 'state137'
22:04:19.345 [pool-1-thread-2] INFO  com.crawljax.core.Crawler - Not a valid path anymore state95: state122
22:04:19.345 [pool-1-thread-2] INFO  com.crawljax.core.Crawler - Tried to follow 
22:04:19.345 [pool-1-thread-2] INFO  com.crawljax.core.Crawler - state95_145_state61state61_0_state122
22:04:19.345 [pool-1-thread-2] INFO  com.crawljax.core.Crawler - Saving failed backtracking path to 122
22:04:19.345 [pool-1-thread-2] INFO  com.crawljax.core.Crawler - backtrack status: false, reached NearDuplicate : -1 
22:04:22.116 [pool-1-thread-2] INFO  com.crawljax.core.Crawler - index has changed to: state137
22:04:22.116 [pool-1-thread-2] INFO  com.crawljax.core.Crawler - Did not add reload edge from state137 to state137
22:04:22.116 [pool-1-thread-2] INFO  com.crawljax.core.Crawler - Not a valid path anymore state122: state122
22:04:22.116 [pool-1-thread-2] INFO  com.crawljax.core.Crawler - Tried to follow 
22:04:22.116 [pool-1-thread-2] INFO  com.crawljax.core.Crawler - 
22:04:22.116 [pool-1-thread-2] INFO  com.crawljax.core.Crawler - Saving failed backtracking path to 122
22:04:22.116 [pool-1-thread-2] INFO  com.crawljax.core.Crawler - backtrack status: false, reached NearDuplicate : -1 
22:04:24.903 [pool-1-thread-2] INFO  com.crawljax.core.Crawler - index has changed to: state137
22:04:24.904 [pool-1-thread-2] INFO  com.crawljax.core.Crawler - Did not add reload edge from state137 to state137
22:04:24.904 [pool-1-thread-2] INFO  com.crawljax.core.Crawler - state122 no path from state137
22:04:24.904 [pool-1-thread-2] INFO  com.crawljax.core.Crawler - state unreachable: Removing from candidate actions state122
22:04:24.904 [pool-1-thread-2] INFO  c.c.core.UnfiredFragmentCandidates - Placing purged actions in unreachable cache for state122
22:04:24.904 [pool-1-thread-2] INFO  com.crawljax.core.Crawler - Resetting the crawler and Going to state state92
22:04:27.711 [pool-1-thread-2] INFO  com.crawljax.core.Crawler - index has changed to: state137
22:04:27.712 [pool-1-thread-2] INFO  com.crawljax.core.Crawler - Did not add reload edge from state137 to state137
22:04:27.712 [pool-1-thread-2] INFO  com.crawljax.core.Crawler - Initial state not the same as current state : Getting shortest path from current state
22:04:27.712 [pool-1-thread-2] INFO  com.crawljax.core.Crawler - state92 no path from state137
22:04:27.712 [pool-1-thread-2] INFO  c.crawljax.core.state.StateMachine - Cannot go to state: 'state33' from: 'state137'
22:04:27.712 [pool-1-thread-2] INFO  com.crawljax.core.Crawler - Not a valid path anymore index: state92
22:04:27.712 [pool-1-thread-2] INFO  com.crawljax.core.Crawler - Tried to follow 
22:04:27.712 [pool-1-thread-2] INFO  com.crawljax.core.Crawler - index_23_state33state33_24_state34state34_53_state92
22:04:27.712 [pool-1-thread-2] INFO  com.crawljax.core.Crawler - Saving failed backtracking path to 92
22:04:27.712 [pool-1-thread-2] INFO  com.crawljax.core.Crawler - backtrack status: false, reached NearDuplicate : -1 
22:04:30.495 [pool-1-thread-2] INFO  com.crawljax.core.Crawler - index has changed to: state137
22:04:30.495 [pool-1-thread-2] INFO  com.crawljax.core.Crawler - Did not add reload edge from state137 to state137
22:04:30.495 [pool-1-thread-2] INFO  c.crawljax.core.state.StateMachine - Cannot go to state: 'state61' from: 'state137'
22:04:30.496 [pool-1-thread-2] INFO  com.crawljax.core.Crawler - Not a valid path anymore state62: state92
22:04:30.496 [pool-1-thread-2] INFO  com.crawljax.core.Crawler - Tried to follow 
22:04:30.496 [pool-1-thread-2] INFO  com.crawljax.core.Crawler - state62_49_state61state61_0_state122state122_146_state92
22:04:30.496 [pool-1-thread-2] INFO  com.crawljax.core.Crawler - Saving failed backtracking path to 92
22:04:30.496 [pool-1-thread-2] INFO  com.crawljax.core.Crawler - backtrack status: false, reached NearDuplicate : -1 
22:04:35.657 [pool-1-thread-2] INFO  com.crawljax.core.Crawler - index has changed to: state137
22:04:35.657 [pool-1-thread-2] INFO  com.crawljax.core.Crawler - Did not add reload edge from state137 to state137
22:04:35.657 [pool-1-thread-2] INFO  c.crawljax.core.state.StateMachine - Cannot go to state: 'state92' from: 'state137'
22:04:35.657 [pool-1-thread-2] INFO  com.crawljax.core.Crawler - Not a valid path anymore state95: state92
22:04:35.657 [pool-1-thread-2] INFO  com.crawljax.core.Crawler - Tried to follow 
22:04:35.657 [pool-1-thread-2] INFO  com.crawljax.core.Crawler - state95_137_state92
22:04:35.657 [pool-1-thread-2] INFO  com.crawljax.core.Crawler - Saving failed backtracking path to 92
22:04:35.657 [pool-1-thread-2] INFO  com.crawljax.core.Crawler - backtrack status: false, reached NearDuplicate : -1 
22:04:38.448 [pool-1-thread-2] INFO  com.crawljax.core.Crawler - index has changed to: state137
22:04:38.448 [pool-1-thread-2] INFO  com.crawljax.core.Crawler - Did not add reload edge from state137 to state137
22:04:38.448 [pool-1-thread-2] INFO  c.crawljax.core.state.StateMachine - Cannot go to state: 'state92' from: 'state137'
22:04:38.448 [pool-1-thread-2] INFO  com.crawljax.core.Crawler - Not a valid path anymore state122: state92
22:04:38.448 [pool-1-thread-2] INFO  com.crawljax.core.Crawler - Tried to follow 
22:04:38.448 [pool-1-thread-2] INFO  com.crawljax.core.Crawler - state122_146_state92
22:04:38.448 [pool-1-thread-2] INFO  com.crawljax.core.Crawler - Saving failed backtracking path to 92
22:04:38.448 [pool-1-thread-2] INFO  com.crawljax.core.Crawler - backtrack status: false, reached NearDuplicate : -1 
22:04:41.239 [pool-1-thread-2] INFO  com.crawljax.core.Crawler - index has changed to: state137
22:04:41.239 [pool-1-thread-2] INFO  com.crawljax.core.Crawler - Did not add reload edge from state137 to state137
22:04:41.239 [pool-1-thread-2] INFO  com.crawljax.core.Crawler - state92 no path from state137
22:04:41.239 [pool-1-thread-2] INFO  com.crawljax.core.Crawler - state unreachable: Removing from candidate actions state92
22:04:41.239 [pool-1-thread-2] INFO  c.c.core.UnfiredFragmentCandidates - Placing purged actions in unreachable cache for state92
22:04:41.239 [pool-1-thread-2] INFO  com.crawljax.core.Crawler - Resetting the crawler and Going to state state135
22:04:44.033 [pool-1-thread-2] INFO  com.crawljax.core.Crawler - index has changed to: state137
22:04:44.033 [pool-1-thread-2] INFO  com.crawljax.core.Crawler - Did not add reload edge from state137 to state137
22:04:44.033 [pool-1-thread-2] INFO  com.crawljax.core.Crawler - Initial state not the same as current state : Getting shortest path from current state
22:04:44.033 [pool-1-thread-2] INFO  com.crawljax.core.Crawler - state135 no path from state137
22:04:44.034 [pool-1-thread-2] INFO  c.crawljax.core.state.StateMachine - Cannot go to state: 'state33' from: 'state137'
22:04:44.034 [pool-1-thread-2] INFO  com.crawljax.core.Crawler - Not a valid path anymore index: state135
22:04:44.034 [pool-1-thread-2] INFO  com.crawljax.core.Crawler - Tried to follow 
22:04:44.034 [pool-1-thread-2] INFO  com.crawljax.core.Crawler - index_23_state33state33_24_state34state34_53_state92state92_147_state135
22:04:44.034 [pool-1-thread-2] INFO  com.crawljax.core.Crawler - Saving failed backtracking path to 135
22:04:44.034 [pool-1-thread-2] INFO  com.crawljax.core.Crawler - backtrack status: false, reached NearDuplicate : -1 
22:04:46.790 [pool-1-thread-2] INFO  com.crawljax.core.Crawler - index has changed to: state137
22:04:46.790 [pool-1-thread-2] INFO  com.crawljax.core.Crawler - Did not add reload edge from state137 to state137
22:04:46.790 [pool-1-thread-2] INFO  c.crawljax.core.state.StateMachine - Cannot go to state: 'state61' from: 'state137'
22:04:46.790 [pool-1-thread-2] INFO  com.crawljax.core.Crawler - Not a valid path anymore state62: state135
22:04:46.790 [pool-1-thread-2] INFO  com.crawljax.core.Crawler - Tried to follow 
22:04:46.790 [pool-1-thread-2] INFO  com.crawljax.core.Crawler - state62_49_state61state61_0_state122state122_146_state92state92_147_state135
22:04:46.790 [pool-1-thread-2] INFO  com.crawljax.core.Crawler - Saving failed backtracking path to 135
22:04:46.790 [pool-1-thread-2] INFO  com.crawljax.core.Crawler - backtrack status: false, reached NearDuplicate : -1 
22:04:49.547 [pool-1-thread-2] INFO  com.crawljax.core.Crawler - index has changed to: state137
22:04:49.547 [pool-1-thread-2] INFO  com.crawljax.core.Crawler - Did not add reload edge from state137 to state137
22:04:49.548 [pool-1-thread-2] INFO  c.crawljax.core.state.StateMachine - Cannot go to state: 'state92' from: 'state137'
22:04:49.548 [pool-1-thread-2] INFO  com.crawljax.core.Crawler - Not a valid path anymore state95: state135
22:04:49.548 [pool-1-thread-2] INFO  com.crawljax.core.Crawler - Tried to follow 
22:04:49.548 [pool-1-thread-2] INFO  com.crawljax.core.Crawler - state95_137_state92state92_147_state135
22:04:49.548 [pool-1-thread-2] INFO  com.crawljax.core.Crawler - Saving failed backtracking path to 135
22:04:49.548 [pool-1-thread-2] INFO  com.crawljax.core.Crawler - backtrack status: false, reached NearDuplicate : -1 
22:04:52.308 [pool-1-thread-2] INFO  com.crawljax.core.Crawler - index has changed to: state137
22:04:52.309 [pool-1-thread-2] INFO  com.crawljax.core.Crawler - Did not add reload edge from state137 to state137
22:04:52.309 [pool-1-thread-2] INFO  c.crawljax.core.state.StateMachine - Cannot go to state: 'state92' from: 'state137'
22:04:52.309 [pool-1-thread-2] INFO  com.crawljax.core.Crawler - Not a valid path anymore state122: state135
22:04:52.309 [pool-1-thread-2] INFO  com.crawljax.core.Crawler - Tried to follow 
22:04:52.309 [pool-1-thread-2] INFO  com.crawljax.core.Crawler - state122_146_state92state92_147_state135
22:04:52.309 [pool-1-thread-2] INFO  com.crawljax.core.Crawler - Saving failed backtracking path to 135
22:04:52.309 [pool-1-thread-2] INFO  com.crawljax.core.Crawler - backtrack status: false, reached NearDuplicate : -1 
22:04:55.107 [pool-1-thread-2] INFO  com.crawljax.core.Crawler - index has changed to: state137
22:04:55.107 [pool-1-thread-2] INFO  com.crawljax.core.Crawler - Did not add reload edge from state137 to state137
22:04:55.108 [pool-1-thread-2] INFO  com.crawljax.core.Crawler - state135 no path from state137
22:04:55.108 [pool-1-thread-2] INFO  com.crawljax.core.Crawler - state unreachable: Removing from candidate actions state135
22:04:55.108 [pool-1-thread-2] INFO  c.c.core.UnfiredFragmentCandidates - Placing purged actions in unreachable cache for state135
22:04:55.108 [pool-1-thread-2] INFO  com.crawljax.core.Crawler - backtrack status: true, reached NearDuplicate : -1 
22:04:55.108 [pool-1-thread-2] INFO  com.crawljax.core.Crawler -  Event xpath /HTML[1]/BODY[1]/DIV[4]/DIV[1]/DIV[4]/DIV[2]/DIV[2]/DIV[2]/UL[1]/LI[1]/DIV[1]/A[1]
22:04:55.130 [pool-1-thread-2] INFO  com.crawljax.core.Crawler - Changing related inputs for 174 with 0  to 0 
22:04:55.217 [pool-1-thread-2] INFO  c.c.core.UnfiredFragmentCandidates - Changing related inputs to worked inputs 0 for 174
22:04:55.217 [pool-1-thread-2] INFO  c.c.core.UnfiredFragmentCandidates - event 174 - Before 0
22:04:55.217 [pool-1-thread-2] INFO  c.c.core.UnfiredFragmentCandidates - event 174 - After 0
22:04:55.217 [pool-1-thread-2] INFO  c.c.core.UnfiredFragmentCandidates - input for 174, 0
22:04:58.959 [pool-1-thread-2] INFO  c.crawljax.core.state.StateMachine - CLONE State detected: state152 and state135 are the same.
22:04:58.959 [pool-1-thread-2] INFO  c.c.core.UnfiredFragmentCandidates - Placing state135 back in queue as it is rediscovered
22:04:58.959 [pool-1-thread-2] INFO  c.c.core.UnfiredFragmentCandidates - There are 1 states with unfired actions: [135]
22:04:58.959 [pool-1-thread-2] INFO  c.c.core.UnfiredFragmentCandidates - Rediscovered state135 has unexplored actions
22:04:58.966 [pool-1-thread-2] INFO  com.crawljax.core.Crawler -  Event xpath /HTML[1]/BODY[1]/DIV[4]/DIV[1]/DIV[4]/DIV[2]/DIV[2]/DIV[1]/FORM[1]/DIV[1]/DIV[1]/DIV[1]/DIV[2]/DIV[1]/A[2]
22:04:58.981 [pool-1-thread-2] INFO  com.crawljax.core.Crawler - Changing related inputs for 175 with 0  to 0 
22:04:59.052 [pool-1-thread-2] INFO  c.c.core.UnfiredFragmentCandidates - Changing related inputs to worked inputs 0 for 175
22:04:59.052 [pool-1-thread-2] INFO  c.c.core.UnfiredFragmentCandidates - event 175 - Before 0
22:04:59.052 [pool-1-thread-2] INFO  c.c.core.UnfiredFragmentCandidates - event 175 - After 0
22:04:59.052 [pool-1-thread-2] INFO  c.c.core.UnfiredFragmentCandidates - input for 175, 0
22:05:02.185 [pool-1-thread-2] INFO  c.c.c.state.InMemoryStateFlowGraph - Number of states in the graph is now 46
22:05:02.186 [pool-1-thread-2] INFO  c.crawljax.core.state.StateMachine - State state153 added to the StateMachine.
22:05:02.317 [pool-1-thread-2] INFO  com.crawljax.core.Crawler - New DOM is a new state! crawl depth is now 1
22:05:02.317 [pool-1-thread-2] INFO  com.crawljax.core.Crawler - Parsing DOM of state state153 for candidate elements
22:05:02.402 [pool-1-thread-2] INFO  com.crawljax.core.Crawler - Resetting the crawler and Going to state state137
22:05:02.410 [pool-1-thread-2] INFO  com.crawljax.core.CrawlSession - Adding CrawlPath to session !!
22:05:02.410 [pool-1-thread-2] INFO  com.crawljax.core.Crawler - BT-state135:-1state137_174_state135state135_175_state153
22:05:05.209 [pool-1-thread-2] INFO  com.crawljax.core.Crawler - index has changed to: state137
22:05:05.209 [pool-1-thread-2] INFO  com.crawljax.core.Crawler - Added a reload edge from state153 to state137
22:05:05.209 [pool-1-thread-2] INFO  com.crawljax.core.Crawler - Initial state not the same as current state : Getting shortest path from current state
22:05:05.209 [pool-1-thread-2] INFO  com.crawljax.core.Crawler - backtrack status: true, reached NearDuplicate : -1 
22:05:05.209 [pool-1-thread-2] INFO  com.crawljax.core.Crawler -  Event xpath /HTML[1]/BODY[1]/DIV[4]/DIV[1]/DIV[4]/DIV[2]/DIV[2]/DIV[2]/UL[1]/LI[1]/A[1]
22:05:05.225 [pool-1-thread-2] INFO  com.crawljax.core.Crawler - Changing related inputs for 176 with 0  to 0 
22:05:05.291 [pool-1-thread-2] INFO  c.c.core.UnfiredFragmentCandidates - Changing related inputs to worked inputs 0 for 176
22:05:05.291 [pool-1-thread-2] INFO  c.c.core.UnfiredFragmentCandidates - event 176 - Before 0
22:05:05.291 [pool-1-thread-2] INFO  c.c.core.UnfiredFragmentCandidates - event 176 - After 0
22:05:05.291 [pool-1-thread-2] INFO  c.c.core.UnfiredFragmentCandidates - input for 176, 0
22:05:11.334 [pool-1-thread-2] INFO  c.crawljax.core.state.StateMachine - CLONE State detected: state155 and state135 are the same.
22:05:11.341 [pool-1-thread-2] INFO  com.crawljax.core.Crawler -  Event xpath /HTML[1]/BODY[1]/DIV[4]/DIV[1]/DIV[4]/DIV[2]/DIV[2]/DIV[1]/FORM[1]/DIV[1]/DIV[1]/DIV[1]/DIV[2]/DIV[1]/A[3]
22:05:11.357 [pool-1-thread-2] INFO  com.crawljax.core.Crawler - Changing related inputs for 177 with 0  to 0 
22:05:11.433 [pool-1-thread-2] INFO  c.c.core.UnfiredFragmentCandidates - Changing related inputs to worked inputs 0 for 177
22:05:11.433 [pool-1-thread-2] INFO  c.c.core.UnfiredFragmentCandidates - event 177 - Before 0
22:05:11.433 [pool-1-thread-2] INFO  c.c.core.UnfiredFragmentCandidates - event 177 - After 0
22:05:11.433 [pool-1-thread-2] INFO  c.c.core.UnfiredFragmentCandidates - input for 177, 0
22:05:14.556 [pool-1-thread-2] INFO  c.c.c.state.InMemoryStateFlowGraph - Number of states in the graph is now 47
22:05:14.556 [pool-1-thread-2] INFO  c.crawljax.core.state.StateMachine - State state156 added to the StateMachine.
22:05:14.671 [pool-1-thread-2] INFO  com.crawljax.core.Crawler - New DOM is a new state! crawl depth is now 1
22:05:14.671 [pool-1-thread-2] INFO  com.crawljax.core.Crawler - Parsing DOM of state state156 for candidate elements
22:05:14.754 [pool-1-thread-2] INFO  c.c.core.UnfiredFragmentCandidates - There are 2 states with unfired actions: [135, 137]
22:05:14.755 [pool-1-thread-2] INFO  com.crawljax.core.Crawler - Resetting the crawler and Going to state state135
22:05:14.763 [pool-1-thread-2] INFO  com.crawljax.core.CrawlSession - Adding CrawlPath to session !!
22:05:14.763 [pool-1-thread-2] INFO  com.crawljax.core.Crawler - BT-state137:-1state137_176_state135state135_177_state156
22:05:17.617 [pool-1-thread-2] INFO  com.crawljax.core.Crawler - index has changed to: state137
22:05:17.618 [pool-1-thread-2] INFO  com.crawljax.core.Crawler - Added a reload edge from state156 to state137
22:05:17.618 [pool-1-thread-2] INFO  com.crawljax.core.Crawler - Initial state not the same as current state : Getting shortest path from current state
22:05:17.618 [pool-1-thread-2] INFO  c.c.core.UnfiredFragmentCandidates - input map size 177
22:05:17.618 [pool-1-thread-2] INFO  c.c.core.UnfiredFragmentCandidates - input map size 177
22:05:17.618 [pool-1-thread-2] INFO  com.crawljax.core.Crawler - Used a form input combination for backtracking 174
22:05:21.292 [pool-1-thread-2] INFO  com.crawljax.core.Crawler - Crawl depth is now 1
22:05:21.292 [pool-1-thread-2] INFO  com.crawljax.core.Crawler - backtrack status: true, reached NearDuplicate : -1 
22:05:21.292 [pool-1-thread-2] INFO  com.crawljax.core.Crawler -  Event xpath /HTML[1]/BODY[1]/DIV[4]/DIV[1]/DIV[4]/DIV[2]/DIV[2]/DIV[1]/FORM[1]/DIV[1]/DIV[1]/DIV[2]/DIV[5]/DIV[2]/A[1]
22:05:21.307 [pool-1-thread-2] INFO  com.crawljax.core.Crawler - Changing related inputs for 178 with 0  to 0 
22:05:21.370 [pool-1-thread-2] INFO  c.c.core.UnfiredFragmentCandidates - Changing related inputs to worked inputs 0 for 178
22:05:21.370 [pool-1-thread-2] INFO  c.c.core.UnfiredFragmentCandidates - event 178 - Before 0
22:05:21.370 [pool-1-thread-2] INFO  c.c.core.UnfiredFragmentCandidates - event 178 - After 0
22:05:21.370 [pool-1-thread-2] INFO  c.c.core.UnfiredFragmentCandidates - input for 178, 0
22:05:28.444 [pool-1-thread-2] INFO  c.c.c.state.InMemoryStateFlowGraph - Number of states in the graph is now 48
22:05:28.444 [pool-1-thread-2] INFO  c.crawljax.core.state.StateMachine - State state158 added to the StateMachine.
22:05:28.552 [pool-1-thread-2] INFO  com.crawljax.core.Crawler - New DOM is a new state! crawl depth is now 2
22:05:28.552 [pool-1-thread-2] INFO  com.crawljax.core.Crawler - Parsing DOM of state state158 for candidate elements
22:05:29.835 [pool-1-thread-2] INFO  c.c.core.UnfiredFragmentCandidates - There are 2 states with unfired actions: [137, 158]
22:05:29.843 [pool-1-thread-2] INFO  com.crawljax.core.Crawler -  Event xpath /HTML[1]/BODY[1]/DIV[4]/DIV[1]/DIV[4]/DIV[2]/DIV[1]/DIV[1]/H1[1]/A[1]
22:05:30.122 [pool-1-thread-2] INFO  com.crawljax.core.Crawler - Changing related inputs for 179 with 0  to 0 
22:05:30.411 [pool-1-thread-2] INFO  c.c.core.UnfiredFragmentCandidates - Changing related inputs to worked inputs 0 for 179
22:05:30.411 [pool-1-thread-2] INFO  c.c.core.UnfiredFragmentCandidates - event 179 - Before 0
22:05:30.411 [pool-1-thread-2] INFO  c.c.core.UnfiredFragmentCandidates - event 179 - After 0
22:05:30.411 [pool-1-thread-2] INFO  c.c.core.UnfiredFragmentCandidates - input for 179, 0
22:05:34.067 [pool-1-thread-2] INFO  c.crawljax.core.state.StateMachine - CLONE State detected: state159 and state135 are the same.
22:05:34.075 [pool-1-thread-2] INFO  com.crawljax.core.Crawler -  Event xpath /HTML[1]/BODY[1]/DIV[4]/DIV[1]/DIV[4]/DIV[2]/DIV[2]/DIV[1]/FORM[1]/DIV[1]/DIV[1]/DIV[2]/DIV[5]/DIV[2]/A[2]
22:05:34.091 [pool-1-thread-2] INFO  com.crawljax.core.Crawler - Changing related inputs for 180 with 0  to 0 
22:05:34.185 [pool-1-thread-2] INFO  c.c.core.UnfiredFragmentCandidates - Changing related inputs to worked inputs 0 for 180
22:05:34.185 [pool-1-thread-2] INFO  c.c.core.UnfiredFragmentCandidates - event 180 - Before 0
22:05:34.185 [pool-1-thread-2] INFO  c.c.core.UnfiredFragmentCandidates - event 180 - After 0
22:05:34.185 [pool-1-thread-2] INFO  c.c.core.UnfiredFragmentCandidates - input for 180, 0
22:05:39.658 [pool-1-thread-2] INFO  c.crawljax.core.state.StateMachine - CLONE State detected: state160 and state158 are the same.
22:05:39.667 [pool-1-thread-2] INFO  c.c.core.UnfiredFragmentCandidates - There are 2 states with unfired actions: [137, 135]
22:05:39.667 [pool-1-thread-2] INFO  com.crawljax.core.Crawler - Resetting the crawler and Going to state state137
22:05:39.675 [pool-1-thread-2] INFO  com.crawljax.core.CrawlSession - Adding CrawlPath to session !!
22:05:39.675 [pool-1-thread-2] INFO  com.crawljax.core.Crawler - BT-state135:-1state137_174_state135state135_178_state158state158_179_state135state135_180_state158
22:05:42.452 [pool-1-thread-2] INFO  com.crawljax.core.Crawler - index has changed to: state137
22:05:42.452 [pool-1-thread-2] INFO  com.crawljax.core.Crawler - Added a reload edge from state158 to state137
22:05:42.452 [pool-1-thread-2] INFO  com.crawljax.core.Crawler - Initial state not the same as current state : Getting shortest path from current state
22:05:42.452 [pool-1-thread-2] INFO  com.crawljax.core.Crawler - backtrack status: true, reached NearDuplicate : -1 
22:05:42.452 [pool-1-thread-2] INFO  com.crawljax.core.Crawler -  Event xpath /HTML[1]/BODY[1]/DIV[4]/DIV[1]/DIV[4]/DIV[2]/DIV[2]/DIV[2]/UL[1]/LI[4]/DIV[1]/A[1]
22:05:44.848 [pool-1-thread-2] INFO  com.crawljax.core.Crawler - Changing related inputs for 181 with 0  to 0 
22:05:44.919 [pool-1-thread-2] INFO  c.c.core.UnfiredFragmentCandidates - Changing related inputs to worked inputs 0 for 181
22:05:44.919 [pool-1-thread-2] INFO  c.c.core.UnfiredFragmentCandidates - event 181 - Before 0
22:05:44.919 [pool-1-thread-2] INFO  c.c.core.UnfiredFragmentCandidates - event 181 - After 0
22:05:44.919 [pool-1-thread-2] INFO  c.c.core.UnfiredFragmentCandidates - input for 181, 0
22:05:49.146 [pool-1-thread-2] INFO  c.crawljax.core.state.StateMachine - CLONE State detected: state162 and state55 are the same.
22:05:49.146 [pool-1-thread-2] INFO  c.c.core.UnfiredFragmentCandidates - Placing state55 back in queue as it is rediscovered
22:05:49.146 [pool-1-thread-2] INFO  c.c.core.UnfiredFragmentCandidates - There are 2 states with unfired actions: [135, 55]
22:05:49.146 [pool-1-thread-2] INFO  c.c.core.UnfiredFragmentCandidates - Rediscovered state55 has unexplored actions
22:05:49.154 [pool-1-thread-2] INFO  com.crawljax.core.Crawler -  Event xpath /HTML[1]/BODY[1]/DIV[4]/DIV[1]/DIV[4]/DIV[2]/DIV[2]/DIV[1]/FORM[1]/DIV[1]/DIV[1]/DIV[1]/DIV[2]/DIV[1]/A[1]
22:05:49.171 [pool-1-thread-2] INFO  com.crawljax.core.Crawler - Changing related inputs for 182 with 0  to 0 
22:05:49.244 [pool-1-thread-2] INFO  c.c.core.UnfiredFragmentCandidates - Changing related inputs to worked inputs 0 for 182
22:05:49.244 [pool-1-thread-2] INFO  c.c.core.UnfiredFragmentCandidates - event 182 - Before 0
22:05:49.244 [pool-1-thread-2] INFO  c.c.core.UnfiredFragmentCandidates - event 182 - After 0
22:05:49.244 [pool-1-thread-2] INFO  c.c.core.UnfiredFragmentCandidates - input for 182, 0
22:05:52.379 [pool-1-thread-2] INFO  c.c.c.state.InMemoryStateFlowGraph - Number of states in the graph is now 49
22:05:52.380 [pool-1-thread-2] INFO  c.crawljax.core.state.StateMachine - State state163 added to the StateMachine.
22:05:52.513 [pool-1-thread-2] INFO  com.crawljax.core.Crawler - New DOM is a new state! crawl depth is now 1
22:05:52.513 [pool-1-thread-2] INFO  com.crawljax.core.Crawler - Parsing DOM of state state163 for candidate elements
22:05:52.600 [pool-1-thread-2] INFO  c.c.core.UnfiredFragmentCandidates - There are 3 states with unfired actions: [135, 55, 163]
22:05:52.609 [pool-1-thread-2] INFO  com.crawljax.core.Crawler -  Event xpath /HTML[1]/BODY[1]/DIV[6]/DIV[1]/DIV[4]/DIV[2]/DIV[2]/DIV[1]/FORM[1]/DIV[1]/DIV[1]/DIV[1]/DIV[2]/DIV[1]/A[1]
22:05:52.628 [pool-1-thread-2] INFO  com.crawljax.core.Crawler - Changing related inputs for 183 with 0  to 0 
22:05:52.707 [pool-1-thread-2] INFO  c.c.core.UnfiredFragmentCandidates - Changing related inputs to worked inputs 0 for 183
22:05:52.707 [pool-1-thread-2] INFO  c.c.core.UnfiredFragmentCandidates - event 183 - Before 0
22:05:52.707 [pool-1-thread-2] INFO  c.c.core.UnfiredFragmentCandidates - event 183 - After 0
22:05:52.707 [pool-1-thread-2] INFO  c.c.core.UnfiredFragmentCandidates - input for 183, 0
22:05:53.827 [pool-1-thread-2] INFO  com.crawljax.core.Crawler -  Event xpath /HTML[1]/BODY[1]/DIV[6]/DIV[1]/DIV[4]/DIV[2]/DIV[2]/DIV[1]/FORM[1]/DIV[1]/DIV[1]/DIV[1]/DIV[2]/DIV[1]/A[2]
22:05:53.845 [pool-1-thread-2] INFO  com.crawljax.core.Crawler - Changing related inputs for 184 with 0  to 0 
22:05:53.919 [pool-1-thread-2] INFO  c.c.core.UnfiredFragmentCandidates - Changing related inputs to worked inputs 0 for 184
22:05:53.919 [pool-1-thread-2] INFO  c.c.core.UnfiredFragmentCandidates - event 184 - Before 0
22:05:53.919 [pool-1-thread-2] INFO  c.c.core.UnfiredFragmentCandidates - event 184 - After 0
22:05:53.919 [pool-1-thread-2] INFO  c.c.core.UnfiredFragmentCandidates - input for 184, 0
22:05:55.021 [pool-1-thread-2] INFO  com.crawljax.core.Crawler -  Event xpath /HTML[1]/BODY[1]/DIV[6]/DIV[1]/DIV[4]/DIV[2]/DIV[2]/DIV[1]/FORM[1]/DIV[1]/DIV[1]/DIV[1]/DIV[2]/DIV[1]/A[3]
22:05:55.049 [pool-1-thread-2] INFO  com.crawljax.core.Crawler - Changing related inputs for 185 with 0  to 0 
22:05:55.144 [pool-1-thread-2] INFO  c.c.core.UnfiredFragmentCandidates - Changing related inputs to worked inputs 0 for 185
22:05:55.145 [pool-1-thread-2] INFO  c.c.core.UnfiredFragmentCandidates - event 185 - Before 0
22:05:55.145 [pool-1-thread-2] INFO  c.c.core.UnfiredFragmentCandidates - event 185 - After 0
22:05:55.145 [pool-1-thread-2] INFO  c.c.core.UnfiredFragmentCandidates - input for 185, 0
22:05:56.260 [pool-1-thread-2] INFO  com.crawljax.core.Crawler -  Event xpath /HTML[1]/BODY[1]/DIV[6]/DIV[1]/DIV[4]/DIV[2]/DIV[2]/DIV[1]/FORM[1]/DIV[1]/DIV[1]/DIV[2]/DIV[5]/DIV[2]/A[1]
22:05:56.281 [pool-1-thread-2] INFO  com.crawljax.core.Crawler - Changing related inputs for 186 with 0  to 0 
22:05:56.363 [pool-1-thread-2] INFO  c.c.core.UnfiredFragmentCandidates - Changing related inputs to worked inputs 0 for 186
22:05:56.364 [pool-1-thread-2] INFO  c.c.core.UnfiredFragmentCandidates - event 186 - Before 0
22:05:56.364 [pool-1-thread-2] INFO  c.c.core.UnfiredFragmentCandidates - event 186 - After 0
22:05:56.364 [pool-1-thread-2] INFO  c.c.core.UnfiredFragmentCandidates - input for 186, 0
22:05:57.476 [pool-1-thread-2] INFO  com.crawljax.core.Crawler -  Event xpath /HTML[1]/BODY[1]/DIV[6]/DIV[1]/DIV[4]/DIV[2]/DIV[2]/DIV[1]/FORM[1]/DIV[1]/DIV[1]/DIV[2]/DIV[5]/DIV[2]/A[2]
22:05:57.492 [pool-1-thread-2] INFO  com.crawljax.core.Crawler - Changing related inputs for 187 with 0  to 0 
22:05:57.556 [pool-1-thread-2] INFO  c.c.core.UnfiredFragmentCandidates - Changing related inputs to worked inputs 0 for 187
22:05:57.556 [pool-1-thread-2] INFO  c.c.core.UnfiredFragmentCandidates - event 187 - Before 0
22:05:57.556 [pool-1-thread-2] INFO  c.c.core.UnfiredFragmentCandidates - event 187 - After 0
22:05:57.556 [pool-1-thread-2] INFO  c.c.core.UnfiredFragmentCandidates - input for 187, 0
22:05:58.643 [pool-1-thread-2] INFO  com.crawljax.core.Crawler -  Event xpath /HTML[1]/BODY[1]/DIV[6]/DIV[1]/DIV[4]/DIV[2]/DIV[2]/DIV[1]/FORM[1]/DIV[1]/DIV[2]/DIV[2]/DIV[2]/DIV[1]/DIV[1]/A[1]
22:05:58.662 [pool-1-thread-2] INFO  com.crawljax.core.Crawler - Changing related inputs for 188 with 0  to 0 
22:05:58.742 [pool-1-thread-2] INFO  c.c.core.UnfiredFragmentCandidates - Changing related inputs to worked inputs 0 for 188
22:05:58.742 [pool-1-thread-2] INFO  c.c.core.UnfiredFragmentCandidates - event 188 - Before 0
22:05:58.742 [pool-1-thread-2] INFO  c.c.core.UnfiredFragmentCandidates - event 188 - After 0
22:05:58.742 [pool-1-thread-2] INFO  c.c.core.UnfiredFragmentCandidates - input for 188, 0
22:05:58.787 [pool-1-thread-2] INFO  com.crawljax.core.Crawler -  Event xpath /HTML[1]/BODY[1]/DIV[6]/DIV[1]/DIV[4]/DIV[2]/DIV[2]/DIV[1]/FORM[1]/DIV[1]/DIV[2]/DIV[2]/DIV[2]/DIV[1]/DIV[2]/H2[1]/A[1]
22:05:58.804 [pool-1-thread-2] INFO  com.crawljax.core.Crawler - Changing related inputs for 189 with 0  to 0 
22:05:58.884 [pool-1-thread-2] INFO  c.c.core.UnfiredFragmentCandidates - Changing related inputs to worked inputs 0 for 189
22:05:58.884 [pool-1-thread-2] INFO  c.c.core.UnfiredFragmentCandidates - event 189 - Before 0
22:05:58.884 [pool-1-thread-2] INFO  c.c.core.UnfiredFragmentCandidates - event 189 - After 0
22:05:58.884 [pool-1-thread-2] INFO  c.c.core.UnfiredFragmentCandidates - input for 189, 0
22:05:58.939 [pool-1-thread-2] INFO  com.crawljax.core.Crawler -  Event xpath /HTML[1]/BODY[1]/DIV[6]/DIV[1]/DIV[4]/DIV[2]/DIV[2]/DIV[1]/FORM[1]/DIV[1]/DIV[2]/DIV[2]/DIV[4]/DIV[1]/DIV[1]/A[1]
22:05:58.962 [pool-1-thread-2] INFO  com.crawljax.core.Crawler - Changing related inputs for 190 with 0  to 0 
22:05:59.047 [pool-1-thread-2] INFO  c.c.core.UnfiredFragmentCandidates - Changing related inputs to worked inputs 0 for 190
22:05:59.047 [pool-1-thread-2] INFO  c.c.core.UnfiredFragmentCandidates - event 190 - Before 0
22:05:59.047 [pool-1-thread-2] INFO  c.c.core.UnfiredFragmentCandidates - event 190 - After 0
22:05:59.047 [pool-1-thread-2] INFO  c.c.core.UnfiredFragmentCandidates - input for 190, 0
22:05:59.092 [pool-1-thread-2] INFO  com.crawljax.core.Crawler -  Event xpath /HTML[1]/BODY[1]/DIV[6]/DIV[1]/DIV[4]/DIV[2]/DIV[2]/DIV[1]/FORM[1]/DIV[1]/DIV[2]/DIV[2]/DIV[4]/DIV[1]/DIV[2]/H2[1]/A[1]
22:05:59.109 [pool-1-thread-2] INFO  com.crawljax.core.Crawler - Changing related inputs for 191 with 0  to 0 
22:05:59.175 [pool-1-thread-2] INFO  c.c.core.UnfiredFragmentCandidates - Changing related inputs to worked inputs 0 for 191
22:05:59.175 [pool-1-thread-2] INFO  c.c.core.UnfiredFragmentCandidates - event 191 - Before 0
22:05:59.175 [pool-1-thread-2] INFO  c.c.core.UnfiredFragmentCandidates - event 191 - After 0
22:05:59.175 [pool-1-thread-2] INFO  c.c.core.UnfiredFragmentCandidates - input for 191, 0
22:05:59.221 [pool-1-thread-2] INFO  com.crawljax.core.Crawler -  Event xpath /HTML[1]/BODY[1]/DIV[6]/DIV[1]/DIV[4]/DIV[2]/DIV[2]/DIV[1]/FORM[1]/DIV[1]/DIV[1]/DIV[2]/DIV[8]/DIV[1]/INPUT[2]
22:05:59.237 [pool-1-thread-2] INFO  com.crawljax.core.Crawler - Changing related inputs for 192 with 0  to 0 
22:05:59.305 [pool-1-thread-2] INFO  c.c.core.UnfiredFragmentCandidates - Changing related inputs to worked inputs 0 for 192
22:05:59.305 [pool-1-thread-2] INFO  c.c.core.UnfiredFragmentCandidates - event 192 - Before 0
22:05:59.305 [pool-1-thread-2] INFO  c.c.core.UnfiredFragmentCandidates - event 192 - After 0
22:05:59.305 [pool-1-thread-2] INFO  c.c.core.UnfiredFragmentCandidates - input for 192, 0
22:06:00.403 [pool-1-thread-2] INFO  com.crawljax.core.Crawler -  Event xpath /HTML[1]/BODY[1]/DIV[6]/DIV[1]/DIV[4]/DIV[2]/DIV[2]/DIV[1]/FORM[1]/DIV[1]/DIV[1]/DIV[2]/DIV[9]/INPUT[1]
22:06:00.419 [pool-1-thread-2] INFO  com.crawljax.core.Crawler - Changing related inputs for 193 with 0  to 0 
22:06:00.482 [pool-1-thread-2] INFO  c.c.core.UnfiredFragmentCandidates - Changing related inputs to worked inputs 0 for 193
22:06:00.482 [pool-1-thread-2] INFO  c.c.core.UnfiredFragmentCandidates - event 193 - Before 0
22:06:00.482 [pool-1-thread-2] INFO  c.c.core.UnfiredFragmentCandidates - event 193 - After 0
22:06:00.482 [pool-1-thread-2] INFO  c.c.core.UnfiredFragmentCandidates - input for 193, 0
22:06:00.529 [pool-1-thread-2] INFO  com.crawljax.core.Crawler -  Event xpath /HTML[1]/BODY[1]/DIV[6]/DIV[1]/DIV[4]/DIV[2]/DIV[2]/DIV[1]/FORM[1]/DIV[1]/DIV[1]/DIV[2]/DIV[10]/INPUT[1]
22:06:00.545 [pool-1-thread-2] INFO  com.crawljax.core.Crawler - Changing related inputs for 194 with 0  to 0 
22:06:00.611 [pool-1-thread-2] INFO  c.c.core.UnfiredFragmentCandidates - Changing related inputs to worked inputs 0 for 194
22:06:00.611 [pool-1-thread-2] INFO  c.c.core.UnfiredFragmentCandidates - event 194 - Before 0
22:06:00.611 [pool-1-thread-2] INFO  c.c.core.UnfiredFragmentCandidates - event 194 - After 0
22:06:00.611 [pool-1-thread-2] INFO  c.c.core.UnfiredFragmentCandidates - input for 194, 0
22:06:00.665 [pool-1-thread-2] INFO  com.crawljax.core.Crawler -  Event xpath /HTML[1]/BODY[1]/DIV[6]/DIV[1]/DIV[4]/DIV[2]/DIV[2]/DIV[1]/FORM[1]/DIV[1]/DIV[2]/DIV[2]/DIV[2]/DIV[1]/DIV[2]/DIV[3]/DIV[2]/INPUT[1]
22:06:00.689 [pool-1-thread-2] INFO  com.crawljax.core.Crawler - Changing related inputs for 195 with 0  to 0 
22:06:00.752 [pool-1-thread-2] INFO  c.c.core.UnfiredFragmentCandidates - Changing related inputs to worked inputs 0 for 195
22:06:00.752 [pool-1-thread-2] INFO  c.c.core.UnfiredFragmentCandidates - event 195 - Before 0
22:06:00.752 [pool-1-thread-2] INFO  c.c.core.UnfiredFragmentCandidates - event 195 - After 0
22:06:00.752 [pool-1-thread-2] INFO  c.c.core.UnfiredFragmentCandidates - input for 195, 0
22:06:00.799 [pool-1-thread-2] INFO  com.crawljax.core.Crawler -  Event xpath /HTML[1]/BODY[1]/DIV[6]/DIV[1]/DIV[4]/DIV[2]/DIV[2]/DIV[1]/FORM[1]/DIV[1]/DIV[2]/DIV[2]/DIV[4]/DIV[1]/DIV[2]/DIV[3]/DIV[2]/INPUT[1]
22:06:00.814 [pool-1-thread-2] INFO  com.crawljax.core.Crawler - Changing related inputs for 196 with 0  to 0 
22:06:00.877 [pool-1-thread-2] INFO  c.c.core.UnfiredFragmentCandidates - Changing related inputs to worked inputs 0 for 196
22:06:00.877 [pool-1-thread-2] INFO  c.c.core.UnfiredFragmentCandidates - event 196 - Before 0
22:06:00.877 [pool-1-thread-2] INFO  c.c.core.UnfiredFragmentCandidates - event 196 - After 0
22:06:00.877 [pool-1-thread-2] INFO  c.c.core.UnfiredFragmentCandidates - input for 196, 0
22:06:00.922 [pool-1-thread-2] INFO  com.crawljax.core.Crawler -  Event xpath /HTML[1]/BODY[1]/DIV[6]/DIV[1]/DIV[4]/DIV[2]/DIV[2]/DIV[1]/FORM[1]/DIV[1]/DIV[1]/DIV[2]/DIV[6]/DL[1]/DD[3]/UL[1]/LI[1]/INPUT[1]
22:06:00.940 [pool-1-thread-2] INFO  com.crawljax.core.Crawler - Changing related inputs for 197 with 0  to 0 
22:06:01.007 [pool-1-thread-2] INFO  c.c.core.UnfiredFragmentCandidates - Changing related inputs to worked inputs 0 for 197
22:06:01.007 [pool-1-thread-2] INFO  c.c.core.UnfiredFragmentCandidates - event 197 - Before 0
22:06:01.007 [pool-1-thread-2] INFO  c.c.core.UnfiredFragmentCandidates - event 197 - After 0
22:06:01.007 [pool-1-thread-2] INFO  c.c.core.UnfiredFragmentCandidates - input for 197, 0
22:06:02.099 [pool-1-thread-2] INFO  com.crawljax.core.Crawler -  Event xpath /HTML[1]/BODY[1]/DIV[6]/DIV[1]/DIV[4]/DIV[2]/DIV[2]/DIV[1]/FORM[1]/DIV[1]/DIV[1]/DIV[2]/DIV[6]/DL[1]/DD[3]/UL[1]/LI[2]/INPUT[1]
22:06:02.115 [pool-1-thread-2] INFO  com.crawljax.core.Crawler - Changing related inputs for 198 with 0  to 0 
22:06:02.181 [pool-1-thread-2] INFO  c.c.core.UnfiredFragmentCandidates - Changing related inputs to worked inputs 0 for 198
22:06:02.181 [pool-1-thread-2] INFO  c.c.core.UnfiredFragmentCandidates - event 198 - Before 0
22:06:02.181 [pool-1-thread-2] INFO  c.c.core.UnfiredFragmentCandidates - event 198 - After 0
22:06:02.181 [pool-1-thread-2] INFO  c.c.core.UnfiredFragmentCandidates - input for 198, 0
22:06:03.278 [pool-1-thread-2] INFO  com.crawljax.core.Crawler -  Event xpath /HTML[1]/BODY[1]/DIV[6]/DIV[1]/DIV[4]/DIV[2]/DIV[2]/DIV[1]/FORM[1]/DIV[1]/DIV[1]/DIV[2]/DIV[6]/DL[1]/DD[4]/UL[1]/LI[1]/INPUT[1]
22:06:03.294 [pool-1-thread-2] INFO  com.crawljax.core.Crawler - Changing related inputs for 199 with 0  to 0 
22:06:03.364 [pool-1-thread-2] INFO  c.c.core.UnfiredFragmentCandidates - Changing related inputs to worked inputs 0 for 199
22:06:03.364 [pool-1-thread-2] INFO  c.c.core.UnfiredFragmentCandidates - event 199 - Before 0
22:06:03.364 [pool-1-thread-2] INFO  c.c.core.UnfiredFragmentCandidates - event 199 - After 0
22:06:03.364 [pool-1-thread-2] INFO  c.c.core.UnfiredFragmentCandidates - input for 199, 0
22:06:04.465 [pool-1-thread-2] INFO  com.crawljax.core.Crawler -  Event xpath /HTML[1]/BODY[1]/DIV[6]/DIV[1]/DIV[4]/DIV[2]/DIV[2]/DIV[1]/FORM[1]/DIV[1]/DIV[1]/DIV[2]/DIV[6]/DL[1]/DD[4]/UL[1]/LI[2]/INPUT[1]
22:06:04.481 [pool-1-thread-2] INFO  com.crawljax.core.Crawler - Changing related inputs for 200 with 0  to 0 
22:06:04.545 [pool-1-thread-2] INFO  c.c.core.UnfiredFragmentCandidates - Changing related inputs to worked inputs 0 for 200
22:06:04.545 [pool-1-thread-2] INFO  c.c.core.UnfiredFragmentCandidates - event 200 - Before 0
22:06:04.545 [pool-1-thread-2] INFO  c.c.core.UnfiredFragmentCandidates - event 200 - After 0
22:06:04.545 [pool-1-thread-2] INFO  c.c.core.UnfiredFragmentCandidates - input for 200, 0
22:06:05.642 [pool-1-thread-2] INFO  com.crawljax.core.Crawler -  Event xpath /HTML[1]/BODY[1]/DIV[6]/DIV[1]/DIV[4]/DIV[2]/DIV[2]/DIV[1]/FORM[1]/DIV[1]/DIV[1]/DIV[2]/DIV[6]/DL[1]/DD[4]/UL[1]/LI[3]/INPUT[1]
22:06:05.658 [pool-1-thread-2] INFO  com.crawljax.core.Crawler - Changing related inputs for 201 with 0  to 0 
22:06:05.730 [pool-1-thread-2] INFO  c.c.core.UnfiredFragmentCandidates - Changing related inputs to worked inputs 0 for 201
22:06:05.730 [pool-1-thread-2] INFO  c.c.core.UnfiredFragmentCandidates - event 201 - Before 0
22:06:05.730 [pool-1-thread-2] INFO  c.c.core.UnfiredFragmentCandidates - event 201 - After 0
22:06:05.730 [pool-1-thread-2] INFO  c.c.core.UnfiredFragmentCandidates - input for 201, 0
22:06:06.823 [pool-1-thread-2] INFO  com.crawljax.core.Crawler -  Event xpath /HTML[1]/BODY[1]/DIV[6]/DIV[1]/DIV[4]/DIV[2]/DIV[2]/DIV[1]/FORM[1]/DIV[1]/DIV[1]/DIV[2]/DIV[6]/DL[1]/DD[5]/UL[1]/LI[1]/INPUT[1]
22:06:06.839 [pool-1-thread-2] INFO  com.crawljax.core.Crawler - Changing related inputs for 202 with 0  to 0 
22:06:06.905 [pool-1-thread-2] INFO  c.c.core.UnfiredFragmentCandidates - Changing related inputs to worked inputs 0 for 202
22:06:06.905 [pool-1-thread-2] INFO  c.c.core.UnfiredFragmentCandidates - event 202 - Before 0
22:06:06.905 [pool-1-thread-2] INFO  c.c.core.UnfiredFragmentCandidates - event 202 - After 0
22:06:06.905 [pool-1-thread-2] INFO  c.c.core.UnfiredFragmentCandidates - input for 202, 0
22:06:08.003 [pool-1-thread-2] INFO  com.crawljax.core.Crawler -  Event xpath /HTML[1]/BODY[1]/DIV[6]/DIV[1]/DIV[4]/DIV[2]/DIV[2]/DIV[1]/FORM[1]/DIV[1]/DIV[1]/DIV[2]/DIV[6]/DL[1]/DD[5]/UL[1]/LI[2]/INPUT[1]
22:06:08.020 [pool-1-thread-2] INFO  com.crawljax.core.Crawler - Changing related inputs for 203 with 0  to 0 
22:06:08.085 [pool-1-thread-2] INFO  c.c.core.UnfiredFragmentCandidates - Changing related inputs to worked inputs 0 for 203
22:06:08.085 [pool-1-thread-2] INFO  c.c.core.UnfiredFragmentCandidates - event 203 - Before 0
22:06:08.085 [pool-1-thread-2] INFO  c.c.core.UnfiredFragmentCandidates - event 203 - After 0
22:06:08.085 [pool-1-thread-2] INFO  c.c.core.UnfiredFragmentCandidates - input for 203, 0
22:06:09.185 [pool-1-thread-2] INFO  com.crawljax.core.Crawler -  Event xpath /HTML[1]/BODY[1]/DIV[6]/DIV[1]/DIV[4]/DIV[2]/DIV[2]/DIV[1]/FORM[1]/DIV[1]/DIV[1]/DIV[2]/DIV[6]/DL[1]/DD[5]/UL[1]/LI[3]/INPUT[1]
22:06:09.201 [pool-1-thread-2] INFO  com.crawljax.core.Crawler - Changing related inputs for 204 with 0  to 0 
22:06:09.267 [pool-1-thread-2] INFO  c.c.core.UnfiredFragmentCandidates - Changing related inputs to worked inputs 0 for 204
22:06:09.267 [pool-1-thread-2] INFO  c.c.core.UnfiredFragmentCandidates - event 204 - Before 0
22:06:09.267 [pool-1-thread-2] INFO  c.c.core.UnfiredFragmentCandidates - event 204 - After 0
22:06:09.267 [pool-1-thread-2] INFO  c.c.core.UnfiredFragmentCandidates - input for 204, 0
22:06:10.362 [pool-1-thread-2] INFO  c.c.core.UnfiredFragmentCandidates - There are 3 states with unfired actions: [135, 55, 137]
22:06:10.362 [pool-1-thread-2] INFO  com.crawljax.core.Crawler - Resetting the crawler and Going to state state135
22:06:10.370 [pool-1-thread-2] INFO  com.crawljax.core.CrawlSession - Adding CrawlPath to session !!
22:06:10.370 [pool-1-thread-2] INFO  com.crawljax.core.Crawler - BT-state137:-1state137_181_state55state55_182_state163
22:06:13.182 [pool-1-thread-2] INFO  c.c.c.state.InMemoryStateFlowGraph - Number of states in the graph is now 50
22:06:13.318 [pool-1-thread-2] INFO  com.crawljax.core.Crawler - Parsing DOM of state state164 for candidate elements
22:06:13.391 [pool-1-thread-2] INFO  c.c.core.UnfiredFragmentCandidates - There are 3 states with unfired actions: [55, 137, 164]
22:06:13.391 [pool-1-thread-2] INFO  com.crawljax.core.Crawler - Added a reload edge from state163 to state164
22:06:13.391 [pool-1-thread-2] INFO  com.crawljax.core.Crawler - Initial state not the same as current state : Getting shortest path from current state
22:06:13.391 [pool-1-thread-2] INFO  com.crawljax.core.Crawler - state135 no path from state164
22:06:13.392 [pool-1-thread-2] INFO  c.crawljax.core.state.StateMachine - Cannot go to state: 'state33' from: 'state164'
22:06:13.392 [pool-1-thread-2] INFO  com.crawljax.core.Crawler - Not a valid path anymore index: state135
22:06:13.392 [pool-1-thread-2] INFO  com.crawljax.core.Crawler - Tried to follow 
22:06:13.392 [pool-1-thread-2] INFO  com.crawljax.core.Crawler - index_23_state33state33_24_state34state34_53_state92state92_147_state135
22:06:13.392 [pool-1-thread-2] INFO  com.crawljax.core.Crawler - Saving failed backtracking path to 135
22:06:13.392 [pool-1-thread-2] INFO  com.crawljax.core.Crawler - backtrack status: false, reached NearDuplicate : -1 
22:06:16.169 [pool-1-thread-2] INFO  com.crawljax.core.Crawler - index has changed to: state164
22:06:16.169 [pool-1-thread-2] INFO  com.crawljax.core.Crawler - Added a reload edge from state164 to state164
22:06:16.169 [pool-1-thread-2] INFO  c.crawljax.core.state.StateMachine - Cannot go to state: 'state61' from: 'state164'
22:06:16.170 [pool-1-thread-2] INFO  com.crawljax.core.Crawler - Not a valid path anymore state62: state135
22:06:16.170 [pool-1-thread-2] INFO  com.crawljax.core.Crawler - Tried to follow 
22:06:16.170 [pool-1-thread-2] INFO  com.crawljax.core.Crawler - state62_49_state61state61_0_state122state122_146_state92state92_147_state135
22:06:16.170 [pool-1-thread-2] INFO  com.crawljax.core.Crawler - Saving failed backtracking path to 135
22:06:16.170 [pool-1-thread-2] INFO  com.crawljax.core.Crawler - backtrack status: false, reached NearDuplicate : -1 
22:06:21.427 [pool-1-thread-2] INFO  com.crawljax.core.Crawler - index has changed to: state164
22:06:21.427 [pool-1-thread-2] INFO  com.crawljax.core.Crawler - Did not add reload edge from state164 to state164
22:06:21.427 [pool-1-thread-2] INFO  c.crawljax.core.state.StateMachine - Cannot go to state: 'state92' from: 'state164'
22:06:21.427 [pool-1-thread-2] INFO  com.crawljax.core.Crawler - Not a valid path anymore state95: state135
22:06:21.427 [pool-1-thread-2] INFO  com.crawljax.core.Crawler - Tried to follow 
22:06:21.427 [pool-1-thread-2] INFO  com.crawljax.core.Crawler - state95_137_state92state92_147_state135
22:06:21.427 [pool-1-thread-2] INFO  com.crawljax.core.Crawler - Saving failed backtracking path to 135
22:06:21.427 [pool-1-thread-2] INFO  com.crawljax.core.Crawler - backtrack status: false, reached NearDuplicate : -1 
22:06:24.292 [pool-1-thread-2] INFO  com.crawljax.core.Crawler - index has changed to: state164
22:06:24.292 [pool-1-thread-2] INFO  com.crawljax.core.Crawler - Did not add reload edge from state164 to state164
22:06:24.292 [pool-1-thread-2] INFO  c.crawljax.core.state.StateMachine - Cannot go to state: 'state92' from: 'state164'
22:06:24.293 [pool-1-thread-2] INFO  com.crawljax.core.Crawler - Not a valid path anymore state122: state135
22:06:24.293 [pool-1-thread-2] INFO  com.crawljax.core.Crawler - Tried to follow 
22:06:24.293 [pool-1-thread-2] INFO  com.crawljax.core.Crawler - state122_146_state92state92_147_state135
22:06:24.293 [pool-1-thread-2] INFO  com.crawljax.core.Crawler - Saving failed backtracking path to 135
22:06:24.293 [pool-1-thread-2] INFO  com.crawljax.core.Crawler - backtrack status: false, reached NearDuplicate : -1 
22:06:27.110 [pool-1-thread-2] INFO  com.crawljax.core.Crawler - index has changed to: state164
22:06:27.110 [pool-1-thread-2] INFO  com.crawljax.core.Crawler - Did not add reload edge from state164 to state164
22:06:27.110 [pool-1-thread-2] INFO  c.crawljax.core.state.StateMachine - Cannot go to state: 'state135' from: 'state164'
22:06:27.110 [pool-1-thread-2] INFO  com.crawljax.core.Crawler - Not a valid path anymore state137: state135
22:06:27.110 [pool-1-thread-2] INFO  com.crawljax.core.Crawler - Tried to follow 
22:06:27.110 [pool-1-thread-2] INFO  com.crawljax.core.Crawler - state137_174_state135
22:06:27.110 [pool-1-thread-2] INFO  com.crawljax.core.Crawler - Saving failed backtracking path to 135
22:06:27.110 [pool-1-thread-2] INFO  com.crawljax.core.Crawler - backtrack status: false, reached NearDuplicate : -1 
22:06:29.906 [pool-1-thread-2] INFO  com.crawljax.core.Crawler - index has changed to: state164
22:06:29.906 [pool-1-thread-2] INFO  com.crawljax.core.Crawler - Did not add reload edge from state164 to state164
22:06:29.906 [pool-1-thread-2] INFO  com.crawljax.core.Crawler - state135 no path from state164
22:06:29.906 [pool-1-thread-2] INFO  com.crawljax.core.Crawler - state unreachable: Removing from candidate actions state135
22:06:29.906 [pool-1-thread-2] INFO  c.c.core.UnfiredFragmentCandidates - Placing purged actions in unreachable cache for state135
22:06:29.907 [pool-1-thread-2] INFO  com.crawljax.core.Crawler - Resetting the crawler and Going to state state55
22:06:32.660 [pool-1-thread-2] INFO  com.crawljax.core.Crawler - index has changed to: state164
22:06:32.660 [pool-1-thread-2] INFO  com.crawljax.core.Crawler - Did not add reload edge from state164 to state164
22:06:32.660 [pool-1-thread-2] INFO  com.crawljax.core.Crawler - Initial state not the same as current state : Getting shortest path from current state
22:06:32.660 [pool-1-thread-2] INFO  com.crawljax.core.Crawler - state55 no path from state164
22:06:32.660 [pool-1-thread-2] INFO  c.crawljax.core.state.StateMachine - Cannot go to state: 'state33' from: 'state164'
22:06:32.660 [pool-1-thread-2] INFO  com.crawljax.core.Crawler - Not a valid path anymore index: state55
22:06:32.660 [pool-1-thread-2] INFO  com.crawljax.core.Crawler - Tried to follow 
22:06:32.660 [pool-1-thread-2] INFO  com.crawljax.core.Crawler - index_23_state33state33_24_state34state34_41_state54state54_42_state55
22:06:32.660 [pool-1-thread-2] INFO  com.crawljax.core.Crawler - Saving failed backtracking path to 55
22:06:32.660 [pool-1-thread-2] INFO  com.crawljax.core.Crawler - backtrack status: false, reached NearDuplicate : -1 
22:06:35.429 [pool-1-thread-2] INFO  com.crawljax.core.Crawler - index has changed to: state164
22:06:35.429 [pool-1-thread-2] INFO  com.crawljax.core.Crawler - Did not add reload edge from state164 to state164
22:06:35.429 [pool-1-thread-2] INFO  c.crawljax.core.state.StateMachine - Cannot go to state: 'state55' from: 'state164'
22:06:35.429 [pool-1-thread-2] INFO  com.crawljax.core.Crawler - Not a valid path anymore state62: state55
22:06:35.429 [pool-1-thread-2] INFO  com.crawljax.core.Crawler - Tried to follow 
22:06:35.429 [pool-1-thread-2] INFO  com.crawljax.core.Crawler - state62_51_state55
22:06:35.429 [pool-1-thread-2] INFO  com.crawljax.core.Crawler - Saving failed backtracking path to 55
22:06:35.429 [pool-1-thread-2] INFO  com.crawljax.core.Crawler - backtrack status: false, reached NearDuplicate : -1 
22:06:38.178 [pool-1-thread-2] INFO  com.crawljax.core.Crawler - index has changed to: state164
22:06:38.178 [pool-1-thread-2] INFO  com.crawljax.core.Crawler - Did not add reload edge from state164 to state164
22:06:38.178 [pool-1-thread-2] INFO  c.crawljax.core.state.StateMachine - Cannot go to state: 'state61' from: 'state164'
22:06:38.178 [pool-1-thread-2] INFO  com.crawljax.core.Crawler - Not a valid path anymore state95: state55
22:06:38.178 [pool-1-thread-2] INFO  com.crawljax.core.Crawler - Tried to follow 
22:06:38.178 [pool-1-thread-2] INFO  com.crawljax.core.Crawler - state95_145_state61state61_0_state62state62_51_state55
22:06:38.178 [pool-1-thread-2] INFO  com.crawljax.core.Crawler - Saving failed backtracking path to 55
22:06:38.178 [pool-1-thread-2] INFO  com.crawljax.core.Crawler - backtrack status: false, reached NearDuplicate : -1 
22:06:40.930 [pool-1-thread-2] INFO  com.crawljax.core.Crawler - index has changed to: state164
22:06:40.930 [pool-1-thread-2] INFO  com.crawljax.core.Crawler - Did not add reload edge from state164 to state164
22:06:40.930 [pool-1-thread-2] INFO  c.crawljax.core.state.StateMachine - Cannot go to state: 'state92' from: 'state164'
22:06:40.930 [pool-1-thread-2] INFO  com.crawljax.core.Crawler - Not a valid path anymore state122: state55
22:06:40.930 [pool-1-thread-2] INFO  com.crawljax.core.Crawler - Tried to follow 
22:06:40.930 [pool-1-thread-2] INFO  com.crawljax.core.Crawler - state122_146_state92state92_147_state135state135_175_state153state153_0_state137state137_181_state55
22:06:40.930 [pool-1-thread-2] INFO  com.crawljax.core.Crawler - Saving failed backtracking path to 55
22:06:40.930 [pool-1-thread-2] INFO  com.crawljax.core.Crawler - backtrack status: false, reached NearDuplicate : -1 
22:06:43.711 [pool-1-thread-2] INFO  com.crawljax.core.Crawler - index has changed to: state164
22:06:43.711 [pool-1-thread-2] INFO  com.crawljax.core.Crawler - Did not add reload edge from state164 to state164
22:06:43.711 [pool-1-thread-2] INFO  c.crawljax.core.state.StateMachine - Cannot go to state: 'state55' from: 'state164'
22:06:43.711 [pool-1-thread-2] INFO  com.crawljax.core.Crawler - Not a valid path anymore state137: state55
22:06:43.711 [pool-1-thread-2] INFO  com.crawljax.core.Crawler - Tried to follow 
22:06:43.711 [pool-1-thread-2] INFO  com.crawljax.core.Crawler - state137_181_state55
22:06:43.711 [pool-1-thread-2] INFO  com.crawljax.core.Crawler - Saving failed backtracking path to 55
22:06:43.711 [pool-1-thread-2] INFO  com.crawljax.core.Crawler - backtrack status: false, reached NearDuplicate : -1 
22:06:46.522 [pool-1-thread-2] INFO  com.crawljax.core.Crawler - index has changed to: state164
22:06:46.522 [pool-1-thread-2] INFO  com.crawljax.core.Crawler - Did not add reload edge from state164 to state164
22:06:46.523 [pool-1-thread-2] INFO  com.crawljax.core.Crawler - state55 no path from state164
22:06:46.523 [pool-1-thread-2] INFO  com.crawljax.core.Crawler - state unreachable: Removing from candidate actions state55
22:06:46.523 [pool-1-thread-2] INFO  c.c.core.UnfiredFragmentCandidates - Placing purged actions in unreachable cache for state55
22:06:46.523 [pool-1-thread-2] INFO  com.crawljax.core.Crawler - Resetting the crawler and Going to state state137
22:06:49.300 [pool-1-thread-2] INFO  com.crawljax.core.Crawler - index has changed to: state164
22:06:49.300 [pool-1-thread-2] INFO  com.crawljax.core.Crawler - Did not add reload edge from state164 to state164
22:06:49.300 [pool-1-thread-2] INFO  com.crawljax.core.Crawler - Initial state not the same as current state : Getting shortest path from current state
22:06:49.300 [pool-1-thread-2] INFO  com.crawljax.core.Crawler - state137 no path from state164
22:06:49.300 [pool-1-thread-2] INFO  c.crawljax.core.state.StateMachine - Cannot go to state: 'state33' from: 'state164'
22:06:49.300 [pool-1-thread-2] INFO  com.crawljax.core.Crawler - Not a valid path anymore index: state137
22:06:49.300 [pool-1-thread-2] INFO  com.crawljax.core.Crawler - Tried to follow 
22:06:49.300 [pool-1-thread-2] INFO  com.crawljax.core.Crawler - index_23_state33state33_24_state34state34_53_state92state92_147_state135state135_175_state153state153_0_state137
22:06:49.300 [pool-1-thread-2] INFO  com.crawljax.core.Crawler - Saving failed backtracking path to 137
22:06:49.300 [pool-1-thread-2] INFO  com.crawljax.core.Crawler - backtrack status: false, reached NearDuplicate : -1 
22:06:54.604 [pool-1-thread-2] INFO  com.crawljax.core.Crawler - index has changed to: state164
22:06:54.604 [pool-1-thread-2] INFO  com.crawljax.core.Crawler - Did not add reload edge from state164 to state164
22:06:54.604 [pool-1-thread-2] INFO  c.crawljax.core.state.StateMachine - Cannot go to state: 'state61' from: 'state164'
22:06:54.604 [pool-1-thread-2] INFO  com.crawljax.core.Crawler - Not a valid path anymore state62: state137
22:06:54.604 [pool-1-thread-2] INFO  com.crawljax.core.Crawler - Tried to follow 
22:06:54.604 [pool-1-thread-2] INFO  com.crawljax.core.Crawler - state62_49_state61state61_0_state122state122_146_state92state92_147_state135state135_175_state153state153_0_state137
22:06:54.604 [pool-1-thread-2] INFO  com.crawljax.core.Crawler - Saving failed backtracking path to 137
22:06:54.604 [pool-1-thread-2] INFO  com.crawljax.core.Crawler - backtrack status: false, reached NearDuplicate : -1 
22:06:57.491 [pool-1-thread-2] INFO  com.crawljax.core.Crawler - index has changed to: state164
22:06:57.492 [pool-1-thread-2] INFO  com.crawljax.core.Crawler - Did not add reload edge from state164 to state164
22:06:57.492 [pool-1-thread-2] INFO  c.crawljax.core.state.StateMachine - Cannot go to state: 'state92' from: 'state164'
22:06:57.492 [pool-1-thread-2] INFO  com.crawljax.core.Crawler - Not a valid path anymore state95: state137
22:06:57.492 [pool-1-thread-2] INFO  com.crawljax.core.Crawler - Tried to follow 
22:06:57.492 [pool-1-thread-2] INFO  com.crawljax.core.Crawler - state95_137_state92state92_147_state135state135_178_state158state158_0_state137
22:06:57.492 [pool-1-thread-2] INFO  com.crawljax.core.Crawler - Saving failed backtracking path to 137
22:06:57.492 [pool-1-thread-2] INFO  com.crawljax.core.Crawler - backtrack status: false, reached NearDuplicate : -1 
22:07:00.280 [pool-1-thread-2] INFO  com.crawljax.core.Crawler - index has changed to: state164
22:07:00.280 [pool-1-thread-2] INFO  com.crawljax.core.Crawler - Did not add reload edge from state164 to state164
22:07:00.281 [pool-1-thread-2] INFO  c.crawljax.core.state.StateMachine - Cannot go to state: 'state92' from: 'state164'
22:07:00.281 [pool-1-thread-2] INFO  com.crawljax.core.Crawler - Not a valid path anymore state122: state137
22:07:00.281 [pool-1-thread-2] INFO  com.crawljax.core.Crawler - Tried to follow 
22:07:00.281 [pool-1-thread-2] INFO  com.crawljax.core.Crawler - state122_146_state92state92_147_state135state135_175_state153state153_0_state137
22:07:00.281 [pool-1-thread-2] INFO  com.crawljax.core.Crawler - Saving failed backtracking path to 137
22:07:00.281 [pool-1-thread-2] INFO  com.crawljax.core.Crawler - backtrack status: false, reached NearDuplicate : -1 
22:07:03.123 [pool-1-thread-2] INFO  com.crawljax.core.Crawler - index has changed to: state164
22:07:03.125 [pool-1-thread-2] INFO  com.crawljax.core.Crawler - Did not add reload edge from state164 to state164
22:07:03.126 [pool-1-thread-2] INFO  com.crawljax.core.Crawler - Not a valid path anymore state137: state137
22:07:03.126 [pool-1-thread-2] INFO  com.crawljax.core.Crawler - Tried to follow 
22:07:03.126 [pool-1-thread-2] INFO  com.crawljax.core.Crawler - 
22:07:03.126 [pool-1-thread-2] INFO  com.crawljax.core.Crawler - Saving failed backtracking path to 137
22:07:03.126 [pool-1-thread-2] INFO  com.crawljax.core.Crawler - backtrack status: false, reached NearDuplicate : -1 
22:07:05.951 [pool-1-thread-2] INFO  com.crawljax.core.Crawler - index has changed to: state164
22:07:05.952 [pool-1-thread-2] INFO  com.crawljax.core.Crawler - Did not add reload edge from state164 to state164
22:07:05.952 [pool-1-thread-2] INFO  com.crawljax.core.Crawler - state137 no path from state164
22:07:05.952 [pool-1-thread-2] INFO  com.crawljax.core.Crawler - state unreachable: Removing from candidate actions state137
22:07:05.952 [pool-1-thread-2] INFO  c.c.core.UnfiredFragmentCandidates - Placing purged actions in unreachable cache for state137
22:07:05.952 [pool-1-thread-2] INFO  com.crawljax.core.Crawler - backtrack status: true, reached NearDuplicate : -1 
22:07:05.953 [pool-1-thread-2] INFO  com.crawljax.core.Crawler -  Event xpath /HTML[1]/BODY[1]/DIV[4]/DIV[1]/DIV[4]/DIV[2]/DIV[2]/DIV[2]/UL[1]/LI[2]/DIV[1]/A[1]
22:07:05.970 [pool-1-thread-2] INFO  com.crawljax.core.Crawler - Changing related inputs for 205 with 0  to 0 
22:07:06.057 [pool-1-thread-2] INFO  c.c.core.UnfiredFragmentCandidates - Changing related inputs to worked inputs 0 for 205
22:07:06.058 [pool-1-thread-2] INFO  c.c.core.UnfiredFragmentCandidates - event 205 - Before 0
22:07:06.058 [pool-1-thread-2] INFO  c.c.core.UnfiredFragmentCandidates - event 205 - After 0
22:07:06.058 [pool-1-thread-2] INFO  c.c.core.UnfiredFragmentCandidates - input for 205, 0
22:07:09.769 [pool-1-thread-2] INFO  c.crawljax.core.state.StateMachine - CLONE State detected: state182 and state135 are the same.
22:07:09.769 [pool-1-thread-2] INFO  c.c.core.UnfiredFragmentCandidates - Placing state135 back in queue as it is rediscovered
22:07:09.769 [pool-1-thread-2] INFO  c.c.core.UnfiredFragmentCandidates - There are 1 states with unfired actions: [135]
22:07:09.770 [pool-1-thread-2] INFO  c.c.core.UnfiredFragmentCandidates - Rediscovered state135 has unexplored actions
22:07:09.777 [pool-1-thread-2] INFO  com.crawljax.core.Crawler -  Event xpath /HTML[1]/BODY[1]/DIV[4]/DIV[1]/DIV[4]/DIV[2]/DIV[2]/DIV[1]/FORM[1]/DIV[1]/DIV[2]/DIV[2]/DIV[2]/DIV[1]/DIV[1]/A[1]
22:07:09.802 [pool-1-thread-2] INFO  com.crawljax.core.Crawler - Changing related inputs for 206 with 0  to 0 
22:07:09.871 [pool-1-thread-2] INFO  c.c.core.UnfiredFragmentCandidates - Changing related inputs to worked inputs 0 for 206
22:07:09.871 [pool-1-thread-2] INFO  c.c.core.UnfiredFragmentCandidates - event 206 - Before 0
22:07:09.871 [pool-1-thread-2] INFO  c.c.core.UnfiredFragmentCandidates - event 206 - After 0
22:07:09.871 [pool-1-thread-2] INFO  c.c.core.UnfiredFragmentCandidates - input for 206, 0
22:07:13.521 [pool-1-thread-2] INFO  c.crawljax.core.state.StateMachine - CLONE State detected: state183 and state61 are the same.
22:07:13.528 [pool-1-thread-2] INFO  com.crawljax.core.Crawler - Resetting the crawler and Going to state state164
22:07:13.535 [pool-1-thread-2] INFO  com.crawljax.core.CrawlSession - Adding CrawlPath to session !!
22:07:13.535 [pool-1-thread-2] INFO  com.crawljax.core.Crawler - BT-state137:-1state164_205_state135state135_206_state61
22:07:16.305 [pool-1-thread-2] INFO  c.c.c.state.InMemoryStateFlowGraph - Number of states in the graph is now 51
22:07:16.426 [pool-1-thread-2] INFO  com.crawljax.core.Crawler - Parsing DOM of state state184 for candidate elements
22:07:16.501 [pool-1-thread-2] INFO  c.c.core.UnfiredFragmentCandidates - There are 2 states with unfired actions: [135, 184]
22:07:16.501 [pool-1-thread-2] INFO  com.crawljax.core.Crawler - Added a reload edge from state61 to state184
22:07:16.501 [pool-1-thread-2] INFO  com.crawljax.core.Crawler - Initial state not the same as current state : Getting shortest path from current state
22:07:16.501 [pool-1-thread-2] INFO  com.crawljax.core.Crawler - state164 no path from state184
22:07:16.501 [pool-1-thread-2] INFO  c.crawljax.core.state.StateMachine - Cannot go to state: 'state33' from: 'state184'
22:07:16.501 [pool-1-thread-2] INFO  com.crawljax.core.Crawler - Not a valid path anymore index: state164
22:07:16.501 [pool-1-thread-2] INFO  com.crawljax.core.Crawler - Tried to follow 
22:07:16.501 [pool-1-thread-2] INFO  com.crawljax.core.Crawler - index_23_state33state33_24_state34state34_41_state54state54_42_state55state55_182_state163state163_0_state164
22:07:16.501 [pool-1-thread-2] INFO  com.crawljax.core.Crawler - Saving failed backtracking path to 164
22:07:16.501 [pool-1-thread-2] INFO  com.crawljax.core.Crawler - backtrack status: false, reached NearDuplicate : -1 
22:07:19.260 [pool-1-thread-2] INFO  com.crawljax.core.Crawler - index has changed to: state184
22:07:19.260 [pool-1-thread-2] INFO  com.crawljax.core.Crawler - Added a reload edge from state184 to state184
22:07:19.261 [pool-1-thread-2] INFO  c.crawljax.core.state.StateMachine - Cannot go to state: 'state55' from: 'state184'
22:07:19.261 [pool-1-thread-2] INFO  com.crawljax.core.Crawler - Not a valid path anymore state62: state164
22:07:19.261 [pool-1-thread-2] INFO  com.crawljax.core.Crawler - Tried to follow 
22:07:19.261 [pool-1-thread-2] INFO  com.crawljax.core.Crawler - state62_51_state55state55_182_state163state163_0_state164
22:07:19.261 [pool-1-thread-2] INFO  com.crawljax.core.Crawler - Saving failed backtracking path to 164
22:07:19.261 [pool-1-thread-2] INFO  com.crawljax.core.Crawler - backtrack status: false, reached NearDuplicate : -1 
22:07:22.063 [pool-1-thread-2] INFO  com.crawljax.core.Crawler - index has changed to: state184
22:07:22.063 [pool-1-thread-2] INFO  com.crawljax.core.Crawler - Did not add reload edge from state184 to state184
22:07:22.063 [pool-1-thread-2] INFO  c.c.core.UnfiredFragmentCandidates - input map size 206
22:07:22.063 [pool-1-thread-2] INFO  c.c.core.UnfiredFragmentCandidates - input map size 206
22:07:22.063 [pool-1-thread-2] INFO  com.crawljax.core.Crawler - Used a form input combination for backtracking 145
22:07:22.104 [pool-1-thread-2] INFO  com.crawljax.core.Crawler - XPath changed from /HTML[1]/BODY[1]/DIV[4]/DIV[1]/DIV[4]/DIV[2]/DIV[2]/DIV[2]/UL[1]/LI[3]/DIV[1]/A[1] to /HTML[1]/BODY[1]/DIV[4]/DIV[1]/DIV[4]/DIV[2]/DIV[2]/DIV[2]/UL[1]/LI[1]/DIV[1]/A[1] relatedFrame: 
22:07:25.772 [pool-1-thread-2] INFO  com.crawljax.core.Crawler - Crawl depth is now 1
22:07:25.772 [pool-1-thread-2] INFO  c.c.core.UnfiredFragmentCandidates - input map size 206
22:07:25.772 [pool-1-thread-2] INFO  com.crawljax.core.Crawler - No Input Combination Found for 0
22:07:25.788 [pool-1-thread-2] INFO  com.crawljax.core.Crawler - Changing related inputs for 0 with 0  to 0 
22:07:25.810 [pool-1-thread-2] INFO  com.crawljax.core.Crawler - Not a valid path anymore state95: state164
22:07:25.810 [pool-1-thread-2] INFO  com.crawljax.core.Crawler - Tried to follow 
22:07:25.810 [pool-1-thread-2] INFO  com.crawljax.core.Crawler - state95_145_state61state61_0_state62state62_51_state55state55_182_state163state163_0_state164
22:07:25.810 [pool-1-thread-2] INFO  com.crawljax.core.Crawler - Saving failed backtracking path to 164
22:07:25.810 [pool-1-thread-2] INFO  com.crawljax.core.Crawler - backtrack status: false, reached NearDuplicate : -1 
22:07:25.818 [pool-1-thread-2] INFO  com.crawljax.core.CrawlSession - Adding CrawlPath to session !!
22:07:25.818 [pool-1-thread-2] INFO  com.crawljax.core.Crawler - BT-state164:failed:-1state95_145_state61state61_0_state62
22:07:31.227 [pool-1-thread-2] INFO  com.crawljax.core.Crawler - index has changed to: state184
22:07:31.227 [pool-1-thread-2] INFO  com.crawljax.core.Crawler - Added a reload edge from state62 to state184
22:07:31.228 [pool-1-thread-2] INFO  c.crawljax.core.state.StateMachine - Cannot go to state: 'state92' from: 'state184'
22:07:31.228 [pool-1-thread-2] INFO  com.crawljax.core.Crawler - Not a valid path anymore state122: state164
22:07:31.228 [pool-1-thread-2] INFO  com.crawljax.core.Crawler - Tried to follow 
22:07:31.228 [pool-1-thread-2] INFO  com.crawljax.core.Crawler - state122_146_state92state92_147_state135state135_148_state136state136_0_state137state137_181_state55state55_182_state163state163_0_state164
22:07:31.228 [pool-1-thread-2] INFO  com.crawljax.core.Crawler - Saving failed backtracking path to 164
22:07:31.228 [pool-1-thread-2] INFO  com.crawljax.core.Crawler - backtrack status: false, reached NearDuplicate : -1 
22:07:34.105 [pool-1-thread-2] INFO  com.crawljax.core.Crawler - index has changed to: state184
22:07:34.105 [pool-1-thread-2] INFO  com.crawljax.core.Crawler - Did not add reload edge from state184 to state184
22:07:34.105 [pool-1-thread-2] INFO  c.crawljax.core.state.StateMachine - Cannot go to state: 'state55' from: 'state184'
22:07:34.105 [pool-1-thread-2] INFO  com.crawljax.core.Crawler - Not a valid path anymore state137: state164
22:07:34.105 [pool-1-thread-2] INFO  com.crawljax.core.Crawler - Tried to follow 
22:07:34.105 [pool-1-thread-2] INFO  com.crawljax.core.Crawler - state137_181_state55state55_182_state163state163_0_state164
22:07:34.105 [pool-1-thread-2] INFO  com.crawljax.core.Crawler - Saving failed backtracking path to 164
22:07:34.105 [pool-1-thread-2] INFO  com.crawljax.core.Crawler - backtrack status: false, reached NearDuplicate : -1 
22:07:36.922 [pool-1-thread-2] INFO  com.crawljax.core.Crawler - index has changed to: state184
22:07:36.922 [pool-1-thread-2] INFO  com.crawljax.core.Crawler - Did not add reload edge from state184 to state184
22:07:36.922 [pool-1-thread-2] INFO  com.crawljax.core.Crawler - Not a valid path anymore state164: state164
22:07:36.922 [pool-1-thread-2] INFO  com.crawljax.core.Crawler - Tried to follow 
22:07:36.922 [pool-1-thread-2] INFO  com.crawljax.core.Crawler - 
22:07:36.922 [pool-1-thread-2] INFO  com.crawljax.core.Crawler - Saving failed backtracking path to 164
22:07:36.922 [pool-1-thread-2] INFO  com.crawljax.core.Crawler - backtrack status: false, reached NearDuplicate : -1 
22:07:39.697 [pool-1-thread-2] INFO  com.crawljax.core.Crawler - index has changed to: state184
22:07:39.698 [pool-1-thread-2] INFO  com.crawljax.core.Crawler - Did not add reload edge from state184 to state184
22:07:39.698 [pool-1-thread-2] INFO  com.crawljax.core.Crawler - state164 no path from state184
22:07:39.698 [pool-1-thread-2] INFO  com.crawljax.core.Crawler - state unreachable: Removing from candidate actions state164
22:07:39.698 [pool-1-thread-2] INFO  c.c.core.UnfiredFragmentCandidates - Placing purged actions in unreachable cache for state164
22:07:39.698 [pool-1-thread-2] INFO  com.crawljax.core.Crawler - Resetting the crawler and Going to state state135
22:07:42.471 [pool-1-thread-2] INFO  com.crawljax.core.Crawler - index has changed to: state184
22:07:42.472 [pool-1-thread-2] INFO  com.crawljax.core.Crawler - Did not add reload edge from state184 to state184
22:07:42.472 [pool-1-thread-2] INFO  com.crawljax.core.Crawler - Initial state not the same as current state : Getting shortest path from current state
22:07:42.472 [pool-1-thread-2] INFO  com.crawljax.core.Crawler - state135 no path from state184
22:07:42.472 [pool-1-thread-2] INFO  c.crawljax.core.state.StateMachine - Cannot go to state: 'state33' from: 'state184'
22:07:42.472 [pool-1-thread-2] INFO  com.crawljax.core.Crawler - Not a valid path anymore index: state135
22:07:42.472 [pool-1-thread-2] INFO  com.crawljax.core.Crawler - Tried to follow 
22:07:42.472 [pool-1-thread-2] INFO  com.crawljax.core.Crawler - index_23_state33state33_24_state34state34_53_state92state92_147_state135
22:07:42.472 [pool-1-thread-2] INFO  com.crawljax.core.Crawler - Saving failed backtracking path to 135
22:07:42.472 [pool-1-thread-2] INFO  com.crawljax.core.Crawler - backtrack status: false, reached NearDuplicate : -1 
22:07:45.230 [pool-1-thread-2] INFO  com.crawljax.core.Crawler - index has changed to: state184
22:07:45.231 [pool-1-thread-2] INFO  com.crawljax.core.Crawler - Did not add reload edge from state184 to state184
22:07:45.231 [pool-1-thread-2] INFO  c.crawljax.core.state.StateMachine - Cannot go to state: 'state55' from: 'state184'
22:07:45.231 [pool-1-thread-2] INFO  com.crawljax.core.Crawler - Not a valid path anymore state62: state135
22:07:45.231 [pool-1-thread-2] INFO  com.crawljax.core.Crawler - Tried to follow 
22:07:45.231 [pool-1-thread-2] INFO  com.crawljax.core.Crawler - state62_51_state55state55_182_state163state163_0_state164state164_205_state135
22:07:45.231 [pool-1-thread-2] INFO  com.crawljax.core.Crawler - Saving failed backtracking path to 135
22:07:45.231 [pool-1-thread-2] INFO  com.crawljax.core.Crawler - backtrack status: false, reached NearDuplicate : -1 
22:07:47.954 [pool-1-thread-2] INFO  com.crawljax.core.Crawler - index has changed to: state184
22:07:47.955 [pool-1-thread-2] INFO  com.crawljax.core.Crawler - Did not add reload edge from state184 to state184
22:07:47.955 [pool-1-thread-2] INFO  c.crawljax.core.state.StateMachine - Cannot go to state: 'state92' from: 'state184'
22:07:47.955 [pool-1-thread-2] INFO  com.crawljax.core.Crawler - Not a valid path anymore state95: state135
22:07:47.955 [pool-1-thread-2] INFO  com.crawljax.core.Crawler - Tried to follow 
22:07:47.955 [pool-1-thread-2] INFO  com.crawljax.core.Crawler - state95_137_state92state92_147_state135
22:07:47.955 [pool-1-thread-2] INFO  com.crawljax.core.Crawler - Saving failed backtracking path to 135
22:07:47.955 [pool-1-thread-2] INFO  com.crawljax.core.Crawler - backtrack status: false, reached NearDuplicate : -1 
22:07:50.703 [pool-1-thread-2] INFO  com.crawljax.core.Crawler - index has changed to: state184
22:07:50.704 [pool-1-thread-2] INFO  com.crawljax.core.Crawler - Did not add reload edge from state184 to state184
22:07:50.704 [pool-1-thread-2] INFO  c.crawljax.core.state.StateMachine - Cannot go to state: 'state92' from: 'state184'
22:07:50.704 [pool-1-thread-2] INFO  com.crawljax.core.Crawler - Not a valid path anymore state122: state135
22:07:50.704 [pool-1-thread-2] INFO  com.crawljax.core.Crawler - Tried to follow 
22:07:50.704 [pool-1-thread-2] INFO  com.crawljax.core.Crawler - state122_146_state92state92_147_state135
22:07:50.704 [pool-1-thread-2] INFO  com.crawljax.core.Crawler - Saving failed backtracking path to 135
22:07:50.704 [pool-1-thread-2] INFO  com.crawljax.core.Crawler - backtrack status: false, reached NearDuplicate : -1 
22:07:53.475 [pool-1-thread-2] INFO  com.crawljax.core.Crawler - index has changed to: state184
22:07:53.476 [pool-1-thread-2] INFO  com.crawljax.core.Crawler - Did not add reload edge from state184 to state184
22:07:53.476 [pool-1-thread-2] INFO  c.crawljax.core.state.StateMachine - Cannot go to state: 'state135' from: 'state184'
22:07:53.476 [pool-1-thread-2] INFO  com.crawljax.core.Crawler - Not a valid path anymore state137: state135
22:07:53.476 [pool-1-thread-2] INFO  com.crawljax.core.Crawler - Tried to follow 
22:07:53.476 [pool-1-thread-2] INFO  com.crawljax.core.Crawler - state137_174_state135
22:07:53.476 [pool-1-thread-2] INFO  com.crawljax.core.Crawler - Saving failed backtracking path to 135
22:07:53.476 [pool-1-thread-2] INFO  com.crawljax.core.Crawler - backtrack status: false, reached NearDuplicate : -1 
22:07:56.242 [pool-1-thread-2] INFO  com.crawljax.core.Crawler - index has changed to: state184
22:07:56.242 [pool-1-thread-2] INFO  com.crawljax.core.Crawler - Did not add reload edge from state184 to state184
22:07:56.242 [pool-1-thread-2] INFO  c.crawljax.core.state.StateMachine - Cannot go to state: 'state135' from: 'state184'
22:07:56.242 [pool-1-thread-2] INFO  com.crawljax.core.Crawler - Not a valid path anymore state164: state135
22:07:56.242 [pool-1-thread-2] INFO  com.crawljax.core.Crawler - Tried to follow 
22:07:56.242 [pool-1-thread-2] INFO  com.crawljax.core.Crawler - state164_205_state135
22:07:56.242 [pool-1-thread-2] INFO  com.crawljax.core.Crawler - Saving failed backtracking path to 135
22:07:56.242 [pool-1-thread-2] INFO  com.crawljax.core.Crawler - backtrack status: false, reached NearDuplicate : -1 
22:07:59.016 [pool-1-thread-2] INFO  com.crawljax.core.Crawler - index has changed to: state184
22:07:59.016 [pool-1-thread-2] INFO  com.crawljax.core.Crawler - Did not add reload edge from state184 to state184
22:07:59.016 [pool-1-thread-2] INFO  com.crawljax.core.Crawler - state135 no path from state184
22:07:59.016 [pool-1-thread-2] INFO  com.crawljax.core.Crawler - state unreachable: Removing from candidate actions state135
22:07:59.016 [pool-1-thread-2] INFO  c.c.core.UnfiredFragmentCandidates - Placing purged actions in unreachable cache for state135
22:07:59.017 [pool-1-thread-2] INFO  com.crawljax.core.Crawler - backtrack status: true, reached NearDuplicate : -1 
22:07:59.017 [pool-1-thread-2] INFO  com.crawljax.core.Crawler -  Event xpath /HTML[1]/BODY[1]/DIV[4]/DIV[1]/DIV[4]/DIV[2]/DIV[2]/DIV[2]/UL[1]/LI[4]/DIV[1]/A[1]
22:07:59.032 [pool-1-thread-2] INFO  com.crawljax.core.Crawler - Changing related inputs for 208 with 0  to 0 
22:07:59.103 [pool-1-thread-2] INFO  c.c.core.UnfiredFragmentCandidates - Changing related inputs to worked inputs 0 for 208
22:07:59.103 [pool-1-thread-2] INFO  c.c.core.UnfiredFragmentCandidates - event 208 - Before 0
22:07:59.103 [pool-1-thread-2] INFO  c.c.core.UnfiredFragmentCandidates - event 208 - After 0
22:07:59.103 [pool-1-thread-2] INFO  c.c.core.UnfiredFragmentCandidates - input for 208, 0
22:08:05.305 [pool-1-thread-2] INFO  c.crawljax.core.state.StateMachine - CLONE State detected: state198 and state92 are the same.
22:08:05.305 [pool-1-thread-2] INFO  c.c.core.UnfiredFragmentCandidates - Placing state92 back in queue as it is rediscovered
22:08:05.305 [pool-1-thread-2] INFO  c.c.core.UnfiredFragmentCandidates - There are 1 states with unfired actions: [92]
22:08:05.305 [pool-1-thread-2] INFO  c.c.core.UnfiredFragmentCandidates - Rediscovered state92 has unexplored actions
22:08:05.312 [pool-1-thread-2] INFO  com.crawljax.core.Crawler -  Event xpath /HTML[1]/BODY[1]/DIV[4]/DIV[1]/DIV[4]/DIV[2]/DIV[2]/DIV[1]/FORM[1]/DIV[1]/DIV[2]/DIV[2]/DIV[2]/DIV[1]/DIV[2]/H2[1]/A[1]
22:08:05.329 [pool-1-thread-2] INFO  com.crawljax.core.Crawler - Changing related inputs for 209 with 0  to 0 
22:08:05.402 [pool-1-thread-2] INFO  c.c.core.UnfiredFragmentCandidates - Changing related inputs to worked inputs 0 for 209
22:08:05.402 [pool-1-thread-2] INFO  c.c.core.UnfiredFragmentCandidates - event 209 - Before 0
22:08:05.402 [pool-1-thread-2] INFO  c.c.core.UnfiredFragmentCandidates - event 209 - After 0
22:08:05.402 [pool-1-thread-2] INFO  c.c.core.UnfiredFragmentCandidates - input for 209, 0
22:08:09.209 [pool-1-thread-2] INFO  c.crawljax.core.state.StateMachine - CLONE State detected: state199 and state135 are the same.
22:08:09.209 [pool-1-thread-2] INFO  c.c.core.UnfiredFragmentCandidates - Placing state135 back in queue as it is rediscovered
22:08:09.209 [pool-1-thread-2] INFO  c.c.core.UnfiredFragmentCandidates - There are 2 states with unfired actions: [92, 135]
22:08:09.209 [pool-1-thread-2] INFO  c.c.core.UnfiredFragmentCandidates - Rediscovered state135 has unexplored actions
22:08:09.216 [pool-1-thread-2] INFO  com.crawljax.core.Crawler -  Event xpath /HTML[1]/BODY[1]/DIV[4]/DIV[1]/DIV[4]/DIV[2]/DIV[2]/DIV[1]/FORM[1]/DIV[1]/DIV[2]/DIV[2]/DIV[2]/DIV[1]/DIV[2]/H2[1]/A[1]
22:08:09.234 [pool-1-thread-2] INFO  com.crawljax.core.Crawler - Changing related inputs for 210 with 0  to 0 
22:08:09.300 [pool-1-thread-2] INFO  c.c.core.UnfiredFragmentCandidates - Changing related inputs to worked inputs 0 for 210
22:08:09.300 [pool-1-thread-2] INFO  c.c.core.UnfiredFragmentCandidates - event 210 - Before 0
22:08:09.300 [pool-1-thread-2] INFO  c.c.core.UnfiredFragmentCandidates - event 210 - After 0
22:08:09.300 [pool-1-thread-2] INFO  c.c.core.UnfiredFragmentCandidates - input for 210, 0
22:08:13.004 [pool-1-thread-2] INFO  c.crawljax.core.state.StateMachine - CLONE State detected: state200 and state61 are the same.
22:08:13.012 [pool-1-thread-2] INFO  com.crawljax.core.Crawler - Resetting the crawler and Going to state state184
22:08:13.019 [pool-1-thread-2] INFO  com.crawljax.core.CrawlSession - Adding CrawlPath to session !!
22:08:13.019 [pool-1-thread-2] INFO  com.crawljax.core.Crawler - BT-state135:-1state184_208_state92state92_209_state135state135_210_state61
22:08:15.790 [pool-1-thread-2] INFO  c.c.c.state.InMemoryStateFlowGraph - Number of states in the graph is now 52
22:08:15.898 [pool-1-thread-2] INFO  com.crawljax.core.Crawler - Parsing DOM of state state201 for candidate elements
22:08:15.969 [pool-1-thread-2] INFO  com.crawljax.core.Crawler - Added a reload edge from state61 to state201
22:08:15.969 [pool-1-thread-2] INFO  com.crawljax.core.Crawler - Initial state not the same as current state : Getting shortest path from current state
22:08:15.969 [pool-1-thread-2] INFO  com.crawljax.core.Crawler - state184 no path from state201
22:08:15.969 [pool-1-thread-2] INFO  c.crawljax.core.state.StateMachine - Cannot go to state: 'state33' from: 'state201'
22:08:15.969 [pool-1-thread-2] INFO  com.crawljax.core.Crawler - Not a valid path anymore index: state184
22:08:15.969 [pool-1-thread-2] INFO  com.crawljax.core.Crawler - Tried to follow 
22:08:15.969 [pool-1-thread-2] INFO  com.crawljax.core.Crawler - index_23_state33state33_24_state34state34_47_state60state60_48_state61state61_0_state184
22:08:15.969 [pool-1-thread-2] INFO  com.crawljax.core.Crawler - Saving failed backtracking path to 184
22:08:15.969 [pool-1-thread-2] INFO  com.crawljax.core.Crawler - backtrack status: false, reached NearDuplicate : -1 
22:08:18.717 [pool-1-thread-2] INFO  com.crawljax.core.Crawler - index has changed to: state201
22:08:18.717 [pool-1-thread-2] INFO  com.crawljax.core.Crawler - Added a reload edge from state201 to state201
22:08:18.717 [pool-1-thread-2] INFO  c.crawljax.core.state.StateMachine - Cannot go to state: 'state184' from: 'state201'
22:08:18.717 [pool-1-thread-2] INFO  com.crawljax.core.Crawler - Not a valid path anymore state62: state184
22:08:18.717 [pool-1-thread-2] INFO  com.crawljax.core.Crawler - Tried to follow 
22:08:18.717 [pool-1-thread-2] INFO  com.crawljax.core.Crawler - state62_0_state184
22:08:18.717 [pool-1-thread-2] INFO  com.crawljax.core.Crawler - Saving failed backtracking path to 184
22:08:18.717 [pool-1-thread-2] INFO  com.crawljax.core.Crawler - backtrack status: false, reached NearDuplicate : -1 
22:08:21.506 [pool-1-thread-2] INFO  com.crawljax.core.Crawler - index has changed to: state201
22:08:21.506 [pool-1-thread-2] INFO  com.crawljax.core.Crawler - Did not add reload edge from state201 to state201
22:08:21.506 [pool-1-thread-2] INFO  c.c.core.UnfiredFragmentCandidates - input map size 209
22:08:21.506 [pool-1-thread-2] INFO  c.c.core.UnfiredFragmentCandidates - input map size 209
22:08:21.506 [pool-1-thread-2] INFO  com.crawljax.core.Crawler - Used a form input combination for backtracking 145
22:08:21.543 [pool-1-thread-2] INFO  com.crawljax.core.Crawler - XPath changed from /HTML[1]/BODY[1]/DIV[4]/DIV[1]/DIV[4]/DIV[2]/DIV[2]/DIV[2]/UL[1]/LI[3]/DIV[1]/A[1] to /HTML[1]/BODY[1]/DIV[4]/DIV[1]/DIV[4]/DIV[2]/DIV[2]/DIV[2]/UL[1]/LI[1]/DIV[1]/A[1] relatedFrame: 
22:08:25.199 [pool-1-thread-2] INFO  com.crawljax.core.Crawler - Crawl depth is now 1
22:08:25.199 [pool-1-thread-2] INFO  c.c.core.UnfiredFragmentCandidates - input map size 209
22:08:25.199 [pool-1-thread-2] INFO  com.crawljax.core.Crawler - No Input Combination Found for 0
22:08:25.217 [pool-1-thread-2] INFO  com.crawljax.core.Crawler - Changing related inputs for 0 with 0  to 0 
22:08:25.239 [pool-1-thread-2] INFO  com.crawljax.core.Crawler - Not a valid path anymore state95: state184
22:08:25.240 [pool-1-thread-2] INFO  com.crawljax.core.Crawler - Tried to follow 
22:08:25.240 [pool-1-thread-2] INFO  com.crawljax.core.Crawler - state95_145_state61state61_0_state184
22:08:25.240 [pool-1-thread-2] INFO  com.crawljax.core.Crawler - Saving failed backtracking path to 184
22:08:25.240 [pool-1-thread-2] INFO  com.crawljax.core.Crawler - backtrack status: false, reached NearDuplicate : -1 
22:08:25.248 [pool-1-thread-2] INFO  com.crawljax.core.CrawlSession - Adding CrawlPath to session !!
22:08:25.248 [pool-1-thread-2] INFO  com.crawljax.core.Crawler - BT-state184:failed:-1state95_145_state61state61_0_state184
22:08:28.041 [pool-1-thread-2] INFO  com.crawljax.core.Crawler - index has changed to: state201
22:08:28.041 [pool-1-thread-2] INFO  com.crawljax.core.Crawler - Added a reload edge from state184 to state201
22:08:28.041 [pool-1-thread-2] INFO  c.crawljax.core.state.StateMachine - Cannot go to state: 'state92' from: 'state201'
22:08:28.041 [pool-1-thread-2] INFO  com.crawljax.core.Crawler - Not a valid path anymore state122: state184
22:08:28.041 [pool-1-thread-2] INFO  com.crawljax.core.Crawler - Tried to follow 
22:08:28.041 [pool-1-thread-2] INFO  com.crawljax.core.Crawler - state122_146_state92state92_147_state135state135_206_state61state61_0_state184
22:08:28.041 [pool-1-thread-2] INFO  com.crawljax.core.Crawler - Saving failed backtracking path to 184
22:08:28.041 [pool-1-thread-2] INFO  com.crawljax.core.Crawler - backtrack status: false, reached NearDuplicate : -1 
22:08:30.813 [pool-1-thread-2] INFO  com.crawljax.core.Crawler - index has changed to: state201
22:08:30.813 [pool-1-thread-2] INFO  com.crawljax.core.Crawler - Did not add reload edge from state201 to state201
22:08:30.813 [pool-1-thread-2] INFO  c.crawljax.core.state.StateMachine - Cannot go to state: 'state135' from: 'state201'
22:08:30.813 [pool-1-thread-2] INFO  com.crawljax.core.Crawler - Not a valid path anymore state137: state184
22:08:30.813 [pool-1-thread-2] INFO  com.crawljax.core.Crawler - Tried to follow 
22:08:30.813 [pool-1-thread-2] INFO  com.crawljax.core.Crawler - state137_174_state135state135_206_state61state61_0_state184
22:08:30.813 [pool-1-thread-2] INFO  com.crawljax.core.Crawler - Saving failed backtracking path to 184
22:08:30.813 [pool-1-thread-2] INFO  com.crawljax.core.Crawler - backtrack status: false, reached NearDuplicate : -1 
22:08:33.602 [pool-1-thread-2] INFO  com.crawljax.core.Crawler - index has changed to: state201
22:08:33.602 [pool-1-thread-2] INFO  com.crawljax.core.Crawler - Did not add reload edge from state201 to state201
22:08:33.603 [pool-1-thread-2] INFO  c.crawljax.core.state.StateMachine - Cannot go to state: 'state135' from: 'state201'
22:08:33.603 [pool-1-thread-2] INFO  com.crawljax.core.Crawler - Not a valid path anymore state164: state184
22:08:33.603 [pool-1-thread-2] INFO  com.crawljax.core.Crawler - Tried to follow 
22:08:33.603 [pool-1-thread-2] INFO  com.crawljax.core.Crawler - state164_205_state135state135_206_state61state61_0_state184
22:08:33.603 [pool-1-thread-2] INFO  com.crawljax.core.Crawler - Saving failed backtracking path to 184
22:08:33.603 [pool-1-thread-2] INFO  com.crawljax.core.Crawler - backtrack status: false, reached NearDuplicate : -1 
22:08:38.962 [pool-1-thread-2] INFO  com.crawljax.core.Crawler - index has changed to: state201
22:08:38.962 [pool-1-thread-2] INFO  com.crawljax.core.Crawler - Did not add reload edge from state201 to state201
22:08:38.962 [pool-1-thread-2] INFO  com.crawljax.core.Crawler - Not a valid path anymore state184: state184
22:08:38.962 [pool-1-thread-2] INFO  com.crawljax.core.Crawler - Tried to follow 
22:08:38.962 [pool-1-thread-2] INFO  com.crawljax.core.Crawler - 
22:08:38.962 [pool-1-thread-2] INFO  com.crawljax.core.Crawler - Saving failed backtracking path to 184
22:08:38.962 [pool-1-thread-2] INFO  com.crawljax.core.Crawler - backtrack status: false, reached NearDuplicate : -1 
22:08:41.822 [pool-1-thread-2] INFO  com.crawljax.core.Crawler - index has changed to: state201
22:08:41.822 [pool-1-thread-2] INFO  com.crawljax.core.Crawler - Did not add reload edge from state201 to state201
22:08:41.822 [pool-1-thread-2] INFO  com.crawljax.core.Crawler - state184 no path from state201
22:08:41.822 [pool-1-thread-2] INFO  com.crawljax.core.Crawler - state unreachable: Removing from candidate actions state184
22:08:41.822 [pool-1-thread-2] INFO  c.c.core.UnfiredFragmentCandidates - Placing purged actions in unreachable cache for state184
22:08:41.822 [pool-1-thread-2] INFO  com.crawljax.core.Crawler - Resetting the crawler and Going to state state92
22:08:44.655 [pool-1-thread-2] INFO  com.crawljax.core.Crawler - index has changed to: state201
22:08:44.655 [pool-1-thread-2] INFO  com.crawljax.core.Crawler - Did not add reload edge from state201 to state201
22:08:44.656 [pool-1-thread-2] INFO  com.crawljax.core.Crawler - Initial state not the same as current state : Getting shortest path from current state
22:08:44.656 [pool-1-thread-2] INFO  com.crawljax.core.Crawler - state92 no path from state201
22:08:44.656 [pool-1-thread-2] INFO  c.crawljax.core.state.StateMachine - Cannot go to state: 'state33' from: 'state201'
22:08:44.656 [pool-1-thread-2] INFO  com.crawljax.core.Crawler - Not a valid path anymore index: state92
22:08:44.656 [pool-1-thread-2] INFO  com.crawljax.core.Crawler - Tried to follow 
22:08:44.656 [pool-1-thread-2] INFO  com.crawljax.core.Crawler - index_23_state33state33_24_state34state34_53_state92
22:08:44.656 [pool-1-thread-2] INFO  com.crawljax.core.Crawler - Saving failed backtracking path to 92
22:08:44.656 [pool-1-thread-2] INFO  com.crawljax.core.Crawler - backtrack status: false, reached NearDuplicate : -1 
22:08:47.430 [pool-1-thread-2] INFO  com.crawljax.core.Crawler - index has changed to: state201
22:08:47.430 [pool-1-thread-2] INFO  com.crawljax.core.Crawler - Did not add reload edge from state201 to state201
22:08:47.431 [pool-1-thread-2] INFO  c.c.core.UnfiredFragmentCandidates - input map size 209
22:08:47.431 [pool-1-thread-2] INFO  com.crawljax.core.Crawler - No Input Combination Found for 0
22:08:47.445 [pool-1-thread-2] INFO  com.crawljax.core.Crawler - Changing related inputs for 0 with 0  to 0 
22:08:47.471 [pool-1-thread-2] INFO  com.crawljax.core.Crawler - Not a valid path anymore state62: state92
22:08:47.471 [pool-1-thread-2] INFO  com.crawljax.core.Crawler - Tried to follow 
22:08:47.471 [pool-1-thread-2] INFO  com.crawljax.core.Crawler - state62_0_state184state184_208_state92
22:08:47.471 [pool-1-thread-2] INFO  com.crawljax.core.Crawler - Saving failed backtracking path to 92
22:08:47.471 [pool-1-thread-2] INFO  com.crawljax.core.Crawler - backtrack status: false, reached NearDuplicate : -1 
22:08:47.478 [pool-1-thread-2] INFO  com.crawljax.core.CrawlSession - Adding CrawlPath to session !!
22:08:47.478 [pool-1-thread-2] INFO  com.crawljax.core.Crawler - BT-state92:failed:-1state62_0_state184
22:08:50.224 [pool-1-thread-2] INFO  com.crawljax.core.Crawler - index has changed to: state201
22:08:50.224 [pool-1-thread-2] INFO  com.crawljax.core.Crawler - Did not add reload edge from state184 to state201
22:08:50.224 [pool-1-thread-2] INFO  c.crawljax.core.state.StateMachine - Cannot go to state: 'state92' from: 'state201'
22:08:50.224 [pool-1-thread-2] INFO  com.crawljax.core.Crawler - Not a valid path anymore state95: state92
22:08:50.224 [pool-1-thread-2] INFO  com.crawljax.core.Crawler - Tried to follow 
22:08:50.224 [pool-1-thread-2] INFO  com.crawljax.core.Crawler - state95_137_state92
22:08:50.224 [pool-1-thread-2] INFO  com.crawljax.core.Crawler - Saving failed backtracking path to 92
22:08:50.224 [pool-1-thread-2] INFO  com.crawljax.core.Crawler - backtrack status: false, reached NearDuplicate : -1 
22:08:52.982 [pool-1-thread-2] INFO  com.crawljax.core.Crawler - index has changed to: state201
22:08:52.983 [pool-1-thread-2] INFO  com.crawljax.core.Crawler - Did not add reload edge from state201 to state201
22:08:52.983 [pool-1-thread-2] INFO  c.crawljax.core.state.StateMachine - Cannot go to state: 'state92' from: 'state201'
22:08:52.983 [pool-1-thread-2] INFO  com.crawljax.core.Crawler - Not a valid path anymore state122: state92
22:08:52.983 [pool-1-thread-2] INFO  com.crawljax.core.Crawler - Tried to follow 
22:08:52.983 [pool-1-thread-2] INFO  com.crawljax.core.Crawler - state122_146_state92
22:08:52.983 [pool-1-thread-2] INFO  com.crawljax.core.Crawler - Saving failed backtracking path to 92
22:08:52.983 [pool-1-thread-2] INFO  com.crawljax.core.Crawler - backtrack status: false, reached NearDuplicate : -1 
22:08:55.779 [pool-1-thread-2] INFO  com.crawljax.core.Crawler - index has changed to: state201
22:08:55.779 [pool-1-thread-2] INFO  com.crawljax.core.Crawler - Did not add reload edge from state201 to state201
22:08:55.780 [pool-1-thread-2] INFO  c.crawljax.core.state.StateMachine - Cannot go to state: 'state55' from: 'state201'
22:08:55.780 [pool-1-thread-2] INFO  com.crawljax.core.Crawler - Not a valid path anymore state137: state92
22:08:55.780 [pool-1-thread-2] INFO  com.crawljax.core.Crawler - Tried to follow 
22:08:55.780 [pool-1-thread-2] INFO  com.crawljax.core.Crawler - state137_181_state55state55_52_state34state34_53_state92
22:08:55.780 [pool-1-thread-2] INFO  com.crawljax.core.Crawler - Saving failed backtracking path to 92
22:08:55.780 [pool-1-thread-2] INFO  com.crawljax.core.Crawler - backtrack status: false, reached NearDuplicate : -1 
22:08:58.545 [pool-1-thread-2] INFO  com.crawljax.core.Crawler - index has changed to: state201
22:08:58.545 [pool-1-thread-2] INFO  com.crawljax.core.Crawler - Did not add reload edge from state201 to state201
22:08:58.546 [pool-1-thread-2] INFO  c.crawljax.core.state.StateMachine - Cannot go to state: 'state135' from: 'state201'
22:08:58.546 [pool-1-thread-2] INFO  com.crawljax.core.Crawler - Not a valid path anymore state164: state92
22:08:58.546 [pool-1-thread-2] INFO  com.crawljax.core.Crawler - Tried to follow 
22:08:58.546 [pool-1-thread-2] INFO  com.crawljax.core.Crawler - state164_205_state135state135_206_state61state61_0_state184state184_208_state92
22:08:58.546 [pool-1-thread-2] INFO  com.crawljax.core.Crawler - Saving failed backtracking path to 92
22:08:58.546 [pool-1-thread-2] INFO  com.crawljax.core.Crawler - backtrack status: false, reached NearDuplicate : -1 
22:09:01.288 [pool-1-thread-2] INFO  com.crawljax.core.Crawler - index has changed to: state201
22:09:01.289 [pool-1-thread-2] INFO  com.crawljax.core.Crawler - Did not add reload edge from state201 to state201
22:09:01.289 [pool-1-thread-2] INFO  c.crawljax.core.state.StateMachine - Cannot go to state: 'state92' from: 'state201'
22:09:01.289 [pool-1-thread-2] INFO  com.crawljax.core.Crawler - Not a valid path anymore state184: state92
22:09:01.289 [pool-1-thread-2] INFO  com.crawljax.core.Crawler - Tried to follow 
22:09:01.289 [pool-1-thread-2] INFO  com.crawljax.core.Crawler - state184_208_state92
22:09:01.289 [pool-1-thread-2] INFO  com.crawljax.core.Crawler - Saving failed backtracking path to 92
22:09:01.289 [pool-1-thread-2] INFO  com.crawljax.core.Crawler - backtrack status: false, reached NearDuplicate : -1 
22:09:04.041 [pool-1-thread-2] INFO  com.crawljax.core.Crawler - index has changed to: state201
22:09:04.042 [pool-1-thread-2] INFO  com.crawljax.core.Crawler - Did not add reload edge from state201 to state201
22:09:04.042 [pool-1-thread-2] INFO  com.crawljax.core.Crawler - state92 no path from state201
22:09:04.042 [pool-1-thread-2] INFO  com.crawljax.core.Crawler - state unreachable: Removing from candidate actions state92
22:09:04.042 [pool-1-thread-2] INFO  c.c.core.UnfiredFragmentCandidates - Placing purged actions in unreachable cache for state92
22:09:04.042 [pool-1-thread-2] INFO  com.crawljax.core.Crawler - Resetting the crawler and Going to state state135
22:09:06.839 [pool-1-thread-2] INFO  com.crawljax.core.Crawler - index has changed to: state201
22:09:06.839 [pool-1-thread-2] INFO  com.crawljax.core.Crawler - Did not add reload edge from state201 to state201
22:09:06.839 [pool-1-thread-2] INFO  com.crawljax.core.Crawler - Initial state not the same as current state : Getting shortest path from current state
22:09:06.839 [pool-1-thread-2] INFO  com.crawljax.core.Crawler - state135 no path from state201
22:09:06.839 [pool-1-thread-2] INFO  c.crawljax.core.state.StateMachine - Cannot go to state: 'state33' from: 'state201'
22:09:06.839 [pool-1-thread-2] INFO  com.crawljax.core.Crawler - Not a valid path anymore index: state135
22:09:06.839 [pool-1-thread-2] INFO  com.crawljax.core.Crawler - Tried to follow 
22:09:06.839 [pool-1-thread-2] INFO  com.crawljax.core.Crawler - index_23_state33state33_24_state34state34_53_state92state92_147_state135
22:09:06.839 [pool-1-thread-2] INFO  com.crawljax.core.Crawler - Saving failed backtracking path to 135
22:09:06.839 [pool-1-thread-2] INFO  com.crawljax.core.Crawler - backtrack status: false, reached NearDuplicate : -1 
22:09:09.613 [pool-1-thread-2] INFO  com.crawljax.core.Crawler - index has changed to: state201
22:09:09.613 [pool-1-thread-2] INFO  com.crawljax.core.Crawler - Did not add reload edge from state201 to state201
22:09:09.613 [pool-1-thread-2] INFO  c.c.core.UnfiredFragmentCandidates - input map size 209
22:09:09.613 [pool-1-thread-2] INFO  com.crawljax.core.Crawler - No Input Combination Found for 0
22:09:09.628 [pool-1-thread-2] INFO  com.crawljax.core.Crawler - Changing related inputs for 0 with 0  to 0 
22:09:09.648 [pool-1-thread-2] INFO  com.crawljax.core.Crawler - Not a valid path anymore state62: state135
22:09:09.648 [pool-1-thread-2] INFO  com.crawljax.core.Crawler - Tried to follow 
22:09:09.648 [pool-1-thread-2] INFO  com.crawljax.core.Crawler - state62_0_state184state184_208_state92state92_147_state135
22:09:09.648 [pool-1-thread-2] INFO  com.crawljax.core.Crawler - Saving failed backtracking path to 135
22:09:09.648 [pool-1-thread-2] INFO  com.crawljax.core.Crawler - backtrack status: false, reached NearDuplicate : -1 
22:09:09.656 [pool-1-thread-2] INFO  com.crawljax.core.CrawlSession - Adding CrawlPath to session !!
22:09:09.656 [pool-1-thread-2] INFO  com.crawljax.core.Crawler - BT-state135:failed:-1state62_0_state184
22:09:14.840 [pool-1-thread-2] INFO  com.crawljax.core.Crawler - index has changed to: state201
22:09:14.840 [pool-1-thread-2] INFO  com.crawljax.core.Crawler - Did not add reload edge from state184 to state201
22:09:14.840 [pool-1-thread-2] INFO  c.crawljax.core.state.StateMachine - Cannot go to state: 'state92' from: 'state201'
22:09:14.840 [pool-1-thread-2] INFO  com.crawljax.core.Crawler - Not a valid path anymore state95: state135
22:09:14.840 [pool-1-thread-2] INFO  com.crawljax.core.Crawler - Tried to follow 
22:09:14.840 [pool-1-thread-2] INFO  com.crawljax.core.Crawler - state95_137_state92state92_147_state135
22:09:14.840 [pool-1-thread-2] INFO  com.crawljax.core.Crawler - Saving failed backtracking path to 135
22:09:14.840 [pool-1-thread-2] INFO  com.crawljax.core.Crawler - backtrack status: false, reached NearDuplicate : -1 
22:09:17.700 [pool-1-thread-2] INFO  com.crawljax.core.Crawler - index has changed to: state201
22:09:17.700 [pool-1-thread-2] INFO  com.crawljax.core.Crawler - Did not add reload edge from state201 to state201
22:09:17.700 [pool-1-thread-2] INFO  c.crawljax.core.state.StateMachine - Cannot go to state: 'state92' from: 'state201'
22:09:17.700 [pool-1-thread-2] INFO  com.crawljax.core.Crawler - Not a valid path anymore state122: state135
22:09:17.700 [pool-1-thread-2] INFO  com.crawljax.core.Crawler - Tried to follow 
22:09:17.700 [pool-1-thread-2] INFO  com.crawljax.core.Crawler - state122_146_state92state92_147_state135
22:09:17.700 [pool-1-thread-2] INFO  com.crawljax.core.Crawler - Saving failed backtracking path to 135
22:09:17.700 [pool-1-thread-2] INFO  com.crawljax.core.Crawler - backtrack status: false, reached NearDuplicate : -1 
22:09:20.500 [pool-1-thread-2] INFO  com.crawljax.core.Crawler - index has changed to: state201
22:09:20.500 [pool-1-thread-2] INFO  com.crawljax.core.Crawler - Did not add reload edge from state201 to state201
22:09:20.500 [pool-1-thread-2] INFO  c.crawljax.core.state.StateMachine - Cannot go to state: 'state135' from: 'state201'
22:09:20.500 [pool-1-thread-2] INFO  com.crawljax.core.Crawler - Not a valid path anymore state137: state135
22:09:20.500 [pool-1-thread-2] INFO  com.crawljax.core.Crawler - Tried to follow 
22:09:20.500 [pool-1-thread-2] INFO  com.crawljax.core.Crawler - state137_174_state135
22:09:20.500 [pool-1-thread-2] INFO  com.crawljax.core.Crawler - Saving failed backtracking path to 135
22:09:20.500 [pool-1-thread-2] INFO  com.crawljax.core.Crawler - backtrack status: false, reached NearDuplicate : -1 
22:09:23.272 [pool-1-thread-2] INFO  com.crawljax.core.Crawler - index has changed to: state201
22:09:23.272 [pool-1-thread-2] INFO  com.crawljax.core.Crawler - Did not add reload edge from state201 to state201
22:09:23.272 [pool-1-thread-2] INFO  c.crawljax.core.state.StateMachine - Cannot go to state: 'state135' from: 'state201'
22:09:23.272 [pool-1-thread-2] INFO  com.crawljax.core.Crawler - Not a valid path anymore state164: state135
22:09:23.272 [pool-1-thread-2] INFO  com.crawljax.core.Crawler - Tried to follow 
22:09:23.272 [pool-1-thread-2] INFO  com.crawljax.core.Crawler - state164_205_state135
22:09:23.272 [pool-1-thread-2] INFO  com.crawljax.core.Crawler - Saving failed backtracking path to 135
22:09:23.272 [pool-1-thread-2] INFO  com.crawljax.core.Crawler - backtrack status: false, reached NearDuplicate : -1 
22:09:26.083 [pool-1-thread-2] INFO  com.crawljax.core.Crawler - index has changed to: state201
22:09:26.083 [pool-1-thread-2] INFO  com.crawljax.core.Crawler - Did not add reload edge from state201 to state201
22:09:26.084 [pool-1-thread-2] INFO  c.crawljax.core.state.StateMachine - Cannot go to state: 'state92' from: 'state201'
22:09:26.084 [pool-1-thread-2] INFO  com.crawljax.core.Crawler - Not a valid path anymore state184: state135
22:09:26.084 [pool-1-thread-2] INFO  com.crawljax.core.Crawler - Tried to follow 
22:09:26.084 [pool-1-thread-2] INFO  com.crawljax.core.Crawler - state184_208_state92state92_147_state135
22:09:26.084 [pool-1-thread-2] INFO  com.crawljax.core.Crawler - Saving failed backtracking path to 135
22:09:26.084 [pool-1-thread-2] INFO  com.crawljax.core.Crawler - backtrack status: false, reached NearDuplicate : -1 
22:09:28.876 [pool-1-thread-2] INFO  com.crawljax.core.Crawler - index has changed to: state201
22:09:28.876 [pool-1-thread-2] INFO  com.crawljax.core.Crawler - Did not add reload edge from state201 to state201
22:09:28.877 [pool-1-thread-2] INFO  com.crawljax.core.Crawler - state135 no path from state201
22:09:28.877 [pool-1-thread-2] INFO  com.crawljax.core.Crawler - state unreachable: Removing from candidate actions state135
22:09:28.877 [pool-1-thread-2] INFO  c.c.core.UnfiredFragmentCandidates - Placing purged actions in unreachable cache for state135
22:09:28.877 [pool-1-thread-2] INFO  com.crawljax.core.Crawler - Crawler thread interrupted. Flushing crawlpaths
22:09:28.877 [pool-1-thread-2] INFO  com.crawljax.core.Crawler - BT-state135:failed:-1
22:09:28.877 [pool-1-thread-2] INFO  com.crawljax.core.Crawler - Adding current crawlpath
22:09:28.877 [main] INFO  com.crawljax.core.CrawlController - Received shutdown notice. Reason is Exhausted
22:09:28.926 [pool-1-thread-2] ERROR c.c.f.FragmentationPlugin - Error exporting Crawlpaths
22:09:28.927 [pool-1-thread-2] INFO  com.crawljax.core.Crawler - Closing browser
22:09:28.927 [pool-1-thread-2] INFO  c.c.b.WebDriverBackedEmbeddedBrowser - Closing the browser...
Exploração finalizada. Motivo: Exhausted
Iniciando persistência dos estados e transições no Neo4j...
22:09:28.945 [ForkJoinPool.commonPool-worker-2] WARN  i.g.bonigarcia.wdm.WebDriverManager - WebDriver object(s) not available
✓ Nós consolidados: 28 URLs únicas de 52 estados
✓ Controles estruturados: 1592
Persistência concluída no Neo4j. Páginas: 28 | Controles: 1592 | Transições: 108
22:09:34.568 [main] INFO  com.crawljax.core.CrawlController - Shutdown process complete
